year,month,day,hour,minute,second,max_vert_acc,rms_vert_acc,vert_acc_p95,source_file,bottom_rms
2024.0,11.0,28.0,12.0,14.0,26.0,0.18999999999999995,0.055145495201563324,0.1100000000000001,/Users/rasmus/Desktop/Fysik/AppliedML2026/Final_project_data/data/ML_data/NBI/FDM data/Arrivals/Nuuk Arrival_ 207724_OY-GRH_28_11_24_16_12.csv,0.08180652597627952
2024.0,11.0,28.0,11.0,42.0,45.0,0.1100000000000001,0.03295017884191658,0.071,/Users/rasmus/Desktop/Fysik/AppliedML2026/Final_project_data/data/ML_data/NBI/FDM data/Arrivals/Nuuk Arrival_ 207725_OY-GRP_28_11_24_43_11.csv,0.04932882862316252
2024.0,11.0,28.0,14.0,39.0,34.0,0.1100000000000001,0.029876796194031136,0.06949999999999984,/Users/rasmus/Desktop/Fysik/AppliedML2026/Final_project_data/data/ML_data/NBI/FDM data/Arrivals/Nuuk Arrival_ 207731_OY-GRG_28_11_24_41_14.csv,0.053944415837044755
2024.0,11.0,28.0,15.0,29.0,4.0,0.17999999999999994,0.04242640687119288,0.07849999999999992,/Users/rasmus/Desktop/Fysik/AppliedML2026/Final_project_data/data/ML_data/NBI/FDM data/Arrivals/Nuuk Arrival_ 207732_OY-GRK_28_11_24_31_15.csv,0.08117881497040962
2024.0,11.0,28.0,15.0,54.0,4.0,0.17000000000000004,0.05277309920783508,0.10000000000000009,/Users/rasmus/Desktop/Fysik/AppliedML2026/Final_project_data/data/ML_data/NBI/FDM data/Arrivals/Nuuk Arrival_ 207734_OY-GRH_28_11_24_56_15.csv,0.06131883886702363
2024.0,11.0,28.0,16.0,58.0,30.0,0.19999999999999996,0.07884418970349054,0.15649999999999983,/Users/rasmus/Desktop/Fysik/AppliedML2026/Final_project_data/data/ML_data/NBI/FDM data/Arrivals/Nuuk Arrival_ 207739_OY-GRO_28_11_24_00_17.csv,0.09323804659758449
2024.0,11.0,28.0,15.0,51.0,38.0,0.16000000000000003,0.04442290507624245,0.09000000000000008,/Users/rasmus/Desktop/Fysik/AppliedML2026/Final_project_data/data/ML_data/NBI/FDM data/Arrivals/Nuuk Arrival_ 207740_OY-GRP_28_11_24_52_15.csv,0.05218310955737429
2024.0,11.0,28.0,20.0,0.0,5.0,0.1499999999999999,0.0496819150489072,0.10000000000000007,/Users/rasmus/Desktop/Fysik/AppliedML2026/Final_project_data/data/ML_data/NBI/FDM data/Arrivals/Nuuk Arrival_ 207762_OY-GRH_28_11_24_02_20.csv,0.0521310565673048
2024.0,11.0,28.0,20.0,41.0,39.0,0.1499999999999999,0.035092678196343575,0.06000000000000005,/Users/rasmus/Desktop/Fysik/AppliedML2026/Final_project_data/data/ML_data/NBI/FDM data/Arrivals/Nuuk Arrival_ 207763_OY-GRG_28_11_24_43_20.csv,0.052201532544552745
2024.0,11.0,28.0,21.0,9.0,2.0,0.1399999999999999,0.038164870981691815,0.07949999999999996,/Users/rasmus/Desktop/Fysik/AppliedML2026/Final_project_data/data/ML_data/NBI/FDM data/Arrivals/Nuuk Arrival_ 207764_OY-GRP_28_11_24_11_21.csv,0.0511300861947808
2024.0,11.0,29.0,11.0,53.0,18.0,0.1200000000000001,0.04022102057946694,0.07000000000000006,/Users/rasmus/Desktop/Fysik/AppliedML2026/Final_project_data/data/ML_data/NBI/FDM data/Arrivals/Nuuk Arrival_ 207770_OY-GRM_29_11_24_55_11.csv,0.06515366451704777
2024.0,11.0,29.0,13.0,42.0,17.0,0.1200000000000001,0.029299329415967076,0.06000000000000005,/Users/rasmus/Desktop/Fysik/AppliedML2026/Final_project_data/data/ML_data/NBI/FDM data/Arrivals/Nuuk Arrival_ 207772_OY-GRG_29_11_24_44_13.csv,0.03265986323710907
2024.0,11.0,29.0,13.0,23.0,5.0,0.08000000000000007,0.030635348703155575,0.06000000000000005,/Users/rasmus/Desktop/Fysik/AppliedML2026/Final_project_data/data/ML_data/NBI/FDM data/Arrivals/Nuuk Arrival_ 207783_OY-GRP_29_11_24_25_13.csv,0.036878177829171584
2024.0,11.0,29.0,13.0,27.0,9.0,0.19999999999999996,0.05452913508782782,0.1100000000000001,/Users/rasmus/Desktop/Fysik/AppliedML2026/Final_project_data/data/ML_data/NBI/FDM data/Arrivals/Nuuk Arrival_ 207785_OY-GRH_29_11_24_29_13.csv,0.08058608842138217
2024.0,11.0,29.0,18.0,30.0,0.0,0.1100000000000001,0.0404027344666293,0.07799999999999996,/Users/rasmus/Desktop/Fysik/AppliedML2026/Final_project_data/data/ML_data/NBI/FDM data/Arrivals/Nuuk Arrival_ 207788_OY-GRP_29_11_24_31_18.csv,0.04802776974487438
2024.0,11.0,29.0,19.0,29.0,38.0,0.09000000000000008,0.02538952735230719,0.06000000000000005,/Users/rasmus/Desktop/Fysik/AppliedML2026/Final_project_data/data/ML_data/NBI/FDM data/Arrivals/Nuuk Arrival_ 207802_OY-GRG_29_11_24_31_19.csv,0.03525417908358022
2024.0,11.0,29.0,22.0,22.0,19.0,0.21999999999999997,0.04590890021165907,0.07999999999999997,/Users/rasmus/Desktop/Fysik/AppliedML2026/Final_project_data/data/ML_data/NBI/FDM data/Arrivals/Nuuk Arrival_ 207803_OY-GRK_29_11_24_24_22.csv,0.0810982310344873
2024.0,11.0,30.0,12.0,28.0,30.0,0.15999999999999992,0.06670067159959292,0.1200000000000001,/Users/rasmus/Desktop/Fysik/AppliedML2026/Final_project_data/data/ML_data/NBI/FDM data/Arrivals/Nuuk Arrival_ 207806_OY-GRO_30_11_24_30_12.csv,0.07810249675906657
2024.0,11.0,30.0,12.0,22.0,32.0,0.1299999999999999,0.04452293416506452,0.08000000000000007,/Users/rasmus/Desktop/Fysik/AppliedML2026/Final_project_data/data/ML_data/NBI/FDM data/Arrivals/Nuuk Arrival_ 207807_OY-GRM_30_11_24_23_12.csv,0.050682837331783276
2024.0,11.0,30.0,15.0,7.0,24.0,0.28,0.07381290111397146,0.1449999999999999,/Users/rasmus/Desktop/Fysik/AppliedML2026/Final_project_data/data/ML_data/NBI/FDM data/Arrivals/Nuuk Arrival_ 207811_OY-GRH_30_11_24_09_15.csv,0.07206478566771247
2024.0,11.0,30.0,15.0,14.0,44.0,0.30000000000000004,0.09068719130432186,0.16999999999999993,/Users/rasmus/Desktop/Fysik/AppliedML2026/Final_project_data/data/ML_data/NBI/FDM data/Arrivals/Nuuk Arrival_ 207812_OY-GRO_30_11_24_15_15.csv,0.09549214627392139
2024.0,11.0,30.0,16.0,54.0,16.0,0.28,0.09829801625668749,0.20999999999999996,/Users/rasmus/Desktop/Fysik/AppliedML2026/Final_project_data/data/ML_data/NBI/FDM data/Arrivals/Nuuk Arrival_ 207815_OY-GRG_30_11_24_56_16.csv,0.1030102476024163
2024.0,11.0,30.0,18.0,24.0,32.0,0.19999999999999996,0.08294507253279888,0.15349999999999986,/Users/rasmus/Desktop/Fysik/AppliedML2026/Final_project_data/data/ML_data/NBI/FDM data/Arrivals/Nuuk Arrival_ 207842_OY-GRO_30_11_24_29_18.csv,0.0987782509317859
2024.0,11.0,30.0,20.0,24.0,8.0,0.20999999999999996,0.06269523960642413,0.15999999999999992,/Users/rasmus/Desktop/Fysik/AppliedML2026/Final_project_data/data/ML_data/NBI/FDM data/Arrivals/Nuuk Arrival_ 207848_OY-GRP_30_11_24_25_20.csv,0.06409128105828679
2024.0,11.0,30.0,20.0,15.0,55.0,0.18999999999999995,0.0704147836625361,0.13,/Users/rasmus/Desktop/Fysik/AppliedML2026/Final_project_data/data/ML_data/NBI/FDM data/Arrivals/Nuuk Arrival_ 207849_OY-GRG_30_11_24_17_20.csv,0.08900240767208815
2024.0,11.0,28.0,15.0,41.0,27.0,0.16999999999999993,0.055362809271265356,0.12899999999999984,/Users/rasmus/Desktop/Fysik/AppliedML2026/Final_project_data/data/ML_data/NBI/FDM data/Arrivals/Nuuk Arrival_ 207879_OY-GRR_28_11_24_33_15.csv,0.07119853066763926
2024.0,11.0,28.0,21.0,58.0,9.0,0.1499999999999999,0.05121361777563947,0.09699999999999989,/Users/rasmus/Desktop/Fysik/AppliedML2026/Final_project_data/data/ML_data/NBI/FDM data/Arrivals/Nuuk Arrival_ 207881_OY-GRR_28_11_24_53_21.csv,0.06033241251599346
2024.0,11.0,29.0,13.0,20.0,57.0,0.30000000000000004,0.08834766400145097,0.19399999999999987,/Users/rasmus/Desktop/Fysik/AppliedML2026/Final_project_data/data/ML_data/NBI/FDM data/Arrivals/Nuuk Arrival_ 207884_OY-GRR_29_11_24_16_13.csv,0.059665735560705244
2024.0,11.0,29.0,19.0,33.0,5.0,0.29000000000000004,0.07696152885095855,0.1784999999999999,/Users/rasmus/Desktop/Fysik/AppliedML2026/Final_project_data/data/ML_data/NBI/FDM data/Arrivals/Nuuk Arrival_ 207887_OY-GRR_29_11_24_22_19.csv,0.05068758002934027
2024.0,12.0,1.0,20.0,44.0,59.0,0.20999999999999996,0.04672105673951676,0.10599999999999996,/Users/rasmus/Desktop/Fysik/AppliedML2026/Final_project_data/data/ML_data/NBI/FDM data/Arrivals/Nuuk Arrival_ 207892_OY-GRP_01_12_24_45_20.csv,0.07337120234351713
2024.0,12.0,2.0,13.0,7.0,24.0,0.10000000000000009,0.03830769733091184,0.07000000000000006,/Users/rasmus/Desktop/Fysik/AppliedML2026/Final_project_data/data/ML_data/NBI/FDM data/Arrivals/Nuuk Arrival_ 207897_OY-GRM_02_12_24_09_13.csv,0.04766783215358368
2024.0,12.0,2.0,13.0,42.0,19.0,0.1399999999999999,0.032728751445345,0.06500000000000006,/Users/rasmus/Desktop/Fysik/AppliedML2026/Final_project_data/data/ML_data/NBI/FDM data/Arrivals/Nuuk Arrival_ 207898_OY-GRK_02_12_24_44_13.csv,0.06181770435262517
2024.0,12.0,2.0,13.0,3.0,50.0,0.17000000000000004,0.06045940626424679,0.1299999999999999,/Users/rasmus/Desktop/Fysik/AppliedML2026/Final_project_data/data/ML_data/NBI/FDM data/Arrivals/Nuuk Arrival_ 207899_OY-GRH_02_12_24_04_13.csv,0.07038356451506386
2024.0,12.0,2.0,19.0,3.0,0.0,0.15999999999999992,0.03958879547640631,0.08000000000000002,/Users/rasmus/Desktop/Fysik/AppliedML2026/Final_project_data/data/ML_data/NBI/FDM data/Arrivals/Nuuk Arrival_ 207924_OY-GRK_02_12_24_04_19.csv,0.06201736729460424
2024.0,12.0,2.0,21.0,3.0,45.0,0.1299999999999999,0.033547557235829105,0.06000000000000005,/Users/rasmus/Desktop/Fysik/AppliedML2026/Final_project_data/data/ML_data/NBI/FDM data/Arrivals/Nuuk Arrival_ 207939_OY-GRG_02_12_24_05_21.csv,0.04649234841926642
2024.0,12.0,2.0,17.0,1.0,41.0,0.18999999999999995,0.08240473615357642,0.1399999999999999,/Users/rasmus/Desktop/Fysik/AppliedML2026/Final_project_data/data/ML_data/NBI/FDM data/Arrivals/Nuuk Arrival_ 207940_OY-GRO_02_12_24_03_17.csv,0.09180017825294634
2024.0,12.0,3.0,0.0,35.0,7.0,0.19999999999999996,0.07907309747648407,0.1399999999999999,/Users/rasmus/Desktop/Fysik/AppliedML2026/Final_project_data/data/ML_data/NBI/FDM data/Arrivals/Nuuk Arrival_ 207945_OY-GRO_03_12_24_37_00.csv,0.10660340385881548
2024.0,12.0,3.0,11.0,46.0,47.0,0.24,0.06448698650558447,0.10049999999999992,/Users/rasmus/Desktop/Fysik/AppliedML2026/Final_project_data/data/ML_data/NBI/FDM data/Arrivals/Nuuk Arrival_ 207948_OY-GRO_03_12_24_48_11.csv,0.1037479463104517
2024.0,12.0,3.0,15.0,0.0,34.0,0.10000000000000009,0.032211905215414366,0.06999999999999998,/Users/rasmus/Desktop/Fysik/AppliedML2026/Final_project_data/data/ML_data/NBI/FDM data/Arrivals/Nuuk Arrival_ 207954_OY-GRG_03_12_24_02_15.csv,0.048770600043175946
2024.0,12.0,3.0,15.0,10.0,6.0,0.14,0.05126822966076577,0.10949999999999999,/Users/rasmus/Desktop/Fysik/AppliedML2026/Final_project_data/data/ML_data/NBI/FDM data/Arrivals/Nuuk Arrival_ 207955_OY-GRH_03_12_24_11_15.csv,0.06660603303277893
2024.0,12.0,3.0,15.0,12.0,5.0,0.16999999999999993,0.08903303724140893,0.1499999999999999,/Users/rasmus/Desktop/Fysik/AppliedML2026/Final_project_data/data/ML_data/NBI/FDM data/Arrivals/Nuuk Arrival_ 207956_OY-GRO_03_12_24_13_15.csv,0.09018499505645791
2024.0,12.0,3.0,15.0,21.0,23.0,0.1100000000000001,0.03734555215131687,0.06000000000000005,/Users/rasmus/Desktop/Fysik/AppliedML2026/Final_project_data/data/ML_data/NBI/FDM data/Arrivals/Nuuk Arrival_ 207957_OY-GRM_03_12_24_23_15.csv,0.0526234811584218
2024.0,12.0,3.0,20.0,2.0,26.0,0.27,0.0593717104351896,0.12050000000000007,/Users/rasmus/Desktop/Fysik/AppliedML2026/Final_project_data/data/ML_data/NBI/FDM data/Arrivals/Nuuk Arrival_ 208004_OY-GRH_03_12_24_04_20.csv,0.06678323142825603
2024.0,12.0,3.0,20.0,14.0,59.0,0.1299999999999999,0.04547640540187697,0.09000000000000008,/Users/rasmus/Desktop/Fysik/AppliedML2026/Final_project_data/data/ML_data/NBI/FDM data/Arrivals/Nuuk Arrival_ 208006_OY-GRK_03_12_24_15_20.csv,0.07577378614446206
2024.0,12.0,3.0,23.0,35.0,57.0,0.18999999999999995,0.055927353347525924,0.1100000000000001,/Users/rasmus/Desktop/Fysik/AppliedML2026/Final_project_data/data/ML_data/NBI/FDM data/Arrivals/Nuuk Arrival_ 208009_OY-GRH_03_12_24_36_23.csv,0.06077280093375111
2024.0,12.0,4.0,13.0,40.0,21.0,0.19999999999999996,0.0400826959741519,0.08000000000000007,/Users/rasmus/Desktop/Fysik/AppliedML2026/Final_project_data/data/ML_data/NBI/FDM data/Arrivals/Nuuk Arrival_ 208011_OY-GRH_04_12_24_42_13.csv,0.07560284038106119
2024.0,12.0,4.0,12.0,49.0,57.0,0.1299999999999999,0.03626474291853412,0.06000000000000005,/Users/rasmus/Desktop/Fysik/AppliedML2026/Final_project_data/data/ML_data/NBI/FDM data/Arrivals/Nuuk Arrival_ 208014_OY-GRM_04_12_24_51_12.csv,0.04760952285695238
2024.0,12.0,4.0,16.0,20.0,56.0,0.1399999999999999,0.041061855162268186,0.08150000000000011,/Users/rasmus/Desktop/Fysik/AppliedML2026/Final_project_data/data/ML_data/NBI/FDM data/Arrivals/Nuuk Arrival_ 208022_OY-GRH_04_12_24_22_16.csv,0.05291502622129186
2024.0,12.0,4.0,21.0,4.0,22.0,0.30000000000000004,0.06156616776363817,0.12599999999999992,/Users/rasmus/Desktop/Fysik/AppliedML2026/Final_project_data/data/ML_data/NBI/FDM data/Arrivals/Nuuk Arrival_ 208038_OY-GRM_04_12_24_08_21.csv,0.07690903718029503
2024.0,12.0,4.0,21.0,13.0,20.0,0.16999999999999993,0.04494810285437496,0.09000000000000008,/Users/rasmus/Desktop/Fysik/AppliedML2026/Final_project_data/data/ML_data/NBI/FDM data/Arrivals/Nuuk Arrival_ 208039_OY-GRP_04_12_24_17_21.csv,0.054445254286170044
2024.0,12.0,4.0,21.0,22.0,55.0,0.27,0.058887536333963535,0.1100000000000001,/Users/rasmus/Desktop/Fysik/AppliedML2026/Final_project_data/data/ML_data/NBI/FDM data/Arrivals/Nuuk Arrival_ 208040_OY-GRH_04_12_24_26_21.csv,0.09048020041239228
2024.0,12.0,4.0,22.0,35.0,29.0,0.24,0.07628528327563874,0.1299999999999999,/Users/rasmus/Desktop/Fysik/AppliedML2026/Final_project_data/data/ML_data/NBI/FDM data/Arrivals/Nuuk Arrival_ 208042_OY-GRO_04_12_24_37_22.csv,0.1168496733151024
2024.0,12.0,5.0,11.0,3.0,14.0,0.1499999999999999,0.06371930928643102,0.10400000000000001,/Users/rasmus/Desktop/Fysik/AppliedML2026/Final_project_data/data/ML_data/NBI/FDM data/Arrivals/Nuuk Arrival_ 208045_OY-GRO_05_12_24_05_11.csv,0.08596787882968963
2024.0,12.0,5.0,11.0,34.0,29.0,0.1100000000000001,0.033761478024132555,0.07000000000000006,/Users/rasmus/Desktop/Fysik/AppliedML2026/Final_project_data/data/ML_data/NBI/FDM data/Arrivals/Nuuk Arrival_ 208048_OY-GRP_05_12_24_36_11.csv,0.05304984179322045
2024.0,12.0,5.0,12.0,20.0,26.0,0.15999999999999992,0.04024922359499625,0.08000000000000007,/Users/rasmus/Desktop/Fysik/AppliedML2026/Final_project_data/data/ML_data/NBI/FDM data/Arrivals/Nuuk Arrival_ 208049_OY-GRH_05_12_24_23_12.csv,0.052281290471193786
2024.0,12.0,5.0,15.0,14.0,27.0,0.1200000000000001,0.042384889680633114,0.08000000000000007,/Users/rasmus/Desktop/Fysik/AppliedML2026/Final_project_data/data/ML_data/NBI/FDM data/Arrivals/Nuuk Arrival_ 208056_OY-GRH_05_12_24_16_15.csv,0.05511351921262156
2024.0,12.0,5.0,15.0,19.0,18.0,0.1299999999999999,0.06800460915020135,0.1200000000000001,/Users/rasmus/Desktop/Fysik/AppliedML2026/Final_project_data/data/ML_data/NBI/FDM data/Arrivals/Nuuk Arrival_ 208057_OY-GRO_05_12_24_21_15.csv,0.07755182598937127
2024.0,12.0,5.0,15.0,21.0,25.0,0.1200000000000001,0.03546920518039605,0.07000000000000006,/Users/rasmus/Desktop/Fysik/AppliedML2026/Final_project_data/data/ML_data/NBI/FDM data/Arrivals/Nuuk Arrival_ 208058_OY-GRK_05_12_24_23_15.csv,0.03186510027262769
2024.0,12.0,5.0,15.0,28.0,7.0,0.09999999999999998,0.030386400466875553,0.06000000000000005,/Users/rasmus/Desktop/Fysik/AppliedML2026/Final_project_data/data/ML_data/NBI/FDM data/Arrivals/Nuuk Arrival_ 208071_OY-GRG_05_12_24_30_15.csv,0.046569840025492935
2024.0,12.0,5.0,18.0,47.0,46.0,0.1200000000000001,0.03661511527588939,0.07549999999999983,/Users/rasmus/Desktop/Fysik/AppliedML2026/Final_project_data/data/ML_data/NBI/FDM data/Arrivals/Nuuk Arrival_ 208081_OY-GRK_05_12_24_49_18.csv,0.042328083664001016
2024.0,12.0,5.0,19.0,2.0,22.0,0.1499999999999999,0.05173964776109788,0.1100000000000001,/Users/rasmus/Desktop/Fysik/AppliedML2026/Final_project_data/data/ML_data/NBI/FDM data/Arrivals/Nuuk Arrival_ 208082_OY-GRM_05_12_24_04_19.csv,0.07114449002936535
2024.0,12.0,5.0,22.0,37.0,8.0,0.15999999999999992,0.0387780649047501,0.08000000000000007,/Users/rasmus/Desktop/Fysik/AppliedML2026/Final_project_data/data/ML_data/NBI/FDM data/Arrivals/Nuuk Arrival_ 208099_OY-GRP_05_12_24_38_22.csv,0.06102072936113356
2024.0,12.0,6.0,13.0,19.0,24.0,0.1499999999999999,0.05606564583911119,0.11900000000000016,/Users/rasmus/Desktop/Fysik/AppliedML2026/Final_project_data/data/ML_data/NBI/FDM data/Arrivals/Nuuk Arrival_ 208105_OY-GRM_06_12_24_21_13.csv,0.07071067811865475
2024.0,12.0,6.0,12.0,56.0,31.0,0.20999999999999996,0.0776576737078461,0.15999999999999992,/Users/rasmus/Desktop/Fysik/AppliedML2026/Final_project_data/data/ML_data/NBI/FDM data/Arrivals/Nuuk Arrival_ 208106_OY-GRO_06_12_24_58_12.csv,0.1097573080330721
2024.0,12.0,6.0,13.0,34.0,46.0,0.16999999999999993,0.04158261564705418,0.08000000000000007,/Users/rasmus/Desktop/Fysik/AppliedML2026/Final_project_data/data/ML_data/NBI/FDM data/Arrivals/Nuuk Arrival_ 208107_OY-GRP_06_12_24_36_13.csv,0.06879922480183434
2024.0,12.0,6.0,12.0,44.0,45.0,0.3400000000000001,0.05136829686759066,0.10000000000000009,/Users/rasmus/Desktop/Fysik/AppliedML2026/Final_project_data/data/ML_data/NBI/FDM data/Arrivals/Nuuk Arrival_ 208124_OY-GRK_06_12_24_53_12.csv,0.04612444892605651
2024.0,12.0,6.0,13.0,21.0,45.0,0.44999999999999996,0.053753824833313285,0.11250000000000007,/Users/rasmus/Desktop/Fysik/AppliedML2026/Final_project_data/data/ML_data/NBI/FDM data/Arrivals/Nuuk Arrival_ 208127_OY-GRK_06_12_24_30_13.csv,0.04286023798347369
2024.0,12.0,6.0,16.0,14.0,31.0,0.20999999999999996,0.05977570014946049,0.11699999999999991,/Users/rasmus/Desktop/Fysik/AppliedML2026/Final_project_data/data/ML_data/NBI/FDM data/Arrivals/Nuuk Arrival_ 208138_OY-GRK_06_12_24_16_16.csv,0.07700649323271382
2024.0,12.0,6.0,17.0,13.0,58.0,0.18999999999999995,0.0667455004630355,0.1299999999999999,/Users/rasmus/Desktop/Fysik/AppliedML2026/Final_project_data/data/ML_data/NBI/FDM data/Arrivals/Nuuk Arrival_ 208142_OY-GRH_06_12_24_15_17.csv,0.073143694191639
2024.0,12.0,6.0,17.0,41.0,57.0,0.20999999999999996,0.06582936392400567,0.1299999999999999,/Users/rasmus/Desktop/Fysik/AppliedML2026/Final_project_data/data/ML_data/NBI/FDM data/Arrivals/Nuuk Arrival_ 208143_OY-GRM_06_12_24_44_17.csv,0.05350233639758178
2024.0,12.0,6.0,17.0,53.0,8.0,0.15999999999999992,0.050885492366030384,0.10000000000000009,/Users/rasmus/Desktop/Fysik/AppliedML2026/Final_project_data/data/ML_data/NBI/FDM data/Arrivals/Nuuk Arrival_ 208144_OY-GRP_06_12_24_55_17.csv,0.06335087476375789
2024.0,12.0,6.0,23.0,11.0,59.0,0.20999999999999996,0.07902295931672994,0.15999999999999992,/Users/rasmus/Desktop/Fysik/AppliedML2026/Final_project_data/data/ML_data/NBI/FDM data/Arrivals/Nuuk Arrival_ 208173_OY-GRK_06_12_24_12_23.csv,0.07820092464533024
2024.0,12.0,6.0,23.0,36.0,53.0,0.3999999999999999,0.07117844955754467,0.11400000000000002,/Users/rasmus/Desktop/Fysik/AppliedML2026/Final_project_data/data/ML_data/NBI/FDM data/Arrivals/Nuuk Arrival_ 208174_OY-GRG_06_12_24_38_23.csv,0.1378404875209022
2024.0,12.0,8.0,19.0,21.0,32.0,0.15000000000000002,0.054266765978486155,0.11000000000000007,/Users/rasmus/Desktop/Fysik/AppliedML2026/Final_project_data/data/ML_data/NBI/FDM data/Arrivals/Nuuk Arrival_ 208180_OY-GRG_08_12_24_23_19.csv,0.06595452979136461
2024.0,12.0,9.0,12.0,52.0,2.0,0.22999999999999998,0.07132336854610388,0.1499999999999999,/Users/rasmus/Desktop/Fysik/AppliedML2026/Final_project_data/data/ML_data/NBI/FDM data/Arrivals/Nuuk Arrival_ 208187_OY-GRP_09_12_24_54_12.csv,0.06424385361474462
2024.0,12.0,9.0,13.0,49.0,42.0,0.26,0.09317957089637424,0.18999999999999995,/Users/rasmus/Desktop/Fysik/AppliedML2026/Final_project_data/data/ML_data/NBI/FDM data/Arrivals/Nuuk Arrival_ 208188_OY-GRO_09_12_24_51_13.csv,0.1260621539823379
2024.0,12.0,9.0,13.0,13.0,41.0,0.19999999999999996,0.05287890263563576,0.1100000000000001,/Users/rasmus/Desktop/Fysik/AppliedML2026/Final_project_data/data/ML_data/NBI/FDM data/Arrivals/Nuuk Arrival_ 208189_OY-GRK_09_12_24_15_13.csv,0.09060642256222132
2024.0,12.0,9.0,13.0,44.0,8.0,0.41999999999999993,0.06846135056905561,0.1299999999999999,/Users/rasmus/Desktop/Fysik/AppliedML2026/Final_project_data/data/ML_data/NBI/FDM data/Arrivals/Nuuk Arrival_ 208192_OY-GRG_09_12_24_46_13.csv,0.11470458952083329
2024.0,12.0,9.0,16.0,32.0,34.0,0.43999999999999995,0.05710033065748421,0.08000000000000007,/Users/rasmus/Desktop/Fysik/AppliedML2026/Final_project_data/data/ML_data/NBI/FDM data/Arrivals/Nuuk Arrival_ 208194_OY-GRP_09_12_24_33_16.csv,0.12288205727444507
2024.0,12.0,9.0,19.0,39.0,57.0,0.3899999999999999,0.08184454417836727,0.1324999999999999,/Users/rasmus/Desktop/Fysik/AppliedML2026/Final_project_data/data/ML_data/NBI/FDM data/Arrivals/Nuuk Arrival_ 208225_OY-GRO_09_12_24_41_19.csv,0.12922847983320085
2024.0,12.0,9.0,20.0,45.0,7.0,0.1100000000000001,0.04481809252213707,0.08699999999999997,/Users/rasmus/Desktop/Fysik/AppliedML2026/Final_project_data/data/ML_data/NBI/FDM data/Arrivals/Nuuk Arrival_ 208227_OY-GRM_09_12_24_47_20.csv,0.05577733510227176
2024.0,12.0,9.0,21.0,40.0,19.0,0.1399999999999999,0.03235307267440623,0.050000000000000044,/Users/rasmus/Desktop/Fysik/AppliedML2026/Final_project_data/data/ML_data/NBI/FDM data/Arrivals/Nuuk Arrival_ 208229_OY-GRP_09_12_24_42_21.csv,0.04654746681256313
2024.0,12.0,10.0,12.0,19.0,13.0,0.1399999999999999,0.04754434894158371,0.11000000000000006,/Users/rasmus/Desktop/Fysik/AppliedML2026/Final_project_data/data/ML_data/NBI/FDM data/Arrivals/Nuuk Arrival_ 208236_OY-GRP_10_12_24_21_12.csv,0.06902380541730307
2024.0,12.0,10.0,15.0,38.0,43.0,0.16999999999999993,0.03443554053028505,0.06599999999999971,/Users/rasmus/Desktop/Fysik/AppliedML2026/Final_project_data/data/ML_data/NBI/FDM data/Arrivals/Nuuk Arrival_ 208239_OY-GRG_10_12_24_41_15.csv,0.05015361019293247
2024.0,12.0,10.0,15.0,31.0,19.0,0.21999999999999997,0.05304984179322043,0.10000000000000009,/Users/rasmus/Desktop/Fysik/AppliedML2026/Final_project_data/data/ML_data/NBI/FDM data/Arrivals/Nuuk Arrival_ 208240_OY-GRH_10_12_24_33_15.csv,0.05431390245600112
2024.0,12.0,10.0,15.0,49.0,23.0,0.21999999999999997,0.04329512772941529,0.07000000000000006,/Users/rasmus/Desktop/Fysik/AppliedML2026/Final_project_data/data/ML_data/NBI/FDM data/Arrivals/Nuuk Arrival_ 208242_OY-GRP_10_12_24_51_15.csv,0.07794228634059949
2024.0,12.0,10.0,15.0,43.0,44.0,0.1399999999999999,0.04645274096172522,0.09999999999999998,/Users/rasmus/Desktop/Fysik/AppliedML2026/Final_project_data/data/ML_data/NBI/FDM data/Arrivals/Nuuk Arrival_ 208246_OY-GRK_10_12_24_45_15.csv,0.06377042156569664
2024.0,12.0,10.0,15.0,47.0,13.0,0.15999999999999992,0.05307625276519566,0.1100000000000001,/Users/rasmus/Desktop/Fysik/AppliedML2026/Final_project_data/data/ML_data/NBI/FDM data/Arrivals/Nuuk Arrival_ 208247_OY-GRM_10_12_24_49_15.csv,0.05443489592841016
2024.0,12.0,10.0,18.0,42.0,57.0,0.18999999999999995,0.04852733210041858,0.09000000000000008,/Users/rasmus/Desktop/Fysik/AppliedML2026/Final_project_data/data/ML_data/NBI/FDM data/Arrivals/Nuuk Arrival_ 208276_OY-GRH_10_12_24_44_18.csv,0.04743416490252573
2024.0,12.0,10.0,18.0,44.0,52.0,0.1299999999999999,0.04155169322514482,0.08000000000000007,/Users/rasmus/Desktop/Fysik/AppliedML2026/Final_project_data/data/ML_data/NBI/FDM data/Arrivals/Nuuk Arrival_ 208277_OY-GRP_10_12_24_46_18.csv,0.04546060565661956
2024.0,12.0,10.0,19.0,16.0,51.0,0.20999999999999996,0.07214927055334182,0.1200000000000001,/Users/rasmus/Desktop/Fysik/AppliedML2026/Final_project_data/data/ML_data/NBI/FDM data/Arrivals/Nuuk Arrival_ 208278_OY-GRO_10_12_24_18_19.csv,0.09106774035482236
2024.0,12.0,10.0,21.0,37.0,10.0,0.15999999999999992,0.035293591258082804,0.06000000000000005,/Users/rasmus/Desktop/Fysik/AppliedML2026/Final_project_data/data/ML_data/NBI/FDM data/Arrivals/Nuuk Arrival_ 208280_OY-GRP_10_12_24_39_21.csv,0.03890158522905379
2024.0,12.0,2.0,12.0,47.0,57.0,0.43999999999999995,0.08702490065109719,0.15549999999999986,/Users/rasmus/Desktop/Fysik/AppliedML2026/Final_project_data/data/ML_data/NBI/FDM data/Arrivals/Nuuk Arrival_ 208283_OY-GRR_02_12_24_42_12.csv,0.04541475531146241
2024.0,12.0,2.0,17.0,21.0,33.0,0.1499999999999999,0.04487664251565912,0.08300000000000005,/Users/rasmus/Desktop/Fysik/AppliedML2026/Final_project_data/data/ML_data/NBI/FDM data/Arrivals/Nuuk Arrival_ 208284_OY-GRR_02_12_24_46_16.csv,0.05553931386518373
2024.0,12.0,4.0,14.0,37.0,18.0,0.28,0.07410629608384202,0.14599999999999996,/Users/rasmus/Desktop/Fysik/AppliedML2026/Final_project_data/data/ML_data/NBI/FDM data/Arrivals/Nuuk Arrival_ 208286_OY-GRR_04_12_24_10_14.csv,0.06244997998398404
2024.0,12.0,4.0,18.0,7.0,3.0,0.26,0.07921645993575123,0.18000000000000005,/Users/rasmus/Desktop/Fysik/AppliedML2026/Final_project_data/data/ML_data/NBI/FDM data/Arrivals/Nuuk Arrival_ 208288_OY-GRR_04_12_24_49_17.csv,0.08278795899070197
2024.0,12.0,5.0,19.0,6.0,5.0,0.18999999999999995,0.05847449063519813,0.12,/Users/rasmus/Desktop/Fysik/AppliedML2026/Final_project_data/data/ML_data/NBI/FDM data/Arrivals/Nuuk Arrival_ 208290_OY-GRR_05_12_24_58_18.csv,0.07322252700869088
2024.0,12.0,6.0,13.0,2.0,28.0,0.13,0.054156982222094495,0.12000000000000004,/Users/rasmus/Desktop/Fysik/AppliedML2026/Final_project_data/data/ML_data/NBI/FDM data/Arrivals/Nuuk Arrival_ 208292_OY-GRR_06_12_24_55_12.csv,0.05916079783099617
2024.0,12.0,6.0,18.0,41.0,35.0,0.27,0.07579684221867417,0.13999999999999999,/Users/rasmus/Desktop/Fysik/AppliedML2026/Final_project_data/data/ML_data/NBI/FDM data/Arrivals/Nuuk Arrival_ 208294_OY-GRR_06_12_24_34_18.csv,0.05519661825389911
2024.0,12.0,9.0,12.0,23.0,17.0,0.4,0.10835633756458807,0.22749999999999998,/Users/rasmus/Desktop/Fysik/AppliedML2026/Final_project_data/data/ML_data/NBI/FDM data/Arrivals/Nuuk Arrival_ 208295_OY-GRR_09_12_24_02_12.csv,0.07567474259399015
2024.0,12.0,9.0,22.0,21.0,43.0,0.43999999999999995,0.07801490105309875,0.1519999999999998,/Users/rasmus/Desktop/Fysik/AppliedML2026/Final_project_data/data/ML_data/NBI/FDM data/Arrivals/Nuuk Arrival_ 208297_OY-GRR_09_12_24_14_22.csv,0.04931104285419672
2024.0,12.0,11.0,12.0,38.0,3.0,0.1200000000000001,0.04876425695020397,0.09000000000000008,/Users/rasmus/Desktop/Fysik/AppliedML2026/Final_project_data/data/ML_data/NBI/FDM data/Arrivals/Nuuk Arrival_ 208316_OY-GRK_11_12_24_40_12.csv,0.04178700570935717
2024.0,12.0,11.0,13.0,36.0,30.0,0.15999999999999992,0.04439311094437662,0.08699999999999997,/Users/rasmus/Desktop/Fysik/AppliedML2026/Final_project_data/data/ML_data/NBI/FDM data/Arrivals/Nuuk Arrival_ 208318_OY-GRH_11_12_24_38_13.csv,0.07141428428542854
2024.0,12.0,11.0,15.0,7.0,45.0,0.20999999999999996,0.0790086141576418,0.1499999999999999,/Users/rasmus/Desktop/Fysik/AppliedML2026/Final_project_data/data/ML_data/NBI/FDM data/Arrivals/Nuuk Arrival_ 208321_OY-GRO_11_12_24_09_15.csv,0.07829055986966685
2024.0,12.0,11.0,19.0,38.0,48.0,0.15999999999999992,0.06957725051207385,0.1200000000000001,/Users/rasmus/Desktop/Fysik/AppliedML2026/Final_project_data/data/ML_data/NBI/FDM data/Arrivals/Nuuk Arrival_ 208358_OY-GRO_11_12_24_40_19.csv,0.0823272602348565
2024.0,12.0,11.0,19.0,51.0,1.0,0.1499999999999999,0.04195842649742873,0.08000000000000007,/Users/rasmus/Desktop/Fysik/AppliedML2026/Final_project_data/data/ML_data/NBI/FDM data/Arrivals/Nuuk Arrival_ 208359_OY-GRP_11_12_24_53_19.csv,0.05667892024377318
2024.0,12.0,11.0,19.0,58.0,1.0,0.09999999999999998,0.03972695926593185,0.07999999999999996,/Users/rasmus/Desktop/Fysik/AppliedML2026/Final_project_data/data/ML_data/NBI/FDM data/Arrivals/Nuuk Arrival_ 208360_OY-GRK_11_12_24_00_20.csv,0.05643239658755766
2024.0,12.0,11.0,20.0,53.0,22.0,0.26,0.06643794096749238,0.13099999999999964,/Users/rasmus/Desktop/Fysik/AppliedML2026/Final_project_data/data/ML_data/NBI/FDM data/Arrivals/Nuuk Arrival_ 208364_OY-GRH_11_12_24_55_20.csv,0.05896543968226713
2024.0,12.0,12.0,12.0,24.0,35.0,0.18999999999999995,0.07277634503323452,0.14,/Users/rasmus/Desktop/Fysik/AppliedML2026/Final_project_data/data/ML_data/NBI/FDM data/Arrivals/Nuuk Arrival_ 208367_OY-GRH_12_12_24_25_12.csv,0.08792479303796645
2024.0,12.0,12.0,11.0,1.0,20.0,0.1499999999999999,0.06170246546617341,0.1100000000000001,/Users/rasmus/Desktop/Fysik/AppliedML2026/Final_project_data/data/ML_data/NBI/FDM data/Arrivals/Nuuk Arrival_ 208375_OY-GRO_12_12_24_03_11.csv,0.06952217871538076
2024.0,12.0,12.0,14.0,40.0,55.0,0.21999999999999997,0.05959386353835916,0.12049999999999993,/Users/rasmus/Desktop/Fysik/AppliedML2026/Final_project_data/data/ML_data/NBI/FDM data/Arrivals/Nuuk Arrival_ 208382_OY-GRK_12_12_24_42_14.csv,0.05106018857331865
2024.0,12.0,12.0,15.0,30.0,3.0,0.47,0.07492234246686381,0.1499999999999999,/Users/rasmus/Desktop/Fysik/AppliedML2026/Final_project_data/data/ML_data/NBI/FDM data/Arrivals/Nuuk Arrival_ 208383_OY-GRG_12_12_24_34_15.csv,0.13200877163837896
2024.0,12.0,12.0,15.0,32.0,39.0,0.29000000000000004,0.09474352683884318,0.19999999999999996,/Users/rasmus/Desktop/Fysik/AppliedML2026/Final_project_data/data/ML_data/NBI/FDM data/Arrivals/Nuuk Arrival_ 208384_OY-GRO_12_12_24_41_15.csv,0.1333174010088882
2024.0,12.0,12.0,15.0,44.0,32.0,0.3600000000000001,0.08134999558806516,0.1499999999999999,/Users/rasmus/Desktop/Fysik/AppliedML2026/Final_project_data/data/ML_data/NBI/FDM data/Arrivals/Nuuk Arrival_ 208386_OY-GRM_12_12_24_46_15.csv,0.1046900186264192
2024.0,12.0,12.0,15.0,59.0,21.0,0.3600000000000001,0.11483482501853276,0.2264999999999999,/Users/rasmus/Desktop/Fysik/AppliedML2026/Final_project_data/data/ML_data/NBI/FDM data/Arrivals/Nuuk Arrival_ 208387_OY-GRH_12_12_24_01_16.csv,0.14233177204452044
2024.0,12.0,12.0,16.0,31.0,57.0,0.27,0.06944165073745626,0.1399999999999999,/Users/rasmus/Desktop/Fysik/AppliedML2026/Final_project_data/data/ML_data/NBI/FDM data/Arrivals/Nuuk Arrival_ 208389_OY-GRP_12_12_24_33_16.csv,0.09103570728016562
2024.0,12.0,12.0,19.0,59.0,22.0,0.27,0.06523635729349986,0.1200000000000001,/Users/rasmus/Desktop/Fysik/AppliedML2026/Final_project_data/data/ML_data/NBI/FDM data/Arrivals/Nuuk Arrival_ 208407_OY-GRG_12_12_24_01_20.csv,0.06310164959664832
2024.0,12.0,12.0,20.0,44.0,47.0,0.1200000000000001,0.04490597691388008,0.09100000000000001,/Users/rasmus/Desktop/Fysik/AppliedML2026/Final_project_data/data/ML_data/NBI/FDM data/Arrivals/Nuuk Arrival_ 208408_OY-GRK_12_12_24_46_20.csv,0.03587013613950564
2024.0,12.0,13.0,1.0,53.0,21.0,0.25,0.07785367062541593,0.14349999999999985,/Users/rasmus/Desktop/Fysik/AppliedML2026/Final_project_data/data/ML_data/NBI/FDM data/Arrivals/Nuuk Arrival_ 208412_OY-GRO_13_12_24_55_01.csv,0.07699206308300736
2024.0,12.0,13.0,2.0,4.0,4.0,0.19999999999999996,0.053585712381460156,0.10100000000000003,/Users/rasmus/Desktop/Fysik/AppliedML2026/Final_project_data/data/ML_data/NBI/FDM data/Arrivals/Nuuk Arrival_ 208413_OY-GRP_13_12_24_06_02.csv,0.07977647343851267
2024.0,12.0,14.0,15.0,44.0,40.0,0.17999999999999994,0.0317200943182968,0.05750000000000005,/Users/rasmus/Desktop/Fysik/AppliedML2026/Final_project_data/data/ML_data/NBI/FDM data/Arrivals/Nuuk Arrival_ 208444_OY-GRP_14_12_24_46_15.csv,0.056694670951384085
2024.0,12.0,14.0,16.0,5.0,13.0,0.1200000000000001,0.04164326464967934,0.08000000000000007,/Users/rasmus/Desktop/Fysik/AppliedML2026/Final_project_data/data/ML_data/NBI/FDM data/Arrivals/Nuuk Arrival_ 208447_OY-GRM_14_12_24_07_16.csv,0.04021998332699222
2024.0,12.0,14.0,16.0,9.0,49.0,0.21999999999999997,0.06466741838051064,0.1100000000000001,/Users/rasmus/Desktop/Fysik/AppliedML2026/Final_project_data/data/ML_data/NBI/FDM data/Arrivals/Nuuk Arrival_ 208448_OY-GRO_14_12_24_11_16.csv,0.09524821374819703
2024.0,12.0,14.0,17.0,29.0,11.0,0.18999999999999995,0.05422583495411197,0.1100000000000001,/Users/rasmus/Desktop/Fysik/AppliedML2026/Final_project_data/data/ML_data/NBI/FDM data/Arrivals/Nuuk Arrival_ 208457_OY-GRH_14_12_24_31_17.csv,0.05472418882089773
2024.0,12.0,14.0,15.0,48.0,58.0,0.1299999999999999,0.03602016420422545,0.07000000000000006,/Users/rasmus/Desktop/Fysik/AppliedML2026/Final_project_data/data/ML_data/NBI/FDM data/Arrivals/Nuuk Arrival_ 208458_OY-GRK_14_12_24_50_15.csv,0.05952940449895329
2024.0,12.0,14.0,20.0,30.0,1.0,0.18999999999999995,0.05004164932000812,0.10000000000000009,/Users/rasmus/Desktop/Fysik/AppliedML2026/Final_project_data/data/ML_data/NBI/FDM data/Arrivals/Nuuk Arrival_ 208462_OY-GRH_14_12_24_32_20.csv,0.0515388203202208
2024.0,12.0,14.0,20.0,23.0,47.0,0.3600000000000001,0.06797153720587666,0.10000000000000009,/Users/rasmus/Desktop/Fysik/AppliedML2026/Final_project_data/data/ML_data/NBI/FDM data/Arrivals/Nuuk Arrival_ 208463_OY-GRO_14_12_24_25_20.csv,0.10838527769514014
2024.0,12.0,15.0,13.0,22.0,57.0,0.17000000000000004,0.051606201177765466,0.10000000000000006,/Users/rasmus/Desktop/Fysik/AppliedML2026/Final_project_data/data/ML_data/NBI/FDM data/Arrivals/Nuuk Arrival_ 208469_OY-GRH_15_12_24_24_13.csv,0.05135659646043539
2024.0,12.0,15.0,14.0,10.0,35.0,0.24,0.08063847780411103,0.1419999999999998,/Users/rasmus/Desktop/Fysik/AppliedML2026/Final_project_data/data/ML_data/NBI/FDM data/Arrivals/Nuuk Arrival_ 208471_OY-GRO_15_12_24_11_14.csv,0.11739598878078494
2024.0,12.0,15.0,15.0,15.0,55.0,0.17999999999999994,0.05491709980021971,0.1100000000000001,/Users/rasmus/Desktop/Fysik/AppliedML2026/Final_project_data/data/ML_data/NBI/FDM data/Arrivals/Nuuk Arrival_ 208472_OY-GRP_15_12_24_16_15.csv,0.09515170074069174
2024.0,12.0,15.0,19.0,31.0,53.0,0.26,0.09160322288259228,0.16999999999999993,/Users/rasmus/Desktop/Fysik/AppliedML2026/Final_project_data/data/ML_data/NBI/FDM data/Arrivals/Nuuk Arrival_ 208494_OY-GRO_15_12_24_32_19.csv,0.11827933040053955
2024.0,12.0,16.0,12.0,6.0,50.0,0.21999999999999997,0.08154288702420602,0.1399999999999999,/Users/rasmus/Desktop/Fysik/AppliedML2026/Final_project_data/data/ML_data/NBI/FDM data/Arrivals/Nuuk Arrival_ 208501_OY-GRO_16_12_24_08_12.csv,0.11034038245356956
2024.0,12.0,16.0,13.0,32.0,24.0,0.1499999999999999,0.06168556953657068,0.1299999999999999,/Users/rasmus/Desktop/Fysik/AppliedML2026/Final_project_data/data/ML_data/NBI/FDM data/Arrivals/Nuuk Arrival_ 208502_OY-GRM_16_12_24_34_13.csv,0.05547772325697748
2024.0,12.0,16.0,13.0,38.0,34.0,0.19999999999999996,0.0675289760149376,0.13899999999999982,/Users/rasmus/Desktop/Fysik/AppliedML2026/Final_project_data/data/ML_data/NBI/FDM data/Arrivals/Nuuk Arrival_ 208503_OY-GRK_16_12_24_39_13.csv,0.07407203700902704
2024.0,12.0,16.0,14.0,10.0,57.0,0.33000000000000007,0.09311853881511603,0.1879999999999995,/Users/rasmus/Desktop/Fysik/AppliedML2026/Final_project_data/data/ML_data/NBI/FDM data/Arrivals/Nuuk Arrival_ 208507_OY-GRH_16_12_24_14_14.csv,0.0842191020069506
2024.0,12.0,16.0,16.0,4.0,53.0,0.25,0.08148334114235212,0.15599999999999992,/Users/rasmus/Desktop/Fysik/AppliedML2026/Final_project_data/data/ML_data/NBI/FDM data/Arrivals/Nuuk Arrival_ 208511_OY-GRP_16_12_24_06_16.csv,0.09801147891956331
2024.0,12.0,16.0,18.0,42.0,52.0,0.3700000000000001,0.11087227133264077,0.21999999999999997,/Users/rasmus/Desktop/Fysik/AppliedML2026/Final_project_data/data/ML_data/NBI/FDM data/Arrivals/Nuuk Arrival_ 208522_OY-GRH_16_12_24_43_18.csv,0.014142135623730963
2024.0,12.0,17.0,11.0,29.0,29.0,0.15999999999999992,0.04897455934142306,0.09349999999999999,/Users/rasmus/Desktop/Fysik/AppliedML2026/Final_project_data/data/ML_data/NBI/FDM data/Arrivals/Nuuk Arrival_ 208556_OY-GRP_17_12_24_31_11.csv,0.05662051176862655
2024.0,12.0,17.0,15.0,29.0,7.0,0.26,0.08368943522707901,0.1394999999999998,/Users/rasmus/Desktop/Fysik/AppliedML2026/Final_project_data/data/ML_data/NBI/FDM data/Arrivals/Nuuk Arrival_ 208568_OY-GRO_17_12_24_30_15.csv,0.11263510406026477
2024.0,12.0,17.0,15.0,34.0,51.0,0.1299999999999999,0.04115781234761369,0.08000000000000007,/Users/rasmus/Desktop/Fysik/AppliedML2026/Final_project_data/data/ML_data/NBI/FDM data/Arrivals/Nuuk Arrival_ 208569_OY-GRM_17_12_24_35_15.csv,0.061200118835297634
2024.0,12.0,17.0,15.0,40.0,9.0,0.1399999999999999,0.038958909252820376,0.08000000000000007,/Users/rasmus/Desktop/Fysik/AppliedML2026/Final_project_data/data/ML_data/NBI/FDM data/Arrivals/Nuuk Arrival_ 208572_OY-GRK_17_12_24_42_15.csv,0.05785644666804758
2024.0,12.0,17.0,17.0,44.0,23.0,0.29000000000000004,0.07099542856545756,0.14349999999999988,/Users/rasmus/Desktop/Fysik/AppliedML2026/Final_project_data/data/ML_data/NBI/FDM data/Arrivals/Nuuk Arrival_ 208595_OY-GRP_17_12_24_46_17.csv,0.04485270009578416
2024.0,12.0,17.0,15.0,47.0,42.0,0.28,0.052365114944568754,0.09000000000000008,/Users/rasmus/Desktop/Fysik/AppliedML2026/Final_project_data/data/ML_data/NBI/FDM data/Arrivals/Nuuk Arrival_ 208596_OY-GRH_17_12_24_48_15.csv,0.05916079783099621
2024.0,12.0,14.0,17.0,39.0,56.0,0.47,0.05805916070468367,0.08000000000000007,/Users/rasmus/Desktop/Fysik/AppliedML2026/Final_project_data/data/ML_data/NBI/FDM data/Arrivals/Nuuk Arrival_ 208613_OY-GRR_14_12_24_17_17.csv,0.16462077633154326
2024.0,12.0,14.0,22.0,31.0,28.0,0.3799999999999999,0.10289416554074185,0.2625,/Users/rasmus/Desktop/Fysik/AppliedML2026/Final_project_data/data/ML_data/NBI/FDM data/Arrivals/Nuuk Arrival_ 208615_OY-GRR_14_12_24_23_22.csv,0.0631466547015755
2024.0,12.0,15.0,20.0,38.0,29.0,0.48,0.0827402317252372,0.14,/Users/rasmus/Desktop/Fysik/AppliedML2026/Final_project_data/data/ML_data/NBI/FDM data/Arrivals/Nuuk Arrival_ 208617_OY-GRR_15_12_24_30_20.csv,0.05671566509057857
2024.0,12.0,16.0,15.0,35.0,51.0,0.5,0.10872131899150246,0.19899999999999987,/Users/rasmus/Desktop/Fysik/AppliedML2026/Final_project_data/data/ML_data/NBI/FDM data/Arrivals/Nuuk Arrival_ 208619_OY-GRR_16_12_24_27_15.csv,0.08192536057828707
2024.0,12.0,17.0,11.0,10.0,10.0,0.53,0.10480540378182085,0.19999999999999996,/Users/rasmus/Desktop/Fysik/AppliedML2026/Final_project_data/data/ML_data/NBI/FDM data/Arrivals/Nuuk Arrival_ 208622_OY-GRR_17_12_24_53_10.csv,0.0585133277451345
2024.0,12.0,17.0,16.0,19.0,7.0,0.3799999999999999,0.10088497300281038,0.20999999999999996,/Users/rasmus/Desktop/Fysik/AppliedML2026/Final_project_data/data/ML_data/NBI/FDM data/Arrivals/Nuuk Arrival_ 208624_OY-GRR_17_12_24_12_16.csv,0.0795661311788454
2024.0,12.0,18.0,9.0,42.0,50.0,0.30000000000000004,0.09124384141678402,0.16349999999999987,/Users/rasmus/Desktop/Fysik/AppliedML2026/Final_project_data/data/ML_data/NBI/FDM data/Arrivals/Nuuk Arrival_ 208625_OY-GRO_18_12_24_43_09.csv,0.08419553960210056
2024.0,12.0,18.0,12.0,58.0,30.0,0.3400000000000001,0.09004871975672149,0.16349999999999995,/Users/rasmus/Desktop/Fysik/AppliedML2026/Final_project_data/data/ML_data/NBI/FDM data/Arrivals/Nuuk Arrival_ 208631_OY-GRH_18_12_24_00_13.csv,0.07673004626611406
2024.0,12.0,18.0,13.0,49.0,44.0,0.30000000000000004,0.0969486854941707,0.18999999999999995,/Users/rasmus/Desktop/Fysik/AppliedML2026/Final_project_data/data/ML_data/NBI/FDM data/Arrivals/Nuuk Arrival_ 208632_OY-GRO_18_12_24_50_13.csv,0.11224972160321825
2024.0,12.0,18.0,18.0,22.0,36.0,0.1200000000000001,0.03977823138737688,0.08000000000000002,/Users/rasmus/Desktop/Fysik/AppliedML2026/Final_project_data/data/ML_data/NBI/FDM data/Arrivals/Nuuk Arrival_ 208652_OY-GRK_18_12_24_23_18.csv,0.0643428317685817
2024.0,12.0,18.0,19.0,9.0,23.0,0.29000000000000004,0.09942892492183106,0.18999999999999995,/Users/rasmus/Desktop/Fysik/AppliedML2026/Final_project_data/data/ML_data/NBI/FDM data/Arrivals/Nuuk Arrival_ 208655_OY-GRO_18_12_24_11_19.csv,0.10522702729207584
2024.0,12.0,18.0,20.0,53.0,13.0,0.3700000000000001,0.07061591281614327,0.12449999999999989,/Users/rasmus/Desktop/Fysik/AppliedML2026/Final_project_data/data/ML_data/NBI/FDM data/Arrivals/Nuuk Arrival_ 208658_OY-GRP_18_12_24_55_20.csv,0.059371710435189635
2024.0,12.0,18.0,17.0,53.0,38.0,0.16000000000000003,0.04221434924348929,0.08399999999999985,/Users/rasmus/Desktop/Fysik/AppliedML2026/Final_project_data/data/ML_data/NBI/FDM data/Arrivals/Nuuk Arrival_ 208661_OY-GRM_18_12_24_54_17.csv,0.04512608598542134
2024.0,12.0,19.0,12.0,22.0,42.0,0.25,0.08894859106164558,0.15999999999999992,/Users/rasmus/Desktop/Fysik/AppliedML2026/Final_project_data/data/ML_data/NBI/FDM data/Arrivals/Nuuk Arrival_ 208663_OY-GRO_19_12_24_23_12.csv,0.10117170694277272
2024.0,12.0,19.0,14.0,7.0,26.0,0.1200000000000001,0.043688229734367104,0.08000000000000007,/Users/rasmus/Desktop/Fysik/AppliedML2026/Final_project_data/data/ML_data/NBI/FDM data/Arrivals/Nuuk Arrival_ 208668_OY-GRM_19_12_24_09_14.csv,0.0594713553340023
2024.0,12.0,19.0,15.0,22.0,47.0,0.16000000000000003,0.052267894286160466,0.12000000000000001,/Users/rasmus/Desktop/Fysik/AppliedML2026/Final_project_data/data/ML_data/NBI/FDM data/Arrivals/Nuuk Arrival_ 208670_OY-GRP_19_12_24_23_15.csv,0.057394404318355165
2024.0,12.0,19.0,15.0,30.0,57.0,0.1499999999999999,0.0512891656434056,0.10000000000000009,/Users/rasmus/Desktop/Fysik/AppliedML2026/Final_project_data/data/ML_data/NBI/FDM data/Arrivals/Nuuk Arrival_ 208671_OY-GRH_19_12_24_31_15.csv,0.06892024376045114
2024.0,12.0,19.0,15.0,46.0,49.0,0.25,0.0820665622218979,0.1499999999999999,/Users/rasmus/Desktop/Fysik/AppliedML2026/Final_project_data/data/ML_data/NBI/FDM data/Arrivals/Nuuk Arrival_ 208675_OY-GRO_19_12_24_47_15.csv,0.11010484513897166
2024.0,12.0,19.0,15.0,38.0,13.0,0.19999999999999996,0.06561347578911063,0.14,/Users/rasmus/Desktop/Fysik/AppliedML2026/Final_project_data/data/ML_data/NBI/FDM data/Arrivals/Nuuk Arrival_ 208679_OY-GRK_19_12_24_40_15.csv,0.05373546315051174
2024.0,12.0,19.0,20.0,16.0,35.0,0.1499999999999999,0.056337492342828546,0.10300000000000006,/Users/rasmus/Desktop/Fysik/AppliedML2026/Final_project_data/data/ML_data/NBI/FDM data/Arrivals/Nuuk Arrival_ 208683_OY-GRH_19_12_24_18_20.csv,0.07026734661277599
2024.0,12.0,19.0,23.0,36.0,42.0,0.1499999999999999,0.04902866022857984,0.09000000000000008,/Users/rasmus/Desktop/Fysik/AppliedML2026/Final_project_data/data/ML_data/NBI/FDM data/Arrivals/Nuuk Arrival_ 208685_OY-GRP_19_12_24_37_23.csv,0.07157883354571172
2024.0,12.0,20.0,11.0,17.0,18.0,0.30000000000000004,0.10851267207105354,0.20650000000000002,/Users/rasmus/Desktop/Fysik/AppliedML2026/Final_project_data/data/ML_data/NBI/FDM data/Arrivals/Nuuk Arrival_ 208694_OY-GRO_20_12_24_19_11.csv,0.10770329614269006
2024.0,12.0,20.0,12.0,12.0,20.0,0.17999999999999994,0.061200631053767024,0.12799999999999986,/Users/rasmus/Desktop/Fysik/AppliedML2026/Final_project_data/data/ML_data/NBI/FDM data/Arrivals/Nuuk Arrival_ 208695_OY-GRM_20_12_24_14_12.csv,0.0837779804005802
2024.0,12.0,20.0,13.0,22.0,31.0,0.21999999999999997,0.0754001670103269,0.13649999999999982,/Users/rasmus/Desktop/Fysik/AppliedML2026/Final_project_data/data/ML_data/NBI/FDM data/Arrivals/Nuuk Arrival_ 208697_OY-GRH_20_12_24_24_13.csv,0.05958187643906498
2024.0,12.0,20.0,13.0,17.0,47.0,0.27,0.06199265626583774,0.1100000000000001,/Users/rasmus/Desktop/Fysik/AppliedML2026/Final_project_data/data/ML_data/NBI/FDM data/Arrivals/Nuuk Arrival_ 208698_OY-GRK_20_12_24_18_13.csv,0.044960299948160656
2024.0,12.0,20.0,13.0,55.0,21.0,0.20999999999999996,0.08595175924920205,0.1499999999999999,/Users/rasmus/Desktop/Fysik/AppliedML2026/Final_project_data/data/ML_data/NBI/FDM data/Arrivals/Nuuk Arrival_ 208699_OY-GRO_20_12_24_57_13.csv,0.10505100801855395
2024.0,12.0,20.0,12.0,56.0,48.0,0.32999999999999996,0.06765380282760933,0.1200000000000001,/Users/rasmus/Desktop/Fysik/AppliedML2026/Final_project_data/data/ML_data/NBI/FDM data/Arrivals/Nuuk Arrival_ 208701_OY-GRP_20_12_24_58_12.csv,0.07932406754767242
2024.0,12.0,20.0,16.0,19.0,40.0,0.17999999999999994,0.07524655338034057,0.1399999999999999,/Users/rasmus/Desktop/Fysik/AppliedML2026/Final_project_data/data/ML_data/NBI/FDM data/Arrivals/Nuuk Arrival_ 208716_OY-GRO_20_12_24_20_16.csv,0.09414434605825693
2024.0,12.0,20.0,18.0,18.0,49.0,0.18999999999999995,0.05010436868371891,0.09000000000000008,/Users/rasmus/Desktop/Fysik/AppliedML2026/Final_project_data/data/ML_data/NBI/FDM data/Arrivals/Nuuk Arrival_ 208730_OY-GRH_20_12_24_20_18.csv,0.06324555320336761
2024.0,12.0,20.0,19.0,53.0,41.0,0.30000000000000004,0.0571914866193587,0.10000000000000009,/Users/rasmus/Desktop/Fysik/AppliedML2026/Final_project_data/data/ML_data/NBI/FDM data/Arrivals/Nuuk Arrival_ 208736_OY-GRP_20_12_24_54_19.csv,0.0820975030070952
2024.0,12.0,20.0,21.0,12.0,48.0,0.27,0.08414628342906996,0.1634999999999999,/Users/rasmus/Desktop/Fysik/AppliedML2026/Final_project_data/data/ML_data/NBI/FDM data/Arrivals/Nuuk Arrival_ 208740_OY-GRH_20_12_24_14_21.csv,0.102469507659596
2024.0,12.0,20.0,22.0,26.0,35.0,0.22999999999999998,0.08310846854478582,0.15349999999999986,/Users/rasmus/Desktop/Fysik/AppliedML2026/Final_project_data/data/ML_data/NBI/FDM data/Arrivals/Nuuk Arrival_ 208749_OY-GRO_20_12_24_28_22.csv,0.11762531311632839
2024.0,12.0,21.0,15.0,3.0,50.0,0.33000000000000007,0.1135975869669153,0.20499999999999996,/Users/rasmus/Desktop/Fysik/AppliedML2026/Final_project_data/data/ML_data/NBI/FDM data/Arrivals/Nuuk Arrival_ 208762_OY-GRO_21_12_24_05_15.csv,0.13462197786051472
2024.0,12.0,21.0,15.0,23.0,31.0,0.3500000000000001,0.0940935704498453,0.168,/Users/rasmus/Desktop/Fysik/AppliedML2026/Final_project_data/data/ML_data/NBI/FDM data/Arrivals/Nuuk Arrival_ 208771_OY-GRM_21_12_24_25_15.csv,0.11916375287812987
2024.0,12.0,21.0,18.0,18.0,46.0,0.3799999999999999,0.10311596979036008,0.2029999999999998,/Users/rasmus/Desktop/Fysik/AppliedML2026/Final_project_data/data/ML_data/NBI/FDM data/Arrivals/Nuuk Arrival_ 208782_OY-GRH_21_12_24_20_18.csv,0.1140175425099138
2024.0,12.0,21.0,19.0,11.0,40.0,0.33000000000000007,0.08379511693184528,0.16,/Users/rasmus/Desktop/Fysik/AppliedML2026/Final_project_data/data/ML_data/NBI/FDM data/Arrivals/Nuuk Arrival_ 208783_OY-GRK_21_12_24_13_19.csv,0.12522920163115497
2024.0,12.0,21.0,19.0,30.0,36.0,0.30000000000000004,0.07968483671699642,0.14400000000000002,/Users/rasmus/Desktop/Fysik/AppliedML2026/Final_project_data/data/ML_data/NBI/FDM data/Arrivals/Nuuk Arrival_ 208784_OY-GRM_21_12_24_32_19.csv,0.1301582746911937
2024.0,12.0,18.0,13.0,4.0,15.0,0.3899999999999999,0.1197739303543278,0.23399999999999976,/Users/rasmus/Desktop/Fysik/AppliedML2026/Final_project_data/data/ML_data/NBI/FDM data/Arrivals/Nuuk Arrival_ 208788_OY-GRR_18_12_24_49_12.csv,0.07357535819371414
2024.0,12.0,19.0,18.0,58.0,5.0,0.26,0.06456057021813516,0.1200000000000001,/Users/rasmus/Desktop/Fysik/AppliedML2026/Final_project_data/data/ML_data/NBI/FDM data/Arrivals/Nuuk Arrival_ 208790_OY-GRR_19_12_24_47_18.csv,0.07299162813486065
2024.0,12.0,20.0,15.0,17.0,52.0,0.26,0.06814103022408748,0.13799999999999987,/Users/rasmus/Desktop/Fysik/AppliedML2026/Final_project_data/data/ML_data/NBI/FDM data/Arrivals/Nuuk Arrival_ 208792_OY-GRR_20_12_24_07_15.csv,0.049768695752682536
2024.0,12.0,20.0,19.0,57.0,15.0,0.21999999999999997,0.06318418614899102,0.1200000000000001,/Users/rasmus/Desktop/Fysik/AppliedML2026/Final_project_data/data/ML_data/NBI/FDM data/Arrivals/Nuuk Arrival_ 208794_OY-GRR_20_12_24_48_19.csv,0.07489386429535407
2024.0,12.0,21.0,13.0,42.0,11.0,0.27,0.08390063312822045,0.1499999999999999,/Users/rasmus/Desktop/Fysik/AppliedML2026/Final_project_data/data/ML_data/NBI/FDM data/Arrivals/Nuuk Arrival_ 208796_OY-GRR_21_12_24_34_13.csv,0.12706751688041226
2024.0,12.0,21.0,18.0,3.0,28.0,0.31000000000000005,0.11596358241944947,0.2690000000000001,/Users/rasmus/Desktop/Fysik/AppliedML2026/Final_project_data/data/ML_data/NBI/FDM data/Arrivals/Nuuk Arrival_ 208798_OY-GRR_21_12_24_54_17.csv,0.13578057164544433
2024.0,12.0,22.0,13.0,47.0,0.0,0.17999999999999994,0.06123342804612834,0.12000000000000008,/Users/rasmus/Desktop/Fysik/AppliedML2026/Final_project_data/data/ML_data/NBI/FDM data/Arrivals/Nuuk Arrival_ 208803_OY-GRH_22_12_24_48_13.csv,0.09302980949429843
2024.0,12.0,22.0,13.0,54.0,17.0,0.21999999999999997,0.05901977069875259,0.1299999999999999,/Users/rasmus/Desktop/Fysik/AppliedML2026/Final_project_data/data/ML_data/NBI/FDM data/Arrivals/Nuuk Arrival_ 208804_OY-GRK_22_12_24_56_13.csv,0.04133198922545752
2024.0,12.0,22.0,16.0,57.0,44.0,0.20999999999999996,0.052420692422771774,0.10000000000000009,/Users/rasmus/Desktop/Fysik/AppliedML2026/Final_project_data/data/ML_data/NBI/FDM data/Arrivals/Nuuk Arrival_ 208821_OY-GRM_22_12_24_59_16.csv,0.06492911114195399
2024.0,12.0,22.0,18.0,6.0,19.0,0.16000000000000003,0.05340339948845092,0.11850000000000005,/Users/rasmus/Desktop/Fysik/AppliedML2026/Final_project_data/data/ML_data/NBI/FDM data/Arrivals/Nuuk Arrival_ 208830_OY-GRK_22_12_24_08_18.csv,0.07000000000000005
2024.0,12.0,22.0,20.0,0.0,18.0,0.3400000000000001,0.09711697749144162,0.19549999999999979,/Users/rasmus/Desktop/Fysik/AppliedML2026/Final_project_data/data/ML_data/NBI/FDM data/Arrivals/Nuuk Arrival_ 208832_OY-GRO_22_12_24_02_20.csv,0.1624230587078079
2024.0,12.0,22.0,16.0,55.0,16.0,0.16999999999999993,0.0493143167902669,0.10000000000000009,/Users/rasmus/Desktop/Fysik/AppliedML2026/Final_project_data/data/ML_data/NBI/FDM data/Arrivals/Nuuk Arrival_ 208833_OY-GRH_22_12_24_57_16.csv,0.08227533512074427
2024.0,12.0,22.0,20.0,5.0,50.0,0.28,0.065167748488328,0.13149999999999995,/Users/rasmus/Desktop/Fysik/AppliedML2026/Final_project_data/data/ML_data/NBI/FDM data/Arrivals/Nuuk Arrival_ 208835_OY-GRM_22_12_24_07_20.csv,0.08906926143924926
2024.0,12.0,22.0,22.0,17.0,59.0,0.27,0.08037754946946069,0.15999999999999998,/Users/rasmus/Desktop/Fysik/AppliedML2026/Final_project_data/data/ML_data/NBI/FDM data/Arrivals/Nuuk Arrival_ 208836_OY-GRH_22_12_24_18_22.csv,0.07599342076785331
2024.0,12.0,23.0,13.0,46.0,44.0,0.21999999999999997,0.0711569346762351,0.1399999999999999,/Users/rasmus/Desktop/Fysik/AppliedML2026/Final_project_data/data/ML_data/NBI/FDM data/Arrivals/Nuuk Arrival_ 208843_OY-GRH_23_12_24_48_13.csv,0.07201851613763412
2024.0,12.0,23.0,14.0,26.0,39.0,0.33000000000000007,0.10137487692540885,0.18349999999999997,/Users/rasmus/Desktop/Fysik/AppliedML2026/Final_project_data/data/ML_data/NBI/FDM data/Arrivals/Nuuk Arrival_ 208848_OY-GRO_23_12_24_27_14.csv,0.14821156050277137
2024.0,12.0,23.0,13.0,48.0,16.0,0.20999999999999996,0.06752777206453654,0.14999999999999994,/Users/rasmus/Desktop/Fysik/AppliedML2026/Final_project_data/data/ML_data/NBI/FDM data/Arrivals/Nuuk Arrival_ 208852_OY-GRM_23_12_24_50_13.csv,0.07814014559073444
2024.0,12.0,23.0,19.0,21.0,38.0,0.28,0.05639965472085428,0.11000000000000004,/Users/rasmus/Desktop/Fysik/AppliedML2026/Final_project_data/data/ML_data/NBI/FDM data/Arrivals/Nuuk Arrival_ 208857_OY-GRK_23_12_24_23_19.csv,0.03453776401067598
2024.0,12.0,23.0,21.0,33.0,1.0,0.25,0.07140767888521225,0.13749999999999993,/Users/rasmus/Desktop/Fysik/AppliedML2026/Final_project_data/data/ML_data/NBI/FDM data/Arrivals/Nuuk Arrival_ 208864_OY-GRM_23_12_24_34_21.csv,0.09582180431310078
2024.0,12.0,27.0,13.0,2.0,0.0,0.19999999999999996,0.06291283407507588,0.1200000000000001,/Users/rasmus/Desktop/Fysik/AppliedML2026/Final_project_data/data/ML_data/NBI/FDM data/Arrivals/Nuuk Arrival_ 208878_OY-GRM_27_12_24_04_13.csv,0.06442049363362569
2024.0,12.0,27.0,13.0,13.0,58.0,0.15999999999999992,0.04828990467599852,0.09650000000000007,/Users/rasmus/Desktop/Fysik/AppliedML2026/Final_project_data/data/ML_data/NBI/FDM data/Arrivals/Nuuk Arrival_ 208879_OY-GRG_27_12_24_17_13.csv,0.03696845502136476
2024.0,12.0,27.0,13.0,33.0,59.0,0.24,0.08278795899070203,0.12849999999999986,/Users/rasmus/Desktop/Fysik/AppliedML2026/Final_project_data/data/ML_data/NBI/FDM data/Arrivals/Nuuk Arrival_ 208881_OY-GRO_27_12_24_34_13.csv,0.08738017004816977
2024.0,12.0,27.0,14.0,33.0,13.0,0.16000000000000003,0.05538596964758151,0.10949999999999999,/Users/rasmus/Desktop/Fysik/AppliedML2026/Final_project_data/data/ML_data/NBI/FDM data/Arrivals/Nuuk Arrival_ 208884_OY-GRH_27_12_24_35_14.csv,0.05203021100421237
2024.0,12.0,27.0,16.0,12.0,18.0,0.18999999999999995,0.09182470093027574,0.1499999999999999,/Users/rasmus/Desktop/Fysik/AppliedML2026/Final_project_data/data/ML_data/NBI/FDM data/Arrivals/Nuuk Arrival_ 208891_OY-GRO_27_12_24_14_16.csv,0.08564633160647957
2024.0,12.0,27.0,17.0,50.0,14.0,0.1399999999999999,0.042932505167995995,0.08000000000000007,/Users/rasmus/Desktop/Fysik/AppliedML2026/Final_project_data/data/ML_data/NBI/FDM data/Arrivals/Nuuk Arrival_ 208900_OY-GRM_27_12_24_52_17.csv,0.05210935247519987
2024.0,12.0,27.0,22.0,34.0,45.0,0.3400000000000001,0.06771700835343354,0.12299999999999991,/Users/rasmus/Desktop/Fysik/AppliedML2026/Final_project_data/data/ML_data/NBI/FDM data/Arrivals/Nuuk Arrival_ 208913_OY-GRG_27_12_24_36_22.csv,0.1003992031840891
2024.0,12.0,27.0,22.0,50.0,16.0,0.30000000000000004,0.09334137674478889,0.16999999999999993,/Users/rasmus/Desktop/Fysik/AppliedML2026/Final_project_data/data/ML_data/NBI/FDM data/Arrivals/Nuuk Arrival_ 208915_OY-GRO_27_12_24_52_22.csv,0.09953463144626028
2024.0,12.0,27.0,22.0,27.0,2.0,0.20999999999999996,0.06544278891283332,0.1100000000000001,/Users/rasmus/Desktop/Fysik/AppliedML2026/Final_project_data/data/ML_data/NBI/FDM data/Arrivals/Nuuk Arrival_ 208916_OY-GRM_27_12_24_28_22.csv,0.08602325267042628
2024.0,12.0,28.0,15.0,3.0,3.0,0.3500000000000001,0.0902665605196739,0.16349999999999995,/Users/rasmus/Desktop/Fysik/AppliedML2026/Final_project_data/data/ML_data/NBI/FDM data/Arrivals/Nuuk Arrival_ 208926_OY-GRH_28_12_24_05_15.csv,0.07348469228349534
2024.0,12.0,28.0,15.0,26.0,36.0,0.42999999999999994,0.0937080733315908,0.18999999999999995,/Users/rasmus/Desktop/Fysik/AppliedML2026/Final_project_data/data/ML_data/NBI/FDM data/Arrivals/Nuuk Arrival_ 208927_OY-GRM_28_12_24_28_15.csv,0.05846064538493854
2024.0,12.0,28.0,17.0,41.0,29.0,0.16999999999999993,0.05702112284675065,0.1100000000000001,/Users/rasmus/Desktop/Fysik/AppliedML2026/Final_project_data/data/ML_data/NBI/FDM data/Arrivals/Nuuk Arrival_ 208945_OY-GRG_28_12_24_43_17.csv,0.07549834435270751
2024.0,12.0,28.0,20.0,25.0,50.0,0.33000000000000007,0.12947170095551616,0.26,/Users/rasmus/Desktop/Fysik/AppliedML2026/Final_project_data/data/ML_data/NBI/FDM data/Arrivals/Nuuk Arrival_ 208961_OY-GRO_28_12_24_27_20.csv,0.09229399665298836
2024.0,12.0,23.0,14.0,2.0,13.0,0.3799999999999999,0.09831378336733868,0.16,/Users/rasmus/Desktop/Fysik/AppliedML2026/Final_project_data/data/ML_data/NBI/FDM data/Arrivals/Nuuk Arrival_ 208967_OY-GRR_23_12_24_51_13.csv,0.08396427811873333
2024.0,12.0,23.0,18.0,19.0,43.0,0.20999999999999996,0.07386027217540729,0.15799999999999975,/Users/rasmus/Desktop/Fysik/AppliedML2026/Final_project_data/data/ML_data/NBI/FDM data/Arrivals/Nuuk Arrival_ 208969_OY-GRR_23_12_24_13_18.csv,0.06480740698407866
2024.0,12.0,23.0,21.0,46.0,49.0,0.31999999999999995,0.06475191470154643,0.1200000000000001,/Users/rasmus/Desktop/Fysik/AppliedML2026/Final_project_data/data/ML_data/NBI/FDM data/Arrivals/Nuuk Arrival_ 208971_OY-GRR_23_12_24_41_21.csv,0.049497474683058366
2024.0,12.0,27.0,14.0,1.0,23.0,0.25,0.07273001562225734,0.1399999999999999,/Users/rasmus/Desktop/Fysik/AppliedML2026/Final_project_data/data/ML_data/NBI/FDM data/Arrivals/Nuuk Arrival_ 208974_OY-GRR_27_12_24_54_13.csv,0.061990782724991825
2024.0,12.0,27.0,17.0,43.0,56.0,0.24,0.06864615853758473,0.1294999999999999,/Users/rasmus/Desktop/Fysik/AppliedML2026/Final_project_data/data/ML_data/NBI/FDM data/Arrivals/Nuuk Arrival_ 208976_OY-GRR_27_12_24_37_17.csv,0.09398581453247792
2024.0,12.0,29.0,12.0,20.0,7.0,0.20999999999999996,0.06388633198606843,0.12000000000000008,/Users/rasmus/Desktop/Fysik/AppliedML2026/Final_project_data/data/ML_data/NBI/FDM data/Arrivals/Nuuk Arrival_ 208978_OY-GRG_29_12_24_23_12.csv,0.05444525428617005
2024.0,12.0,29.0,15.0,6.0,13.0,0.3799999999999999,0.11747710230175663,0.2289999999999999,/Users/rasmus/Desktop/Fysik/AppliedML2026/Final_project_data/data/ML_data/NBI/FDM data/Arrivals/Nuuk Arrival_ 208981_OY-GRO_29_12_24_08_15.csv,0.1388044187577134
2024.0,12.0,29.0,13.0,37.0,16.0,0.20999999999999996,0.06865978929960877,0.1299999999999999,/Users/rasmus/Desktop/Fysik/AppliedML2026/Final_project_data/data/ML_data/NBI/FDM data/Arrivals/Nuuk Arrival_ 208982_OY-GRH_29_12_24_39_13.csv,0.08262364471909159
2024.0,12.0,29.0,13.0,10.0,56.0,0.21999999999999997,0.06499365987675895,0.1299999999999999,/Users/rasmus/Desktop/Fysik/AppliedML2026/Final_project_data/data/ML_data/NBI/FDM data/Arrivals/Nuuk Arrival_ 208984_OY-GRM_29_12_24_12_13.csv,0.09983319421247959
2024.0,12.0,29.0,20.0,56.0,54.0,0.30000000000000004,0.12050126785870577,0.24,/Users/rasmus/Desktop/Fysik/AppliedML2026/Final_project_data/data/ML_data/NBI/FDM data/Arrivals/Nuuk Arrival_ 208988_OY-GRO_29_12_24_58_20.csv,0.1340220308826305
2024.0,12.0,30.0,13.0,42.0,49.0,0.16999999999999993,0.07580445758313749,0.1299999999999999,/Users/rasmus/Desktop/Fysik/AppliedML2026/Final_project_data/data/ML_data/NBI/FDM data/Arrivals/Nuuk Arrival_ 208993_OY-GRO_30_12_24_43_13.csv,0.09336309049440615
2024.0,12.0,30.0,14.0,6.0,43.0,0.09000000000000008,0.040673464429052765,0.07000000000000006,/Users/rasmus/Desktop/Fysik/AppliedML2026/Final_project_data/data/ML_data/NBI/FDM data/Arrivals/Nuuk Arrival_ 208995_OY-GRH_30_12_24_07_14.csv,0.05771698190307603
2024.0,12.0,30.0,13.0,38.0,44.0,0.19999999999999996,0.0593037560688273,0.1100000000000001,/Users/rasmus/Desktop/Fysik/AppliedML2026/Final_project_data/data/ML_data/NBI/FDM data/Arrivals/Nuuk Arrival_ 208996_OY-GRM_30_12_24_39_13.csv,0.0658596993615975
2024.0,12.0,30.0,16.0,4.0,48.0,0.16999999999999993,0.053250371775611496,0.1050000000000001,/Users/rasmus/Desktop/Fysik/AppliedML2026/Final_project_data/data/ML_data/NBI/FDM data/Arrivals/Nuuk Arrival_ 208997_OY-GRM_30_12_24_06_16.csv,0.047010637094172684
2024.0,12.0,30.0,22.0,8.0,24.0,0.33000000000000007,0.045079966613014597,0.06999999999999995,/Users/rasmus/Desktop/Fysik/AppliedML2026/Final_project_data/data/ML_data/NBI/FDM data/Arrivals/Nuuk Arrival_ 209024_OY-GRP_30_12_24_10_22.csv,0.0850077395857206
2024.0,12.0,30.0,21.0,40.0,11.0,0.1200000000000001,0.038753087642171224,0.08000000000000002,/Users/rasmus/Desktop/Fysik/AppliedML2026/Final_project_data/data/ML_data/NBI/FDM data/Arrivals/Nuuk Arrival_ 209025_OY-GRM_30_12_24_42_21.csv,0.05404676337745816
2024.0,12.0,31.0,12.0,8.0,23.0,0.1100000000000001,0.04214173615225088,0.08000000000000007,/Users/rasmus/Desktop/Fysik/AppliedML2026/Final_project_data/data/ML_data/NBI/FDM data/Arrivals/Nuuk Arrival_ 209028_OY-GRM_31_12_24_11_12.csv,0.04289522117905447
2024.0,12.0,29.0,18.0,37.0,16.0,0.48,0.0944165915166566,0.16149999999999998,/Users/rasmus/Desktop/Fysik/AppliedML2026/Final_project_data/data/ML_data/NBI/FDM data/Arrivals/Nuuk Arrival_ 209052_OY-GRR_29_12_24_26_18.csv,0.12321221530351609
2024.0,12.0,30.0,18.0,19.0,17.0,0.19999999999999996,0.05309190145398828,0.09000000000000008,/Users/rasmus/Desktop/Fysik/AppliedML2026/Final_project_data/data/ML_data/NBI/FDM data/Arrivals/Nuuk Arrival_ 209055_OY-GRR_30_12_24_13_18.csv,0.0616441400296898
2024.0,12.0,30.0,22.0,0.0,41.0,0.28,0.0630617611099287,0.11899999999999977,/Users/rasmus/Desktop/Fysik/AppliedML2026/Final_project_data/data/ML_data/NBI/FDM data/Arrivals/Nuuk Arrival_ 209057_OY-GRR_30_12_24_58_21.csv,0.06767569726275455
2025.0,1.0,3.0,22.0,44.0,33.0,0.18999999999999995,0.055313949664826306,0.11000000000000006,/Users/rasmus/Desktop/Fysik/AppliedML2026/Final_project_data/data/ML_data/NBI/FDM data/Arrivals/Nuuk Arrival_ 209058_OY-GRP_03_01_25_45_22.csv,0.05175491695067657
2025.0,1.0,4.0,13.0,16.0,33.0,0.1499999999999999,0.04214052889824923,0.08000000000000007,/Users/rasmus/Desktop/Fysik/AppliedML2026/Final_project_data/data/ML_data/NBI/FDM data/Arrivals/Nuuk Arrival_ 209062_OY-GRP_04_01_25_18_13.csv,0.03951089863709903
2025.0,1.0,4.0,14.0,35.0,17.0,0.1399999999999999,0.07258000511750567,0.1100000000000001,/Users/rasmus/Desktop/Fysik/AppliedML2026/Final_project_data/data/ML_data/NBI/FDM data/Arrivals/Nuuk Arrival_ 209065_OY-GRO_04_01_25_37_14.csv,0.08724964183307576
2025.0,1.0,4.0,15.0,3.0,44.0,0.1200000000000001,0.037083873519545896,0.061999999999999944,/Users/rasmus/Desktop/Fysik/AppliedML2026/Final_project_data/data/ML_data/NBI/FDM data/Arrivals/Nuuk Arrival_ 209067_OY-GRM_04_01_25_04_15.csv,0.05029910535983721
2025.0,1.0,4.0,16.0,3.0,24.0,0.1299999999999999,0.04841360915094444,0.10000000000000009,/Users/rasmus/Desktop/Fysik/AppliedML2026/Final_project_data/data/ML_data/NBI/FDM data/Arrivals/Nuuk Arrival_ 209070_OY-GRP_04_01_25_05_16.csv,0.058125480028739816
2025.0,1.0,4.0,16.0,10.0,36.0,0.41999999999999993,0.0754285999088577,0.12350000000000001,/Users/rasmus/Desktop/Fysik/AppliedML2026/Final_project_data/data/ML_data/NBI/FDM data/Arrivals/Nuuk Arrival_ 209073_OY-GRK_04_01_25_11_16.csv,0.14230249470757705
2025.0,1.0,4.0,18.0,34.0,31.0,0.33000000000000007,0.07967096038666795,0.1499999999999999,/Users/rasmus/Desktop/Fysik/AppliedML2026/Final_project_data/data/ML_data/NBI/FDM data/Arrivals/Nuuk Arrival_ 209078_OY-GRH_04_01_25_40_18.csv,0.0927960727138337
2025.0,1.0,4.0,19.0,23.0,59.0,0.1499999999999999,0.04008169228057578,0.07699999999999996,/Users/rasmus/Desktop/Fysik/AppliedML2026/Final_project_data/data/ML_data/NBI/FDM data/Arrivals/Nuuk Arrival_ 209080_OY-GRP_04_01_25_24_19.csv,0.04905778905196062
2025.0,1.0,4.0,19.0,38.0,36.0,0.25,0.10052698025338895,0.15999999999999992,/Users/rasmus/Desktop/Fysik/AppliedML2026/Final_project_data/data/ML_data/NBI/FDM data/Arrivals/Nuuk Arrival_ 209081_OY-GRO_04_01_25_39_19.csv,0.09552486587271405
2025.0,1.0,4.0,19.0,44.0,59.0,0.19999999999999996,0.07143716101481226,0.1399999999999999,/Users/rasmus/Desktop/Fysik/AppliedML2026/Final_project_data/data/ML_data/NBI/FDM data/Arrivals/Nuuk Arrival_ 209089_OY-GRM_04_01_25_46_19.csv,0.07243387789333577
2025.0,1.0,4.0,20.0,0.0,1.0,0.14,0.05308880345827716,0.10350000000000004,/Users/rasmus/Desktop/Fysik/AppliedML2026/Final_project_data/data/ML_data/NBI/FDM data/Arrivals/Nuuk Arrival_ 209090_OY-GRG_04_01_25_01_20.csv,0.07354137157636739
2025.0,1.0,4.0,20.0,44.0,53.0,0.25,0.06868783020315913,0.13499999999999995,/Users/rasmus/Desktop/Fysik/AppliedML2026/Final_project_data/data/ML_data/NBI/FDM data/Arrivals/Nuuk Arrival_ 209094_OY-GRK_04_01_25_45_20.csv,0.09639329160614173
2025.0,1.0,4.0,22.0,9.0,20.0,0.27,0.08360499936228306,0.1499999999999999,/Users/rasmus/Desktop/Fysik/AppliedML2026/Final_project_data/data/ML_data/NBI/FDM data/Arrivals/Nuuk Arrival_ 209098_OY-GRO_04_01_25_10_22.csv,0.0959166304662544
2025.0,1.0,4.0,23.0,6.0,28.0,0.20999999999999996,0.05019028539669247,0.09000000000000008,/Users/rasmus/Desktop/Fysik/AppliedML2026/Final_project_data/data/ML_data/NBI/FDM data/Arrivals/Nuuk Arrival_ 209100_OY-GRM_04_01_25_11_23.csv,0.046970735570139886
2025.0,1.0,5.0,13.0,19.0,4.0,0.24,0.06055300708194986,0.12199999999999996,/Users/rasmus/Desktop/Fysik/AppliedML2026/Final_project_data/data/ML_data/NBI/FDM data/Arrivals/Nuuk Arrival_ 209105_OY-GRH_05_01_25_21_13.csv,0.059055059055088635
2025.0,1.0,5.0,14.0,16.0,30.0,0.1299999999999999,0.038868809008323006,0.07949999999999995,/Users/rasmus/Desktop/Fysik/AppliedML2026/Final_project_data/data/ML_data/NBI/FDM data/Arrivals/Nuuk Arrival_ 209110_OY-GRP_05_01_25_17_14.csv,0.05994044663544929
2025.0,1.0,5.0,14.0,25.0,55.0,0.1100000000000001,0.043698572258041884,0.08000000000000007,/Users/rasmus/Desktop/Fysik/AppliedML2026/Final_project_data/data/ML_data/NBI/FDM data/Arrivals/Nuuk Arrival_ 209111_OY-GRM_05_01_25_26_14.csv,0.056364200312991955
2025.0,1.0,5.0,14.0,42.0,34.0,0.19999999999999996,0.08893177587057215,0.15999999999999992,/Users/rasmus/Desktop/Fysik/AppliedML2026/Final_project_data/data/ML_data/NBI/FDM data/Arrivals/Nuuk Arrival_ 209112_OY-GRO_05_01_25_44_14.csv,0.08757139944068502
2025.0,1.0,5.0,15.0,20.0,19.0,0.16999999999999993,0.04468176559840884,0.08000000000000007,/Users/rasmus/Desktop/Fysik/AppliedML2026/Final_project_data/data/ML_data/NBI/FDM data/Arrivals/Nuuk Arrival_ 209113_OY-GRK_05_01_25_22_15.csv,0.060156047077579836
2025.0,1.0,5.0,18.0,12.0,5.0,0.31000000000000005,0.1017865882822493,0.15999999999999992,/Users/rasmus/Desktop/Fysik/AppliedML2026/Final_project_data/data/ML_data/NBI/FDM data/Arrivals/Nuuk Arrival_ 209121_OY-GRO_05_01_25_14_18.csv,0.121713950368418
2025.0,1.0,5.0,18.0,39.0,15.0,0.25,0.05426985711520116,0.09999999999999998,/Users/rasmus/Desktop/Fysik/AppliedML2026/Final_project_data/data/ML_data/NBI/FDM data/Arrivals/Nuuk Arrival_ 209122_OY-GRH_05_01_25_41_18.csv,0.07204796382208933
2025.0,1.0,5.0,18.0,38.0,13.0,0.1399999999999999,0.04490405626450522,0.08000000000000007,/Users/rasmus/Desktop/Fysik/AppliedML2026/Final_project_data/data/ML_data/NBI/FDM data/Arrivals/Nuuk Arrival_ 209123_OY-GRM_05_01_25_43_18.csv,0.04652956049652741
2025.0,1.0,5.0,19.0,6.0,54.0,0.12,0.042441709453068736,0.08000000000000007,/Users/rasmus/Desktop/Fysik/AppliedML2026/Final_project_data/data/ML_data/NBI/FDM data/Arrivals/Nuuk Arrival_ 209124_OY-GRP_05_01_25_07_19.csv,0.04866980583482951
2025.0,1.0,5.0,19.0,21.0,23.0,0.1399999999999999,0.04280353790451039,0.08449999999999991,/Users/rasmus/Desktop/Fysik/AppliedML2026/Final_project_data/data/ML_data/NBI/FDM data/Arrivals/Nuuk Arrival_ 209125_OY-GRK_05_01_25_23_19.csv,0.045240100206196156
2025.0,1.0,5.0,22.0,5.0,58.0,0.20999999999999996,0.07863101055496824,0.1399999999999999,/Users/rasmus/Desktop/Fysik/AppliedML2026/Final_project_data/data/ML_data/NBI/FDM data/Arrivals/Nuuk Arrival_ 209129_OY-GRO_05_01_25_07_22.csv,0.09433981132056607
2025.0,1.0,6.0,13.0,24.0,34.0,0.1200000000000001,0.043498574508275226,0.08000000000000007,/Users/rasmus/Desktop/Fysik/AppliedML2026/Final_project_data/data/ML_data/NBI/FDM data/Arrivals/Nuuk Arrival_ 209135_OY-GRK_06_01_25_26_13.csv,0.05567764362830025
2025.0,1.0,6.0,13.0,22.0,16.0,0.20999999999999996,0.08587435450648097,0.1499999999999999,/Users/rasmus/Desktop/Fysik/AppliedML2026/Final_project_data/data/ML_data/NBI/FDM data/Arrivals/Nuuk Arrival_ 209137_OY-GRO_06_01_25_25_13.csv,0.09102589898328001
2025.0,1.0,6.0,13.0,32.0,51.0,0.1200000000000001,0.04732198303896574,0.08000000000000007,/Users/rasmus/Desktop/Fysik/AppliedML2026/Final_project_data/data/ML_data/NBI/FDM data/Arrivals/Nuuk Arrival_ 209138_OY-GRM_06_01_25_34_13.csv,0.061698190140932606
2025.0,1.0,6.0,13.0,34.0,36.0,0.25,0.045404646468219054,0.08199999999999996,/Users/rasmus/Desktop/Fysik/AppliedML2026/Final_project_data/data/ML_data/NBI/FDM data/Arrivals/Nuuk Arrival_ 209140_OY-GRP_06_01_25_36_13.csv,0.08707670722516139
2025.0,1.0,6.0,15.0,30.0,50.0,0.10000000000000009,0.04086031347641997,0.08000000000000007,/Users/rasmus/Desktop/Fysik/AppliedML2026/Final_project_data/data/ML_data/NBI/FDM data/Arrivals/Nuuk Arrival_ 209141_OY-GRM_06_01_25_32_15.csv,0.05450310298775771
2025.0,1.0,6.0,14.0,7.0,57.0,0.1399999999999999,0.05519830746366369,0.10900000000000015,/Users/rasmus/Desktop/Fysik/AppliedML2026/Final_project_data/data/ML_data/NBI/FDM data/Arrivals/Nuuk Arrival_ 209142_OY-GRH_06_01_25_09_14.csv,0.06339361166552983
2025.0,1.0,6.0,16.0,25.0,26.0,0.1299999999999999,0.06013645685125584,0.1100000000000001,/Users/rasmus/Desktop/Fysik/AppliedML2026/Final_project_data/data/ML_data/NBI/FDM data/Arrivals/Nuuk Arrival_ 209144_OY-GRH_06_01_25_27_16.csv,0.06041522986797291
2025.0,1.0,6.0,18.0,44.0,12.0,0.10000000000000009,0.03807886552931957,0.08000000000000007,/Users/rasmus/Desktop/Fysik/AppliedML2026/Final_project_data/data/ML_data/NBI/FDM data/Arrivals/Nuuk Arrival_ 209157_OY-GRP_06_01_25_46_18.csv,0.04242640687119289
2025.0,1.0,6.0,20.0,50.0,50.0,0.17999999999999994,0.0800526142773088,0.1399999999999999,/Users/rasmus/Desktop/Fysik/AppliedML2026/Final_project_data/data/ML_data/NBI/FDM data/Arrivals/Nuuk Arrival_ 209173_OY-GRO_06_01_25_53_20.csv,0.07956129712366442
2025.0,1.0,6.0,22.0,13.0,21.0,0.17999999999999994,0.06348570534071979,0.1399999999999999,/Users/rasmus/Desktop/Fysik/AppliedML2026/Final_project_data/data/ML_data/NBI/FDM data/Arrivals/Nuuk Arrival_ 209187_OY-GRH_06_01_25_14_22.csv,0.08812869377601522
2025.0,1.0,7.0,1.0,21.0,39.0,0.22999999999999998,0.10610612912691647,0.18999999999999995,/Users/rasmus/Desktop/Fysik/AppliedML2026/Final_project_data/data/ML_data/NBI/FDM data/Arrivals/Nuuk Arrival_ 209191_OY-GRO_07_01_25_22_01.csv,0.09941495528004493
2025.0,1.0,7.0,2.0,40.0,23.0,0.1299999999999999,0.03891857104794311,0.08000000000000007,/Users/rasmus/Desktop/Fysik/AppliedML2026/Final_project_data/data/ML_data/NBI/FDM data/Arrivals/Nuuk Arrival_ 209192_OY-GRM_07_01_25_42_02.csv,0.06015604707757984
2025.0,1.0,7.0,11.0,4.0,5.0,0.25,0.08794399548271284,0.15899999999999984,/Users/rasmus/Desktop/Fysik/AppliedML2026/Final_project_data/data/ML_data/NBI/FDM data/Arrivals/Nuuk Arrival_ 209194_OY-GRO_07_01_25_06_11.csv,0.0759522876548166
2025.0,1.0,7.0,13.0,3.0,41.0,0.1100000000000001,0.03520082022284288,0.07399999999999998,/Users/rasmus/Desktop/Fysik/AppliedML2026/Final_project_data/data/ML_data/NBI/FDM data/Arrivals/Nuuk Arrival_ 209200_OY-GRP_07_01_25_05_13.csv,0.04784233364802446
2025.0,1.0,7.0,13.0,33.0,37.0,0.16999999999999993,0.05942375615609406,0.1299999999999999,/Users/rasmus/Desktop/Fysik/AppliedML2026/Final_project_data/data/ML_data/NBI/FDM data/Arrivals/Nuuk Arrival_ 209203_OY-GRM_07_01_25_35_13.csv,0.05204892803018053
2025.0,1.0,7.0,14.0,10.0,24.0,0.22999999999999998,0.06833345504102889,0.1299999999999999,/Users/rasmus/Desktop/Fysik/AppliedML2026/Final_project_data/data/ML_data/NBI/FDM data/Arrivals/Nuuk Arrival_ 209205_OY-GRH_07_01_25_13_14.csv,0.0489897948556636
2025.0,1.0,7.0,16.0,44.0,44.0,0.20999999999999996,0.06473765407721915,0.12749999999999995,/Users/rasmus/Desktop/Fysik/AppliedML2026/Final_project_data/data/ML_data/NBI/FDM data/Arrivals/Nuuk Arrival_ 209212_OY-GRP_07_01_25_46_16.csv,0.06360938489054778
2025.0,1.0,7.0,17.0,45.0,3.0,0.21999999999999997,0.06414133167816095,0.1399999999999999,/Users/rasmus/Desktop/Fysik/AppliedML2026/Final_project_data/data/ML_data/NBI/FDM data/Arrivals/Nuuk Arrival_ 209219_OY-GRM_07_01_25_47_17.csv,0.06159640936823206
2025.0,1.0,7.0,19.0,25.0,49.0,0.15999999999999992,0.06156987634551995,0.1299999999999999,/Users/rasmus/Desktop/Fysik/AppliedML2026/Final_project_data/data/ML_data/NBI/FDM data/Arrivals/Nuuk Arrival_ 209226_OY-GRP_07_01_25_27_19.csv,0.04633213427705084
2025.0,1.0,7.0,20.0,20.0,8.0,0.16999999999999993,0.06891387963986319,0.1100000000000001,/Users/rasmus/Desktop/Fysik/AppliedML2026/Final_project_data/data/ML_data/NBI/FDM data/Arrivals/Nuuk Arrival_ 209237_OY-GRO_07_01_25_22_20.csv,0.09186109915770409
2025.0,1.0,7.0,21.0,58.0,1.0,0.1200000000000001,0.033768477571832906,0.07600000000000001,/Users/rasmus/Desktop/Fysik/AppliedML2026/Final_project_data/data/ML_data/NBI/FDM data/Arrivals/Nuuk Arrival_ 209251_OY-GRM_07_01_25_00_22.csv,0.052915026221291864
2025.0,1.0,7.0,22.0,11.0,8.0,0.16000000000000003,0.049638226080029255,0.09449999999999997,/Users/rasmus/Desktop/Fysik/AppliedML2026/Final_project_data/data/ML_data/NBI/FDM data/Arrivals/Nuuk Arrival_ 209254_OY-GRP_07_01_25_14_22.csv,0.0455338701774112
2025.0,1.0,7.0,20.0,0.0,17.0,0.20999999999999996,0.05347433152673727,0.10000000000000009,/Users/rasmus/Desktop/Fysik/AppliedML2026/Final_project_data/data/ML_data/NBI/FDM data/Arrivals/Nuuk Arrival_ 209255_OY-GRK_07_01_25_02_20.csv,0.06834784979374679
2025.0,1.0,7.0,23.0,25.0,20.0,0.16999999999999993,0.07097615570668145,0.12599999999999992,/Users/rasmus/Desktop/Fysik/AppliedML2026/Final_project_data/data/ML_data/NBI/FDM data/Arrivals/Nuuk Arrival_ 209257_OY-GRO_07_01_25_27_23.csv,0.09136009340333814
2025.0,1.0,8.0,12.0,0.0,5.0,0.08000000000000007,0.02870126088236587,0.06000000000000005,/Users/rasmus/Desktop/Fysik/AppliedML2026/Final_project_data/data/ML_data/NBI/FDM data/Arrivals/Nuuk Arrival_ 209261_OY-GRP_08_01_25_01_12.csv,0.03823007273781289
2025.0,1.0,8.0,12.0,8.0,30.0,0.16999999999999993,0.05185392740414216,0.10000000000000009,/Users/rasmus/Desktop/Fysik/AppliedML2026/Final_project_data/data/ML_data/NBI/FDM data/Arrivals/Nuuk Arrival_ 209262_OY-GRM_08_01_25_13_12.csv,0.06266312046703922
2025.0,1.0,8.0,16.0,16.0,53.0,0.15999999999999992,0.04489226342383859,0.1100000000000001,/Users/rasmus/Desktop/Fysik/AppliedML2026/Final_project_data/data/ML_data/NBI/FDM data/Arrivals/Nuuk Arrival_ 209270_OY-GRK_08_01_25_17_16.csv,0.05962000884388944
2025.0,1.0,8.0,17.0,1.0,0.0,0.1499999999999999,0.049427491571765264,0.10000000000000009,/Users/rasmus/Desktop/Fysik/AppliedML2026/Final_project_data/data/ML_data/NBI/FDM data/Arrivals/Nuuk Arrival_ 209274_OY-GRM_08_01_25_03_17.csv,0.06274425954032099
2025.0,1.0,8.0,16.0,8.0,15.0,0.15999999999999992,0.0439047185322064,0.08000000000000007,/Users/rasmus/Desktop/Fysik/AppliedML2026/Final_project_data/data/ML_data/NBI/FDM data/Arrivals/Nuuk Arrival_ 209275_OY-GRH_08_01_25_11_16.csv,0.05591346697776562
2025.0,1.0,8.0,19.0,23.0,47.0,0.18999999999999995,0.06374552583116767,0.12749999999999995,/Users/rasmus/Desktop/Fysik/AppliedML2026/Final_project_data/data/ML_data/NBI/FDM data/Arrivals/Nuuk Arrival_ 209289_OY-GRM_08_01_25_24_19.csv,0.0874452209481265
2025.0,1.0,8.0,19.0,24.0,2.0,0.17999999999999994,0.05728437832428664,0.13049999999999973,/Users/rasmus/Desktop/Fysik/AppliedML2026/Final_project_data/data/ML_data/NBI/FDM data/Arrivals/Nuuk Arrival_ 209290_OY-GRP_08_01_25_27_19.csv,0.07430631582462269
2025.0,1.0,8.0,21.0,14.0,30.0,0.3400000000000001,0.07977841984704842,0.15999999999999992,/Users/rasmus/Desktop/Fysik/AppliedML2026/Final_project_data/data/ML_data/NBI/FDM data/Arrivals/Nuuk Arrival_ 209293_OY-GRH_08_01_25_17_21.csv,0.06059231445842433
2025.0,1.0,8.0,21.0,8.0,19.0,0.3700000000000001,0.09372133131396725,0.17999999999999994,/Users/rasmus/Desktop/Fysik/AppliedML2026/Final_project_data/data/ML_data/NBI/FDM data/Arrivals/Nuuk Arrival_ 209294_OY-GRO_08_01_25_10_21.csv,0.13881365483709002
2025.0,1.0,8.0,23.0,40.0,32.0,0.29000000000000004,0.07749114819629718,0.1759999999999996,/Users/rasmus/Desktop/Fysik/AppliedML2026/Final_project_data/data/ML_data/NBI/FDM data/Arrivals/Nuuk Arrival_ 209315_OY-GRM_08_01_25_42_23.csv,0.05330017908890265
2025.0,1.0,9.0,12.0,4.0,15.0,0.24,0.06651536503177846,0.12999999999999992,/Users/rasmus/Desktop/Fysik/AppliedML2026/Final_project_data/data/ML_data/NBI/FDM data/Arrivals/Nuuk Arrival_ 209321_OY-GRH_09_01_25_07_12.csv,0.06294075358254352
2025.0,1.0,9.0,15.0,31.0,51.0,0.16999999999999993,0.04762870091326168,0.09000000000000008,/Users/rasmus/Desktop/Fysik/AppliedML2026/Final_project_data/data/ML_data/NBI/FDM data/Arrivals/Nuuk Arrival_ 209323_OY-GRK_09_01_25_33_15.csv,0.05780715065341547
2025.0,1.0,9.0,15.0,33.0,46.0,0.25,0.058010216213915194,0.10300000000000006,/Users/rasmus/Desktop/Fysik/AppliedML2026/Final_project_data/data/ML_data/NBI/FDM data/Arrivals/Nuuk Arrival_ 209324_OY-GRM_09_01_25_35_15.csv,0.08166241485530538
2025.0,1.0,9.0,15.0,19.0,56.0,0.17999999999999994,0.05390846361175205,0.10149999999999999,/Users/rasmus/Desktop/Fysik/AppliedML2026/Final_project_data/data/ML_data/NBI/FDM data/Arrivals/Nuuk Arrival_ 209326_OY-GRH_09_01_25_20_15.csv,0.07082843120291925
2025.0,1.0,9.0,18.0,36.0,45.0,0.1100000000000001,0.04430159792769751,0.08000000000000007,/Users/rasmus/Desktop/Fysik/AppliedML2026/Final_project_data/data/ML_data/NBI/FDM data/Arrivals/Nuuk Arrival_ 209332_OY-GRK_09_01_25_38_18.csv,0.040237390808147866
2025.0,1.0,9.0,19.0,17.0,38.0,0.21999999999999997,0.10156085240668786,0.16149999999999998,/Users/rasmus/Desktop/Fysik/AppliedML2026/Final_project_data/data/ML_data/NBI/FDM data/Arrivals/Nuuk Arrival_ 209334_OY-GRO_09_01_25_19_19.csv,0.10914439976471536
2025.0,1.0,9.0,22.0,51.0,9.0,0.14,0.057042029271829726,0.1100000000000001,/Users/rasmus/Desktop/Fysik/AppliedML2026/Final_project_data/data/ML_data/NBI/FDM data/Arrivals/Nuuk Arrival_ 209363_OY-GRP_09_01_25_53_22.csv,0.054207578238301184
2025.0,1.0,10.0,12.0,35.0,13.0,0.15999999999999992,0.058665016478441766,0.1100000000000001,/Users/rasmus/Desktop/Fysik/AppliedML2026/Final_project_data/data/ML_data/NBI/FDM data/Arrivals/Nuuk Arrival_ 209382_OY-GRH_10_01_25_36_12.csv,0.058309518948453015
2025.0,1.0,10.0,13.0,9.0,43.0,0.19999999999999996,0.07203471385380805,0.1299999999999999,/Users/rasmus/Desktop/Fysik/AppliedML2026/Final_project_data/data/ML_data/NBI/FDM data/Arrivals/Nuuk Arrival_ 209384_OY-GRO_10_01_25_12_13.csv,0.08316649966583102
2025.0,1.0,10.0,13.0,6.0,3.0,0.18000000000000005,0.04784607937781276,0.10750000000000001,/Users/rasmus/Desktop/Fysik/AppliedML2026/Final_project_data/data/ML_data/NBI/FDM data/Arrivals/Nuuk Arrival_ 209385_OY-GRK_10_01_25_09_13.csv,0.06840008354213778
2025.0,1.0,10.0,13.0,13.0,7.0,0.17000000000000004,0.047826718034830656,0.09100000000000003,/Users/rasmus/Desktop/Fysik/AppliedML2026/Final_project_data/data/ML_data/NBI/FDM data/Arrivals/Nuuk Arrival_ 209387_OY-GRM_10_01_25_15_13.csv,0.06547900426854397
2025.0,1.0,10.0,16.0,18.0,43.0,0.19999999999999996,0.08231325347787688,0.1499999999999999,/Users/rasmus/Desktop/Fysik/AppliedML2026/Final_project_data/data/ML_data/NBI/FDM data/Arrivals/Nuuk Arrival_ 209393_OY-GRO_10_01_25_20_16.csv,0.08450389985621432
2025.0,1.0,10.0,12.0,24.0,30.0,0.16000000000000003,0.04924428900898055,0.1100000000000001,/Users/rasmus/Desktop/Fysik/AppliedML2026/Final_project_data/data/ML_data/NBI/FDM data/Arrivals/Nuuk Arrival_ 209394_OY-GRP_10_01_25_27_12.csv,0.08964576753178945
2025.0,1.0,10.0,16.0,52.0,16.0,0.15999999999999992,0.045006227770349676,0.09899999999999987,/Users/rasmus/Desktop/Fysik/AppliedML2026/Final_project_data/data/ML_data/NBI/FDM data/Arrivals/Nuuk Arrival_ 209396_OY-GRP_10_01_25_55_16.csv,0.04652188425123942
2025.0,1.0,10.0,18.0,44.0,32.0,0.16999999999999993,0.05186831962426742,0.1050000000000001,/Users/rasmus/Desktop/Fysik/AppliedML2026/Final_project_data/data/ML_data/NBI/FDM data/Arrivals/Nuuk Arrival_ 209409_OY-GRM_10_01_25_46_18.csv,0.06633249580710802
2025.0,1.0,4.0,17.0,3.0,26.0,0.42999999999999994,0.09356426324609157,0.17999999999999994,/Users/rasmus/Desktop/Fysik/AppliedML2026/Final_project_data/data/ML_data/NBI/FDM data/Arrivals/Nuuk Arrival_ 209443_OY-GRR_04_01_25_46_16.csv,0.05537749241945388
2025.0,1.0,4.0,19.0,48.0,36.0,0.1100000000000001,0.043563491340545483,0.08300000000000005,/Users/rasmus/Desktop/Fysik/AppliedML2026/Final_project_data/data/ML_data/NBI/FDM data/Arrivals/Nuuk Arrival_ 209444_OY-GRR_04_01_25_22_19.csv,0.04531372124791051
2025.0,1.0,5.0,12.0,50.0,50.0,0.21999999999999997,0.06288311151879904,0.14599999999999985,/Users/rasmus/Desktop/Fysik/AppliedML2026/Final_project_data/data/ML_data/NBI/FDM data/Arrivals/Nuuk Arrival_ 209446_OY-GRR_05_01_25_41_12.csv,0.06995534289816613
2025.0,1.0,5.0,17.0,50.0,28.0,0.18999999999999995,0.060213686761354336,0.11600000000000005,/Users/rasmus/Desktop/Fysik/AppliedML2026/Final_project_data/data/ML_data/NBI/FDM data/Arrivals/Nuuk Arrival_ 209448_OY-GRR_05_01_25_42_17.csv,0.1000666444592469
2025.0,1.0,5.0,19.0,39.0,29.0,0.31000000000000005,0.0755464938119085,0.15099999999999986,/Users/rasmus/Desktop/Fysik/AppliedML2026/Final_project_data/data/ML_data/NBI/FDM data/Arrivals/Nuuk Arrival_ 209450_OY-GRR_05_01_25_38_19.csv,0.09012811394385731
2025.0,1.0,6.0,13.0,42.0,24.0,0.3999999999999999,0.08743111932807021,0.1609999999999996,/Users/rasmus/Desktop/Fysik/AppliedML2026/Final_project_data/data/ML_data/NBI/FDM data/Arrivals/Nuuk Arrival_ 209452_OY-GRR_06_01_25_35_13.csv,0.08070522494444418
2025.0,1.0,6.0,17.0,51.0,2.0,0.16999999999999993,0.05722961958460118,0.12599999999999992,/Users/rasmus/Desktop/Fysik/AppliedML2026/Final_project_data/data/ML_data/NBI/FDM data/Arrivals/Nuuk Arrival_ 209454_OY-GRR_06_01_25_44_17.csv,0.05667892024377322
2025.0,1.0,6.0,23.0,16.0,51.0,0.31000000000000005,0.07104604833209627,0.1489999999999997,/Users/rasmus/Desktop/Fysik/AppliedML2026/Final_project_data/data/ML_data/NBI/FDM data/Arrivals/Nuuk Arrival_ 209456_OY-GRR_06_01_25_09_23.csv,0.07619634081070548
2025.0,1.0,7.0,13.0,10.0,53.0,0.20999999999999996,0.05862731583623938,0.12649999999999997,/Users/rasmus/Desktop/Fysik/AppliedML2026/Final_project_data/data/ML_data/NBI/FDM data/Arrivals/Nuuk Arrival_ 209458_OY-GRR_07_01_25_03_13.csv,0.07262919523166979
2025.0,1.0,7.0,17.0,23.0,26.0,0.3600000000000001,0.07868795887424501,0.15299999999999983,/Users/rasmus/Desktop/Fysik/AppliedML2026/Final_project_data/data/ML_data/NBI/FDM data/Arrivals/Nuuk Arrival_ 209460_OY-GRR_07_01_25_09_17.csv,0.08490249545767051
2025.0,1.0,7.0,20.0,37.0,8.0,0.1499999999999999,0.05804142778610417,0.10600000000000004,/Users/rasmus/Desktop/Fysik/AppliedML2026/Final_project_data/data/ML_data/NBI/FDM data/Arrivals/Nuuk Arrival_ 209462_OY-GRR_07_01_25_32_20.csv,0.06989788470128613
2025.0,1.0,7.0,23.0,29.0,17.0,0.26,0.06757487429780124,0.1499999999999999,/Users/rasmus/Desktop/Fysik/AppliedML2026/Final_project_data/data/ML_data/NBI/FDM data/Arrivals/Nuuk Arrival_ 209464_OY-GRR_07_01_25_20_23.csv,0.07003967129816899
2025.0,1.0,8.0,12.0,39.0,11.0,0.18999999999999995,0.07470066050072975,0.1299999999999999,/Users/rasmus/Desktop/Fysik/AppliedML2026/Final_project_data/data/ML_data/NBI/FDM data/Arrivals/Nuuk Arrival_ 209466_OY-GRR_08_01_25_29_12.csv,0.06392704174812619
2025.0,1.0,8.0,22.0,12.0,15.0,0.29000000000000004,0.08610270154690394,0.17199999999999982,/Users/rasmus/Desktop/Fysik/AppliedML2026/Final_project_data/data/ML_data/NBI/FDM data/Arrivals/Nuuk Arrival_ 209468_OY-GRR_08_01_25_42_21.csv,0.1001070855205993
2025.0,1.0,9.0,21.0,11.0,17.0,0.1499999999999999,0.05968584421787132,0.1200000000000001,/Users/rasmus/Desktop/Fysik/AppliedML2026/Final_project_data/data/ML_data/NBI/FDM data/Arrivals/Nuuk Arrival_ 209470_OY-GRR_09_01_25_59_20.csv,0.06521220421782546
2025.0,1.0,10.0,12.0,28.0,31.0,0.25,0.07210314581461504,0.1299999999999999,/Users/rasmus/Desktop/Fysik/AppliedML2026/Final_project_data/data/ML_data/NBI/FDM data/Arrivals/Nuuk Arrival_ 209472_OY-GRR_10_01_25_21_12.csv,0.11413707866978515
2025.0,1.0,10.0,18.0,28.0,34.0,0.29000000000000004,0.05243590191389686,0.09000000000000008,/Users/rasmus/Desktop/Fysik/AppliedML2026/Final_project_data/data/ML_data/NBI/FDM data/Arrivals/Nuuk Arrival_ 209475_OY-GRR_10_01_25_24_18.csv,0.10103629710818456
2025.0,1.0,10.0,22.0,2.0,38.0,0.31000000000000005,0.04476831112150948,0.0709999999999999,/Users/rasmus/Desktop/Fysik/AppliedML2026/Final_project_data/data/ML_data/NBI/FDM data/Arrivals/Nuuk Arrival_ 209478_OY-GRP_10_01_25_03_22.csv,0.08838418809879035
2025.0,1.0,10.0,22.0,51.0,18.0,0.18999999999999995,0.07095946661044848,0.1100000000000001,/Users/rasmus/Desktop/Fysik/AppliedML2026/Final_project_data/data/ML_data/NBI/FDM data/Arrivals/Nuuk Arrival_ 209480_OY-GRO_10_01_25_53_22.csv,0.09092121131323908
2025.0,1.0,11.0,12.0,50.0,58.0,0.3600000000000001,0.06866115398815875,0.13599999999999984,/Users/rasmus/Desktop/Fysik/AppliedML2026/Final_project_data/data/ML_data/NBI/FDM data/Arrivals/Nuuk Arrival_ 209482_OY-GRM_11_01_25_53_12.csv,0.08091389759200465
2025.0,1.0,11.0,15.0,20.0,55.0,0.16999999999999993,0.05585965227138192,0.1100000000000001,/Users/rasmus/Desktop/Fysik/AppliedML2026/Final_project_data/data/ML_data/NBI/FDM data/Arrivals/Nuuk Arrival_ 209494_OY-GRH_11_01_25_22_15.csv,0.06397544171678024
2025.0,1.0,11.0,15.0,24.0,35.0,0.16999999999999993,0.07602019315577846,0.1299999999999999,/Users/rasmus/Desktop/Fysik/AppliedML2026/Final_project_data/data/ML_data/NBI/FDM data/Arrivals/Nuuk Arrival_ 209495_OY-GRO_11_01_25_27_15.csv,0.09940297973880052
2025.0,1.0,11.0,18.0,26.0,27.0,0.26,0.09966403190047245,0.17999999999999994,/Users/rasmus/Desktop/Fysik/AppliedML2026/Final_project_data/data/ML_data/NBI/FDM data/Arrivals/Nuuk Arrival_ 209506_OY-GRO_11_01_25_29_18.csv,0.10099504938362079
2025.0,1.0,12.0,16.0,49.0,37.0,0.24,0.06774886166483343,0.14399999999999977,/Users/rasmus/Desktop/Fysik/AppliedML2026/Final_project_data/data/ML_data/NBI/FDM data/Arrivals/Nuuk Arrival_ 209528_OY-GRM_12_01_25_50_16.csv,0.04968651728587953
2025.0,1.0,13.0,12.0,9.0,39.0,0.29000000000000004,0.06471597866629882,0.1499999999999999,/Users/rasmus/Desktop/Fysik/AppliedML2026/Final_project_data/data/ML_data/NBI/FDM data/Arrivals/Nuuk Arrival_ 209531_OY-GRP_13_01_25_12_12.csv,0.07778174593052022
2025.0,1.0,13.0,12.0,15.0,3.0,0.16999999999999993,0.08658911258700289,0.1299999999999999,/Users/rasmus/Desktop/Fysik/AppliedML2026/Final_project_data/data/ML_data/NBI/FDM data/Arrivals/Nuuk Arrival_ 209532_OY-GRO_13_01_25_17_12.csv,0.08278249317621808
2025.0,1.0,13.0,12.0,19.0,9.0,0.16999999999999993,0.06654751256486927,0.1299999999999999,/Users/rasmus/Desktop/Fysik/AppliedML2026/Final_project_data/data/ML_data/NBI/FDM data/Arrivals/Nuuk Arrival_ 209533_OY-GRH_13_01_25_22_12.csv,0.060387636703771355
2025.0,1.0,13.0,13.0,57.0,16.0,0.16999999999999993,0.06138066639338933,0.11799999999999994,/Users/rasmus/Desktop/Fysik/AppliedML2026/Final_project_data/data/ML_data/NBI/FDM data/Arrivals/Nuuk Arrival_ 209536_OY-GRM_13_01_25_59_13.csv,0.06329823588905674
2025.0,1.0,13.0,16.0,21.0,22.0,0.22999999999999998,0.06511893880029215,0.12000000000000008,/Users/rasmus/Desktop/Fysik/AppliedML2026/Final_project_data/data/ML_data/NBI/FDM data/Arrivals/Nuuk Arrival_ 209539_OY-GRM_13_01_25_23_16.csv,0.07695081917321331
2025.0,1.0,13.0,17.0,21.0,42.0,0.21999999999999997,0.062459803024545575,0.11900000000000006,/Users/rasmus/Desktop/Fysik/AppliedML2026/Final_project_data/data/ML_data/NBI/FDM data/Arrivals/Nuuk Arrival_ 209542_OY-GRP_13_01_25_23_17.csv,0.0628256223489224
2025.0,1.0,13.0,20.0,2.0,4.0,0.1299999999999999,0.05248057284668101,0.1100000000000001,/Users/rasmus/Desktop/Fysik/AppliedML2026/Final_project_data/data/ML_data/NBI/FDM data/Arrivals/Nuuk Arrival_ 209560_OY-GRP_13_01_25_05_20.csv,0.058594652770823194
2025.0,1.0,13.0,22.0,39.0,43.0,0.26,0.07119620440396457,0.1399999999999999,/Users/rasmus/Desktop/Fysik/AppliedML2026/Final_project_data/data/ML_data/NBI/FDM data/Arrivals/Nuuk Arrival_ 209562_OY-GRH_13_01_25_42_22.csv,0.07513623989430498
2025.0,1.0,14.0,12.0,14.0,49.0,0.19999999999999996,0.0663500232207597,0.1444999999999998,/Users/rasmus/Desktop/Fysik/AppliedML2026/Final_project_data/data/ML_data/NBI/FDM data/Arrivals/Nuuk Arrival_ 209567_OY-GRH_14_01_25_16_12.csv,0.0820060973342836
2025.0,1.0,14.0,15.0,20.0,51.0,0.15999999999999992,0.055481364602736845,0.11550000000000002,/Users/rasmus/Desktop/Fysik/AppliedML2026/Final_project_data/data/ML_data/NBI/FDM data/Arrivals/Nuuk Arrival_ 209571_OY-GRH_14_01_25_21_15.csv,0.05203549084703932
2025.0,1.0,14.0,15.0,22.0,11.0,0.21999999999999997,0.07966121447046295,0.1499999999999999,/Users/rasmus/Desktop/Fysik/AppliedML2026/Final_project_data/data/ML_data/NBI/FDM data/Arrivals/Nuuk Arrival_ 209573_OY-GRO_14_01_25_26_15.csv,0.11298099788173646
2025.0,1.0,14.0,15.0,31.0,22.0,0.18999999999999995,0.06523461930260313,0.12300000000000001,/Users/rasmus/Desktop/Fysik/AppliedML2026/Final_project_data/data/ML_data/NBI/FDM data/Arrivals/Nuuk Arrival_ 209574_OY-GRM_14_01_25_33_15.csv,0.06736096792653744
2025.0,1.0,14.0,15.0,37.0,26.0,0.15999999999999992,0.05217057319488636,0.12000000000000008,/Users/rasmus/Desktop/Fysik/AppliedML2026/Final_project_data/data/ML_data/NBI/FDM data/Arrivals/Nuuk Arrival_ 209580_OY-GRK_14_01_25_39_15.csv,0.060000000000000026
2025.0,1.0,14.0,18.0,60.0,55.0,0.19999999999999996,0.06480092332571774,0.1200000000000001,/Users/rasmus/Desktop/Fysik/AppliedML2026/Final_project_data/data/ML_data/NBI/FDM data/Arrivals/Nuuk Arrival_ 209598_OY-GRH_14_01_25_01_19.csv,0.06244997998398404
2025.0,1.0,14.0,20.0,35.0,56.0,0.17999999999999994,0.07292131545834309,0.1299999999999999,/Users/rasmus/Desktop/Fysik/AppliedML2026/Final_project_data/data/ML_data/NBI/FDM data/Arrivals/Nuuk Arrival_ 209611_OY-GRO_14_01_25_37_20.csv,0.08918825850158446
2025.0,1.0,14.0,19.0,17.0,21.0,0.1399999999999999,0.0500251193183392,0.10000000000000009,/Users/rasmus/Desktop/Fysik/AppliedML2026/Final_project_data/data/ML_data/NBI/FDM data/Arrivals/Nuuk Arrival_ 209613_OY-GRP_14_01_25_20_19.csv,0.05230003936563589
2025.0,1.0,14.0,23.0,24.0,5.0,0.1499999999999999,0.05786506729514707,0.11400000000000016,/Users/rasmus/Desktop/Fysik/AppliedML2026/Final_project_data/data/ML_data/NBI/FDM data/Arrivals/Nuuk Arrival_ 209618_OY-GRH_14_01_25_26_23.csv,0.059273377947720675
2025.0,1.0,15.0,15.0,44.0,59.0,0.26,0.07108995366860951,0.14099999999999985,/Users/rasmus/Desktop/Fysik/AppliedML2026/Final_project_data/data/ML_data/NBI/FDM data/Arrivals/Nuuk Arrival_ 209625_OY-GRH_15_01_25_45_15.csv,0.1003838785708297
2025.0,1.0,15.0,22.0,24.0,20.0,0.4099999999999999,0.1013686823239681,0.16999999999999993,/Users/rasmus/Desktop/Fysik/AppliedML2026/Final_project_data/data/ML_data/NBI/FDM data/Arrivals/Nuuk Arrival_ 209653_OY-GRO_15_01_25_26_22.csv,0.15028178660308564
2025.0,1.0,16.0,12.0,5.0,58.0,0.18000000000000005,0.05720898720528328,0.1299999999999999,/Users/rasmus/Desktop/Fysik/AppliedML2026/Final_project_data/data/ML_data/NBI/FDM data/Arrivals/Nuuk Arrival_ 209657_OY-GRH_16_01_25_07_12.csv,0.04752989489879935
2025.0,1.0,16.0,15.0,11.0,26.0,0.1499999999999999,0.04845583019281374,0.09000000000000008,/Users/rasmus/Desktop/Fysik/AppliedML2026/Final_project_data/data/ML_data/NBI/FDM data/Arrivals/Nuuk Arrival_ 209660_OY-GRH_16_01_25_13_15.csv,0.057061370470748475
2025.0,1.0,16.0,15.0,32.0,0.0,0.20999999999999996,0.05467773927672757,0.1100000000000001,/Users/rasmus/Desktop/Fysik/AppliedML2026/Final_project_data/data/ML_data/NBI/FDM data/Arrivals/Nuuk Arrival_ 209661_OY-GRK_16_01_25_33_15.csv,0.052623481158421796
2025.0,1.0,16.0,18.0,58.0,43.0,0.17000000000000004,0.05448768267255649,0.1100000000000001,/Users/rasmus/Desktop/Fysik/AppliedML2026/Final_project_data/data/ML_data/NBI/FDM data/Arrivals/Nuuk Arrival_ 209677_OY-GRP_16_01_25_59_18.csv,0.048733971724044825
2025.0,1.0,16.0,19.0,6.0,6.0,0.22999999999999998,0.07186419699626065,0.1499999999999999,/Users/rasmus/Desktop/Fysik/AppliedML2026/Final_project_data/data/ML_data/NBI/FDM data/Arrivals/Nuuk Arrival_ 209678_OY-GRH_16_01_25_08_19.csv,0.07718252948137203
2025.0,1.0,17.0,12.0,46.0,34.0,0.17999999999999994,0.06033106495309018,0.12000000000000009,/Users/rasmus/Desktop/Fysik/AppliedML2026/Final_project_data/data/ML_data/NBI/FDM data/Arrivals/Nuuk Arrival_ 209697_OY-GRK_17_01_25_47_12.csv,0.0692820323027551
2025.0,1.0,17.0,13.0,12.0,55.0,0.3799999999999999,0.09225274578944011,0.16799999999999976,/Users/rasmus/Desktop/Fysik/AppliedML2026/Final_project_data/data/ML_data/NBI/FDM data/Arrivals/Nuuk Arrival_ 209699_OY-GRO_17_01_25_13_13.csv,0.09151502608861564
2025.0,1.0,17.0,14.0,14.0,49.0,0.20999999999999996,0.05690844777861572,0.1100000000000001,/Users/rasmus/Desktop/Fysik/AppliedML2026/Final_project_data/data/ML_data/NBI/FDM data/Arrivals/Nuuk Arrival_ 209701_OY-GRM_17_01_25_16_14.csv,0.05485157839273103
2025.0,1.0,17.0,15.0,47.0,9.0,0.26,0.07367378154375222,0.126,/Users/rasmus/Desktop/Fysik/AppliedML2026/Final_project_data/data/ML_data/NBI/FDM data/Arrivals/Nuuk Arrival_ 209703_OY-GRH_17_01_25_49_15.csv,0.06755469164785201
2025.0,1.0,17.0,17.0,41.0,16.0,0.19999999999999996,0.08370000631368299,0.16899999999999984,/Users/rasmus/Desktop/Fysik/AppliedML2026/Final_project_data/data/ML_data/NBI/FDM data/Arrivals/Nuuk Arrival_ 209713_OY-GRO_17_01_25_43_17.csv,0.10514870422406544
2025.0,1.0,17.0,19.0,33.0,58.0,0.30000000000000004,0.04906891705234239,0.08250000000000005,/Users/rasmus/Desktop/Fysik/AppliedML2026/Final_project_data/data/ML_data/NBI/FDM data/Arrivals/Nuuk Arrival_ 209748_OY-GRK_17_01_25_34_19.csv,0.09750457864707106
2025.0,1.0,17.0,20.0,22.0,12.0,0.21999999999999997,0.0611799187327047,0.12999999999999992,/Users/rasmus/Desktop/Fysik/AppliedML2026/Final_project_data/data/ML_data/NBI/FDM data/Arrivals/Nuuk Arrival_ 209752_OY-GRP_17_01_25_24_20.csv,0.09121403400793104
2025.0,1.0,17.0,23.0,50.0,33.0,0.24,0.08524247221759496,0.1499999999999999,/Users/rasmus/Desktop/Fysik/AppliedML2026/Final_project_data/data/ML_data/NBI/FDM data/Arrivals/Nuuk Arrival_ 209755_OY-GRO_17_01_25_56_23.csv,0.09193683131575155
2025.0,1.0,17.0,23.0,38.0,12.0,0.21999999999999997,0.055669834154437825,0.09600000000000003,/Users/rasmus/Desktop/Fysik/AppliedML2026/Final_project_data/data/ML_data/NBI/FDM data/Arrivals/Nuuk Arrival_ 209756_OY-GRK_17_01_25_40_23.csv,0.06324555320336761
2025.0,1.0,13.0,13.0,13.0,11.0,0.28,0.07274384280931734,0.1499999999999999,/Users/rasmus/Desktop/Fysik/AppliedML2026/Final_project_data/data/ML_data/NBI/FDM data/Arrivals/Nuuk Arrival_ 209758_OY-GRR_13_01_25_07_13.csv,0.10226017238956162
2025.0,1.0,13.0,19.0,50.0,2.0,0.17999999999999994,0.06836720027962295,0.12949999999999978,/Users/rasmus/Desktop/Fysik/AppliedML2026/Final_project_data/data/ML_data/NBI/FDM data/Arrivals/Nuuk Arrival_ 209761_OY-GRR_13_01_25_42_19.csv,0.07959720023791217
2025.0,1.0,14.0,15.0,34.0,37.0,0.19999999999999996,0.06763745393511778,0.12899999999999998,/Users/rasmus/Desktop/Fysik/AppliedML2026/Final_project_data/data/ML_data/NBI/FDM data/Arrivals/Nuuk Arrival_ 209763_OY-GRR_14_01_25_20_15.csv,0.06186903731090199
2025.0,1.0,14.0,20.0,57.0,42.0,0.33999999999999997,0.08429419796773457,0.20099999999999965,/Users/rasmus/Desktop/Fysik/AppliedML2026/Final_project_data/data/ML_data/NBI/FDM data/Arrivals/Nuuk Arrival_ 209765_OY-GRR_14_01_25_44_20.csv,0.09000000000000004
2025.0,1.0,15.0,18.0,12.0,0.0,0.42000000000000004,0.08600508705884786,0.16649999999999984,/Users/rasmus/Desktop/Fysik/AppliedML2026/Final_project_data/data/ML_data/NBI/FDM data/Arrivals/Nuuk Arrival_ 209768_OY-GRR_15_01_25_52_17.csv,0.077817450199525
2025.0,1.0,16.0,10.0,56.0,16.0,0.30000000000000004,0.07904216312451143,0.1609999999999996,/Users/rasmus/Desktop/Fysik/AppliedML2026/Final_project_data/data/ML_data/NBI/FDM data/Arrivals/Nuuk Arrival_ 209770_OY-GRR_16_01_25_50_10.csv,0.076857939454183
2025.0,1.0,16.0,15.0,9.0,13.0,0.45999999999999996,0.12304166910623651,0.2469999999999999,/Users/rasmus/Desktop/Fysik/AppliedML2026/Final_project_data/data/ML_data/NBI/FDM data/Arrivals/Nuuk Arrival_ 209772_OY-GRR_16_01_25_58_14.csv,0.07769403861535089
2025.0,1.0,17.0,19.0,2.0,52.0,0.33999999999999997,0.080047254951123,0.16099999999999987,/Users/rasmus/Desktop/Fysik/AppliedML2026/Final_project_data/data/ML_data/NBI/FDM data/Arrivals/Nuuk Arrival_ 209775_OY-GRR_17_01_25_54_18.csv,0.08754219761712842
2025.0,1.0,18.0,12.0,21.0,21.0,0.26,0.08771402396424419,0.18000000000000005,/Users/rasmus/Desktop/Fysik/AppliedML2026/Final_project_data/data/ML_data/NBI/FDM data/Arrivals/Nuuk Arrival_ 209778_OY-GRG_18_01_25_23_12.csv,0.08046738469715542
2025.0,1.0,18.0,14.0,14.0,8.0,0.32000000000000006,0.07284725587882931,0.1499999999999999,/Users/rasmus/Desktop/Fysik/AppliedML2026/Final_project_data/data/ML_data/NBI/FDM data/Arrivals/Nuuk Arrival_ 209782_OY-GRK_18_01_25_16_14.csv,0.08274148805861455
2025.0,1.0,18.0,15.0,28.0,15.0,0.33000000000000007,0.11619294298708506,0.21999999999999997,/Users/rasmus/Desktop/Fysik/AppliedML2026/Final_project_data/data/ML_data/NBI/FDM data/Arrivals/Nuuk Arrival_ 209783_OY-GRO_18_01_25_30_15.csv,0.11443095929181248
2025.0,1.0,18.0,15.0,37.0,3.0,0.18999999999999995,0.062384708477733974,0.12300000000000001,/Users/rasmus/Desktop/Fysik/AppliedML2026/Final_project_data/data/ML_data/NBI/FDM data/Arrivals/Nuuk Arrival_ 209784_OY-GRG_18_01_25_39_15.csv,0.07646349891723939
2025.0,1.0,18.0,15.0,10.0,13.0,0.24,0.07834910769859063,0.17699999999999982,/Users/rasmus/Desktop/Fysik/AppliedML2026/Final_project_data/data/ML_data/NBI/FDM data/Arrivals/Nuuk Arrival_ 209787_OY-GRM_18_01_25_12_15.csv,0.10173494974687901
2025.0,1.0,18.0,19.0,13.0,2.0,0.30000000000000004,0.10274795792200864,0.18249999999999994,/Users/rasmus/Desktop/Fysik/AppliedML2026/Final_project_data/data/ML_data/NBI/FDM data/Arrivals/Nuuk Arrival_ 209807_OY-GRO_18_01_25_16_19.csv,0.12184689846962321
2025.0,1.0,22.0,13.0,14.0,44.0,0.25,0.07273001562225734,0.1524999999999999,/Users/rasmus/Desktop/Fysik/AppliedML2026/Final_project_data/data/ML_data/NBI/FDM data/Arrivals/Nuuk Arrival_ 209848_OY-GRH_22_01_25_15_13.csv,0.04861724348043982
2025.0,1.0,22.0,15.0,31.0,42.0,1.06,0.1066322408214734,0.08999999999999997,/Users/rasmus/Desktop/Fysik/AppliedML2026/Final_project_data/data/ML_data/NBI/FDM data/Arrivals/Nuuk Arrival_ 209853_OY-GRK_22_01_25_32_15.csv,0.3219260219931959
2025.0,1.0,22.0,14.0,43.0,13.0,0.1499999999999999,0.055193672313179495,0.10999999999999999,/Users/rasmus/Desktop/Fysik/AppliedML2026/Final_project_data/data/ML_data/NBI/FDM data/Arrivals/Nuuk Arrival_ 209859_OY-GRP_22_01_25_45_14.csv,0.05144077999169386
2025.0,1.0,22.0,17.0,59.0,25.0,0.18999999999999995,0.05680375574437546,0.12399999999999985,/Users/rasmus/Desktop/Fysik/AppliedML2026/Final_project_data/data/ML_data/NBI/FDM data/Arrivals/Nuuk Arrival_ 209861_OY-GRG_22_01_25_01_18.csv,0.04382981441415137
2025.0,1.0,22.0,19.0,25.0,53.0,0.25,0.049530049530074324,0.08849999999999993,/Users/rasmus/Desktop/Fysik/AppliedML2026/Final_project_data/data/ML_data/NBI/FDM data/Arrivals/Nuuk Arrival_ 209897_OY-GRK_22_01_25_26_19.csv,0.0797077997019949
2025.0,1.0,22.0,20.0,46.0,33.0,0.32000000000000006,0.05751634620958476,0.10900000000000001,/Users/rasmus/Desktop/Fysik/AppliedML2026/Final_project_data/data/ML_data/NBI/FDM data/Arrivals/Nuuk Arrival_ 209902_OY-GRP_22_01_25_48_20.csv,0.10341058939973218
2025.0,1.0,22.0,23.0,3.0,38.0,0.30000000000000004,0.07518865162598234,0.13799999999999987,/Users/rasmus/Desktop/Fysik/AppliedML2026/Final_project_data/data/ML_data/NBI/FDM data/Arrivals/Nuuk Arrival_ 209904_OY-GRH_22_01_25_04_23.csv,0.06447590912226725
2025.0,1.0,23.0,11.0,11.0,37.0,0.19999999999999996,0.08511851320554527,0.1399999999999999,/Users/rasmus/Desktop/Fysik/AppliedML2026/Final_project_data/data/ML_data/NBI/FDM data/Arrivals/Nuuk Arrival_ 209907_OY-GRO_23_01_25_12_11.csv,0.08548182764273855
2025.0,1.0,23.0,12.0,48.0,31.0,0.1299999999999999,0.04743416490252572,0.09000000000000008,/Users/rasmus/Desktop/Fysik/AppliedML2026/Final_project_data/data/ML_data/NBI/FDM data/Arrivals/Nuuk Arrival_ 209919_OY-GRH_23_01_25_49_12.csv,0.05901146448933865
2025.0,1.0,23.0,14.0,55.0,45.0,0.18999999999999995,0.0652509946873786,0.13849999999999987,/Users/rasmus/Desktop/Fysik/AppliedML2026/Final_project_data/data/ML_data/NBI/FDM data/Arrivals/Nuuk Arrival_ 209930_OY-GRG_23_01_25_57_14.csv,0.061146454426147155
2025.0,1.0,23.0,15.0,21.0,1.0,0.17999999999999994,0.07083505935483378,0.1100000000000001,/Users/rasmus/Desktop/Fysik/AppliedML2026/Final_project_data/data/ML_data/NBI/FDM data/Arrivals/Nuuk Arrival_ 209931_OY-GRO_23_01_25_23_15.csv,0.08629634304841324
2025.0,1.0,23.0,15.0,43.0,27.0,0.29000000000000004,0.07457150320939691,0.15000000000000002,/Users/rasmus/Desktop/Fysik/AppliedML2026/Final_project_data/data/ML_data/NBI/FDM data/Arrivals/Nuuk Arrival_ 209933_OY-GRH_23_01_25_48_15.csv,0.09323549293513254
2025.0,1.0,23.0,18.0,28.0,47.0,0.22999999999999998,0.07944132658602766,0.14099999999999985,/Users/rasmus/Desktop/Fysik/AppliedML2026/Final_project_data/data/ML_data/NBI/FDM data/Arrivals/Nuuk Arrival_ 209939_OY-GRO_23_01_25_29_18.csv,0.06504179258452755
2025.0,1.0,23.0,19.0,17.0,38.0,0.1399999999999999,0.04449260429256413,0.08299999999999991,/Users/rasmus/Desktop/Fysik/AppliedML2026/Final_project_data/data/ML_data/NBI/FDM data/Arrivals/Nuuk Arrival_ 209940_OY-GRP_23_01_25_18_19.csv,0.05715476066494083
2025.0,1.0,23.0,20.0,35.0,40.0,0.1499999999999999,0.05616660484665245,0.12000000000000006,/Users/rasmus/Desktop/Fysik/AppliedML2026/Final_project_data/data/ML_data/NBI/FDM data/Arrivals/Nuuk Arrival_ 209965_OY-GRH_23_01_25_36_20.csv,0.06984677106761224
2025.0,1.0,24.0,12.0,55.0,46.0,0.19999999999999996,0.05660963842660276,0.12599999999999992,/Users/rasmus/Desktop/Fysik/AppliedML2026/Final_project_data/data/ML_data/NBI/FDM data/Arrivals/Nuuk Arrival_ 209972_OY-GRG_24_01_25_57_12.csv,0.06530471562110152
2025.0,1.0,24.0,13.0,6.0,28.0,0.16000000000000003,0.06462713568360175,0.13099999999999995,/Users/rasmus/Desktop/Fysik/AppliedML2026/Final_project_data/data/ML_data/NBI/FDM data/Arrivals/Nuuk Arrival_ 209973_OY-GRH_24_01_25_07_13.csv,0.0638748776906853
2025.0,1.0,24.0,13.0,10.0,51.0,0.4099999999999999,0.058551845266146804,0.09000000000000008,/Users/rasmus/Desktop/Fysik/AppliedML2026/Final_project_data/data/ML_data/NBI/FDM data/Arrivals/Nuuk Arrival_ 209974_OY-GRK_24_01_25_11_13.csv,0.12244532307465705
2025.0,1.0,24.0,16.0,38.0,7.0,0.24,0.07883409677807449,0.15649999999999983,/Users/rasmus/Desktop/Fysik/AppliedML2026/Final_project_data/data/ML_data/NBI/FDM data/Arrivals/Nuuk Arrival_ 209979_OY-GRP_24_01_25_39_16.csv,0.06487750695804294
2025.0,1.0,24.0,20.0,46.0,57.0,0.19999999999999996,0.08371887217062905,0.15399999999999983,/Users/rasmus/Desktop/Fysik/AppliedML2026/Final_project_data/data/ML_data/NBI/FDM data/Arrivals/Nuuk Arrival_ 210005_OY-GRO_24_01_25_47_20.csv,0.09363047936792095
2025.0,1.0,13.0,13.0,13.0,11.0,0.28,0.07274384280931734,0.1499999999999999,/Users/rasmus/Desktop/Fysik/AppliedML2026/Final_project_data/data/ML_data/NBI/FDM data/Arrivals/Nuuk Arrival_ 210008_OY-GRR_13_01_25_07_13.csv,0.10226017238956162
2025.0,1.0,13.0,19.0,50.0,2.0,0.17999999999999994,0.06836720027962295,0.12949999999999978,/Users/rasmus/Desktop/Fysik/AppliedML2026/Final_project_data/data/ML_data/NBI/FDM data/Arrivals/Nuuk Arrival_ 210010_OY-GRR_13_01_25_42_19.csv,0.07959720023791217
2025.0,1.0,14.0,13.0,15.0,44.0,0.3700000000000001,0.07481644204317661,0.14049999999999974,/Users/rasmus/Desktop/Fysik/AppliedML2026/Final_project_data/data/ML_data/NBI/FDM data/Arrivals/Nuuk Arrival_ 210011_OY-GRR_14_01_25_14_12.csv,0.059525904725029895
2025.0,1.0,14.0,15.0,34.0,37.0,0.19999999999999996,0.06763745393511778,0.12899999999999998,/Users/rasmus/Desktop/Fysik/AppliedML2026/Final_project_data/data/ML_data/NBI/FDM data/Arrivals/Nuuk Arrival_ 210012_OY-GRR_14_01_25_20_15.csv,0.06186903731090199
2025.0,1.0,14.0,20.0,57.0,42.0,0.33999999999999997,0.08429419796773457,0.20099999999999965,/Users/rasmus/Desktop/Fysik/AppliedML2026/Final_project_data/data/ML_data/NBI/FDM data/Arrivals/Nuuk Arrival_ 210014_OY-GRR_14_01_25_44_20.csv,0.09000000000000004
2025.0,1.0,15.0,18.0,12.0,0.0,0.42000000000000004,0.08600508705884786,0.16649999999999984,/Users/rasmus/Desktop/Fysik/AppliedML2026/Final_project_data/data/ML_data/NBI/FDM data/Arrivals/Nuuk Arrival_ 210017_OY-GRR_15_01_25_52_17.csv,0.077817450199525
2025.0,1.0,16.0,10.0,56.0,16.0,0.30000000000000004,0.07904216312451143,0.1609999999999996,/Users/rasmus/Desktop/Fysik/AppliedML2026/Final_project_data/data/ML_data/NBI/FDM data/Arrivals/Nuuk Arrival_ 210019_OY-GRR_16_01_25_50_10.csv,0.076857939454183
2025.0,1.0,16.0,15.0,9.0,13.0,0.45999999999999996,0.12304166910623651,0.2469999999999999,/Users/rasmus/Desktop/Fysik/AppliedML2026/Final_project_data/data/ML_data/NBI/FDM data/Arrivals/Nuuk Arrival_ 210021_OY-GRR_16_01_25_58_14.csv,0.07769403861535089
2025.0,1.0,17.0,19.0,2.0,52.0,0.33999999999999997,0.080047254951123,0.16099999999999987,/Users/rasmus/Desktop/Fysik/AppliedML2026/Final_project_data/data/ML_data/NBI/FDM data/Arrivals/Nuuk Arrival_ 210024_OY-GRR_17_01_25_54_18.csv,0.08754219761712842
2025.0,1.0,18.0,18.0,48.0,46.0,0.25,0.08029943959953896,0.15,/Users/rasmus/Desktop/Fysik/AppliedML2026/Final_project_data/data/ML_data/NBI/FDM data/Arrivals/Nuuk Arrival_ 210026_OY-GRR_18_01_25_44_18.csv,0.06982120021884473
2025.0,1.0,24.0,15.0,11.0,56.0,0.1499999999999999,0.05240198223288397,0.09849999999999993,/Users/rasmus/Desktop/Fysik/AppliedML2026/Final_project_data/data/ML_data/NBI/FDM data/Arrivals/Nuuk Arrival_ 210029_OY-GRR_24_01_25_03_15.csv,0.06511528238439886
2025.0,1.0,24.0,19.0,24.0,12.0,0.20999999999999996,0.052239327794498414,0.09699999999999998,/Users/rasmus/Desktop/Fysik/AppliedML2026/Final_project_data/data/ML_data/NBI/FDM data/Arrivals/Nuuk Arrival_ 210032_OY-GRR_24_01_25_22_19.csv,0.09144670579085942
2025.0,1.0,24.0,21.0,42.0,34.0,0.1399999999999999,0.05051323887445057,0.10000000000000009,/Users/rasmus/Desktop/Fysik/AppliedML2026/Final_project_data/data/ML_data/NBI/FDM data/Arrivals/Nuuk Arrival_ 210034_OY-GRK_24_01_25_43_21.csv,0.05153208277913439
2025.0,1.0,24.0,22.0,10.0,10.0,0.19999999999999996,0.061305848657742426,0.1399999999999999,/Users/rasmus/Desktop/Fysik/AppliedML2026/Final_project_data/data/ML_data/NBI/FDM data/Arrivals/Nuuk Arrival_ 210035_OY-GRP_24_01_25_11_22.csv,0.07060959060718511
2025.0,1.0,25.0,15.0,4.0,32.0,0.18999999999999995,0.061513645408385415,0.1100000000000001,/Users/rasmus/Desktop/Fysik/AppliedML2026/Final_project_data/data/ML_data/NBI/FDM data/Arrivals/Nuuk Arrival_ 210041_OY-GRH_25_01_25_05_15.csv,0.08205689083394119
2025.0,1.0,25.0,15.0,39.0,24.0,0.26,0.08576568202019608,0.1499999999999999,/Users/rasmus/Desktop/Fysik/AppliedML2026/Final_project_data/data/ML_data/NBI/FDM data/Arrivals/Nuuk Arrival_ 210045_OY-GRO_25_01_25_41_15.csv,0.10943034314119647
2025.0,1.0,25.0,14.0,58.0,12.0,0.17000000000000004,0.058398157741372386,0.1125000000000001,/Users/rasmus/Desktop/Fysik/AppliedML2026/Final_project_data/data/ML_data/NBI/FDM data/Arrivals/Nuuk Arrival_ 210046_OY-GRP_25_01_25_00_15.csv,0.05356071321407142
2025.0,1.0,25.0,19.0,15.0,23.0,0.16000000000000003,0.05575500596049808,0.11000000000000001,/Users/rasmus/Desktop/Fysik/AppliedML2026/Final_project_data/data/ML_data/NBI/FDM data/Arrivals/Nuuk Arrival_ 210067_OY-GRP_25_01_25_17_19.csv,0.054772255750516655
2025.0,1.0,25.0,19.0,45.0,23.0,0.27,0.08194148387514728,0.1314999999999998,/Users/rasmus/Desktop/Fysik/AppliedML2026/Final_project_data/data/ML_data/NBI/FDM data/Arrivals/Nuuk Arrival_ 210068_OY-GRO_25_01_25_47_19.csv,0.11716085808266631
2025.0,1.0,26.0,13.0,47.0,59.0,0.18999999999999995,0.06318018310506932,0.1299999999999999,/Users/rasmus/Desktop/Fysik/AppliedML2026/Final_project_data/data/ML_data/NBI/FDM data/Arrivals/Nuuk Arrival_ 210069_OY-GRK_26_01_25_48_13.csv,0.0660940318987394
2025.0,1.0,26.0,20.0,18.0,17.0,0.1499999999999999,0.04860437553452282,0.08599999999999995,/Users/rasmus/Desktop/Fysik/AppliedML2026/Final_project_data/data/ML_data/NBI/FDM data/Arrivals/Nuuk Arrival_ 210074_OY-GRP_26_01_25_20_20.csv,0.05304984179322045
2025.0,1.0,27.0,13.0,6.0,41.0,0.1499999999999999,0.046168245031786403,0.09000000000000005,/Users/rasmus/Desktop/Fysik/AppliedML2026/Final_project_data/data/ML_data/NBI/FDM data/Arrivals/Nuuk Arrival_ 210078_OY-GRG_27_01_25_09_13.csv,0.04365266951236269
2025.0,1.0,27.0,12.0,54.0,49.0,0.43999999999999995,0.08597377135907282,0.15999999999999992,/Users/rasmus/Desktop/Fysik/AppliedML2026/Final_project_data/data/ML_data/NBI/FDM data/Arrivals/Nuuk Arrival_ 210081_OY-GRH_27_01_25_56_12.csv,0.07324415254716887
2025.0,1.0,27.0,17.0,16.0,49.0,0.16000000000000003,0.057110481900060565,0.11449999999999999,/Users/rasmus/Desktop/Fysik/AppliedML2026/Final_project_data/data/ML_data/NBI/FDM data/Arrivals/Nuuk Arrival_ 210086_OY-GRG_27_01_25_18_17.csv,0.06977642868476433
2025.0,1.0,27.0,21.0,44.0,43.0,0.26,0.062104891464840765,0.12,/Users/rasmus/Desktop/Fysik/AppliedML2026/Final_project_data/data/ML_data/NBI/FDM data/Arrivals/Nuuk Arrival_ 210106_OY-GRK_27_01_25_45_21.csv,0.0795523188132906
2025.0,1.0,27.0,12.0,12.0,49.0,0.28,0.10566054582196813,0.17999999999999994,/Users/rasmus/Desktop/Fysik/AppliedML2026/Final_project_data/data/ML_data/NBI/FDM data/Arrivals/Nuuk Arrival_ 210107_OY-GRO_27_01_25_13_12.csv,0.11354881475970294
2025.0,1.0,27.0,22.0,25.0,58.0,0.28,0.07509993342207437,0.14549999999999988,/Users/rasmus/Desktop/Fysik/AppliedML2026/Final_project_data/data/ML_data/NBI/FDM data/Arrivals/Nuuk Arrival_ 210110_OY-GRH_27_01_25_26_22.csv,0.09448103866208642
2025.0,1.0,27.0,23.0,35.0,9.0,0.20999999999999996,0.09086294495753011,0.15,/Users/rasmus/Desktop/Fysik/AppliedML2026/Final_project_data/data/ML_data/NBI/FDM data/Arrivals/Nuuk Arrival_ 210111_OY-GRO_27_01_25_36_23.csv,0.10608172949821915
2025.0,1.0,28.0,15.0,19.0,44.0,0.18000000000000005,0.044350006504205605,0.08550000000000005,/Users/rasmus/Desktop/Fysik/AppliedML2026/Final_project_data/data/ML_data/NBI/FDM data/Arrivals/Nuuk Arrival_ 210115_OY-GRG_28_01_25_21_15.csv,0.030822070014844907
2025.0,1.0,28.0,18.0,58.0,37.0,0.25,0.07488952903071003,0.15349999999999986,/Users/rasmus/Desktop/Fysik/AppliedML2026/Final_project_data/data/ML_data/NBI/FDM data/Arrivals/Nuuk Arrival_ 210132_OY-GRH_28_01_25_00_19.csv,0.07670288999335902
2025.0,1.0,28.0,19.0,30.0,35.0,0.24,0.06349994480827686,0.1299999999999999,/Users/rasmus/Desktop/Fysik/AppliedML2026/Final_project_data/data/ML_data/NBI/FDM data/Arrivals/Nuuk Arrival_ 210148_OY-GRK_28_01_25_34_19.csv,0.05955389715767281
2025.0,1.0,28.0,20.0,54.0,49.0,0.26,0.11363114466129891,0.19649999999999987,/Users/rasmus/Desktop/Fysik/AppliedML2026/Final_project_data/data/ML_data/NBI/FDM data/Arrivals/Nuuk Arrival_ 210155_OY-GRO_28_01_25_55_20.csv,0.11024215769538141
2025.0,1.0,28.0,23.0,38.0,36.0,0.21999999999999997,0.059848293056846524,0.11550000000000002,/Users/rasmus/Desktop/Fysik/AppliedML2026/Final_project_data/data/ML_data/NBI/FDM data/Arrivals/Nuuk Arrival_ 210158_OY-GRK_28_01_25_39_23.csv,0.08664694055586909
2025.0,1.0,29.0,12.0,48.0,32.0,0.31000000000000005,0.09928062931228507,0.19999999999999996,/Users/rasmus/Desktop/Fysik/AppliedML2026/Final_project_data/data/ML_data/NBI/FDM data/Arrivals/Nuuk Arrival_ 210162_OY-GRK_29_01_25_50_12.csv,0.1694912172570388
2025.0,1.0,29.0,13.0,23.0,56.0,0.30000000000000004,0.07757301864538549,0.15099999999999997,/Users/rasmus/Desktop/Fysik/AppliedML2026/Final_project_data/data/ML_data/NBI/FDM data/Arrivals/Nuuk Arrival_ 210163_OY-GRG_29_01_25_27_13.csv,0.1266416015300471
2025.0,1.0,30.0,12.0,41.0,40.0,0.1499999999999999,0.06372773720912991,0.1299999999999999,/Users/rasmus/Desktop/Fysik/AppliedML2026/Final_project_data/data/ML_data/NBI/FDM data/Arrivals/Nuuk Arrival_ 210193_OY-GRH_30_01_25_42_12.csv,0.07525713496829628
2025.0,1.0,30.0,15.0,31.0,52.0,0.27,0.0711088080692822,0.13999999999999999,/Users/rasmus/Desktop/Fysik/AppliedML2026/Final_project_data/data/ML_data/NBI/FDM data/Arrivals/Nuuk Arrival_ 210197_OY-GRH_30_01_25_33_15.csv,0.07189736274183339
2025.0,1.0,30.0,19.0,37.0,3.0,0.45999999999999996,0.11842411850911197,0.21999999999999997,/Users/rasmus/Desktop/Fysik/AppliedML2026/Final_project_data/data/ML_data/NBI/FDM data/Arrivals/Nuuk Arrival_ 210217_OY-GRK_30_01_25_38_19.csv,0.11123276168794549
2025.0,1.0,30.0,20.0,22.0,31.0,0.24,0.07723988606931009,0.17999999999999994,/Users/rasmus/Desktop/Fysik/AppliedML2026/Final_project_data/data/ML_data/NBI/FDM data/Arrivals/Nuuk Arrival_ 210218_OY-GRP_30_01_25_24_20.csv,0.081598611099291
2025.0,1.0,30.0,21.0,7.0,52.0,0.32000000000000006,0.0967168219412158,0.18999999999999995,/Users/rasmus/Desktop/Fysik/AppliedML2026/Final_project_data/data/ML_data/NBI/FDM data/Arrivals/Nuuk Arrival_ 210220_OY-GRG_30_01_25_10_21.csv,0.08453795991545258
2025.0,1.0,30.0,21.0,47.0,8.0,0.53,0.13352938660601507,0.2289999999999999,/Users/rasmus/Desktop/Fysik/AppliedML2026/Final_project_data/data/ML_data/NBI/FDM data/Arrivals/Nuuk Arrival_ 210221_OY-GRO_30_01_25_48_21.csv,0.18095234179197572
2025.0,1.0,31.0,12.0,40.0,52.0,0.1100000000000001,0.03982244055370722,0.08699999999999988,/Users/rasmus/Desktop/Fysik/AppliedML2026/Final_project_data/data/ML_data/NBI/FDM data/Arrivals/Nuuk Arrival_ 210227_OY-GRG_31_01_25_42_12.csv,0.04582575694955844
2025.0,1.0,31.0,13.0,1.0,59.0,0.10999999999999999,0.04187742838647647,0.09000000000000008,/Users/rasmus/Desktop/Fysik/AppliedML2026/Final_project_data/data/ML_data/NBI/FDM data/Arrivals/Nuuk Arrival_ 210228_OY-GRK_31_01_25_02_13.csv,0.05009990019950144
2025.0,1.0,31.0,13.0,18.0,35.0,0.1499999999999999,0.05134244356892172,0.09000000000000008,/Users/rasmus/Desktop/Fysik/AppliedML2026/Final_project_data/data/ML_data/NBI/FDM data/Arrivals/Nuuk Arrival_ 210229_OY-GRH_31_01_25_19_13.csv,0.05567764362830027
2025.0,1.0,31.0,13.0,58.0,23.0,0.32000000000000006,0.08629741649950012,0.1539999999999997,/Users/rasmus/Desktop/Fysik/AppliedML2026/Final_project_data/data/ML_data/NBI/FDM data/Arrivals/Nuuk Arrival_ 210231_OY-GRO_31_01_25_00_14.csv,0.12464686961678245
2025.0,1.0,31.0,17.0,4.0,37.0,0.1499999999999999,0.032829526005987035,0.06750000000000006,/Users/rasmus/Desktop/Fysik/AppliedML2026/Final_project_data/data/ML_data/NBI/FDM data/Arrivals/Nuuk Arrival_ 210242_OY-GRG_31_01_25_06_17.csv,0.05642880936468348
2025.0,1.0,31.0,16.0,38.0,44.0,0.10000000000000009,0.029444000280912486,0.06000000000000005,/Users/rasmus/Desktop/Fysik/AppliedML2026/Final_project_data/data/ML_data/NBI/FDM data/Arrivals/Nuuk Arrival_ 210246_OY-GRP_31_01_25_39_16.csv,0.046188021535170105
2025.0,1.0,31.0,18.0,57.0,29.0,0.10000000000000009,0.031521691281982275,0.06000000000000005,/Users/rasmus/Desktop/Fysik/AppliedML2026/Final_project_data/data/ML_data/NBI/FDM data/Arrivals/Nuuk Arrival_ 210253_OY-GRK_31_01_25_59_18.csv,0.04169998667732271
2025.0,1.0,31.0,19.0,44.0,29.0,0.16999999999999993,0.07490113243949366,0.12699999999999984,/Users/rasmus/Desktop/Fysik/AppliedML2026/Final_project_data/data/ML_data/NBI/FDM data/Arrivals/Nuuk Arrival_ 210256_OY-GRO_31_01_25_47_19.csv,0.0857994082819833
2025.0,1.0,26.0,17.0,7.0,47.0,0.15999999999999992,0.052414159293917816,0.09000000000000008,/Users/rasmus/Desktop/Fysik/AppliedML2026/Final_project_data/data/ML_data/NBI/FDM data/Arrivals/Nuuk Arrival_ 210267_OY-GRR_26_01_25_59_16.csv,0.06074537019394979
2025.0,1.0,27.0,13.0,2.0,11.0,0.16999999999999993,0.057699486732819126,0.1200000000000001,/Users/rasmus/Desktop/Fysik/AppliedML2026/Final_project_data/data/ML_data/NBI/FDM data/Arrivals/Nuuk Arrival_ 210270_OY-GRR_27_01_25_56_12.csv,0.07145802963978226
2025.0,1.0,27.0,17.0,22.0,9.0,0.21999999999999997,0.059346029517670325,0.11899999999999993,/Users/rasmus/Desktop/Fysik/AppliedML2026/Final_project_data/data/ML_data/NBI/FDM data/Arrivals/Nuuk Arrival_ 210272_OY-GRR_27_01_25_13_17.csv,0.04994114182774387
2025.0,1.0,28.0,13.0,4.0,24.0,0.42000000000000004,0.09348796714016196,0.17599999999999988,/Users/rasmus/Desktop/Fysik/AppliedML2026/Final_project_data/data/ML_data/NBI/FDM data/Arrivals/Nuuk Arrival_ 210274_OY-GRR_28_01_25_57_12.csv,0.0879122939558025
2025.0,1.0,28.0,15.0,49.0,45.0,0.19999999999999996,0.06134423162855952,0.12949999999999978,/Users/rasmus/Desktop/Fysik/AppliedML2026/Final_project_data/data/ML_data/NBI/FDM data/Arrivals/Nuuk Arrival_ 210276_OY-GRR_28_01_25_43_15.csv,0.07362064927722387
2025.0,1.0,28.0,20.0,40.0,2.0,0.20999999999999996,0.07642473906230064,0.15,/Users/rasmus/Desktop/Fysik/AppliedML2026/Final_project_data/data/ML_data/NBI/FDM data/Arrivals/Nuuk Arrival_ 210279_OY-GRR_28_01_25_34_20.csv,0.09116529554118227
2025.0,1.0,31.0,15.0,19.0,33.0,0.1499999999999999,0.05349418573057026,0.1100000000000001,/Users/rasmus/Desktop/Fysik/AppliedML2026/Final_project_data/data/ML_data/NBI/FDM data/Arrivals/Nuuk Arrival_ 210282_OY-GRR_31_01_25_10_15.csv,0.07573878554851296
2025.0,1.0,31.0,22.0,10.0,38.0,0.3500000000000001,0.04721980670150545,0.08150000000000013,/Users/rasmus/Desktop/Fysik/AppliedML2026/Final_project_data/data/ML_data/NBI/FDM data/Arrivals/Nuuk Arrival_ 210283_OY-GRP_31_01_25_11_22.csv,0.09016892359681745
2025.0,1.0,31.0,22.0,3.0,45.0,0.18999999999999995,0.05292093158666052,0.10049999999999992,/Users/rasmus/Desktop/Fysik/AppliedML2026/Final_project_data/data/ML_data/NBI/FDM data/Arrivals/Nuuk Arrival_ 210284_OY-GRM_31_01_25_05_22.csv,0.10082988974836116
2025.0,2.0,1.0,13.0,15.0,4.0,0.16999999999999993,0.042167549013204735,0.08199999999999993,/Users/rasmus/Desktop/Fysik/AppliedML2026/Final_project_data/data/ML_data/NBI/FDM data/Arrivals/Nuuk Arrival_ 210290_OY-GRK_01_02_25_17_13.csv,0.050199601592044577
2025.0,2.0,1.0,14.0,60.0,33.0,0.1499999999999999,0.04401825573108094,0.1,/Users/rasmus/Desktop/Fysik/AppliedML2026/Final_project_data/data/ML_data/NBI/FDM data/Arrivals/Nuuk Arrival_ 210293_OY-GRP_01_02_25_01_15.csv,0.04820300210323741
2025.0,2.0,1.0,15.0,16.0,23.0,0.18999999999999995,0.04600207034678415,0.09000000000000008,/Users/rasmus/Desktop/Fysik/AppliedML2026/Final_project_data/data/ML_data/NBI/FDM data/Arrivals/Nuuk Arrival_ 210294_OY-GRG_01_02_25_18_15.csv,0.08296585643102428
2025.0,2.0,1.0,14.0,33.0,45.0,0.18999999999999995,0.0637234945736952,0.13999999999999993,/Users/rasmus/Desktop/Fysik/AppliedML2026/Final_project_data/data/ML_data/NBI/FDM data/Arrivals/Nuuk Arrival_ 210305_OY-GRH_01_02_25_34_14.csv,0.05975439929657161
2025.0,2.0,1.0,18.0,58.0,22.0,0.16999999999999993,0.05406266990472933,0.12,/Users/rasmus/Desktop/Fysik/AppliedML2026/Final_project_data/data/ML_data/NBI/FDM data/Arrivals/Nuuk Arrival_ 210309_OY-GRK_01_02_25_00_19.csv,0.06062177826491076
2025.0,2.0,1.0,20.0,5.0,25.0,0.1499999999999999,0.06019471949697209,0.1100000000000001,/Users/rasmus/Desktop/Fysik/AppliedML2026/Final_project_data/data/ML_data/NBI/FDM data/Arrivals/Nuuk Arrival_ 210310_OY-GRG_01_02_25_07_20.csv,0.07152191702817128
2025.0,2.0,2.0,12.0,28.0,19.0,0.15999999999999992,0.04126593871271716,0.08100000000000002,/Users/rasmus/Desktop/Fysik/AppliedML2026/Final_project_data/data/ML_data/NBI/FDM data/Arrivals/Nuuk Arrival_ 210317_OY-GRG_02_02_25_30_12.csv,0.07076957915187382
2025.0,2.0,2.0,16.0,51.0,50.0,0.15999999999999992,0.04926655034053166,0.1299999999999999,/Users/rasmus/Desktop/Fysik/AppliedML2026/Final_project_data/data/ML_data/NBI/FDM data/Arrivals/Nuuk Arrival_ 210319_OY-GRG_02_02_25_53_16.csv,0.07037713532441192
2025.0,2.0,2.0,20.0,28.0,31.0,0.08999999999999997,0.03842432265412851,0.07000000000000006,/Users/rasmus/Desktop/Fysik/AppliedML2026/Final_project_data/data/ML_data/NBI/FDM data/Arrivals/Nuuk Arrival_ 210321_OY-GRP_02_02_25_30_20.csv,0.043056313751250894
2025.0,2.0,3.0,13.0,9.0,19.0,0.24,0.07763063281666041,0.1544999999999998,/Users/rasmus/Desktop/Fysik/AppliedML2026/Final_project_data/data/ML_data/NBI/FDM data/Arrivals/Nuuk Arrival_ 210327_OY-GRH_03_02_25_11_13.csv,0.08209073570683167
2025.0,2.0,3.0,13.0,46.0,54.0,0.20999999999999996,0.08950750919838264,0.16999999999999993,/Users/rasmus/Desktop/Fysik/AppliedML2026/Final_project_data/data/ML_data/NBI/FDM data/Arrivals/Nuuk Arrival_ 210328_OY-GRO_03_02_25_48_13.csv,0.08556314996293063
2025.0,2.0,3.0,14.0,12.0,20.0,0.17999999999999994,0.057093977109868826,0.1100000000000001,/Users/rasmus/Desktop/Fysik/AppliedML2026/Final_project_data/data/ML_data/NBI/FDM data/Arrivals/Nuuk Arrival_ 210330_OY-GRP_03_02_25_14_14.csv,0.07565102063473386
2025.0,2.0,3.0,16.0,37.0,36.0,0.18999999999999995,0.08285906709588278,0.15999999999999992,/Users/rasmus/Desktop/Fysik/AppliedML2026/Final_project_data/data/ML_data/NBI/FDM data/Arrivals/Nuuk Arrival_ 210335_OY-GRO_03_02_25_38_16.csv,0.09437293044088438
2025.0,2.0,3.0,13.0,34.0,46.0,0.18999999999999995,0.06049537108308885,0.12000000000000006,/Users/rasmus/Desktop/Fysik/AppliedML2026/Final_project_data/data/ML_data/NBI/FDM data/Arrivals/Nuuk Arrival_ 210341_OY-GRK_03_02_25_35_13.csv,0.06276941930590088
2025.0,2.0,3.0,18.0,8.0,57.0,0.17000000000000004,0.0551925582610098,0.10000000000000009,/Users/rasmus/Desktop/Fysik/AppliedML2026/Final_project_data/data/ML_data/NBI/FDM data/Arrivals/Nuuk Arrival_ 210343_OY-GRG_03_02_25_10_18.csv,0.06649979114420003
2025.0,2.0,3.0,21.0,40.0,19.0,0.1200000000000001,0.04082482904638633,0.08000000000000007,/Users/rasmus/Desktop/Fysik/AppliedML2026/Final_project_data/data/ML_data/NBI/FDM data/Arrivals/Nuuk Arrival_ 210358_OY-GRK_03_02_25_42_21.csv,0.051704287378643354
2025.0,2.0,3.0,23.0,11.0,25.0,0.17999999999999994,0.05330405532461475,0.1100000000000001,/Users/rasmus/Desktop/Fysik/AppliedML2026/Final_project_data/data/ML_data/NBI/FDM data/Arrivals/Nuuk Arrival_ 210360_OY-GRH_03_02_25_13_23.csv,0.07624521842931095
2025.0,2.0,4.0,12.0,28.0,22.0,0.19999999999999996,0.06820064100599289,0.1399999999999999,/Users/rasmus/Desktop/Fysik/AppliedML2026/Final_project_data/data/ML_data/NBI/FDM data/Arrivals/Nuuk Arrival_ 210370_OY-GRH_04_02_25_30_12.csv,0.09284395510748128
2025.0,2.0,4.0,15.0,22.0,10.0,0.1299999999999999,0.04891524026238663,0.10000000000000009,/Users/rasmus/Desktop/Fysik/AppliedML2026/Final_project_data/data/ML_data/NBI/FDM data/Arrivals/Nuuk Arrival_ 210375_OY-GRH_04_02_25_24_15.csv,0.0512695955569325
2025.0,2.0,4.0,15.0,8.0,3.0,0.22999999999999998,0.0865200224555813,0.15999999999999992,/Users/rasmus/Desktop/Fysik/AppliedML2026/Final_project_data/data/ML_data/NBI/FDM data/Arrivals/Nuuk Arrival_ 210376_OY-GRO_04_02_25_09_15.csv,0.10687108388815271
2025.0,2.0,4.0,16.0,20.0,54.0,0.1200000000000001,0.04714580864432463,0.10000000000000003,/Users/rasmus/Desktop/Fysik/AppliedML2026/Final_project_data/data/ML_data/NBI/FDM data/Arrivals/Nuuk Arrival_ 210377_OY-GRG_04_02_25_22_16.csv,0.07305041845440477
2025.0,2.0,4.0,18.0,47.0,26.0,0.1399999999999999,0.05300164442662706,0.11599999999999998,/Users/rasmus/Desktop/Fysik/AppliedML2026/Final_project_data/data/ML_data/NBI/FDM data/Arrivals/Nuuk Arrival_ 210389_OY-GRH_04_02_25_49_18.csv,0.06000000000000001
2025.0,2.0,4.0,19.0,14.0,51.0,0.24,0.06500278700825514,0.1299999999999999,/Users/rasmus/Desktop/Fysik/AppliedML2026/Final_project_data/data/ML_data/NBI/FDM data/Arrivals/Nuuk Arrival_ 210396_OY-GRP_04_02_25_16_19.csv,0.07907554094959193
2025.0,2.0,4.0,22.0,5.0,10.0,0.18999999999999995,0.0646786930397742,0.12999999999999998,/Users/rasmus/Desktop/Fysik/AppliedML2026/Final_project_data/data/ML_data/NBI/FDM data/Arrivals/Nuuk Arrival_ 210398_OY-GRG_04_02_25_07_22.csv,0.07283095376340307
2025.0,2.0,5.0,12.0,32.0,25.0,0.20999999999999996,0.04856476691353369,0.10000000000000009,/Users/rasmus/Desktop/Fysik/AppliedML2026/Final_project_data/data/ML_data/NBI/FDM data/Arrivals/Nuuk Arrival_ 210403_OY-GRK_05_02_25_35_12.csv,0.06708203932499375
2025.0,2.0,5.0,14.0,10.0,14.0,0.28,0.05960185359853294,0.1200000000000001,/Users/rasmus/Desktop/Fysik/AppliedML2026/Final_project_data/data/ML_data/NBI/FDM data/Arrivals/Nuuk Arrival_ 210404_OY-GRG_05_02_25_11_14.csv,0.06721742198404981
2025.0,2.0,5.0,21.0,23.0,28.0,0.28,0.05469463655582564,0.09000000000000008,/Users/rasmus/Desktop/Fysik/AppliedML2026/Final_project_data/data/ML_data/NBI/FDM data/Arrivals/Nuuk Arrival_ 210458_OY-GRG_05_02_25_25_21.csv,0.09595385795861916
2025.0,2.0,5.0,21.0,33.0,16.0,0.25,0.07315471894024203,0.15849999999999986,/Users/rasmus/Desktop/Fysik/AppliedML2026/Final_project_data/data/ML_data/NBI/FDM data/Arrivals/Nuuk Arrival_ 210459_OY-GRH_05_02_25_35_21.csv,0.09503035952141416
2025.0,2.0,5.0,23.0,4.0,13.0,0.1200000000000001,0.04559400793220571,0.08000000000000007,/Users/rasmus/Desktop/Fysik/AppliedML2026/Final_project_data/data/ML_data/NBI/FDM data/Arrivals/Nuuk Arrival_ 210465_OY-GRP_05_02_25_06_23.csv,0.032489314482696575
2025.0,2.0,6.0,15.0,28.0,34.0,0.31000000000000005,0.11102153507315597,0.19649999999999987,/Users/rasmus/Desktop/Fysik/AppliedML2026/Final_project_data/data/ML_data/NBI/FDM data/Arrivals/Nuuk Arrival_ 210474_OY-GRO_06_02_25_29_15.csv,0.12698425099200292
2025.0,2.0,6.0,16.0,8.0,37.0,0.26,0.08844040607299693,0.15999999999999998,/Users/rasmus/Desktop/Fysik/AppliedML2026/Final_project_data/data/ML_data/NBI/FDM data/Arrivals/Nuuk Arrival_ 210478_OY-GRH_06_02_25_09_16.csv,0.057137604800629745
2025.0,2.0,6.0,15.0,18.0,56.0,0.24,0.08090674656259678,0.16949999999999993,/Users/rasmus/Desktop/Fysik/AppliedML2026/Final_project_data/data/ML_data/NBI/FDM data/Arrivals/Nuuk Arrival_ 210485_OY-GRK_06_02_25_19_15.csv,0.0913151769338566
2025.0,2.0,6.0,21.0,21.0,40.0,0.24,0.0718622230694098,0.14699999999999985,/Users/rasmus/Desktop/Fysik/AppliedML2026/Final_project_data/data/ML_data/NBI/FDM data/Arrivals/Nuuk Arrival_ 210506_OY-GRK_06_02_25_22_21.csv,0.055155283184459315
2025.0,2.0,6.0,21.0,29.0,1.0,0.19999999999999996,0.06960271413620343,0.1399999999999999,/Users/rasmus/Desktop/Fysik/AppliedML2026/Final_project_data/data/ML_data/NBI/FDM data/Arrivals/Nuuk Arrival_ 210507_OY-GRH_06_02_25_30_21.csv,0.08139410298049855
2025.0,2.0,6.0,19.0,55.0,12.0,0.3400000000000001,0.11440828728001792,0.21999999999999997,/Users/rasmus/Desktop/Fysik/AppliedML2026/Final_project_data/data/ML_data/NBI/FDM data/Arrivals/Nuuk Arrival_ 210508_OY-GRO_06_02_25_57_19.csv,0.10082988974836117
2025.0,2.0,7.0,13.0,12.0,26.0,0.19999999999999996,0.05208580453907534,0.09000000000000008,/Users/rasmus/Desktop/Fysik/AppliedML2026/Final_project_data/data/ML_data/NBI/FDM data/Arrivals/Nuuk Arrival_ 210514_OY-GRK_07_02_25_14_13.csv,0.07631205286037526
2025.0,2.0,7.0,13.0,36.0,32.0,0.16999999999999993,0.04688325090782716,0.09000000000000008,/Users/rasmus/Desktop/Fysik/AppliedML2026/Final_project_data/data/ML_data/NBI/FDM data/Arrivals/Nuuk Arrival_ 210515_OY-GRG_07_02_25_38_13.csv,0.0522015325445528
2025.0,2.0,7.0,14.0,57.0,26.0,0.1499999999999999,0.05840384554386749,0.11599999999999998,/Users/rasmus/Desktop/Fysik/AppliedML2026/Final_project_data/data/ML_data/NBI/FDM data/Arrivals/Nuuk Arrival_ 210517_OY-GRH_07_02_25_59_14.csv,0.06879922480183435
2025.0,2.0,7.0,18.0,24.0,28.0,0.19999999999999996,0.07898034399040123,0.16000000000000003,/Users/rasmus/Desktop/Fysik/AppliedML2026/Final_project_data/data/ML_data/NBI/FDM data/Arrivals/Nuuk Arrival_ 210527_OY-GRG_07_02_25_26_18.csv,0.07930952023559346
2025.0,2.0,7.0,20.0,13.0,21.0,0.33000000000000007,0.10529012471592149,0.17999999999999994,/Users/rasmus/Desktop/Fysik/AppliedML2026/Final_project_data/data/ML_data/NBI/FDM data/Arrivals/Nuuk Arrival_ 210550_OY-GRO_07_02_25_16_20.csv,0.1261199825562944
2025.0,2.0,7.0,20.0,7.0,16.0,0.22999999999999998,0.07234178138070237,0.1299999999999999,/Users/rasmus/Desktop/Fysik/AppliedML2026/Final_project_data/data/ML_data/NBI/FDM data/Arrivals/Nuuk Arrival_ 210551_OY-GRH_07_02_25_09_20.csv,0.0826758375684641
2025.0,1.0,26.0,17.0,7.0,47.0,0.15999999999999992,0.052414159293917816,0.09000000000000008,/Users/rasmus/Desktop/Fysik/AppliedML2026/Final_project_data/data/ML_data/NBI/FDM data/Arrivals/Nuuk Arrival_ 210567_OY-GRR_26_01_25_59_16.csv,0.06074537019394979
2025.0,1.0,27.0,13.0,2.0,11.0,0.16999999999999993,0.057699486732819126,0.1200000000000001,/Users/rasmus/Desktop/Fysik/AppliedML2026/Final_project_data/data/ML_data/NBI/FDM data/Arrivals/Nuuk Arrival_ 210570_OY-GRR_27_01_25_56_12.csv,0.07145802963978226
2025.0,1.0,27.0,17.0,22.0,9.0,0.21999999999999997,0.059346029517670325,0.11899999999999993,/Users/rasmus/Desktop/Fysik/AppliedML2026/Final_project_data/data/ML_data/NBI/FDM data/Arrivals/Nuuk Arrival_ 210572_OY-GRR_27_01_25_13_17.csv,0.04994114182774387
2025.0,1.0,28.0,13.0,4.0,24.0,0.42000000000000004,0.09348796714016196,0.17599999999999988,/Users/rasmus/Desktop/Fysik/AppliedML2026/Final_project_data/data/ML_data/NBI/FDM data/Arrivals/Nuuk Arrival_ 210574_OY-GRR_28_01_25_57_12.csv,0.0879122939558025
2025.0,1.0,28.0,15.0,49.0,45.0,0.19999999999999996,0.06134423162855952,0.12949999999999978,/Users/rasmus/Desktop/Fysik/AppliedML2026/Final_project_data/data/ML_data/NBI/FDM data/Arrivals/Nuuk Arrival_ 210576_OY-GRR_28_01_25_43_15.csv,0.07362064927722387
2025.0,1.0,28.0,20.0,40.0,2.0,0.20999999999999996,0.07642473906230064,0.15,/Users/rasmus/Desktop/Fysik/AppliedML2026/Final_project_data/data/ML_data/NBI/FDM data/Arrivals/Nuuk Arrival_ 210579_OY-GRR_28_01_25_34_20.csv,0.09116529554118227
2025.0,1.0,31.0,15.0,19.0,33.0,0.1499999999999999,0.05349418573057026,0.1100000000000001,/Users/rasmus/Desktop/Fysik/AppliedML2026/Final_project_data/data/ML_data/NBI/FDM data/Arrivals/Nuuk Arrival_ 210582_OY-GRR_31_01_25_10_15.csv,0.07573878554851296
2025.0,2.0,1.0,16.0,31.0,28.0,0.53,0.11424297050882216,0.18999999999999995,/Users/rasmus/Desktop/Fysik/AppliedML2026/Final_project_data/data/ML_data/NBI/FDM data/Arrivals/Nuuk Arrival_ 210584_OY-GRR_01_02_25_22_16.csv,0.09300537618869138
2025.0,2.0,3.0,17.0,45.0,12.0,0.15999999999999992,0.05599493790394044,0.1100000000000001,/Users/rasmus/Desktop/Fysik/AppliedML2026/Final_project_data/data/ML_data/NBI/FDM data/Arrivals/Nuuk Arrival_ 210587_OY-GRR_03_02_25_40_17.csv,0.07328429733097071
2025.0,2.0,3.0,21.0,27.0,16.0,0.20999999999999996,0.05131093937943451,0.09000000000000008,/Users/rasmus/Desktop/Fysik/AppliedML2026/Final_project_data/data/ML_data/NBI/FDM data/Arrivals/Nuuk Arrival_ 210589_OY-GRR_03_02_25_20_21.csv,0.07158910531638178
2025.0,2.0,4.0,15.0,51.0,57.0,0.20999999999999996,0.05843375579914316,0.1200000000000001,/Users/rasmus/Desktop/Fysik/AppliedML2026/Final_project_data/data/ML_data/NBI/FDM data/Arrivals/Nuuk Arrival_ 210591_OY-GRR_04_02_25_32_15.csv,0.06154864169189807
2025.0,2.0,4.0,20.0,39.0,50.0,0.25,0.07871467461661773,0.16599999999999987,/Users/rasmus/Desktop/Fysik/AppliedML2026/Final_project_data/data/ML_data/NBI/FDM data/Arrivals/Nuuk Arrival_ 210594_OY-GRR_04_02_25_36_20.csv,0.08689073598491386
2025.0,2.0,5.0,18.0,12.0,26.0,0.48,0.09440773545012353,0.15599999999999958,/Users/rasmus/Desktop/Fysik/AppliedML2026/Final_project_data/data/ML_data/NBI/FDM data/Arrivals/Nuuk Arrival_ 210596_OY-GRR_05_02_25_57_17.csv,0.08306623862918074
2025.0,2.0,6.0,15.0,35.0,27.0,0.3700000000000001,0.09543457769954063,0.19249999999999995,/Users/rasmus/Desktop/Fysik/AppliedML2026/Final_project_data/data/ML_data/NBI/FDM data/Arrivals/Nuuk Arrival_ 210598_OY-GRR_06_02_25_29_15.csv,0.09643650760992957
2025.0,2.0,6.0,18.0,58.0,12.0,0.3799999999999999,0.08910044269749108,0.17749999999999994,/Users/rasmus/Desktop/Fysik/AppliedML2026/Final_project_data/data/ML_data/NBI/FDM data/Arrivals/Nuuk Arrival_ 210600_OY-GRR_06_02_25_52_18.csv,0.07786205751198724
2025.0,2.0,7.0,13.0,49.0,39.0,0.20999999999999996,0.06670832032063168,0.1499999999999999,/Users/rasmus/Desktop/Fysik/AppliedML2026/Final_project_data/data/ML_data/NBI/FDM data/Arrivals/Nuuk Arrival_ 210603_OY-GRR_07_02_25_39_13.csv,0.10361329203202782
2025.0,2.0,7.0,18.0,27.0,28.0,0.20999999999999996,0.06693877799900445,0.13799999999999987,/Users/rasmus/Desktop/Fysik/AppliedML2026/Final_project_data/data/ML_data/NBI/FDM data/Arrivals/Nuuk Arrival_ 210606_OY-GRR_07_02_25_25_18.csv,0.08017837257372736
2025.0,2.0,7.0,23.0,2.0,5.0,0.21999999999999997,0.0839132204806166,0.18549999999999997,/Users/rasmus/Desktop/Fysik/AppliedML2026/Final_project_data/data/ML_data/NBI/FDM data/Arrivals/Nuuk Arrival_ 210607_OY-GRG_07_02_25_03_23.csv,
2025.0,2.0,7.0,23.0,10.0,3.0,0.17999999999999994,0.056385373500825446,0.12250000000000005,/Users/rasmus/Desktop/Fysik/AppliedML2026/Final_project_data/data/ML_data/NBI/FDM data/Arrivals/Nuuk Arrival_ 210608_OY-GRP_07_02_25_11_23.csv,0.07720103626247514
2025.0,2.0,8.0,16.0,13.0,14.0,0.20999999999999996,0.054724901231658844,0.12300000000000001,/Users/rasmus/Desktop/Fysik/AppliedML2026/Final_project_data/data/ML_data/NBI/FDM data/Arrivals/Nuuk Arrival_ 210617_OY-GRG_08_02_25_15_16.csv,0.08291561975888499
2025.0,2.0,8.0,19.0,31.0,3.0,0.16999999999999993,0.04066939881532553,0.07050000000000003,/Users/rasmus/Desktop/Fysik/AppliedML2026/Final_project_data/data/ML_data/NBI/FDM data/Arrivals/Nuuk Arrival_ 210635_OY-GRH_08_02_25_32_19.csv,0.07189736274183339
2025.0,2.0,8.0,19.0,53.0,48.0,0.1200000000000001,0.03698031719238121,0.07350000000000001,/Users/rasmus/Desktop/Fysik/AppliedML2026/Final_project_data/data/ML_data/NBI/FDM data/Arrivals/Nuuk Arrival_ 210639_OY-GRP_08_02_25_54_19.csv,0.05409543224222993
2025.0,2.0,8.0,21.0,36.0,52.0,0.13,0.04194667817031299,0.08000000000000007,/Users/rasmus/Desktop/Fysik/AppliedML2026/Final_project_data/data/ML_data/NBI/FDM data/Arrivals/Nuuk Arrival_ 210647_OY-GRG_08_02_25_38_21.csv,0.04582575694955844
2025.0,2.0,8.0,22.0,0.0,24.0,0.47,0.0945149866781291,0.14799999999999974,/Users/rasmus/Desktop/Fysik/AppliedML2026/Final_project_data/data/ML_data/NBI/FDM data/Arrivals/Nuuk Arrival_ 210649_OY-GRO_08_02_25_02_22.csv,0.16304907236779975
2025.0,2.0,8.0,23.0,41.0,15.0,0.22999999999999998,0.05972784719322371,0.1100000000000001,/Users/rasmus/Desktop/Fysik/AppliedML2026/Final_project_data/data/ML_data/NBI/FDM data/Arrivals/Nuuk Arrival_ 210650_OY-GRH_08_02_25_42_23.csv,0.07884584115009917
2025.0,2.0,9.0,17.0,0.0,17.0,0.16999999999999993,0.05026850979413533,0.09000000000000008,/Users/rasmus/Desktop/Fysik/AppliedML2026/Final_project_data/data/ML_data/NBI/FDM data/Arrivals/Nuuk Arrival_ 210653_OY-GRG_09_02_25_01_17.csv,0.07752418977325723
2025.0,2.0,9.0,20.0,48.0,31.0,0.24,0.0789229296771783,0.18,/Users/rasmus/Desktop/Fysik/AppliedML2026/Final_project_data/data/ML_data/NBI/FDM data/Arrivals/Nuuk Arrival_ 210656_OY-GRP_09_02_25_49_20.csv,0.10593124454771864
2025.0,2.0,10.0,14.0,27.0,16.0,0.29000000000000004,0.07773048942022202,0.15999999999999995,/Users/rasmus/Desktop/Fysik/AppliedML2026/Final_project_data/data/ML_data/NBI/FDM data/Arrivals/Nuuk Arrival_ 210668_OY-GRK_10_02_25_29_14.csv,0.06403124237432849
2025.0,2.0,10.0,15.0,51.0,47.0,0.1200000000000001,0.05132456065389935,0.09000000000000008,/Users/rasmus/Desktop/Fysik/AppliedML2026/Final_project_data/data/ML_data/NBI/FDM data/Arrivals/Nuuk Arrival_ 210671_OY-GRP_10_02_25_52_15.csv,0.056879645899452165
2025.0,2.0,10.0,16.0,17.0,5.0,0.1200000000000001,0.028711458097542834,0.05599999999999996,/Users/rasmus/Desktop/Fysik/AppliedML2026/Final_project_data/data/ML_data/NBI/FDM data/Arrivals/Nuuk Arrival_ 210672_OY-GRG_10_02_25_18_16.csv,0.05313263519793582
2025.0,2.0,10.0,16.0,24.0,39.0,0.19999999999999996,0.058330601028906304,0.1200000000000001,/Users/rasmus/Desktop/Fysik/AppliedML2026/Final_project_data/data/ML_data/NBI/FDM data/Arrivals/Nuuk Arrival_ 210674_OY-GRH_10_02_25_25_16.csv,0.07079381827449595
2025.0,2.0,10.0,19.0,29.0,42.0,0.24,0.051370595218445225,0.1100000000000001,/Users/rasmus/Desktop/Fysik/AppliedML2026/Final_project_data/data/ML_data/NBI/FDM data/Arrivals/Nuuk Arrival_ 210682_OY-GRK_10_02_25_30_19.csv,0.09219544457292887
2025.0,2.0,10.0,19.0,17.0,53.0,0.19999999999999996,0.04554488207456292,0.09000000000000008,/Users/rasmus/Desktop/Fysik/AppliedML2026/Final_project_data/data/ML_data/NBI/FDM data/Arrivals/Nuuk Arrival_ 210693_OY-GRP_10_02_25_18_19.csv,0.05263637749023125
2025.0,2.0,10.0,20.0,26.0,10.0,0.20999999999999996,0.06112091641457666,0.12000000000000002,/Users/rasmus/Desktop/Fysik/AppliedML2026/Final_project_data/data/ML_data/NBI/FDM data/Arrivals/Nuuk Arrival_ 210699_OY-GRH_10_02_25_28_20.csv,0.05236092690801674
2025.0,2.0,10.0,23.0,14.0,22.0,0.26,0.08204620007878745,0.16999999999999998,/Users/rasmus/Desktop/Fysik/AppliedML2026/Final_project_data/data/ML_data/NBI/FDM data/Arrivals/Nuuk Arrival_ 210707_OY-GRG_10_02_25_17_23.csv,0.09766504768063926
2025.0,2.0,10.0,23.0,35.0,14.0,0.16999999999999993,0.06174237776536642,0.1299999999999999,/Users/rasmus/Desktop/Fysik/AppliedML2026/Final_project_data/data/ML_data/NBI/FDM data/Arrivals/Nuuk Arrival_ 210708_OY-GRK_10_02_25_36_23.csv,0.09038805230781334
2025.0,2.0,11.0,13.0,23.0,7.0,0.54,0.10188678045033296,0.18,/Users/rasmus/Desktop/Fysik/AppliedML2026/Final_project_data/data/ML_data/NBI/FDM data/Arrivals/Nuuk Arrival_ 210724_OY-GRH_11_02_25_25_13.csv,0.17800749047909936
2025.0,2.0,11.0,16.0,12.0,45.0,0.3700000000000001,0.08150718405534313,0.20449999999999985,/Users/rasmus/Desktop/Fysik/AppliedML2026/Final_project_data/data/ML_data/NBI/FDM data/Arrivals/Nuuk Arrival_ 210727_OY-GRG_11_02_25_15_16.csv,0.054046763377458146
2025.0,2.0,11.0,17.0,13.0,38.0,0.3700000000000001,0.11248374368144312,0.21999999999999997,/Users/rasmus/Desktop/Fysik/AppliedML2026/Final_project_data/data/ML_data/NBI/FDM data/Arrivals/Nuuk Arrival_ 210729_OY-GRO_11_02_25_14_17.csv,0.09380831519646861
2025.0,2.0,11.0,19.0,2.0,4.0,0.8799999999999999,0.19695858175471628,0.3949999999999995,/Users/rasmus/Desktop/Fysik/AppliedML2026/Final_project_data/data/ML_data/NBI/FDM data/Arrivals/Nuuk Arrival_ 210739_OY-GRH_11_02_25_04_19.csv,0.19367068268928403
2025.0,2.0,13.0,11.0,32.0,7.0,0.20999999999999996,0.07068145279063696,0.13,/Users/rasmus/Desktop/Fysik/AppliedML2026/Final_project_data/data/ML_data/NBI/FDM data/Arrivals/Nuuk Arrival_ 210771_OY-GRG_13_02_25_34_11.csv,0.05735852159879998
2025.0,2.0,13.0,11.0,39.0,15.0,0.28,0.06101738594272324,0.1100000000000001,/Users/rasmus/Desktop/Fysik/AppliedML2026/Final_project_data/data/ML_data/NBI/FDM data/Arrivals/Nuuk Arrival_ 210772_OY-GRP_13_02_25_42_11.csv,0.05212165257037301
2025.0,2.0,13.0,12.0,24.0,32.0,0.28,0.09397626541599992,0.1654999999999999,/Users/rasmus/Desktop/Fysik/AppliedML2026/Final_project_data/data/ML_data/NBI/FDM data/Arrivals/Nuuk Arrival_ 210773_OY-GRO_13_02_25_26_12.csv,0.12974333637352375
2025.0,2.0,14.0,13.0,1.0,1.0,0.33000000000000007,0.10079682534683324,0.23049999999999995,/Users/rasmus/Desktop/Fysik/AppliedML2026/Final_project_data/data/ML_data/NBI/FDM data/Arrivals/Nuuk Arrival_ 210783_OY-GRH_14_02_25_03_13.csv,0.06696727099572886
2025.0,2.0,14.0,13.0,33.0,15.0,0.1299999999999999,0.0479761336677874,0.10000000000000009,/Users/rasmus/Desktop/Fysik/AppliedML2026/Final_project_data/data/ML_data/NBI/FDM data/Arrivals/Nuuk Arrival_ 210784_OY-GRG_14_02_25_35_13.csv,0.06296257391725435
2025.0,2.0,14.0,14.0,26.0,48.0,0.24,0.08060272948231968,0.1399999999999999,/Users/rasmus/Desktop/Fysik/AppliedML2026/Final_project_data/data/ML_data/NBI/FDM data/Arrivals/Nuuk Arrival_ 210785_OY-GRO_14_02_25_27_14.csv,0.08853301778486514
2025.0,2.0,14.0,13.0,28.0,28.0,0.16999999999999993,0.0410449105820038,0.07500000000000007,/Users/rasmus/Desktop/Fysik/AppliedML2026/Final_project_data/data/ML_data/NBI/FDM data/Arrivals/Nuuk Arrival_ 210786_OY-GRP_14_02_25_30_13.csv,0.0596657355607052
2025.0,2.0,14.0,16.0,24.0,41.0,0.25,0.055044328034598536,0.10000000000000009,/Users/rasmus/Desktop/Fysik/AppliedML2026/Final_project_data/data/ML_data/NBI/FDM data/Arrivals/Nuuk Arrival_ 210800_OY-GRK_14_02_25_26_16.csv,0.07954034615631661
2025.0,2.0,14.0,17.0,45.0,46.0,0.13,0.047022453265552974,0.09199999999999994,/Users/rasmus/Desktop/Fysik/AppliedML2026/Final_project_data/data/ML_data/NBI/FDM data/Arrivals/Nuuk Arrival_ 210808_OY-GRG_14_02_25_47_17.csv,0.05928141120356128
2025.0,2.0,14.0,20.0,12.0,45.0,0.18999999999999995,0.05996567645696311,0.12000000000000005,/Users/rasmus/Desktop/Fysik/AppliedML2026/Final_project_data/data/ML_data/NBI/FDM data/Arrivals/Nuuk Arrival_ 210828_OY-GRP_14_02_25_14_20.csv,0.06347102826149448
2025.0,2.0,14.0,20.0,36.0,58.0,0.3899999999999999,0.07107742257566746,0.13,/Users/rasmus/Desktop/Fysik/AppliedML2026/Final_project_data/data/ML_data/NBI/FDM data/Arrivals/Nuuk Arrival_ 210829_OY-GRG_14_02_25_39_20.csv,0.057912400691442184
2025.0,2.0,1.0,16.0,31.0,28.0,0.53,0.11424297050882216,0.18999999999999995,/Users/rasmus/Desktop/Fysik/AppliedML2026/Final_project_data/data/ML_data/NBI/FDM data/Arrivals/Nuuk Arrival_ 210831_OY-GRR_01_02_25_22_16.csv,0.09300537618869138
2025.0,2.0,3.0,17.0,45.0,12.0,0.15999999999999992,0.05599493790394044,0.1100000000000001,/Users/rasmus/Desktop/Fysik/AppliedML2026/Final_project_data/data/ML_data/NBI/FDM data/Arrivals/Nuuk Arrival_ 210834_OY-GRR_03_02_25_40_17.csv,0.07328429733097071
2025.0,2.0,3.0,21.0,27.0,16.0,0.20999999999999996,0.05131093937943451,0.09000000000000008,/Users/rasmus/Desktop/Fysik/AppliedML2026/Final_project_data/data/ML_data/NBI/FDM data/Arrivals/Nuuk Arrival_ 210836_OY-GRR_03_02_25_20_21.csv,0.07158910531638178
2025.0,2.0,4.0,15.0,51.0,57.0,0.20999999999999996,0.05843375579914316,0.1200000000000001,/Users/rasmus/Desktop/Fysik/AppliedML2026/Final_project_data/data/ML_data/NBI/FDM data/Arrivals/Nuuk Arrival_ 210838_OY-GRR_04_02_25_32_15.csv,0.06154864169189807
2025.0,2.0,4.0,20.0,39.0,50.0,0.25,0.07871467461661773,0.16599999999999987,/Users/rasmus/Desktop/Fysik/AppliedML2026/Final_project_data/data/ML_data/NBI/FDM data/Arrivals/Nuuk Arrival_ 210841_OY-GRR_04_02_25_36_20.csv,0.08689073598491386
2025.0,2.0,5.0,18.0,12.0,26.0,0.48,0.09440773545012353,0.15599999999999958,/Users/rasmus/Desktop/Fysik/AppliedML2026/Final_project_data/data/ML_data/NBI/FDM data/Arrivals/Nuuk Arrival_ 210843_OY-GRR_05_02_25_57_17.csv,0.08306623862918074
2025.0,2.0,6.0,15.0,35.0,27.0,0.3700000000000001,0.09543457769954063,0.19249999999999995,/Users/rasmus/Desktop/Fysik/AppliedML2026/Final_project_data/data/ML_data/NBI/FDM data/Arrivals/Nuuk Arrival_ 210845_OY-GRR_06_02_25_29_15.csv,0.09643650760992957
2025.0,2.0,6.0,18.0,58.0,12.0,0.3799999999999999,0.08910044269749108,0.17749999999999994,/Users/rasmus/Desktop/Fysik/AppliedML2026/Final_project_data/data/ML_data/NBI/FDM data/Arrivals/Nuuk Arrival_ 210847_OY-GRR_06_02_25_52_18.csv,0.07786205751198724
2025.0,2.0,7.0,13.0,49.0,39.0,0.20999999999999996,0.06670832032063168,0.1499999999999999,/Users/rasmus/Desktop/Fysik/AppliedML2026/Final_project_data/data/ML_data/NBI/FDM data/Arrivals/Nuuk Arrival_ 210850_OY-GRR_07_02_25_39_13.csv,0.10361329203202782
2025.0,2.0,7.0,18.0,27.0,28.0,0.20999999999999996,0.06693877799900445,0.13799999999999987,/Users/rasmus/Desktop/Fysik/AppliedML2026/Final_project_data/data/ML_data/NBI/FDM data/Arrivals/Nuuk Arrival_ 210853_OY-GRR_07_02_25_25_18.csv,0.08017837257372736
2025.0,2.0,8.0,14.0,35.0,47.0,0.41999999999999993,0.10406773079390456,0.21999999999999997,/Users/rasmus/Desktop/Fysik/AppliedML2026/Final_project_data/data/ML_data/NBI/FDM data/Arrivals/Nuuk Arrival_ 210857_OY-GRR_08_02_25_34_14.csv,0.08908262617207852
2025.0,2.0,8.0,20.0,24.0,15.0,0.42999999999999994,0.09379853483724936,0.17000000000000004,/Users/rasmus/Desktop/Fysik/AppliedML2026/Final_project_data/data/ML_data/NBI/FDM data/Arrivals/Nuuk Arrival_ 210859_OY-GRR_08_02_25_13_20.csv,0.07844068572157302
2025.0,2.0,10.0,18.0,39.0,18.0,0.38,0.09250414879268741,0.21699999999999986,/Users/rasmus/Desktop/Fysik/AppliedML2026/Final_project_data/data/ML_data/NBI/FDM data/Arrivals/Nuuk Arrival_ 210862_OY-GRR_10_02_25_25_18.csv,0.06633249580710802
2025.0,2.0,11.0,13.0,42.0,32.0,0.20999999999999996,0.07636311479506859,0.15000000000000002,/Users/rasmus/Desktop/Fysik/AppliedML2026/Final_project_data/data/ML_data/NBI/FDM data/Arrivals/Nuuk Arrival_ 210864_OY-GRR_11_02_25_34_13.csv,0.102469507659596
2025.0,2.0,11.0,16.0,1.0,37.0,0.19999999999999996,0.07941265281270733,0.15999999999999992,/Users/rasmus/Desktop/Fysik/AppliedML2026/Final_project_data/data/ML_data/NBI/FDM data/Arrivals/Nuuk Arrival_ 210865_OY-GRR_11_02_25_48_15.csv,0.08589861133086747
2025.0,2.0,13.0,14.0,37.0,30.0,0.27,0.07587510296533377,0.15649999999999983,/Users/rasmus/Desktop/Fysik/AppliedML2026/Final_project_data/data/ML_data/NBI/FDM data/Arrivals/Nuuk Arrival_ 210867_OY-GRR_13_02_25_28_14.csv,0.06579187965525404
2025.0,2.0,14.0,13.0,46.0,28.0,0.26,0.05956541962990169,0.09949999999999998,/Users/rasmus/Desktop/Fysik/AppliedML2026/Final_project_data/data/ML_data/NBI/FDM data/Arrivals/Nuuk Arrival_ 210869_OY-GRR_14_02_25_39_13.csv,0.0501248441394086
2025.0,2.0,14.0,16.0,34.0,41.0,0.22999999999999998,0.06600446308611883,0.1200000000000001,/Users/rasmus/Desktop/Fysik/AppliedML2026/Final_project_data/data/ML_data/NBI/FDM data/Arrivals/Nuuk Arrival_ 210871_OY-GRR_14_02_25_31_16.csv,0.07167635593415729
2025.0,2.0,14.0,20.0,41.0,23.0,0.20999999999999996,0.08008745220070372,0.15549999999999975,/Users/rasmus/Desktop/Fysik/AppliedML2026/Final_project_data/data/ML_data/NBI/FDM data/Arrivals/Nuuk Arrival_ 210872_OY-GRO_14_02_25_43_20.csv,0.08208227579691006
2025.0,2.0,14.0,21.0,40.0,35.0,0.24,0.07644123501976874,0.16999999999999993,/Users/rasmus/Desktop/Fysik/AppliedML2026/Final_project_data/data/ML_data/NBI/FDM data/Arrivals/Nuuk Arrival_ 210873_OY-GRK_14_02_25_41_21.csv,0.06408002808988153
2025.0,2.0,14.0,23.0,33.0,32.0,0.21999999999999997,0.07421012637870157,0.14049999999999974,/Users/rasmus/Desktop/Fysik/AppliedML2026/Final_project_data/data/ML_data/NBI/FDM data/Arrivals/Nuuk Arrival_ 210877_OY-GRG_14_02_25_37_23.csv,0.0908845421400141
2025.0,2.0,15.0,0.0,47.0,12.0,0.26,0.07985261292265844,0.15499999999999992,/Users/rasmus/Desktop/Fysik/AppliedML2026/Final_project_data/data/ML_data/NBI/FDM data/Arrivals/Nuuk Arrival_ 210878_OY-GRP_15_02_25_50_00.csv,0.08549322142188182
2025.0,2.0,15.0,14.0,41.0,16.0,0.18999999999999995,0.06212594488233509,0.13599999999999984,/Users/rasmus/Desktop/Fysik/AppliedML2026/Final_project_data/data/ML_data/NBI/FDM data/Arrivals/Nuuk Arrival_ 210886_OY-GRP_15_02_25_43_14.csv,0.07431165603202654
2025.0,2.0,15.0,14.0,30.0,6.0,0.31000000000000005,0.09714587265634439,0.18999999999999995,/Users/rasmus/Desktop/Fysik/AppliedML2026/Final_project_data/data/ML_data/NBI/FDM data/Arrivals/Nuuk Arrival_ 210887_OY-GRO_15_02_25_34_14.csv,0.14310058622443786
2025.0,2.0,15.0,15.0,10.0,59.0,0.32000000000000006,0.07004671338524576,0.1369999999999998,/Users/rasmus/Desktop/Fysik/AppliedML2026/Final_project_data/data/ML_data/NBI/FDM data/Arrivals/Nuuk Arrival_ 210888_OY-GRK_15_02_25_11_15.csv,0.11084094137869041
2025.0,2.0,15.0,15.0,39.0,34.0,0.1499999999999999,0.04812617824280323,0.10000000000000009,/Users/rasmus/Desktop/Fysik/AppliedML2026/Final_project_data/data/ML_data/NBI/FDM data/Arrivals/Nuuk Arrival_ 210890_OY-GRG_15_02_25_41_15.csv,0.08286535263104039
2025.0,2.0,15.0,17.0,45.0,10.0,0.24,0.08035498165591902,0.1554999999999999,/Users/rasmus/Desktop/Fysik/AppliedML2026/Final_project_data/data/ML_data/NBI/FDM data/Arrivals/Nuuk Arrival_ 210899_OY-GRO_15_02_25_47_17.csv,0.09403646709047049
2025.0,2.0,15.0,17.0,49.0,24.0,0.30000000000000004,0.06651835354264786,0.1299999999999999,/Users/rasmus/Desktop/Fysik/AppliedML2026/Final_project_data/data/ML_data/NBI/FDM data/Arrivals/Nuuk Arrival_ 210903_OY-GRK_15_02_25_50_17.csv,0.10545141061171256
2025.0,2.0,15.0,21.0,16.0,30.0,0.26,0.07410458394527379,0.14349999999999993,/Users/rasmus/Desktop/Fysik/AppliedML2026/Final_project_data/data/ML_data/NBI/FDM data/Arrivals/Nuuk Arrival_ 210904_OY-GRG_15_02_25_18_21.csv,0.13142574813455418
2025.0,2.0,16.0,18.0,6.0,33.0,0.20999999999999996,0.07097071301081284,0.15299999999999997,/Users/rasmus/Desktop/Fysik/AppliedML2026/Final_project_data/data/ML_data/NBI/FDM data/Arrivals/Nuuk Arrival_ 210909_OY-GRG_16_02_25_08_18.csv,0.08185352771872449
2025.0,2.0,16.0,18.0,38.0,17.0,0.22999999999999998,0.10076252487781898,0.19999999999999996,/Users/rasmus/Desktop/Fysik/AppliedML2026/Final_project_data/data/ML_data/NBI/FDM data/Arrivals/Nuuk Arrival_ 210910_OY-GRO_16_02_25_39_18.csv,0.1208304597359457
2025.0,2.0,16.0,20.0,30.0,34.0,0.17999999999999994,0.06444636012478389,0.13549999999999987,/Users/rasmus/Desktop/Fysik/AppliedML2026/Final_project_data/data/ML_data/NBI/FDM data/Arrivals/Nuuk Arrival_ 210913_OY-GRG_16_02_25_32_20.csv,0.07689820110596435
2025.0,2.0,17.0,12.0,42.0,31.0,0.16999999999999993,0.04473171051866816,0.08000000000000007,/Users/rasmus/Desktop/Fysik/AppliedML2026/Final_project_data/data/ML_data/NBI/FDM data/Arrivals/Nuuk Arrival_ 210921_OY-GRP_17_02_25_44_12.csv,0.05189733454940955
2025.0,2.0,17.0,14.0,30.0,32.0,0.24,0.08185888585231577,0.1299999999999999,/Users/rasmus/Desktop/Fysik/AppliedML2026/Final_project_data/data/ML_data/NBI/FDM data/Arrivals/Nuuk Arrival_ 210925_OY-GRO_17_02_25_31_14.csv,0.11162437009900662
2025.0,2.0,17.0,13.0,1.0,12.0,0.1499999999999999,0.04092956581492366,0.07599999999999994,/Users/rasmus/Desktop/Fysik/AppliedML2026/Final_project_data/data/ML_data/NBI/FDM data/Arrivals/Nuuk Arrival_ 210927_OY-GRG_17_02_25_02_13.csv,0.05510320894796995
2025.0,2.0,17.0,16.0,53.0,56.0,0.15999999999999992,0.04816441965553741,0.10000000000000009,/Users/rasmus/Desktop/Fysik/AppliedML2026/Final_project_data/data/ML_data/NBI/FDM data/Arrivals/Nuuk Arrival_ 210929_OY-GRG_17_02_25_55_16.csv,0.0655198988312493
2025.0,2.0,17.0,17.0,35.0,20.0,0.21999999999999997,0.07934281957976996,0.1449999999999999,/Users/rasmus/Desktop/Fysik/AppliedML2026/Final_project_data/data/ML_data/NBI/FDM data/Arrivals/Nuuk Arrival_ 210930_OY-GRO_17_02_25_37_17.csv,0.09808159868191382
2025.0,2.0,17.0,20.0,49.0,10.0,0.32000000000000006,0.06613678306414728,0.1100000000000001,/Users/rasmus/Desktop/Fysik/AppliedML2026/Final_project_data/data/ML_data/NBI/FDM data/Arrivals/Nuuk Arrival_ 210960_OY-GRK_17_02_25_51_20.csv,0.05052109413285658
2025.0,2.0,17.0,20.0,58.0,37.0,0.15999999999999992,0.036909086980774636,0.07000000000000006,/Users/rasmus/Desktop/Fysik/AppliedML2026/Final_project_data/data/ML_data/NBI/FDM data/Arrivals/Nuuk Arrival_ 210961_OY-GRG_17_02_25_00_21.csv,0.05584068246522265
2025.0,2.0,17.0,23.0,26.0,49.0,0.21999999999999997,0.04393086909955825,0.08699999999999997,/Users/rasmus/Desktop/Fysik/AppliedML2026/Final_project_data/data/ML_data/NBI/FDM data/Arrivals/Nuuk Arrival_ 210964_OY-GRP_17_02_25_27_23.csv,0.046569840025492935
2025.0,2.0,17.0,23.0,53.0,25.0,0.1499999999999999,0.06566478818042183,0.1100000000000001,/Users/rasmus/Desktop/Fysik/AppliedML2026/Final_project_data/data/ML_data/NBI/FDM data/Arrivals/Nuuk Arrival_ 210965_OY-GRO_17_02_25_55_23.csv,0.08225975119502048
2025.0,2.0,18.0,12.0,38.0,50.0,0.18999999999999995,0.04420552499820553,0.08600000000000002,/Users/rasmus/Desktop/Fysik/AppliedML2026/Final_project_data/data/ML_data/NBI/FDM data/Arrivals/Nuuk Arrival_ 210970_OY-GRG_18_02_25_40_12.csv,0.08167881347955894
2025.0,2.0,18.0,13.0,21.0,51.0,0.4099999999999999,0.07524010782490517,0.14599999999999985,/Users/rasmus/Desktop/Fysik/AppliedML2026/Final_project_data/data/ML_data/NBI/FDM data/Arrivals/Nuuk Arrival_ 210974_OY-GRK_18_02_25_23_13.csv,0.07404953297174356
2025.0,2.0,18.0,15.0,12.0,32.0,0.21999999999999997,0.05249423931528415,0.10000000000000009,/Users/rasmus/Desktop/Fysik/AppliedML2026/Final_project_data/data/ML_data/NBI/FDM data/Arrivals/Nuuk Arrival_ 210978_OY-GRK_18_02_25_14_15.csv,0.11481869766433223
2025.0,2.0,18.0,15.0,34.0,49.0,0.17999999999999994,0.07905404027880976,0.1399999999999999,/Users/rasmus/Desktop/Fysik/AppliedML2026/Final_project_data/data/ML_data/NBI/FDM data/Arrivals/Nuuk Arrival_ 210979_OY-GRO_18_02_25_35_15.csv,0.10529324131522722
2025.0,2.0,18.0,16.0,0.0,19.0,0.18999999999999995,0.0566480361530742,0.13049999999999998,/Users/rasmus/Desktop/Fysik/AppliedML2026/Final_project_data/data/ML_data/NBI/FDM data/Arrivals/Nuuk Arrival_ 210980_OY-GRH_18_02_25_01_16.csv,0.11564050878791249
2025.0,2.0,18.0,17.0,56.0,16.0,0.17999999999999994,0.04720678989995221,0.08000000000000007,/Users/rasmus/Desktop/Fysik/AppliedML2026/Final_project_data/data/ML_data/NBI/FDM data/Arrivals/Nuuk Arrival_ 210983_OY-GRK_18_02_25_58_17.csv,0.05272570530585628
2025.0,2.0,18.0,15.0,16.0,19.0,0.17999999999999994,0.04553969297616791,0.09000000000000004,/Users/rasmus/Desktop/Fysik/AppliedML2026/Final_project_data/data/ML_data/NBI/FDM data/Arrivals/Nuuk Arrival_ 211005_OY-GRG_18_02_25_17_15.csv,0.07847504911329033
2025.0,2.0,18.0,18.0,41.0,40.0,0.29000000000000004,0.070983004701983,0.1299999999999999,/Users/rasmus/Desktop/Fysik/AppliedML2026/Final_project_data/data/ML_data/NBI/FDM data/Arrivals/Nuuk Arrival_ 211007_OY-GRG_18_02_25_44_18.csv,0.07353701318174616
2025.0,2.0,18.0,18.0,39.0,24.0,0.22999999999999998,0.06344131146185428,0.12799999999999992,/Users/rasmus/Desktop/Fysik/AppliedML2026/Final_project_data/data/ML_data/NBI/FDM data/Arrivals/Nuuk Arrival_ 211029_OY-GRP_18_02_25_41_18.csv,0.05374838498865704
2025.0,2.0,18.0,22.0,50.0,48.0,0.21999999999999997,0.05938574464184708,0.1100000000000001,/Users/rasmus/Desktop/Fysik/AppliedML2026/Final_project_data/data/ML_data/NBI/FDM data/Arrivals/Nuuk Arrival_ 211037_OY-GRK_18_02_25_51_22.csv,0.08336666000266536
2025.0,2.0,18.0,23.0,22.0,9.0,0.3700000000000001,0.09925397398266407,0.17999999999999994,/Users/rasmus/Desktop/Fysik/AppliedML2026/Final_project_data/data/ML_data/NBI/FDM data/Arrivals/Nuuk Arrival_ 211038_OY-GRO_18_02_25_24_23.csv,0.1593737745050923
2025.0,2.0,19.0,12.0,40.0,59.0,0.26,0.08231680471221033,0.1499999999999999,/Users/rasmus/Desktop/Fysik/AppliedML2026/Final_project_data/data/ML_data/NBI/FDM data/Arrivals/Nuuk Arrival_ 211058_OY-GRH_19_02_25_42_12.csv,0.10539607835841587
2025.0,2.0,19.0,12.0,48.0,57.0,0.26,0.10999999999999999,0.20149999999999987,/Users/rasmus/Desktop/Fysik/AppliedML2026/Final_project_data/data/ML_data/NBI/FDM data/Arrivals/Nuuk Arrival_ 211060_OY-GRO_19_02_25_49_12.csv,0.14881348912465744
2025.0,2.0,19.0,14.0,14.0,54.0,0.15999999999999992,0.04991964345745782,0.09000000000000008,/Users/rasmus/Desktop/Fysik/AppliedML2026/Final_project_data/data/ML_data/NBI/FDM data/Arrivals/Nuuk Arrival_ 211061_OY-GRK_19_02_25_16_14.csv,0.059273377947720626
2025.0,2.0,19.0,16.0,2.0,54.0,0.21999999999999997,0.06953885370002187,0.12999999999999992,/Users/rasmus/Desktop/Fysik/AppliedML2026/Final_project_data/data/ML_data/NBI/FDM data/Arrivals/Nuuk Arrival_ 211068_OY-GRG_19_02_25_04_16.csv,0.0724568837309472
2025.0,2.0,19.0,18.0,19.0,28.0,0.29000000000000004,0.07353080756402007,0.1399999999999999,/Users/rasmus/Desktop/Fysik/AppliedML2026/Final_project_data/data/ML_data/NBI/FDM data/Arrivals/Nuuk Arrival_ 211071_OY-GRK_19_02_25_22_18.csv,0.08026741021645799
2025.0,2.0,19.0,17.0,4.0,20.0,0.30000000000000004,0.1004594707489438,0.19699999999999984,/Users/rasmus/Desktop/Fysik/AppliedML2026/Final_project_data/data/ML_data/NBI/FDM data/Arrivals/Nuuk Arrival_ 211072_OY-GRO_19_02_25_06_17.csv,0.10859903314486738
2025.0,2.0,19.0,20.0,20.0,52.0,0.16999999999999993,0.058763296367715816,0.12999999999999992,/Users/rasmus/Desktop/Fysik/AppliedML2026/Final_project_data/data/ML_data/NBI/FDM data/Arrivals/Nuuk Arrival_ 211079_OY-GRP_19_02_25_21_20.csv,0.059420276259617245
2025.0,2.0,19.0,21.0,56.0,57.0,0.17999999999999994,0.04993514312103771,0.09649999999999993,/Users/rasmus/Desktop/Fysik/AppliedML2026/Final_project_data/data/ML_data/NBI/FDM data/Arrivals/Nuuk Arrival_ 211082_OY-GRG_19_02_25_58_21.csv,0.052662447088350696
2025.0,2.0,20.0,10.0,44.0,57.0,0.28,0.0920478136622484,0.16999999999999993,/Users/rasmus/Desktop/Fysik/AppliedML2026/Final_project_data/data/ML_data/NBI/FDM data/Arrivals/Nuuk Arrival_ 211105_OY-GRO_20_02_25_46_10.csv,0.10175728698498922
2025.0,2.0,20.0,15.0,21.0,23.0,0.1100000000000001,0.03171643427924759,0.06149999999999995,/Users/rasmus/Desktop/Fysik/AppliedML2026/Final_project_data/data/ML_data/NBI/FDM data/Arrivals/Nuuk Arrival_ 211113_OY-GRG_20_02_25_23_15.csv,0.04825527358301301
2025.0,2.0,20.0,15.0,28.0,28.0,0.26,0.05410353946329338,0.10000000000000009,/Users/rasmus/Desktop/Fysik/AppliedML2026/Final_project_data/data/ML_data/NBI/FDM data/Arrivals/Nuuk Arrival_ 211115_OY-GRH_20_02_25_30_15.csv,0.06029340028267659
2025.0,2.0,20.0,15.0,19.0,17.0,0.21999999999999997,0.07384133241539838,0.1200000000000001,/Users/rasmus/Desktop/Fysik/AppliedML2026/Final_project_data/data/ML_data/NBI/FDM data/Arrivals/Nuuk Arrival_ 211116_OY-GRO_20_02_25_21_15.csv,0.09697703570714802
2025.0,2.0,20.0,15.0,52.0,48.0,0.1499999999999999,0.039212330173133546,0.08000000000000007,/Users/rasmus/Desktop/Fysik/AppliedML2026/Final_project_data/data/ML_data/NBI/FDM data/Arrivals/Nuuk Arrival_ 211119_OY-GRK_20_02_25_53_15.csv,0.04599331055039003
2025.0,2.0,20.0,19.0,0.0,20.0,0.21999999999999997,0.07244213723975332,0.12199999999999996,/Users/rasmus/Desktop/Fysik/AppliedML2026/Final_project_data/data/ML_data/NBI/FDM data/Arrivals/Nuuk Arrival_ 211145_OY-GRO_20_02_25_02_19.csv,0.09754890811118401
2025.0,2.0,20.0,19.0,10.0,6.0,0.15000000000000002,0.05381161264236945,0.1050000000000001,/Users/rasmus/Desktop/Fysik/AppliedML2026/Final_project_data/data/ML_data/NBI/FDM data/Arrivals/Nuuk Arrival_ 211146_OY-GRP_20_02_25_12_19.csv,0.04308421984903525
2025.0,2.0,20.0,20.0,40.0,46.0,0.1499999999999999,0.04206004777752422,0.07000000000000006,/Users/rasmus/Desktop/Fysik/AppliedML2026/Final_project_data/data/ML_data/NBI/FDM data/Arrivals/Nuuk Arrival_ 211147_OY-GRG_20_02_25_42_20.csv,0.03572380825430679
2025.0,2.0,20.0,23.0,43.0,53.0,0.16999999999999993,0.07744803547023127,0.1399999999999999,/Users/rasmus/Desktop/Fysik/AppliedML2026/Final_project_data/data/ML_data/NBI/FDM data/Arrivals/Nuuk Arrival_ 211158_OY-GRO_20_02_25_44_23.csv,0.09429563439877091
2025.0,2.0,20.0,20.0,30.0,2.0,0.18000000000000005,0.05537432428006401,0.11549999999999983,/Users/rasmus/Desktop/Fysik/AppliedML2026/Final_project_data/data/ML_data/NBI/FDM data/Arrivals/Nuuk Arrival_ 211159_OY-GRK_20_02_25_33_20.csv,0.08475454756727413
2025.0,2.0,21.0,13.0,50.0,31.0,0.20999999999999996,0.061192628764631884,0.12000000000000001,/Users/rasmus/Desktop/Fysik/AppliedML2026/Final_project_data/data/ML_data/NBI/FDM data/Arrivals/Nuuk Arrival_ 211160_OY-GRH_21_02_25_51_13.csv,0.09715174490693176
2025.0,2.0,21.0,16.0,17.0,19.0,0.19999999999999996,0.07691694362243093,0.1399999999999999,/Users/rasmus/Desktop/Fysik/AppliedML2026/Final_project_data/data/ML_data/NBI/FDM data/Arrivals/Nuuk Arrival_ 211165_OY-GRO_21_02_25_19_16.csv,0.11183320914051723
2025.0,2.0,21.0,17.0,28.0,33.0,0.4099999999999999,0.055901699437494755,0.10000000000000009,/Users/rasmus/Desktop/Fysik/AppliedML2026/Final_project_data/data/ML_data/NBI/FDM data/Arrivals/Nuuk Arrival_ 211166_OY-GRP_21_02_25_30_17.csv,0.13091394707387574
2025.0,2.0,21.0,17.0,33.0,14.0,0.10000000000000009,0.038554980047803014,0.08000000000000007,/Users/rasmus/Desktop/Fysik/AppliedML2026/Final_project_data/data/ML_data/NBI/FDM data/Arrivals/Nuuk Arrival_ 211167_OY-GRG_21_02_25_35_17.csv,0.050607421502296634
2025.0,2.0,21.0,20.0,56.0,20.0,0.15999999999999992,0.04825664414050884,0.09000000000000004,/Users/rasmus/Desktop/Fysik/AppliedML2026/Final_project_data/data/ML_data/NBI/FDM data/Arrivals/Nuuk Arrival_ 211196_OY-GRP_21_02_25_58_20.csv,0.07901175319442763
2025.0,2.0,21.0,18.0,33.0,52.0,0.18999999999999995,0.04687634056054108,0.09000000000000008,/Users/rasmus/Desktop/Fysik/AppliedML2026/Final_project_data/data/ML_data/NBI/FDM data/Arrivals/Nuuk Arrival_ 211197_OY-GRK_21_02_25_34_18.csv,0.04472135954999582
2025.0,2.0,21.0,21.0,51.0,55.0,0.19999999999999996,0.08175165645620484,0.1499999999999999,/Users/rasmus/Desktop/Fysik/AppliedML2026/Final_project_data/data/ML_data/NBI/FDM data/Arrivals/Nuuk Arrival_ 211198_OY-GRO_21_02_25_52_21.csv,0.08912771734987945
2025.0,2.0,15.0,15.0,36.0,15.0,0.17999999999999994,0.054278484191748105,0.1150000000000001,/Users/rasmus/Desktop/Fysik/AppliedML2026/Final_project_data/data/ML_data/NBI/FDM data/Arrivals/Nuuk Arrival_ 211201_OY-GRR_15_02_25_27_15.csv,0.08598449472627805
2025.0,2.0,15.0,18.0,52.0,8.0,0.33000000000000007,0.10091808291609318,0.1865,/Users/rasmus/Desktop/Fysik/AppliedML2026/Final_project_data/data/ML_data/NBI/FDM data/Arrivals/Nuuk Arrival_ 211203_OY-GRR_15_02_25_47_18.csv,0.10900114678295818
2025.0,2.0,17.0,17.0,21.0,52.0,0.31000000000000005,0.0715438223644678,0.1399999999999999,/Users/rasmus/Desktop/Fysik/AppliedML2026/Final_project_data/data/ML_data/NBI/FDM data/Arrivals/Nuuk Arrival_ 211206_OY-GRR_17_02_25_14_17.csv,0.09875896583770678
2025.0,2.0,17.0,20.0,36.0,0.0,0.4099999999999999,0.08841433151415001,0.16799999999999957,/Users/rasmus/Desktop/Fysik/AppliedML2026/Final_project_data/data/ML_data/NBI/FDM data/Arrivals/Nuuk Arrival_ 211208_OY-GRR_17_02_25_29_20.csv,0.06864229531332967
2025.0,2.0,18.0,14.0,51.0,19.0,0.19999999999999996,0.05775329460710174,0.1100000000000001,/Users/rasmus/Desktop/Fysik/AppliedML2026/Final_project_data/data/ML_data/NBI/FDM data/Arrivals/Nuuk Arrival_ 211210_OY-GRR_18_02_25_41_14.csv,0.0901585904313695
2025.0,2.0,20.0,14.0,50.0,50.0,0.32999999999999996,0.08498739402321467,0.1779999999999999,/Users/rasmus/Desktop/Fysik/AppliedML2026/Final_project_data/data/ML_data/NBI/FDM data/Arrivals/Nuuk Arrival_ 211214_OY-GRR_20_02_25_44_14.csv,0.07866949147470634
2025.0,2.0,20.0,18.0,50.0,45.0,0.15999999999999992,0.051246751196507324,0.1100000000000001,/Users/rasmus/Desktop/Fysik/AppliedML2026/Final_project_data/data/ML_data/NBI/FDM data/Arrivals/Nuuk Arrival_ 211216_OY-GRR_20_02_25_49_18.csv,0.06614378277661478
2025.0,2.0,21.0,19.0,23.0,29.0,0.1399999999999999,0.05700877125495693,0.11449999999999999,/Users/rasmus/Desktop/Fysik/AppliedML2026/Final_project_data/data/ML_data/NBI/FDM data/Arrivals/Nuuk Arrival_ 211217_OY-GRR_21_02_25_46_18.csv,0.0640312423743285
2025.0,2.0,22.0,14.0,50.0,33.0,0.18999999999999995,0.07389291306766856,0.1299999999999999,/Users/rasmus/Desktop/Fysik/AppliedML2026/Final_project_data/data/ML_data/NBI/FDM data/Arrivals/Nuuk Arrival_ 211226_OY-GRO_22_02_25_52_14.csv,0.08062257748298553
2025.0,2.0,22.0,13.0,26.0,9.0,0.18999999999999995,0.06431711006786621,0.13099999999999984,/Users/rasmus/Desktop/Fysik/AppliedML2026/Final_project_data/data/ML_data/NBI/FDM data/Arrivals/Nuuk Arrival_ 211236_OY-GRH_22_02_25_28_13.csv,0.07071067811865477
2025.0,2.0,22.0,15.0,32.0,25.0,0.1100000000000001,0.04988583457483771,0.09000000000000008,/Users/rasmus/Desktop/Fysik/AppliedML2026/Final_project_data/data/ML_data/NBI/FDM data/Arrivals/Nuuk Arrival_ 211238_OY-GRK_22_02_25_34_15.csv,0.07334848328356905
2025.0,2.0,22.0,15.0,40.0,33.0,0.30000000000000004,0.07098513146348953,0.12999999999999998,/Users/rasmus/Desktop/Fysik/AppliedML2026/Final_project_data/data/ML_data/NBI/FDM data/Arrivals/Nuuk Arrival_ 211240_OY-GRP_22_02_25_41_15.csv,0.09150591966279198
2025.0,2.0,22.0,16.0,7.0,6.0,0.26,0.06370922420047942,0.1299999999999999,/Users/rasmus/Desktop/Fysik/AppliedML2026/Final_project_data/data/ML_data/NBI/FDM data/Arrivals/Nuuk Arrival_ 211241_OY-GRH_22_02_25_09_16.csv,0.1115347479487895
2025.0,2.0,22.0,16.0,33.0,1.0,0.1200000000000001,0.045216374776680286,0.09750000000000009,/Users/rasmus/Desktop/Fysik/AppliedML2026/Final_project_data/data/ML_data/NBI/FDM data/Arrivals/Nuuk Arrival_ 211244_OY-GRM_22_02_25_35_16.csv,0.06519202405202654
2025.0,2.0,22.0,18.0,32.0,41.0,0.20999999999999996,0.06098873804420207,0.10000000000000009,/Users/rasmus/Desktop/Fysik/AppliedML2026/Final_project_data/data/ML_data/NBI/FDM data/Arrivals/Nuuk Arrival_ 211246_OY-GRG_22_02_25_34_18.csv,0.04917501213199466
2025.0,2.0,22.0,20.0,12.0,15.0,0.16999999999999993,0.053875049961957,0.1100000000000001,/Users/rasmus/Desktop/Fysik/AppliedML2026/Final_project_data/data/ML_data/NBI/FDM data/Arrivals/Nuuk Arrival_ 211261_OY-GRK_22_02_25_14_20.csv,0.06866865817375944
2025.0,2.0,22.0,20.0,36.0,56.0,0.16999999999999993,0.04997320710712322,0.08449999999999996,/Users/rasmus/Desktop/Fysik/AppliedML2026/Final_project_data/data/ML_data/NBI/FDM data/Arrivals/Nuuk Arrival_ 211262_OY-GRP_22_02_25_37_20.csv,0.06562882641905811
2025.0,2.0,22.0,20.0,3.0,18.0,0.15999999999999992,0.05379403730537806,0.1100000000000001,/Users/rasmus/Desktop/Fysik/AppliedML2026/Final_project_data/data/ML_data/NBI/FDM data/Arrivals/Nuuk Arrival_ 211263_OY-GRM_22_02_25_05_20.csv,0.06605782590758165
2025.0,2.0,23.0,12.0,46.0,5.0,0.1299999999999999,0.034829796928755735,0.06949999999999995,/Users/rasmus/Desktop/Fysik/AppliedML2026/Final_project_data/data/ML_data/NBI/FDM data/Arrivals/Nuuk Arrival_ 211265_OY-GRK_23_02_25_48_12.csv,0.048882243035795005
2025.0,2.0,22.0,21.0,11.0,54.0,0.22999999999999998,0.07982981899014932,0.1399999999999999,/Users/rasmus/Desktop/Fysik/AppliedML2026/Final_project_data/data/ML_data/NBI/FDM data/Arrivals/Nuuk Arrival_ 211266_OY-GRO_22_02_25_12_21.csv,0.10055727077582384
2025.0,2.0,23.0,15.0,57.0,15.0,0.25,0.06841115830101537,0.1299999999999999,/Users/rasmus/Desktop/Fysik/AppliedML2026/Final_project_data/data/ML_data/NBI/FDM data/Arrivals/Nuuk Arrival_ 211270_OY-GRM_23_02_25_01_16.csv,0.07711717593071866
2025.0,2.0,23.0,16.0,50.0,7.0,0.25,0.05736922581119115,0.10000000000000009,/Users/rasmus/Desktop/Fysik/AppliedML2026/Final_project_data/data/ML_data/NBI/FDM data/Arrivals/Nuuk Arrival_ 211271_OY-GRK_23_02_25_52_16.csv,0.08525696452489967
2025.0,2.0,23.0,19.0,3.0,23.0,0.22999999999999998,0.0559761854124889,0.10000000000000007,/Users/rasmus/Desktop/Fysik/AppliedML2026/Final_project_data/data/ML_data/NBI/FDM data/Arrivals/Nuuk Arrival_ 211272_OY-GRG_23_02_25_05_19.csv,0.06187545093630777
2025.0,2.0,23.0,20.0,22.0,0.0,0.22999999999999998,0.07427338307274595,0.14699999999999983,/Users/rasmus/Desktop/Fysik/AppliedML2026/Final_project_data/data/ML_data/NBI/FDM data/Arrivals/Nuuk Arrival_ 211273_OY-GRP_23_02_25_24_20.csv,0.04873397172404485
2025.0,2.0,24.0,13.0,2.0,41.0,0.21999999999999997,0.08969645781999727,0.19799999999999993,/Users/rasmus/Desktop/Fysik/AppliedML2026/Final_project_data/data/ML_data/NBI/FDM data/Arrivals/Nuuk Arrival_ 211283_OY-GRH_24_02_25_02_13.csv,
2025.0,2.0,24.0,14.0,50.0,43.0,0.1399999999999999,0.05600264544016024,0.10000000000000009,/Users/rasmus/Desktop/Fysik/AppliedML2026/Final_project_data/data/ML_data/NBI/FDM data/Arrivals/Nuuk Arrival_ 211284_OY-GRM_24_02_25_51_14.csv,0.06979562000174923
2025.0,2.0,24.0,13.0,48.0,12.0,0.16000000000000003,0.0591457038652368,0.12449999999999983,/Users/rasmus/Desktop/Fysik/AppliedML2026/Final_project_data/data/ML_data/NBI/FDM data/Arrivals/Nuuk Arrival_ 211289_OY-GRP_24_02_25_50_13.csv,0.06606274074155352
2025.0,2.0,24.0,17.0,3.0,40.0,0.3400000000000001,0.07695207353685556,0.1299999999999999,/Users/rasmus/Desktop/Fysik/AppliedML2026/Final_project_data/data/ML_data/NBI/FDM data/Arrivals/Nuuk Arrival_ 211292_OY-GRM_24_02_25_04_17.csv,0.06850443155633906
2025.0,2.0,24.0,18.0,4.0,24.0,0.19999999999999996,0.08321394957282569,0.15999999999999992,/Users/rasmus/Desktop/Fysik/AppliedML2026/Final_project_data/data/ML_data/NBI/FDM data/Arrivals/Nuuk Arrival_ 211294_OY-GRO_24_02_25_06_18.csv,0.09190295885418409
2025.0,2.0,24.0,19.0,21.0,36.0,0.1299999999999999,0.04556631057913091,0.08199999999999996,/Users/rasmus/Desktop/Fysik/AppliedML2026/Final_project_data/data/ML_data/NBI/FDM data/Arrivals/Nuuk Arrival_ 211302_OY-GRK_24_02_25_22_19.csv,0.04105745103771408
2025.0,2.0,24.0,22.0,27.0,28.0,0.10000000000000009,0.038962934132589076,0.08000000000000007,/Users/rasmus/Desktop/Fysik/AppliedML2026/Final_project_data/data/ML_data/NBI/FDM data/Arrivals/Nuuk Arrival_ 211311_OY-GRP_24_02_25_29_22.csv,0.042500000000000024
2025.0,2.0,24.0,22.0,57.0,4.0,0.21999999999999997,0.06234223786365663,0.12100000000000002,/Users/rasmus/Desktop/Fysik/AppliedML2026/Final_project_data/data/ML_data/NBI/FDM data/Arrivals/Nuuk Arrival_ 211312_OY-GRH_24_02_25_59_22.csv,0.05764613536983142
2025.0,2.0,25.0,12.0,2.0,49.0,0.20999999999999996,0.07749039879083025,0.1499999999999999,/Users/rasmus/Desktop/Fysik/AppliedML2026/Final_project_data/data/ML_data/NBI/FDM data/Arrivals/Nuuk Arrival_ 211317_OY-GRH_25_02_25_03_12.csv,0.08594571930391104
2025.0,2.0,25.0,15.0,9.0,45.0,0.35,0.12406183370673338,0.23399999999999976,/Users/rasmus/Desktop/Fysik/AppliedML2026/Final_project_data/data/ML_data/NBI/FDM data/Arrivals/Nuuk Arrival_ 211325_OY-GRH_25_02_25_10_15.csv,0.07833080036431576
2025.0,2.0,25.0,15.0,26.0,10.0,0.24,0.07886041793727307,0.1499999999999999,/Users/rasmus/Desktop/Fysik/AppliedML2026/Final_project_data/data/ML_data/NBI/FDM data/Arrivals/Nuuk Arrival_ 211326_OY-GRK_25_02_25_28_15.csv,0.08822320178577364
2025.0,2.0,25.0,14.0,55.0,59.0,0.3799999999999999,0.11759200137712934,0.24,/Users/rasmus/Desktop/Fysik/AppliedML2026/Final_project_data/data/ML_data/NBI/FDM data/Arrivals/Nuuk Arrival_ 211327_OY-GRO_25_02_25_57_14.csv,0.13057564857200593
2025.0,2.0,25.0,15.0,38.0,37.0,0.24,0.08748589322059325,0.17999999999999994,/Users/rasmus/Desktop/Fysik/AppliedML2026/Final_project_data/data/ML_data/NBI/FDM data/Arrivals/Nuuk Arrival_ 211328_OY-GRM_25_02_25_39_15.csv,0.10548301601047756
2025.0,2.0,25.0,18.0,18.0,49.0,0.3999999999999999,0.09431239359812102,0.17999999999999994,/Users/rasmus/Desktop/Fysik/AppliedML2026/Final_project_data/data/ML_data/NBI/FDM data/Arrivals/Nuuk Arrival_ 211340_OY-GRH_25_02_25_19_18.csv,0.13021959475110823
2025.0,2.0,25.0,19.0,40.0,53.0,0.43999999999999995,0.14626502638677927,0.31699999999999995,/Users/rasmus/Desktop/Fysik/AppliedML2026/Final_project_data/data/ML_data/NBI/FDM data/Arrivals/Nuuk Arrival_ 211346_OY-GRO_25_02_25_41_19.csv,0.16021860066796242
2025.0,2.0,25.0,19.0,43.0,25.0,0.49,0.13697367855864195,0.26699999999999974,/Users/rasmus/Desktop/Fysik/AppliedML2026/Final_project_data/data/ML_data/NBI/FDM data/Arrivals/Nuuk Arrival_ 211352_OY-GRP_25_02_25_45_19.csv,0.1875277757204694
2025.0,2.0,25.0,20.0,46.0,21.0,0.44999999999999996,0.14330872724418364,0.306,/Users/rasmus/Desktop/Fysik/AppliedML2026/Final_project_data/data/ML_data/NBI/FDM data/Arrivals/Nuuk Arrival_ 211378_OY-GRM_25_02_25_48_20.csv,0.11869662543176572
2025.0,2.0,26.0,12.0,34.0,13.0,0.20999999999999996,0.07124165308531491,0.14699999999999985,/Users/rasmus/Desktop/Fysik/AppliedML2026/Final_project_data/data/ML_data/NBI/FDM data/Arrivals/Nuuk Arrival_ 211382_OY-GRH_26_02_25_36_12.csv,0.08779711460710612
2025.0,2.0,26.0,14.0,5.0,56.0,0.15999999999999992,0.05004223568259794,0.09949999999999987,/Users/rasmus/Desktop/Fysik/AppliedML2026/Final_project_data/data/ML_data/NBI/FDM data/Arrivals/Nuuk Arrival_ 211385_OY-GRK_26_02_25_07_14.csv,0.08440100361823137
2025.0,2.0,26.0,15.0,16.0,0.0,0.31000000000000005,0.08421271175967325,0.15999999999999992,/Users/rasmus/Desktop/Fysik/AppliedML2026/Final_project_data/data/ML_data/NBI/FDM data/Arrivals/Nuuk Arrival_ 211386_OY-GRM_26_02_25_20_15.csv,0.07826237921249268
2025.0,2.0,26.0,14.0,55.0,40.0,0.25,0.08864519735717642,0.16149999999999998,/Users/rasmus/Desktop/Fysik/AppliedML2026/Final_project_data/data/ML_data/NBI/FDM data/Arrivals/Nuuk Arrival_ 211394_OY-GRO_26_02_25_56_14.csv,0.10614455552060438
2025.0,2.0,26.0,19.0,25.0,50.0,0.19999999999999996,0.0835205105089503,0.15999999999999992,/Users/rasmus/Desktop/Fysik/AppliedML2026/Final_project_data/data/ML_data/NBI/FDM data/Arrivals/Nuuk Arrival_ 211414_OY-GRO_26_02_25_27_19.csv,0.08811923740024086
2025.0,2.0,26.0,20.0,58.0,35.0,0.15999999999999992,0.04668087914352023,0.10000000000000009,/Users/rasmus/Desktop/Fysik/AppliedML2026/Final_project_data/data/ML_data/NBI/FDM data/Arrivals/Nuuk Arrival_ 211422_OY-GRP_26_02_25_00_21.csv,0.04193833007419069
2025.0,2.0,26.0,20.0,34.0,41.0,0.26,0.07713624310270757,0.1399999999999999,/Users/rasmus/Desktop/Fysik/AppliedML2026/Final_project_data/data/ML_data/NBI/FDM data/Arrivals/Nuuk Arrival_ 211424_OY-GRM_26_02_25_36_20.csv,0.08078561622884166
2025.0,2.0,27.0,0.0,2.0,10.0,0.3600000000000001,0.0828761819732397,0.14549999999999988,/Users/rasmus/Desktop/Fysik/AppliedML2026/Final_project_data/data/ML_data/NBI/FDM data/Arrivals/Nuuk Arrival_ 211425_OY-GRJ_27_02_25_04_00.csv,0.11169153951844342
2025.0,2.0,27.0,11.0,31.0,2.0,0.15999999999999992,0.06568491281885613,0.11399999999999988,/Users/rasmus/Desktop/Fysik/AppliedML2026/Final_project_data/data/ML_data/NBI/FDM data/Arrivals/Nuuk Arrival_ 211428_OY-GRO_27_02_25_34_11.csv,0.08369919686326481
2025.0,2.0,27.0,14.0,37.0,25.0,0.10000000000000009,0.03681787005729089,0.07049999999999988,/Users/rasmus/Desktop/Fysik/AppliedML2026/Final_project_data/data/ML_data/NBI/FDM data/Arrivals/Nuuk Arrival_ 211435_OY-GRG_27_02_25_41_14.csv,0.043528575006600734
2025.0,2.0,27.0,12.0,33.0,16.0,0.19999999999999996,0.059771068629909024,0.1100000000000001,/Users/rasmus/Desktop/Fysik/AppliedML2026/Final_project_data/data/ML_data/NBI/FDM data/Arrivals/Nuuk Arrival_ 211437_OY-GRJ_27_02_25_37_12.csv,0.0815913160645351
2025.0,2.0,27.0,15.0,44.0,13.0,0.20999999999999996,0.07815086781050411,0.1499999999999999,/Users/rasmus/Desktop/Fysik/AppliedML2026/Final_project_data/data/ML_data/NBI/FDM data/Arrivals/Nuuk Arrival_ 211439_OY-GRJ_27_02_25_47_15.csv,0.06985699678629195
2025.0,2.0,27.0,15.0,51.0,12.0,0.15999999999999992,0.0740737678056347,0.1200000000000001,/Users/rasmus/Desktop/Fysik/AppliedML2026/Final_project_data/data/ML_data/NBI/FDM data/Arrivals/Nuuk Arrival_ 211440_OY-GRO_27_02_25_53_15.csv,0.07338742593737904
2025.0,2.0,27.0,14.0,55.0,4.0,0.15999999999999992,0.049124567585841106,0.09000000000000008,/Users/rasmus/Desktop/Fysik/AppliedML2026/Final_project_data/data/ML_data/NBI/FDM data/Arrivals/Nuuk Arrival_ 211441_OY-GRH_27_02_25_57_14.csv,0.07147790504128469
2025.0,2.0,27.0,15.0,24.0,5.0,0.25,0.0508329315316811,0.1100000000000001,/Users/rasmus/Desktop/Fysik/AppliedML2026/Final_project_data/data/ML_data/NBI/FDM data/Arrivals/Nuuk Arrival_ 211450_OY-GRK_27_02_25_29_15.csv,0.08127884103504432
2025.0,2.0,27.0,18.0,38.0,17.0,0.22999999999999998,0.06482566516361656,0.1299999999999999,/Users/rasmus/Desktop/Fysik/AppliedML2026/Final_project_data/data/ML_data/NBI/FDM data/Arrivals/Nuuk Arrival_ 211453_OY-GRH_27_02_25_41_18.csv,0.05697502826812683
2025.0,2.0,27.0,18.0,54.0,44.0,0.22999999999999998,0.07402344357482633,0.14999999999999997,/Users/rasmus/Desktop/Fysik/AppliedML2026/Final_project_data/data/ML_data/NBI/FDM data/Arrivals/Nuuk Arrival_ 211454_OY-GRG_27_02_25_57_18.csv,0.07425823667638305
2025.0,2.0,27.0,21.0,16.0,11.0,0.30000000000000004,0.1024872038012804,0.18399999999999972,/Users/rasmus/Desktop/Fysik/AppliedML2026/Final_project_data/data/ML_data/NBI/FDM data/Arrivals/Nuuk Arrival_ 211473_OY-GRO_27_02_25_19_21.csv,0.10292594425119451
2025.0,2.0,27.0,21.0,58.0,51.0,0.22999999999999998,0.0604188917299557,0.1100000000000001,/Users/rasmus/Desktop/Fysik/AppliedML2026/Final_project_data/data/ML_data/NBI/FDM data/Arrivals/Nuuk Arrival_ 211474_OY-GRG_27_02_25_00_22.csv,0.09015138782776852
2025.0,2.0,27.0,19.0,30.0,49.0,0.21999999999999997,0.06565530800343984,0.1299999999999999,/Users/rasmus/Desktop/Fysik/AppliedML2026/Final_project_data/data/ML_data/NBI/FDM data/Arrivals/Nuuk Arrival_ 211476_OY-GRP_27_02_25_31_19.csv,0.08544003745317531
2025.0,2.0,28.0,13.0,42.0,17.0,0.24,0.0733634226356835,0.13999999999999999,/Users/rasmus/Desktop/Fysik/AppliedML2026/Final_project_data/data/ML_data/NBI/FDM data/Arrivals/Nuuk Arrival_ 211486_OY-GRK_28_02_25_44_13.csv,0.07241853660800145
2025.0,2.0,28.0,13.0,47.0,47.0,0.24,0.07900085285471956,0.15999999999999992,/Users/rasmus/Desktop/Fysik/AppliedML2026/Final_project_data/data/ML_data/NBI/FDM data/Arrivals/Nuuk Arrival_ 211487_OY-GRJ_28_02_25_49_13.csv,0.11154418525032085
2025.0,2.0,28.0,14.0,54.0,16.0,0.33999999999999997,0.07333212120210353,0.13999999999999999,/Users/rasmus/Desktop/Fysik/AppliedML2026/Final_project_data/data/ML_data/NBI/FDM data/Arrivals/Nuuk Arrival_ 211488_OY-GRG_28_02_25_56_14.csv,0.06444331754705522
2025.0,2.0,28.0,19.0,21.0,31.0,0.15000000000000002,0.04377832058660384,0.09000000000000001,/Users/rasmus/Desktop/Fysik/AppliedML2026/Final_project_data/data/ML_data/NBI/FDM data/Arrivals/Nuuk Arrival_ 211496_OY-GRG_28_02_25_23_19.csv,0.04678556282539404
2025.0,2.0,28.0,20.0,20.0,0.0,0.1499999999999999,0.053598572905851356,0.10000000000000009,/Users/rasmus/Desktop/Fysik/AppliedML2026/Final_project_data/data/ML_data/NBI/FDM data/Arrivals/Nuuk Arrival_ 211497_OY-GRK_28_02_25_21_20.csv,0.05899152481501052
2025.0,2.0,28.0,20.0,14.0,20.0,0.24,0.07582598388371085,0.15099999999999986,/Users/rasmus/Desktop/Fysik/AppliedML2026/Final_project_data/data/ML_data/NBI/FDM data/Arrivals/Nuuk Arrival_ 211500_OY-GRH_28_02_25_16_20.csv,0.056124860801609174
2025.0,2.0,28.0,22.0,11.0,49.0,0.18999999999999995,0.07713921645697691,0.12599999999999992,/Users/rasmus/Desktop/Fysik/AppliedML2026/Final_project_data/data/ML_data/NBI/FDM data/Arrivals/Nuuk Arrival_ 211505_OY-GRO_28_02_25_16_22.csv,0.09248700532424085
2025.0,3.0,1.0,0.0,23.0,26.0,0.17999999999999994,0.05012596744814623,0.10000000000000009,/Users/rasmus/Desktop/Fysik/AppliedML2026/Final_project_data/data/ML_data/NBI/FDM data/Arrivals/Nuuk Arrival_ 211507_OY-GRP_01_03_25_25_00.csv,0.07508968996114937
2025.0,3.0,1.0,12.0,43.0,20.0,0.28,0.10939550213114259,0.18999999999999995,/Users/rasmus/Desktop/Fysik/AppliedML2026/Final_project_data/data/ML_data/NBI/FDM data/Arrivals/Nuuk Arrival_ 211510_OY-GRO_01_03_25_45_12.csv,0.10281050529979902
2025.0,3.0,1.0,14.0,16.0,34.0,0.29000000000000004,0.06899113375146732,0.1419999999999998,/Users/rasmus/Desktop/Fysik/AppliedML2026/Final_project_data/data/ML_data/NBI/FDM data/Arrivals/Nuuk Arrival_ 211514_OY-GRG_01_03_25_19_14.csv,0.039051248379533304
2025.0,3.0,1.0,9.0,30.0,42.0,0.16999999999999993,0.06667129613555646,0.1100000000000001,/Users/rasmus/Desktop/Fysik/AppliedML2026/Final_project_data/data/ML_data/NBI/FDM data/Arrivals/Nuuk Arrival_ 211515_OY-GRM_01_03_25_32_09.csv,0.06130924505661255
2025.0,2.0,24.0,14.0,55.0,13.0,0.3799999999999999,0.09072029769457939,0.17999999999999994,/Users/rasmus/Desktop/Fysik/AppliedML2026/Final_project_data/data/ML_data/NBI/FDM data/Arrivals/Nuuk Arrival_ 211518_OY-GRR_24_02_25_43_14.csv,0.07831560082980489
2025.0,2.0,24.0,19.0,29.0,42.0,0.19999999999999996,0.07786293959668723,0.13499999999999995,/Users/rasmus/Desktop/Fysik/AppliedML2026/Final_project_data/data/ML_data/NBI/FDM data/Arrivals/Nuuk Arrival_ 211520_OY-GRR_24_02_25_15_19.csv,0.08190904046007937
2025.0,2.0,25.0,20.0,5.0,16.0,0.5900000000000001,0.11665279257586605,0.19999999999999996,/Users/rasmus/Desktop/Fysik/AppliedML2026/Final_project_data/data/ML_data/NBI/FDM data/Arrivals/Nuuk Arrival_ 211523_OY-GRR_25_02_25_59_19.csv,0.09946733132038882
2025.0,2.0,28.0,13.0,52.0,0.0,0.3799999999999999,0.13302995789283592,0.30000000000000004,/Users/rasmus/Desktop/Fysik/AppliedML2026/Final_project_data/data/ML_data/NBI/FDM data/Arrivals/Nuuk Arrival_ 211525_OY-GRR_28_02_25_44_13.csv,0.1457356815913278
2025.0,2.0,28.0,20.0,12.0,36.0,0.45999999999999996,0.0933050118842415,0.16799999999999976,/Users/rasmus/Desktop/Fysik/AppliedML2026/Final_project_data/data/ML_data/NBI/FDM data/Arrivals/Nuuk Arrival_ 211527_OY-GRR_28_02_25_05_20.csv,0.054825927743551967
2025.0,3.0,1.0,15.0,4.0,35.0,0.22999999999999998,0.07420594140047303,0.1499999999999999,/Users/rasmus/Desktop/Fysik/AppliedML2026/Final_project_data/data/ML_data/NBI/FDM data/Arrivals/Nuuk Arrival_ 211528_OY-GRP_01_03_25_05_15.csv,0.05705260730238369
2025.0,3.0,1.0,15.0,19.0,9.0,0.27,0.11878941185875068,0.21999999999999997,/Users/rasmus/Desktop/Fysik/AppliedML2026/Final_project_data/data/ML_data/NBI/FDM data/Arrivals/Nuuk Arrival_ 211529_OY-GRO_01_03_25_21_15.csv,0.12029375808949573
2025.0,3.0,1.0,15.0,28.0,50.0,0.26,0.07279123981154215,0.15599999999999986,/Users/rasmus/Desktop/Fysik/AppliedML2026/Final_project_data/data/ML_data/NBI/FDM data/Arrivals/Nuuk Arrival_ 211533_OY-GRH_01_03_25_31_15.csv,0.08790145998029084
2025.0,3.0,1.0,19.0,13.0,13.0,0.22999999999999998,0.06439254615248571,0.1399999999999999,/Users/rasmus/Desktop/Fysik/AppliedML2026/Final_project_data/data/ML_data/NBI/FDM data/Arrivals/Nuuk Arrival_ 211549_OY-GRP_01_03_25_15_19.csv,0.10887301471592184
2025.0,3.0,1.0,19.0,35.0,22.0,0.28,0.07535585360738208,0.1399999999999999,/Users/rasmus/Desktop/Fysik/AppliedML2026/Final_project_data/data/ML_data/NBI/FDM data/Arrivals/Nuuk Arrival_ 211550_OY-GRG_01_03_25_37_19.csv,0.10136567466356647
2025.0,3.0,2.0,20.0,19.0,45.0,0.18000000000000005,0.04992301766027065,0.10550000000000007,/Users/rasmus/Desktop/Fysik/AppliedML2026/Final_project_data/data/ML_data/NBI/FDM data/Arrivals/Nuuk Arrival_ 211552_OY-GRG_02_03_25_21_20.csv,0.04810702354423644
2025.0,3.0,3.0,12.0,30.0,43.0,0.22999999999999998,0.05573781401001055,0.1200000000000001,/Users/rasmus/Desktop/Fysik/AppliedML2026/Final_project_data/data/ML_data/NBI/FDM data/Arrivals/Nuuk Arrival_ 211559_OY-GRG_03_03_25_33_12.csv,0.06461423991660044
2025.0,3.0,3.0,12.0,46.0,0.0,0.20999999999999996,0.09685509326261113,0.16999999999999993,/Users/rasmus/Desktop/Fysik/AppliedML2026/Final_project_data/data/ML_data/NBI/FDM data/Arrivals/Nuuk Arrival_ 211560_OY-GRO_03_03_25_47_12.csv,0.11165422816296151
2025.0,3.0,3.0,13.0,20.0,28.0,0.24,0.06729125091569632,0.1299999999999999,/Users/rasmus/Desktop/Fysik/AppliedML2026/Final_project_data/data/ML_data/NBI/FDM data/Arrivals/Nuuk Arrival_ 211562_OY-GRH_03_03_25_24_13.csv,0.07062223445912767
2025.0,3.0,3.0,13.0,42.0,13.0,0.16999999999999993,0.0602898199144856,0.10600000000000004,/Users/rasmus/Desktop/Fysik/AppliedML2026/Final_project_data/data/ML_data/NBI/FDM data/Arrivals/Nuuk Arrival_ 211563_OY-GRJ_03_03_25_44_13.csv,0.08299096336348917
2025.0,3.0,3.0,14.0,49.0,8.0,0.14,0.04980242654872198,0.10000000000000009,/Users/rasmus/Desktop/Fysik/AppliedML2026/Final_project_data/data/ML_data/NBI/FDM data/Arrivals/Nuuk Arrival_ 211565_OY-GRP_03_03_25_51_14.csv,0.06708203932499375
2025.0,3.0,3.0,16.0,18.0,8.0,0.26,0.09073771725877469,0.1679999999999999,/Users/rasmus/Desktop/Fysik/AppliedML2026/Final_project_data/data/ML_data/NBI/FDM data/Arrivals/Nuuk Arrival_ 211571_OY-GRO_03_03_25_19_16.csv,0.09789898123226715
2025.0,3.0,3.0,17.0,10.0,34.0,0.25,0.06833921227146461,0.1499999999999999,/Users/rasmus/Desktop/Fysik/AppliedML2026/Final_project_data/data/ML_data/NBI/FDM data/Arrivals/Nuuk Arrival_ 211573_OY-GRG_03_03_25_12_17.csv,0.047236109069228004
2025.0,3.0,3.0,20.0,1.0,47.0,0.22999999999999998,0.06770863652045774,0.12999999999999998,/Users/rasmus/Desktop/Fysik/AppliedML2026/Final_project_data/data/ML_data/NBI/FDM data/Arrivals/Nuuk Arrival_ 211597_OY-GRG_03_03_25_04_20.csv,0.05830951894845303
2025.0,3.0,3.0,21.0,48.0,34.0,0.17999999999999994,0.07055001746661023,0.1299999999999999,/Users/rasmus/Desktop/Fysik/AppliedML2026/Final_project_data/data/ML_data/NBI/FDM data/Arrivals/Nuuk Arrival_ 211625_OY-GRP_03_03_25_50_21.csv,0.05930148958219065
2025.0,3.0,3.0,19.0,37.0,36.0,0.28,0.07060661525414642,0.1299999999999999,/Users/rasmus/Desktop/Fysik/AppliedML2026/Final_project_data/data/ML_data/NBI/FDM data/Arrivals/Nuuk Arrival_ 211626_OY-GRH_03_03_25_38_19.csv,0.06292853089020911
2025.0,3.0,3.0,23.0,48.0,12.0,0.28,0.07630567731812256,0.14799999999999974,/Users/rasmus/Desktop/Fysik/AppliedML2026/Final_project_data/data/ML_data/NBI/FDM data/Arrivals/Nuuk Arrival_ 211628_OY-GRH_03_03_25_50_23.csv,0.0715541752799933
2025.0,3.0,3.0,22.0,49.0,2.0,0.25,0.08938515470900604,0.16249999999999995,/Users/rasmus/Desktop/Fysik/AppliedML2026/Final_project_data/data/ML_data/NBI/FDM data/Arrivals/Nuuk Arrival_ 211630_OY-GRO_03_03_25_51_22.csv,0.10933130079411536
2025.0,3.0,4.0,12.0,27.0,56.0,0.19999999999999996,0.05857624493417309,0.1100000000000001,/Users/rasmus/Desktop/Fysik/AppliedML2026/Final_project_data/data/ML_data/NBI/FDM data/Arrivals/Nuuk Arrival_ 211633_OY-GRH_04_03_25_29_12.csv,0.06477065767180462
2025.0,3.0,4.0,15.0,21.0,55.0,0.27,0.07830984888526114,0.1299999999999999,/Users/rasmus/Desktop/Fysik/AppliedML2026/Final_project_data/data/ML_data/NBI/FDM data/Arrivals/Nuuk Arrival_ 211638_OY-GRO_04_03_25_22_15.csv,0.117983049630021
2025.0,3.0,4.0,15.0,14.0,45.0,0.19999999999999996,0.06666277247193415,0.1439999999999998,/Users/rasmus/Desktop/Fysik/AppliedML2026/Final_project_data/data/ML_data/NBI/FDM data/Arrivals/Nuuk Arrival_ 211646_OY-GRH_04_03_25_15_15.csv,0.08467585252006622
2025.0,3.0,4.0,19.0,1.0,26.0,0.1499999999999999,0.04488959096365687,0.08999999999999998,/Users/rasmus/Desktop/Fysik/AppliedML2026/Final_project_data/data/ML_data/NBI/FDM data/Arrivals/Nuuk Arrival_ 211663_OY-GRP_04_03_25_04_19.csv,0.052243772496881266
2025.0,3.0,4.0,21.0,28.0,50.0,0.1499999999999999,0.03975399032594646,0.08000000000000007,/Users/rasmus/Desktop/Fysik/AppliedML2026/Final_project_data/data/ML_data/NBI/FDM data/Arrivals/Nuuk Arrival_ 211676_OY-GRG_04_03_25_31_21.csv,0.045434411125112185
2025.0,3.0,4.0,22.0,8.0,26.0,0.24,0.08150016210268683,0.15899999999999984,/Users/rasmus/Desktop/Fysik/AppliedML2026/Final_project_data/data/ML_data/NBI/FDM data/Arrivals/Nuuk Arrival_ 211693_OY-GRO_04_03_25_10_22.csv,0.10922184655418472
2025.0,3.0,4.0,18.0,52.0,58.0,0.1299999999999999,0.04951459295252501,0.10000000000000009,/Users/rasmus/Desktop/Fysik/AppliedML2026/Final_project_data/data/ML_data/NBI/FDM data/Arrivals/Nuuk Arrival_ 211695_OY-GRH_04_03_25_53_18.csv,0.05467607963461287
2025.0,3.0,4.0,23.0,18.0,26.0,0.18999999999999995,0.04483529950421492,0.08000000000000007,/Users/rasmus/Desktop/Fysik/AppliedML2026/Final_project_data/data/ML_data/NBI/FDM data/Arrivals/Nuuk Arrival_ 211698_OY-GRH_04_03_25_20_23.csv,0.06849574196011508
2025.0,3.0,5.0,14.0,0.0,32.0,0.16999999999999993,0.053216151334783704,0.1100000000000001,/Users/rasmus/Desktop/Fysik/AppliedML2026/Final_project_data/data/ML_data/NBI/FDM data/Arrivals/Nuuk Arrival_ 211701_OY-GRH_05_03_25_03_14.csv,0.04341658669218486
2025.0,3.0,5.0,16.0,40.0,19.0,0.36,0.08373802444283396,0.15999999999999992,/Users/rasmus/Desktop/Fysik/AppliedML2026/Final_project_data/data/ML_data/NBI/FDM data/Arrivals/Nuuk Arrival_ 211704_OY-GRH_05_03_25_42_16.csv,0.09131517693385661
2025.0,3.0,5.0,17.0,10.0,2.0,0.22999999999999998,0.04979312039538876,0.09,/Users/rasmus/Desktop/Fysik/AppliedML2026/Final_project_data/data/ML_data/NBI/FDM data/Arrivals/Nuuk Arrival_ 211707_OY-GRG_05_03_25_12_17.csv,0.0685565460040105
2025.0,3.0,5.0,19.0,44.0,50.0,0.33000000000000007,0.06516444758269782,0.12400000000000008,/Users/rasmus/Desktop/Fysik/AppliedML2026/Final_project_data/data/ML_data/NBI/FDM data/Arrivals/Nuuk Arrival_ 211721_OY-GRM_05_03_25_46_19.csv,0.10942272768183646
2025.0,3.0,5.0,22.0,15.0,37.0,0.20999999999999996,0.060127180025158176,0.11849999999999995,/Users/rasmus/Desktop/Fysik/AppliedML2026/Final_project_data/data/ML_data/NBI/FDM data/Arrivals/Nuuk Arrival_ 211735_OY-GRH_05_03_25_17_22.csv,0.09202842370284722
2025.0,3.0,6.0,11.0,50.0,23.0,0.21999999999999997,0.06462964606465427,0.13799999999999973,/Users/rasmus/Desktop/Fysik/AppliedML2026/Final_project_data/data/ML_data/NBI/FDM data/Arrivals/Nuuk Arrival_ 211743_OY-GRH_06_03_25_52_11.csv,0.05191085476184406
2025.0,3.0,6.0,15.0,2.0,45.0,0.22999999999999998,0.07016464154456235,0.1499999999999999,/Users/rasmus/Desktop/Fysik/AppliedML2026/Final_project_data/data/ML_data/NBI/FDM data/Arrivals/Nuuk Arrival_ 211747_OY-GRH_06_03_25_03_15.csv,0.07408703590297624
2025.0,3.0,6.0,15.0,54.0,42.0,0.19999999999999996,0.06288074212397109,0.1299999999999999,/Users/rasmus/Desktop/Fysik/AppliedML2026/Final_project_data/data/ML_data/NBI/FDM data/Arrivals/Nuuk Arrival_ 211750_OY-GRM_06_03_25_56_15.csv,0.07635443667528431
2025.0,3.0,6.0,18.0,48.0,53.0,0.25,0.1004011561530182,0.18999999999999995,/Users/rasmus/Desktop/Fysik/AppliedML2026/Final_project_data/data/ML_data/NBI/FDM data/Arrivals/Nuuk Arrival_ 211756_OY-GRO_06_03_25_49_18.csv,0.0778620575119872
2025.0,3.0,6.0,20.0,46.0,20.0,0.16999999999999993,0.06165849423643451,0.1200000000000001,/Users/rasmus/Desktop/Fysik/AppliedML2026/Final_project_data/data/ML_data/NBI/FDM data/Arrivals/Nuuk Arrival_ 211782_OY-GRM_06_03_25_48_20.csv,0.0703054559963674
2025.0,3.0,6.0,19.0,37.0,6.0,0.25,0.07210466398789568,0.1419999999999998,/Users/rasmus/Desktop/Fysik/AppliedML2026/Final_project_data/data/ML_data/NBI/FDM data/Arrivals/Nuuk Arrival_ 211798_OY-GRH_06_03_25_38_19.csv,0.08809086218218097
2025.0,3.0,6.0,15.0,48.0,32.0,0.15999999999999992,0.057800907275662776,0.1200000000000001,/Users/rasmus/Desktop/Fysik/AppliedML2026/Final_project_data/data/ML_data/NBI/FDM data/Arrivals/Nuuk Arrival_ 211800_OY-GRG_06_03_25_50_15.csv,0.07259881703784245
2025.0,3.0,6.0,23.0,16.0,19.0,0.15999999999999992,0.058035692404936084,0.12399999999999993,/Users/rasmus/Desktop/Fysik/AppliedML2026/Final_project_data/data/ML_data/NBI/FDM data/Arrivals/Nuuk Arrival_ 211802_OY-GRP_06_03_25_18_23.csv,0.06701989754294364
2025.0,3.0,6.0,22.0,2.0,39.0,0.49,0.10363566411806789,0.15999999999999992,/Users/rasmus/Desktop/Fysik/AppliedML2026/Final_project_data/data/ML_data/NBI/FDM data/Arrivals/Nuuk Arrival_ 211803_OY-GRO_06_03_25_03_22.csv,0.16084597779064472
2025.0,3.0,6.0,20.0,17.0,38.0,0.15000000000000002,0.056727577226760015,0.10000000000000009,/Users/rasmus/Desktop/Fysik/AppliedML2026/Final_project_data/data/ML_data/NBI/FDM data/Arrivals/Nuuk Arrival_ 211805_OY-GRG_06_03_25_59_21.csv,0.047375568011839675
2025.0,3.0,7.0,12.0,55.0,52.0,0.18999999999999995,0.08319176380638528,0.15299999999999989,/Users/rasmus/Desktop/Fysik/AppliedML2026/Final_project_data/data/ML_data/NBI/FDM data/Arrivals/Nuuk Arrival_ 211820_OY-GRO_07_03_25_56_12.csv,0.08705715001320145
2025.0,3.0,7.0,13.0,18.0,16.0,0.1399999999999999,0.05700877125495693,0.1100000000000001,/Users/rasmus/Desktop/Fysik/AppliedML2026/Final_project_data/data/ML_data/NBI/FDM data/Arrivals/Nuuk Arrival_ 211821_OY-GRM_07_03_25_20_13.csv,0.05656854249492385
2025.0,3.0,7.0,13.0,27.0,20.0,0.20999999999999996,0.061086651138922525,0.1200000000000001,/Users/rasmus/Desktop/Fysik/AppliedML2026/Final_project_data/data/ML_data/NBI/FDM data/Arrivals/Nuuk Arrival_ 211822_OY-GRP_07_03_25_29_13.csv,0.06227180564089804
2025.0,3.0,7.0,18.0,5.0,4.0,0.19999999999999996,0.07182108128213772,0.14699999999999983,/Users/rasmus/Desktop/Fysik/AppliedML2026/Final_project_data/data/ML_data/NBI/FDM data/Arrivals/Nuuk Arrival_ 211827_OY-GRM_07_03_25_07_18.csv,0.0707611677203172
2025.0,3.0,7.0,18.0,41.0,48.0,0.1200000000000001,0.03536108742763778,0.07000000000000005,/Users/rasmus/Desktop/Fysik/AppliedML2026/Final_project_data/data/ML_data/NBI/FDM data/Arrivals/Nuuk Arrival_ 211830_OY-GRG_07_03_25_43_18.csv,0.0419383300741907
2025.0,3.0,7.0,20.0,18.0,38.0,0.17999999999999994,0.05550418259657816,0.10049999999999991,/Users/rasmus/Desktop/Fysik/AppliedML2026/Final_project_data/data/ML_data/NBI/FDM data/Arrivals/Nuuk Arrival_ 211842_OY-GRM_07_03_25_19_20.csv,0.06308724118235003
2025.0,3.0,7.0,23.0,58.0,26.0,0.19999999999999996,0.08171087238958273,0.1399999999999999,/Users/rasmus/Desktop/Fysik/AppliedML2026/Final_project_data/data/ML_data/NBI/FDM data/Arrivals/Nuuk Arrival_ 211874_OY-GRO_07_03_25_59_23.csv,0.09442810316143531
2025.0,3.0,3.0,9.0,48.0,57.0,0.19999999999999996,0.07643767687863061,0.15899999999999984,/Users/rasmus/Desktop/Fysik/AppliedML2026/Final_project_data/data/ML_data/NBI/FDM data/Arrivals/Nuuk Arrival_ 211875_OY-GRR_03_03_25_36_09.csv,0.0877496438739212
2025.0,3.0,3.0,21.0,14.0,0.0,0.3500000000000001,0.08774964387392124,0.19199999999999984,/Users/rasmus/Desktop/Fysik/AppliedML2026/Final_project_data/data/ML_data/NBI/FDM data/Arrivals/Nuuk Arrival_ 211877_OY-GRR_03_03_25_07_21.csv,0.09659590690484372
2025.0,3.0,4.0,14.0,22.0,31.0,0.42000000000000004,0.09255450628501764,0.16999999999999993,/Users/rasmus/Desktop/Fysik/AppliedML2026/Final_project_data/data/ML_data/NBI/FDM data/Arrivals/Nuuk Arrival_ 211879_OY-GRR_04_03_25_14_14.csv,0.08336666000266536
2025.0,3.0,4.0,19.0,18.0,16.0,0.17999999999999994,0.05704404428602297,0.11000000000000003,/Users/rasmus/Desktop/Fysik/AppliedML2026/Final_project_data/data/ML_data/NBI/FDM data/Arrivals/Nuuk Arrival_ 211881_OY-GRR_04_03_25_12_19.csv,0.06667424199385058
2025.0,3.0,5.0,13.0,16.0,37.0,0.35,0.07590390970675973,0.15499999999999992,/Users/rasmus/Desktop/Fysik/AppliedML2026/Final_project_data/data/ML_data/NBI/FDM data/Arrivals/Nuuk Arrival_ 211884_OY-GRR_05_03_25_13_13.csv,0.04904646323187391
2025.0,3.0,5.0,17.0,30.0,21.0,0.27,0.086905265965448,0.16999999999999993,/Users/rasmus/Desktop/Fysik/AppliedML2026/Final_project_data/data/ML_data/NBI/FDM data/Arrivals/Nuuk Arrival_ 211887_OY-GRR_05_03_25_24_17.csv,0.08052710962536394
2025.0,3.0,6.0,11.0,13.0,54.0,0.16999999999999993,0.05934903278325347,0.1200000000000001,/Users/rasmus/Desktop/Fysik/AppliedML2026/Final_project_data/data/ML_data/NBI/FDM data/Arrivals/Nuuk Arrival_ 211889_OY-GRR_06_03_25_07_11.csv,0.08561541917201597
2025.0,3.0,6.0,15.0,42.0,16.0,0.24,0.06816681985003523,0.13399999999999976,/Users/rasmus/Desktop/Fysik/AppliedML2026/Final_project_data/data/ML_data/NBI/FDM data/Arrivals/Nuuk Arrival_ 211891_OY-GRR_06_03_25_35_15.csv,0.07030545599636735
2025.0,3.0,6.0,21.0,53.0,29.0,0.18999999999999995,0.06204453085908388,0.12799999999999992,/Users/rasmus/Desktop/Fysik/AppliedML2026/Final_project_data/data/ML_data/NBI/FDM data/Arrivals/Nuuk Arrival_ 211893_OY-GRR_06_03_25_43_21.csv,0.0661707747315341
2025.0,3.0,7.0,11.0,40.0,48.0,0.15999999999999992,0.059217114643206566,0.11800000000000008,/Users/rasmus/Desktop/Fysik/AppliedML2026/Final_project_data/data/ML_data/NBI/FDM data/Arrivals/Nuuk Arrival_ 211894_OY-GRR_07_03_25_12_11.csv,0.07725768570181223
2025.0,3.0,7.0,17.0,52.0,47.0,0.31999999999999995,0.06924192692613666,0.1200000000000001,/Users/rasmus/Desktop/Fysik/AppliedML2026/Final_project_data/data/ML_data/NBI/FDM data/Arrivals/Nuuk Arrival_ 211897_OY-GRR_07_03_25_46_17.csv,0.06465291950097848
2025.0,3.0,7.0,23.0,8.0,14.0,0.15999999999999992,0.07110608107859089,0.1469999999999998,/Users/rasmus/Desktop/Fysik/AppliedML2026/Final_project_data/data/ML_data/NBI/FDM data/Arrivals/Nuuk Arrival_ 211899_OY-GRR_07_03_25_58_22.csv,0.07081162132224988
2025.0,3.0,8.0,0.0,21.0,44.0,0.13,0.032581259360842135,0.06000000000000005,/Users/rasmus/Desktop/Fysik/AppliedML2026/Final_project_data/data/ML_data/NBI/FDM data/Arrivals/Nuuk Arrival_ 211900_OY-GRG_08_03_25_23_00.csv,0.036055512754639925
2025.0,3.0,7.0,23.0,46.0,10.0,0.15999999999999992,0.04629771334385282,0.08300000000000005,/Users/rasmus/Desktop/Fysik/AppliedML2026/Final_project_data/data/ML_data/NBI/FDM data/Arrivals/Nuuk Arrival_ 211901_OY-GRP_07_03_25_48_23.csv,0.0694742158406028
2025.0,3.0,8.0,15.0,50.0,6.0,0.3500000000000001,0.10835128056465232,0.20999999999999996,/Users/rasmus/Desktop/Fysik/AppliedML2026/Final_project_data/data/ML_data/NBI/FDM data/Arrivals/Nuuk Arrival_ 211904_OY-GRO_08_03_25_51_15.csv,0.13413923114932977
2025.0,3.0,11.0,11.0,43.0,16.0,0.19999999999999996,0.055499236834898914,0.09999999999999998,/Users/rasmus/Desktop/Fysik/AppliedML2026/Final_project_data/data/ML_data/NBI/FDM data/Arrivals/Nuuk Arrival_ 211961_OY-GRH_11_03_25_45_11.csv,0.10099504938362076
2025.0,3.0,11.0,13.0,1.0,42.0,0.24,0.05148180202605214,0.08000000000000007,/Users/rasmus/Desktop/Fysik/AppliedML2026/Final_project_data/data/ML_data/NBI/FDM data/Arrivals/Nuuk Arrival_ 211964_OY-GRM_11_03_25_02_13.csv,0.07268654162452176
2025.0,3.0,11.0,14.0,17.0,21.0,0.24,0.05709333693879716,0.1200000000000001,/Users/rasmus/Desktop/Fysik/AppliedML2026/Final_project_data/data/ML_data/NBI/FDM data/Arrivals/Nuuk Arrival_ 211966_OY-GRP_11_03_25_19_14.csv,0.05498662939083202
2025.0,3.0,11.0,16.0,17.0,46.0,0.15999999999999992,0.05567254097112707,0.1100000000000001,/Users/rasmus/Desktop/Fysik/AppliedML2026/Final_project_data/data/ML_data/NBI/FDM data/Arrivals/Nuuk Arrival_ 211981_OY-GRM_11_03_25_19_16.csv,0.04595394113547126
2025.0,3.0,11.0,14.0,53.0,56.0,0.14,0.0377190571558632,0.0744999999999999,/Users/rasmus/Desktop/Fysik/AppliedML2026/Final_project_data/data/ML_data/NBI/FDM data/Arrivals/Nuuk Arrival_ 211994_OY-GRG_11_03_25_56_14.csv,0.03344425987398317
2025.0,3.0,11.0,19.0,39.0,25.0,0.19999999999999996,0.05163977794943225,0.09400000000000014,/Users/rasmus/Desktop/Fysik/AppliedML2026/Final_project_data/data/ML_data/NBI/FDM data/Arrivals/Nuuk Arrival_ 211997_OY-GRM_11_03_25_41_19.csv,0.055000000000000014
2025.0,3.0,11.0,19.0,48.0,25.0,0.14,0.04984121127604563,0.09000000000000008,/Users/rasmus/Desktop/Fysik/AppliedML2026/Final_project_data/data/ML_data/NBI/FDM data/Arrivals/Nuuk Arrival_ 212002_OY-GRP_11_03_25_49_19.csv,0.05885818306986482
2025.0,3.0,11.0,19.0,56.0,17.0,0.1100000000000001,0.041886220234637506,0.08999999999999997,/Users/rasmus/Desktop/Fysik/AppliedML2026/Final_project_data/data/ML_data/NBI/FDM data/Arrivals/Nuuk Arrival_ 212003_OY-GRG_11_03_25_57_19.csv,0.05470701182533322
2025.0,3.0,11.0,19.0,16.0,3.0,0.17999999999999994,0.06693280212272609,0.10000000000000009,/Users/rasmus/Desktop/Fysik/AppliedML2026/Final_project_data/data/ML_data/NBI/FDM data/Arrivals/Nuuk Arrival_ 212016_OY-GRO_11_03_25_17_19.csv,0.09366607354497856
2025.0,3.0,11.0,22.0,42.0,47.0,0.15000000000000002,0.04401320440688413,0.08000000000000007,/Users/rasmus/Desktop/Fysik/AppliedML2026/Final_project_data/data/ML_data/NBI/FDM data/Arrivals/Nuuk Arrival_ 212020_OY-GRP_11_03_25_44_22.csv,0.0437416658728647
2025.0,3.0,11.0,22.0,48.0,28.0,0.12,0.0382531404239388,0.07599999999999994,/Users/rasmus/Desktop/Fysik/AppliedML2026/Final_project_data/data/ML_data/NBI/FDM data/Arrivals/Nuuk Arrival_ 212021_OY-GRG_11_03_25_50_22.csv,0.04869731585445522
2025.0,3.0,12.0,0.0,39.0,39.0,0.28,0.09458915074159684,0.17999999999999994,/Users/rasmus/Desktop/Fysik/AppliedML2026/Final_project_data/data/ML_data/NBI/FDM data/Arrivals/Nuuk Arrival_ 212022_OY-GRO_12_03_25_40_00.csv,0.09959292143521042
2025.0,3.0,12.0,12.0,16.0,40.0,0.25,0.08331146379700696,0.1859999999999999,/Users/rasmus/Desktop/Fysik/AppliedML2026/Final_project_data/data/ML_data/NBI/FDM data/Arrivals/Nuuk Arrival_ 212028_OY-GRP_12_03_25_17_12.csv,0.08381527307120104
2025.0,3.0,12.0,12.0,56.0,12.0,0.28,0.09749879505713897,0.19999999999999996,/Users/rasmus/Desktop/Fysik/AppliedML2026/Final_project_data/data/ML_data/NBI/FDM data/Arrivals/Nuuk Arrival_ 212030_OY-GRO_12_03_25_58_12.csv,0.0593483127158829
2025.0,3.0,12.0,13.0,22.0,27.0,0.29000000000000004,0.073110414739371,0.13399999999999987,/Users/rasmus/Desktop/Fysik/AppliedML2026/Final_project_data/data/ML_data/NBI/FDM data/Arrivals/Nuuk Arrival_ 212031_OY-GRM_12_03_25_24_13.csv,0.09845230897676878
2025.0,3.0,12.0,14.0,12.0,56.0,0.24,0.0910240881052077,0.18999999999999995,/Users/rasmus/Desktop/Fysik/AppliedML2026/Final_project_data/data/ML_data/NBI/FDM data/Arrivals/Nuuk Arrival_ 212032_OY-GRG_12_03_25_15_14.csv,0.0703749357296145
2025.0,3.0,12.0,19.0,16.0,23.0,0.18999999999999995,0.04090149545954365,0.08000000000000007,/Users/rasmus/Desktop/Fysik/AppliedML2026/Final_project_data/data/ML_data/NBI/FDM data/Arrivals/Nuuk Arrival_ 212051_OY-GRM_12_03_25_18_19.csv,0.07149660625429963
2025.0,3.0,12.0,19.0,51.0,18.0,0.10000000000000009,0.028155412849526364,0.05550000000000002,/Users/rasmus/Desktop/Fysik/AppliedML2026/Final_project_data/data/ML_data/NBI/FDM data/Arrivals/Nuuk Arrival_ 212080_OY-GRG_12_03_25_53_19.csv,0.05880759588125788
2025.0,3.0,12.0,21.0,22.0,29.0,0.1100000000000001,0.031108550841912785,0.06000000000000005,/Users/rasmus/Desktop/Fysik/AppliedML2026/Final_project_data/data/ML_data/NBI/FDM data/Arrivals/Nuuk Arrival_ 212086_OY-GRP_12_03_25_24_21.csv,0.043468076610433656
2025.0,3.0,12.0,22.0,17.0,39.0,0.26,0.07920437698343026,0.15049999999999988,/Users/rasmus/Desktop/Fysik/AppliedML2026/Final_project_data/data/ML_data/NBI/FDM data/Arrivals/Nuuk Arrival_ 212088_OY-GRO_12_03_25_18_22.csv,0.09906226997870246
2025.0,3.0,13.0,10.0,35.0,38.0,0.27,0.0895917986841378,0.17999999999999994,/Users/rasmus/Desktop/Fysik/AppliedML2026/Final_project_data/data/ML_data/NBI/FDM data/Arrivals/Nuuk Arrival_ 212089_OY-GRO_13_03_25_39_10.csv,0.12396943596157714
2025.0,3.0,14.0,10.0,33.0,37.0,0.1399999999999999,0.02821872244266733,0.050000000000000044,/Users/rasmus/Desktop/Fysik/AppliedML2026/Final_project_data/data/ML_data/NBI/FDM data/Arrivals/Nuuk Arrival_ 212141_OY-GRG_14_03_25_35_10.csv,0.03909694909544002
2025.0,3.0,14.0,10.0,44.0,34.0,0.09000000000000008,0.02986950786337133,0.05649999999999997,/Users/rasmus/Desktop/Fysik/AppliedML2026/Final_project_data/data/ML_data/NBI/FDM data/Arrivals/Nuuk Arrival_ 212142_OY-GRP_14_03_25_45_10.csv,0.03531810330485818
2025.0,3.0,14.0,11.0,24.0,30.0,0.14,0.04063570479518822,0.08100000000000002,/Users/rasmus/Desktop/Fysik/AppliedML2026/Final_project_data/data/ML_data/NBI/FDM data/Arrivals/Nuuk Arrival_ 212145_OY-GRM_14_03_25_26_11.csv,0.04939635614091392
2025.0,3.0,14.0,13.0,15.0,29.0,0.24,0.07734597597806887,0.12799999999999992,/Users/rasmus/Desktop/Fysik/AppliedML2026/Final_project_data/data/ML_data/NBI/FDM data/Arrivals/Nuuk Arrival_ 212148_OY-GRO_14_03_25_17_13.csv,0.10016652800877815
2025.0,3.0,14.0,15.0,28.0,17.0,0.14,0.04901867183716066,0.11000000000000007,/Users/rasmus/Desktop/Fysik/AppliedML2026/Final_project_data/data/ML_data/NBI/FDM data/Arrivals/Nuuk Arrival_ 212153_OY-GRP_14_03_25_30_15.csv,0.06070103281341584
2025.0,3.0,14.0,15.0,60.0,53.0,0.22999999999999998,0.07987990986474634,0.16,/Users/rasmus/Desktop/Fysik/AppliedML2026/Final_project_data/data/ML_data/NBI/FDM data/Arrivals/Nuuk Arrival_ 212155_OY-GRM_14_03_25_01_16.csv,0.09562295749452636
2025.0,3.0,14.0,13.0,23.0,3.0,0.27,0.06010583885453045,0.10000000000000009,/Users/rasmus/Desktop/Fysik/AppliedML2026/Final_project_data/data/ML_data/NBI/FDM data/Arrivals/Nuuk Arrival_ 212156_OY-GRH_14_03_25_25_13.csv,0.07545418035691157
2025.0,3.0,14.0,17.0,23.0,23.0,0.15999999999999992,0.047194742821632184,0.08000000000000007,/Users/rasmus/Desktop/Fysik/AppliedML2026/Final_project_data/data/ML_data/NBI/FDM data/Arrivals/Nuuk Arrival_ 212160_OY-GRG_14_03_25_25_17.csv,0.05734883511361755
2025.0,3.0,14.0,17.0,43.0,16.0,0.18999999999999995,0.07888508821607003,0.1200000000000001,/Users/rasmus/Desktop/Fysik/AppliedML2026/Final_project_data/data/ML_data/NBI/FDM data/Arrivals/Nuuk Arrival_ 212162_OY-GRO_14_03_25_45_17.csv,0.09992304731449793
2025.0,3.0,14.0,20.0,21.0,41.0,0.1299999999999999,0.04494257125203013,0.09000000000000008,/Users/rasmus/Desktop/Fysik/AppliedML2026/Final_project_data/data/ML_data/NBI/FDM data/Arrivals/Nuuk Arrival_ 212174_OY-GRM_14_03_25_22_20.csv,0.06986594306241063
2025.0,3.0,14.0,19.0,22.0,46.0,0.28,0.049642198038432575,0.10000000000000009,/Users/rasmus/Desktop/Fysik/AppliedML2026/Final_project_data/data/ML_data/NBI/FDM data/Arrivals/Nuuk Arrival_ 212186_OY-GRP_14_03_25_23_19.csv,0.10911985546701784
2025.0,3.0,14.0,22.0,2.0,11.0,0.17999999999999994,0.0487016616949756,0.09300000000000003,/Users/rasmus/Desktop/Fysik/AppliedML2026/Final_project_data/data/ML_data/NBI/FDM data/Arrivals/Nuuk Arrival_ 212188_OY-GRG_14_03_25_04_22.csv,0.07237721698477735
2025.0,3.0,14.0,23.0,59.0,59.0,0.21999999999999997,0.08255445533245374,0.14799999999999988,/Users/rasmus/Desktop/Fysik/AppliedML2026/Final_project_data/data/ML_data/NBI/FDM data/Arrivals/Nuuk Arrival_ 212213_OY-GRO_15_03_25_00_00.csv,0.09158329542007103
2025.0,3.0,15.0,0.0,23.0,49.0,0.14,0.048906562462024,0.09000000000000008,/Users/rasmus/Desktop/Fysik/AppliedML2026/Final_project_data/data/ML_data/NBI/FDM data/Arrivals/Nuuk Arrival_ 212214_OY-GRM_15_03_25_25_00.csv,0.0664400911670485
2025.0,3.0,15.0,0.0,57.0,24.0,0.09999999999999998,0.03619267757309359,0.07,/Users/rasmus/Desktop/Fysik/AppliedML2026/Final_project_data/data/ML_data/NBI/FDM data/Arrivals/Nuuk Arrival_ 212216_OY-GRP_15_03_25_59_00.csv,0.05028490259085158
2025.0,3.0,15.0,2.0,31.0,47.0,0.31000000000000005,0.0613222363149508,0.10000000000000009,/Users/rasmus/Desktop/Fysik/AppliedML2026/Final_project_data/data/ML_data/NBI/FDM data/Arrivals/Nuuk Arrival_ 212217_OY-GRH_15_03_25_32_02.csv,0.05842373946721777
2025.0,3.0,15.0,13.0,24.0,31.0,0.16999999999999993,0.07234653148946883,0.1299999999999999,/Users/rasmus/Desktop/Fysik/AppliedML2026/Final_project_data/data/ML_data/NBI/FDM data/Arrivals/Nuuk Arrival_ 212222_OY-GRO_15_03_25_25_13.csv,0.07490735018081417
2025.0,3.0,15.0,15.0,16.0,47.0,0.16999999999999993,0.04973261840415539,0.09799999999999992,/Users/rasmus/Desktop/Fysik/AppliedML2026/Final_project_data/data/ML_data/NBI/FDM data/Arrivals/Nuuk Arrival_ 212226_OY-GRH_15_03_25_18_15.csv,0.06516946235415338
2025.0,3.0,15.0,15.0,20.0,31.0,0.18999999999999995,0.041435770499932516,0.07549999999999998,/Users/rasmus/Desktop/Fysik/AppliedML2026/Final_project_data/data/ML_data/NBI/FDM data/Arrivals/Nuuk Arrival_ 212228_OY-GRG_15_03_25_22_15.csv,0.06723094525588648
2025.0,3.0,15.0,15.0,57.0,20.0,0.3400000000000001,0.0749166203188585,0.14849999999999988,/Users/rasmus/Desktop/Fysik/AppliedML2026/Final_project_data/data/ML_data/NBI/FDM data/Arrivals/Nuuk Arrival_ 212229_OY-GRJ_15_03_25_59_15.csv,0.11498447100121206
2025.0,3.0,15.0,16.0,38.0,4.0,0.20999999999999996,0.09410350020057703,0.16649999999999984,/Users/rasmus/Desktop/Fysik/AppliedML2026/Final_project_data/data/ML_data/NBI/FDM data/Arrivals/Nuuk Arrival_ 212230_OY-GRO_15_03_25_40_16.csv,0.09941495528004492
2025.0,3.0,15.0,19.0,52.0,0.0,0.20999999999999996,0.07705994610767423,0.1195,/Users/rasmus/Desktop/Fysik/AppliedML2026/Final_project_data/data/ML_data/NBI/FDM data/Arrivals/Nuuk Arrival_ 212245_OY-GRO_15_03_25_53_19.csv,0.0945905302926918
2025.0,3.0,15.0,19.0,8.0,30.0,0.15999999999999992,0.050996210613461455,0.1100000000000001,/Users/rasmus/Desktop/Fysik/AppliedML2026/Final_project_data/data/ML_data/NBI/FDM data/Arrivals/Nuuk Arrival_ 212253_OY-GRH_15_03_25_10_19.csv,0.0728991475552747
2025.0,3.0,15.0,21.0,21.0,5.0,0.15999999999999992,0.03593907019480426,0.07000000000000006,/Users/rasmus/Desktop/Fysik/AppliedML2026/Final_project_data/data/ML_data/NBI/FDM data/Arrivals/Nuuk Arrival_ 212255_OY-GRP_15_03_25_23_21.csv,0.06183103527418027
2025.0,3.0,15.0,20.0,29.0,41.0,0.1299999999999999,0.036765403782010056,0.06149999999999997,/Users/rasmus/Desktop/Fysik/AppliedML2026/Final_project_data/data/ML_data/NBI/FDM data/Arrivals/Nuuk Arrival_ 212256_OY-GRJ_15_03_25_30_20.csv,0.05808040403899869
2025.0,3.0,15.0,22.0,54.0,19.0,0.20999999999999996,0.05500000000000002,0.10250000000000009,/Users/rasmus/Desktop/Fysik/AppliedML2026/Final_project_data/data/ML_data/NBI/FDM data/Arrivals/Nuuk Arrival_ 212258_OY-GRH_15_03_25_56_22.csv,0.06708203932499371
2025.0,3.0,15.0,23.0,31.0,20.0,0.16999999999999993,0.06889853806147524,0.1100000000000001,/Users/rasmus/Desktop/Fysik/AppliedML2026/Final_project_data/data/ML_data/NBI/FDM data/Arrivals/Nuuk Arrival_ 212260_OY-GRO_15_03_25_33_23.csv,0.08815570640309442
2025.0,3.0,16.0,0.0,20.0,30.0,0.1499999999999999,0.04899924413627142,0.09000000000000008,/Users/rasmus/Desktop/Fysik/AppliedML2026/Final_project_data/data/ML_data/NBI/FDM data/Arrivals/Nuuk Arrival_ 212261_OY-GRJ_16_03_25_21_00.csv,0.07047458170621995
2025.0,3.0,16.0,12.0,47.0,28.0,0.21999999999999997,0.0544029173790785,0.09850000000000003,/Users/rasmus/Desktop/Fysik/AppliedML2026/Final_project_data/data/ML_data/NBI/FDM data/Arrivals/Nuuk Arrival_ 212264_OY-GRJ_16_03_25_49_12.csv,0.07692624427868248
2025.0,3.0,8.0,12.0,28.0,43.0,0.4099999999999999,0.0982499935088537,0.19999999999999996,/Users/rasmus/Desktop/Fysik/AppliedML2026/Final_project_data/data/ML_data/NBI/FDM data/Arrivals/Nuuk Arrival_ 212266_OY-GRR_08_03_25_23_12.csv,0.07937253933193776
2025.0,3.0,11.0,11.0,12.0,16.0,0.27,0.0979968868409016,0.20149999999999987,/Users/rasmus/Desktop/Fysik/AppliedML2026/Final_project_data/data/ML_data/NBI/FDM data/Arrivals/Nuuk Arrival_ 212267_OY-GRR_11_03_25_33_10.csv,0.11507761356083616
2025.0,3.0,16.0,14.0,46.0,58.0,0.16999999999999993,0.05186432547407452,0.11600000000000005,/Users/rasmus/Desktop/Fysik/AppliedML2026/Final_project_data/data/ML_data/NBI/FDM data/Arrivals/Nuuk Arrival_ 212269_OY-GRP_16_03_25_47_14.csv,0.07874007874011811
2025.0,3.0,16.0,18.0,41.0,28.0,0.26,0.06881098354413111,0.1200000000000001,/Users/rasmus/Desktop/Fysik/AppliedML2026/Final_project_data/data/ML_data/NBI/FDM data/Arrivals/Nuuk Arrival_ 212280_OY-GRP_16_03_25_43_18.csv,0.09165151389911684
2025.0,3.0,16.0,18.0,12.0,34.0,0.20999999999999996,0.07610816533190565,0.1374999999999999,/Users/rasmus/Desktop/Fysik/AppliedML2026/Final_project_data/data/ML_data/NBI/FDM data/Arrivals/Nuuk Arrival_ 212283_OY-GRJ_16_03_25_14_18.csv,0.0682641926635041
2025.0,3.0,17.0,13.0,19.0,59.0,0.29000000000000004,0.07790694144570001,0.1499999999999999,/Users/rasmus/Desktop/Fysik/AppliedML2026/Final_project_data/data/ML_data/NBI/FDM data/Arrivals/Nuuk Arrival_ 212292_OY-GRM_17_03_25_20_13.csv,0.09224473377429687
2025.0,3.0,17.0,13.0,22.0,45.0,0.22999999999999998,0.06982859770789647,0.1299999999999999,/Users/rasmus/Desktop/Fysik/AppliedML2026/Final_project_data/data/ML_data/NBI/FDM data/Arrivals/Nuuk Arrival_ 212293_OY-GRH_17_03_25_23_13.csv,0.07085195833567341
2025.0,3.0,17.0,13.0,39.0,29.0,0.18000000000000005,0.05519446141986144,0.12449999999999983,/Users/rasmus/Desktop/Fysik/AppliedML2026/Final_project_data/data/ML_data/NBI/FDM data/Arrivals/Nuuk Arrival_ 212294_OY-GRP_17_03_25_41_13.csv,0.059006933336839165
2025.0,3.0,17.0,13.0,46.0,31.0,0.18999999999999995,0.0589379691754502,0.1244999999999999,/Users/rasmus/Desktop/Fysik/AppliedML2026/Final_project_data/data/ML_data/NBI/FDM data/Arrivals/Nuuk Arrival_ 212296_OY-GRJ_17_03_25_49_13.csv,0.081967981553775
2025.0,3.0,17.0,16.0,34.0,14.0,0.28,0.07358542528799313,0.1299999999999999,/Users/rasmus/Desktop/Fysik/AppliedML2026/Final_project_data/data/ML_data/NBI/FDM data/Arrivals/Nuuk Arrival_ 212303_OY-GRO_17_03_25_36_16.csv,0.12509996003196805
2025.0,3.0,17.0,17.0,48.0,23.0,0.1100000000000001,0.039337955557892816,0.08100000000000002,/Users/rasmus/Desktop/Fysik/AppliedML2026/Final_project_data/data/ML_data/NBI/FDM data/Arrivals/Nuuk Arrival_ 212305_OY-GRP_17_03_25_50_17.csv,0.05420757823830117
2025.0,3.0,17.0,17.0,43.0,45.0,0.22999999999999998,0.054467115461227324,0.1100000000000001,/Users/rasmus/Desktop/Fysik/AppliedML2026/Final_project_data/data/ML_data/NBI/FDM data/Arrivals/Nuuk Arrival_ 212306_OY-GRM_17_03_25_44_17.csv,0.06218252702059212
2025.0,3.0,17.0,18.0,31.0,20.0,0.18999999999999995,0.06467038011730047,0.1200000000000001,/Users/rasmus/Desktop/Fysik/AppliedML2026/Final_project_data/data/ML_data/NBI/FDM data/Arrivals/Nuuk Arrival_ 212308_OY-GRH_17_03_25_33_18.csv,0.06272957835024884
2025.0,3.0,17.0,19.0,48.0,45.0,0.16999999999999993,0.05161129227403709,0.10000000000000009,/Users/rasmus/Desktop/Fysik/AppliedML2026/Final_project_data/data/ML_data/NBI/FDM data/Arrivals/Nuuk Arrival_ 212314_OY-GRP_17_03_25_49_19.csv,0.035197853469904825
2025.0,3.0,17.0,21.0,34.0,2.0,0.1399999999999999,0.04737364557517155,0.09000000000000008,/Users/rasmus/Desktop/Fysik/AppliedML2026/Final_project_data/data/ML_data/NBI/FDM data/Arrivals/Nuuk Arrival_ 212321_OY-GRJ_17_03_25_36_21.csv,0.06608075867199673
2025.0,3.0,17.0,22.0,31.0,29.0,0.09000000000000008,0.03592526965799982,0.06649999999999998,/Users/rasmus/Desktop/Fysik/AppliedML2026/Final_project_data/data/ML_data/NBI/FDM data/Arrivals/Nuuk Arrival_ 212341_OY-GRM_17_03_25_33_22.csv,0.044023803085322395
2025.0,3.0,17.0,22.0,36.0,55.0,0.1499999999999999,0.06598121798482179,0.1100000000000001,/Users/rasmus/Desktop/Fysik/AppliedML2026/Final_project_data/data/ML_data/NBI/FDM data/Arrivals/Nuuk Arrival_ 212342_OY-GRO_17_03_25_38_22.csv,0.07711717593071869
2025.0,3.0,18.0,12.0,11.0,24.0,0.30000000000000004,0.11498341811182151,0.22599999999999965,/Users/rasmus/Desktop/Fysik/AppliedML2026/Final_project_data/data/ML_data/NBI/FDM data/Arrivals/Nuuk Arrival_ 212347_OY-GRO_18_03_25_13_12.csv,0.07738368881177514
2025.0,3.0,18.0,15.0,29.0,49.0,0.29000000000000004,0.09128402439224347,0.19999999999999996,/Users/rasmus/Desktop/Fysik/AppliedML2026/Final_project_data/data/ML_data/NBI/FDM data/Arrivals/Nuuk Arrival_ 212353_OY-GRM_18_03_25_30_15.csv,0.11837792587021169
2025.0,3.0,18.0,15.0,47.0,2.0,0.32000000000000006,0.11191627462193567,0.20999999999999996,/Users/rasmus/Desktop/Fysik/AppliedML2026/Final_project_data/data/ML_data/NBI/FDM data/Arrivals/Nuuk Arrival_ 212354_OY-GRO_18_03_25_48_15.csv,0.15818163158669396
2025.0,3.0,18.0,16.0,2.0,37.0,0.25,0.08394199487384943,0.16,/Users/rasmus/Desktop/Fysik/AppliedML2026/Final_project_data/data/ML_data/NBI/FDM data/Arrivals/Nuuk Arrival_ 212355_OY-GRJ_18_03_25_04_16.csv,0.09907909298467898
2025.0,3.0,18.0,16.0,11.0,23.0,0.39,0.10315845416962521,0.20499999999999996,/Users/rasmus/Desktop/Fysik/AppliedML2026/Final_project_data/data/ML_data/NBI/FDM data/Arrivals/Nuuk Arrival_ 212357_OY-GRH_18_03_25_13_16.csv,0.11167910378500637
2025.0,3.0,18.0,18.0,57.0,19.0,0.49,0.12017978955790286,0.23449999999999988,/Users/rasmus/Desktop/Fysik/AppliedML2026/Final_project_data/data/ML_data/NBI/FDM data/Arrivals/Nuuk Arrival_ 212370_OY-GRO_18_03_25_59_18.csv,0.1413381427224629
2025.0,3.0,18.0,20.0,36.0,27.0,0.17999999999999994,0.057460131105547166,0.12050000000000007,/Users/rasmus/Desktop/Fysik/AppliedML2026/Final_project_data/data/ML_data/NBI/FDM data/Arrivals/Nuuk Arrival_ 212410_OY-GRJ_18_03_25_38_20.csv,0.05120763831912407
2025.0,3.0,18.0,20.0,57.0,51.0,0.20999999999999996,0.04742041387602934,0.08000000000000007,/Users/rasmus/Desktop/Fysik/AppliedML2026/Final_project_data/data/ML_data/NBI/FDM data/Arrivals/Nuuk Arrival_ 212411_OY-GRM_18_03_25_58_20.csv,0.05241534528220373
2025.0,3.0,18.0,19.0,28.0,6.0,0.24,0.06455341088697683,0.1399999999999999,/Users/rasmus/Desktop/Fysik/AppliedML2026/Final_project_data/data/ML_data/NBI/FDM data/Arrivals/Nuuk Arrival_ 212412_OY-GRP_18_03_25_30_19.csv,0.06848705126136029
2025.0,3.0,19.0,13.0,15.0,8.0,0.18999999999999995,0.05855995468477524,0.12799999999999975,/Users/rasmus/Desktop/Fysik/AppliedML2026/Final_project_data/data/ML_data/NBI/FDM data/Arrivals/Nuuk Arrival_ 212417_OY-GRM_19_03_25_17_13.csv,0.04968651728587952
2025.0,3.0,19.0,13.0,45.0,42.0,0.16999999999999993,0.05372342967971912,0.11500000000000005,/Users/rasmus/Desktop/Fysik/AppliedML2026/Final_project_data/data/ML_data/NBI/FDM data/Arrivals/Nuuk Arrival_ 212418_OY-GRP_19_03_25_46_13.csv,0.0660807586719967
2025.0,3.0,19.0,13.0,50.0,36.0,0.15999999999999992,0.05982641557038166,0.1100000000000001,/Users/rasmus/Desktop/Fysik/AppliedML2026/Final_project_data/data/ML_data/NBI/FDM data/Arrivals/Nuuk Arrival_ 212420_OY-GRH_19_03_25_51_13.csv,0.06037383539249437
2025.0,3.0,19.0,15.0,7.0,55.0,0.30000000000000004,0.08383871908378651,0.14299999999999982,/Users/rasmus/Desktop/Fysik/AppliedML2026/Final_project_data/data/ML_data/NBI/FDM data/Arrivals/Nuuk Arrival_ 212426_OY-GRO_19_03_25_09_15.csv,0.15854451626077654
2025.0,3.0,19.0,17.0,14.0,56.0,0.21999999999999997,0.08339347423339222,0.13899999999999982,/Users/rasmus/Desktop/Fysik/AppliedML2026/Final_project_data/data/ML_data/NBI/FDM data/Arrivals/Nuuk Arrival_ 212430_OY-GRO_19_03_25_15_17.csv,0.08924684868386115
2025.0,3.0,19.0,17.0,49.0,1.0,0.26,0.05592577498517397,0.10550000000000007,/Users/rasmus/Desktop/Fysik/AppliedML2026/Final_project_data/data/ML_data/NBI/FDM data/Arrivals/Nuuk Arrival_ 212432_OY-GRM_19_03_25_51_17.csv,0.09264628073124867
2025.0,3.0,19.0,23.0,19.0,19.0,0.15999999999999992,0.07072865312503386,0.1200000000000001,/Users/rasmus/Desktop/Fysik/AppliedML2026/Final_project_data/data/ML_data/NBI/FDM data/Arrivals/Nuuk Arrival_ 212458_OY-GRO_19_03_25_21_23.csv,0.08891709621889375
2025.0,3.0,20.0,12.0,13.0,46.0,0.3400000000000001,0.0912844275620353,0.19999999999999996,/Users/rasmus/Desktop/Fysik/AppliedML2026/Final_project_data/data/ML_data/NBI/FDM data/Arrivals/Nuuk Arrival_ 212462_OY-GRM_20_03_25_15_12.csv,0.05573374202401992
2025.0,3.0,20.0,15.0,17.0,16.0,0.20999999999999996,0.06298723128021923,0.1299999999999999,/Users/rasmus/Desktop/Fysik/AppliedML2026/Final_project_data/data/ML_data/NBI/FDM data/Arrivals/Nuuk Arrival_ 212468_OY-GRM_20_03_25_19_15.csv,0.06641179349926844
2025.0,3.0,20.0,15.0,32.0,34.0,0.18999999999999995,0.08836081477547761,0.15999999999999992,/Users/rasmus/Desktop/Fysik/AppliedML2026/Final_project_data/data/ML_data/NBI/FDM data/Arrivals/Nuuk Arrival_ 212470_OY-GRO_20_03_25_34_15.csv,0.09829801625668748
2025.0,3.0,20.0,15.0,26.0,51.0,0.18000000000000005,0.06568926369719308,0.1100000000000001,/Users/rasmus/Desktop/Fysik/AppliedML2026/Final_project_data/data/ML_data/NBI/FDM data/Arrivals/Nuuk Arrival_ 212476_OY-GRH_20_03_25_27_15.csv,0.07028513356322234
2025.0,3.0,20.0,18.0,48.0,39.0,0.24,0.06163105626852582,0.12849999999999986,/Users/rasmus/Desktop/Fysik/AppliedML2026/Final_project_data/data/ML_data/NBI/FDM data/Arrivals/Nuuk Arrival_ 212484_OY-GRP_20_03_25_49_18.csv,0.05700877125495692
2025.0,3.0,20.0,19.0,33.0,0.0,0.21999999999999997,0.05774982887457537,0.10000000000000009,/Users/rasmus/Desktop/Fysik/AppliedML2026/Final_project_data/data/ML_data/NBI/FDM data/Arrivals/Nuuk Arrival_ 212486_OY-GRM_20_03_25_34_19.csv,0.07053367989832945
2025.0,3.0,20.0,23.0,39.0,55.0,0.17999999999999994,0.05683438271700972,0.1200000000000001,/Users/rasmus/Desktop/Fysik/AppliedML2026/Final_project_data/data/ML_data/NBI/FDM data/Arrivals/Nuuk Arrival_ 212489_OY-GRM_20_03_25_41_23.csv,0.07615773105863907
2025.0,3.0,21.0,12.0,46.0,22.0,0.32999999999999996,0.0643989302878722,0.1264999999999999,/Users/rasmus/Desktop/Fysik/AppliedML2026/Final_project_data/data/ML_data/NBI/FDM data/Arrivals/Nuuk Arrival_ 212497_OY-GRH_21_03_25_48_12.csv,0.0602218122167265
2025.0,3.0,21.0,12.0,58.0,50.0,0.21999999999999997,0.05846269048599963,0.1100000000000001,/Users/rasmus/Desktop/Fysik/AppliedML2026/Final_project_data/data/ML_data/NBI/FDM data/Arrivals/Nuuk Arrival_ 212499_OY-GRM_21_03_25_59_12.csv,0.09246621004453465
2025.0,3.0,21.0,13.0,3.0,36.0,0.16000000000000003,0.05134329998920516,0.10100000000000003,/Users/rasmus/Desktop/Fysik/AppliedML2026/Final_project_data/data/ML_data/NBI/FDM data/Arrivals/Nuuk Arrival_ 212500_OY-GRP_21_03_25_04_13.csv,0.07835815209663893
2025.0,3.0,21.0,13.0,21.0,56.0,0.20999999999999996,0.07984729520266236,0.16699999999999982,/Users/rasmus/Desktop/Fysik/AppliedML2026/Final_project_data/data/ML_data/NBI/FDM data/Arrivals/Nuuk Arrival_ 212501_OY-GRO_21_03_25_23_13.csv,0.09660009807121533
2025.0,3.0,21.0,15.0,32.0,24.0,0.28,0.09482248861860824,0.18549999999999978,/Users/rasmus/Desktop/Fysik/AppliedML2026/Final_project_data/data/ML_data/NBI/FDM data/Arrivals/Nuuk Arrival_ 212502_OY-GRO_21_03_25_36_15.csv,0.09801360449787913
2025.0,3.0,21.0,16.0,30.0,3.0,0.21999999999999997,0.08954059553172061,0.17199999999999982,/Users/rasmus/Desktop/Fysik/AppliedML2026/Final_project_data/data/ML_data/NBI/FDM data/Arrivals/Nuuk Arrival_ 212507_OY-GRO_21_03_25_32_16.csv,0.10798860338729481
2025.0,3.0,21.0,18.0,16.0,42.0,0.19999999999999996,0.06294839156007087,0.1200000000000001,/Users/rasmus/Desktop/Fysik/AppliedML2026/Final_project_data/data/ML_data/NBI/FDM data/Arrivals/Nuuk Arrival_ 212518_OY-GRM_21_03_25_17_18.csv,0.06766514190165743
2025.0,3.0,21.0,18.0,54.0,34.0,0.21999999999999997,0.05620628382541775,0.10000000000000009,/Users/rasmus/Desktop/Fysik/AppliedML2026/Final_project_data/data/ML_data/NBI/FDM data/Arrivals/Nuuk Arrival_ 212519_OY-GRP_21_03_25_57_18.csv,0.06207206438060996
2025.0,3.0,21.0,22.0,47.0,20.0,0.21999999999999997,0.0729312382812837,0.1299999999999999,/Users/rasmus/Desktop/Fysik/AppliedML2026/Final_project_data/data/ML_data/NBI/FDM data/Arrivals/Nuuk Arrival_ 212546_OY-GRO_21_03_25_49_22.csv,0.08803408430829504
2025.0,3.0,21.0,23.0,30.0,32.0,0.27,0.06469616078515775,0.1314999999999999,/Users/rasmus/Desktop/Fysik/AppliedML2026/Final_project_data/data/ML_data/NBI/FDM data/Arrivals/Nuuk Arrival_ 212566_OY-GRM_21_03_25_31_23.csv,0.13482181973598736
2025.0,3.0,22.0,0.0,40.0,34.0,0.1399999999999999,0.04944996607985842,0.11000000000000001,/Users/rasmus/Desktop/Fysik/AppliedML2026/Final_project_data/data/ML_data/NBI/FDM data/Arrivals/Nuuk Arrival_ 212568_OY-GRP_22_03_25_41_00.csv,0.0719258877827263
2025.0,3.0,22.0,12.0,36.0,1.0,0.10000000000000009,0.035542198345739184,0.07000000000000006,/Users/rasmus/Desktop/Fysik/AppliedML2026/Final_project_data/data/ML_data/NBI/FDM data/Arrivals/Nuuk Arrival_ 212572_OY-GRM_22_03_25_37_12.csv,0.05454356057317862
2025.0,3.0,22.0,15.0,24.0,12.0,0.18999999999999995,0.04706425658381967,0.08399999999999999,/Users/rasmus/Desktop/Fysik/AppliedML2026/Final_project_data/data/ML_data/NBI/FDM data/Arrivals/Nuuk Arrival_ 212577_OY-GRH_22_03_25_26_15.csv,0.08394137148125379
2025.0,3.0,22.0,15.0,44.0,37.0,0.1100000000000001,0.043170887067514395,0.08000000000000007,/Users/rasmus/Desktop/Fysik/AppliedML2026/Final_project_data/data/ML_data/NBI/FDM data/Arrivals/Nuuk Arrival_ 212578_OY-GRM_22_03_25_45_15.csv,0.0584997625826142
2025.0,3.0,22.0,15.0,58.0,49.0,0.18999999999999995,0.050674693174225426,0.09000000000000008,/Users/rasmus/Desktop/Fysik/AppliedML2026/Final_project_data/data/ML_data/NBI/FDM data/Arrivals/Nuuk Arrival_ 212579_OY-GRG_22_03_25_00_16.csv,0.07558108228915487
2025.0,3.0,22.0,18.0,44.0,12.0,0.1299999999999999,0.048829435031445934,0.09000000000000008,/Users/rasmus/Desktop/Fysik/AppliedML2026/Final_project_data/data/ML_data/NBI/FDM data/Arrivals/Nuuk Arrival_ 212585_OY-GRM_22_03_25_45_18.csv,0.06264982043070837
2025.0,3.0,22.0,18.0,52.0,16.0,0.24,0.05758067367253118,0.1100000000000001,/Users/rasmus/Desktop/Fysik/AppliedML2026/Final_project_data/data/ML_data/NBI/FDM data/Arrivals/Nuuk Arrival_ 212586_OY-GRP_22_03_25_53_18.csv,0.08380380017085692
2025.0,3.0,22.0,19.0,56.0,38.0,0.19999999999999996,0.06292993716150085,0.1200000000000001,/Users/rasmus/Desktop/Fysik/AppliedML2026/Final_project_data/data/ML_data/NBI/FDM data/Arrivals/Nuuk Arrival_ 212595_OY-GRH_22_03_25_57_19.csv,0.06977642868476434
2025.0,3.0,18.0,15.0,10.0,35.0,0.22999999999999998,0.0735058055413031,0.14999999999999997,/Users/rasmus/Desktop/Fysik/AppliedML2026/Final_project_data/data/ML_data/NBI/FDM data/Arrivals/Nuuk Arrival_ 212596_OY-GRR_18_03_25_07_15.csv,0.0522792203759475
2025.0,3.0,18.0,21.0,40.0,5.0,0.36,0.07559194014007986,0.14099999999999985,/Users/rasmus/Desktop/Fysik/AppliedML2026/Final_project_data/data/ML_data/NBI/FDM data/Arrivals/Nuuk Arrival_ 212599_OY-GRR_18_03_25_32_21.csv,0.0639009650422694
2025.0,3.0,19.0,20.0,40.0,44.0,0.32000000000000006,0.0658400004585158,0.1474999999999999,/Users/rasmus/Desktop/Fysik/AppliedML2026/Final_project_data/data/ML_data/NBI/FDM data/Arrivals/Nuuk Arrival_ 212603_OY-GRR_19_03_25_33_20.csv,0.06592925501373931
2025.0,3.0,20.0,10.0,59.0,29.0,0.35,0.08705372200810209,0.15599999999999967,/Users/rasmus/Desktop/Fysik/AppliedML2026/Final_project_data/data/ML_data/NBI/FDM data/Arrivals/Nuuk Arrival_ 212605_OY-GRR_20_03_25_53_10.csv,0.08472176684759225
2025.0,3.0,20.0,15.0,10.0,11.0,0.29000000000000004,0.07744890788986851,0.15000000000000002,/Users/rasmus/Desktop/Fysik/AppliedML2026/Final_project_data/data/ML_data/NBI/FDM data/Arrivals/Nuuk Arrival_ 212607_OY-GRR_20_03_25_58_14.csv,0.054144057359680996
2025.0,3.0,20.0,21.0,2.0,38.0,0.4099999999999999,0.08288709350840016,0.15499999999999997,/Users/rasmus/Desktop/Fysik/AppliedML2026/Final_project_data/data/ML_data/NBI/FDM data/Arrivals/Nuuk Arrival_ 212610_OY-GRR_20_03_25_57_20.csv,0.07318640584152225
2025.0,3.0,21.0,14.0,2.0,8.0,0.3799999999999999,0.09691538883269567,0.21999999999999997,/Users/rasmus/Desktop/Fysik/AppliedML2026/Final_project_data/data/ML_data/NBI/FDM data/Arrivals/Nuuk Arrival_ 212612_OY-GRR_21_03_25_52_13.csv,0.07037992137913582
2025.0,3.0,21.0,18.0,43.0,56.0,0.17000000000000004,0.06504377809834645,0.1399999999999999,/Users/rasmus/Desktop/Fysik/AppliedML2026/Final_project_data/data/ML_data/NBI/FDM data/Arrivals/Nuuk Arrival_ 212615_OY-GRR_21_03_25_42_18.csv,0.0553962995154009
2025.0,3.0,22.0,15.0,1.0,0.0,0.3999999999999999,0.08062871758257045,0.15000000000000002,/Users/rasmus/Desktop/Fysik/AppliedML2026/Final_project_data/data/ML_data/NBI/FDM data/Arrivals/Nuuk Arrival_ 212618_OY-GRR_22_03_25_51_14.csv,0.06895321206836891
2025.0,3.0,22.0,20.0,19.0,0.0,0.16999999999999993,0.0678956657568908,0.1244999999999999,/Users/rasmus/Desktop/Fysik/AppliedML2026/Final_project_data/data/ML_data/NBI/FDM data/Arrivals/Nuuk Arrival_ 212622_OY-GRO_22_03_25_20_20.csv,0.09161253813129044
2025.0,3.0,22.0,20.0,48.0,16.0,0.09000000000000008,0.03178678970893415,0.06000000000000005,/Users/rasmus/Desktop/Fysik/AppliedML2026/Final_project_data/data/ML_data/NBI/FDM data/Arrivals/Nuuk Arrival_ 212631_OY-GRG_22_03_25_50_20.csv,0.026299556396765855
2025.0,3.0,23.0,12.0,36.0,31.0,0.3700000000000001,0.08183221632038924,0.15999999999999992,/Users/rasmus/Desktop/Fysik/AppliedML2026/Final_project_data/data/ML_data/NBI/FDM data/Arrivals/Nuuk Arrival_ 212639_OY-GRM_23_03_25_38_12.csv,0.08845903006477066
2025.0,3.0,23.0,16.0,51.0,36.0,0.1399999999999999,0.04532291546962385,0.10000000000000009,/Users/rasmus/Desktop/Fysik/AppliedML2026/Final_project_data/data/ML_data/NBI/FDM data/Arrivals/Nuuk Arrival_ 212646_OY-GRM_23_03_25_52_16.csv,0.04725815626252612
2025.0,3.0,23.0,20.0,35.0,24.0,0.16999999999999993,0.04130285614731658,0.06999999999999998,/Users/rasmus/Desktop/Fysik/AppliedML2026/Final_project_data/data/ML_data/NBI/FDM data/Arrivals/Nuuk Arrival_ 212648_OY-GRP_23_03_25_37_20.csv,0.059441848333756674
2025.0,3.0,23.0,21.0,34.0,35.0,0.1499999999999999,0.06266912600985204,0.12849999999999986,/Users/rasmus/Desktop/Fysik/AppliedML2026/Final_project_data/data/ML_data/NBI/FDM data/Arrivals/Nuuk Arrival_ 212649_OY-GRM_23_03_25_35_21.csv,0.06503392779700366
2025.0,3.0,23.0,23.0,41.0,41.0,0.18999999999999995,0.050859862993492384,0.1100000000000001,/Users/rasmus/Desktop/Fysik/AppliedML2026/Final_project_data/data/ML_data/NBI/FDM data/Arrivals/Nuuk Arrival_ 212651_OY-GRP_23_03_25_42_23.csv,0.07527726527090808
2025.0,3.0,24.0,13.0,8.0,52.0,0.15999999999999992,0.029832867780352608,0.05550000000000002,/Users/rasmus/Desktop/Fysik/AppliedML2026/Final_project_data/data/ML_data/NBI/FDM data/Arrivals/Nuuk Arrival_ 212656_OY-GRG_24_03_25_10_13.csv,0.059210491916054694
2025.0,3.0,24.0,13.0,20.0,19.0,0.15999999999999992,0.06969895211001133,0.1100000000000001,/Users/rasmus/Desktop/Fysik/AppliedML2026/Final_project_data/data/ML_data/NBI/FDM data/Arrivals/Nuuk Arrival_ 212657_OY-GRO_24_03_25_22_13.csv,0.08785641695402795
2025.0,3.0,24.0,13.0,36.0,31.0,0.09000000000000008,0.026236415810150366,0.050000000000000044,/Users/rasmus/Desktop/Fysik/AppliedML2026/Final_project_data/data/ML_data/NBI/FDM data/Arrivals/Nuuk Arrival_ 212659_OY-GRP_24_03_25_37_13.csv,0.03983298465677245
2025.0,3.0,24.0,16.0,32.0,35.0,0.26,0.06500510531346106,0.11399999999999998,/Users/rasmus/Desktop/Fysik/AppliedML2026/Final_project_data/data/ML_data/NBI/FDM data/Arrivals/Nuuk Arrival_ 212664_OY-GRH_24_03_25_34_16.csv,0.06057020719792864
2025.0,3.0,24.0,17.0,38.0,2.0,0.1200000000000001,0.0452295731321255,0.09000000000000008,/Users/rasmus/Desktop/Fysik/AppliedML2026/Final_project_data/data/ML_data/NBI/FDM data/Arrivals/Nuuk Arrival_ 212665_OY-GRG_24_03_25_39_17.csv,0.03326033673912521
2025.0,3.0,24.0,17.0,54.0,0.0,0.22999999999999998,0.07790255027564597,0.13599999999999984,/Users/rasmus/Desktop/Fysik/AppliedML2026/Final_project_data/data/ML_data/NBI/FDM data/Arrivals/Nuuk Arrival_ 212671_OY-GRO_24_03_25_55_17.csv,0.09542474706773488
2025.0,3.0,24.0,22.0,28.0,0.0,0.19999999999999996,0.05609774078997416,0.14299999999999988,/Users/rasmus/Desktop/Fysik/AppliedML2026/Final_project_data/data/ML_data/NBI/FDM data/Arrivals/Nuuk Arrival_ 212695_OY-GRH_24_03_25_29_22.csv,0.054486236794258416
2025.0,3.0,24.0,23.0,31.0,5.0,0.15999999999999992,0.05925625998851169,0.10000000000000009,/Users/rasmus/Desktop/Fysik/AppliedML2026/Final_project_data/data/ML_data/NBI/FDM data/Arrivals/Nuuk Arrival_ 212696_OY-GRO_24_03_25_32_23.csv,0.08678000478663984
2025.0,3.0,25.0,0.0,25.0,17.0,0.1200000000000001,0.03302765035653303,0.07000000000000006,/Users/rasmus/Desktop/Fysik/AppliedML2026/Final_project_data/data/ML_data/NBI/FDM data/Arrivals/Nuuk Arrival_ 212697_OY-GRG_25_03_25_27_00.csv,0.053928965624544835
2025.0,3.0,26.0,12.0,51.0,16.0,0.20999999999999996,0.07437198841331638,0.10000000000000009,/Users/rasmus/Desktop/Fysik/AppliedML2026/Final_project_data/data/ML_data/NBI/FDM data/Arrivals/Nuuk Arrival_ 212743_OY-GRO_26_03_25_53_12.csv,0.11196300409382683
2025.0,3.0,26.0,14.0,24.0,10.0,0.10000000000000009,0.02917751589200698,0.06000000000000005,/Users/rasmus/Desktop/Fysik/AppliedML2026/Final_project_data/data/ML_data/NBI/FDM data/Arrivals/Nuuk Arrival_ 212746_OY-GRG_26_03_25_26_14.csv,0.04211096452627673
2025.0,3.0,26.0,18.0,37.0,17.0,0.15999999999999992,0.0733775119451407,0.1329999999999998,/Users/rasmus/Desktop/Fysik/AppliedML2026/Final_project_data/data/ML_data/NBI/FDM data/Arrivals/Nuuk Arrival_ 212771_OY-GRO_26_03_25_39_18.csv,0.07660562024180465
2025.0,3.0,26.0,20.0,11.0,35.0,0.1200000000000001,0.031904929529806024,0.06000000000000005,/Users/rasmus/Desktop/Fysik/AppliedML2026/Final_project_data/data/ML_data/NBI/FDM data/Arrivals/Nuuk Arrival_ 212779_OY-GRG_26_03_25_13_20.csv,0.0523102632029666
2025.0,3.0,26.0,20.0,56.0,7.0,0.1200000000000001,0.03264270544068608,0.061,/Users/rasmus/Desktop/Fysik/AppliedML2026/Final_project_data/data/ML_data/NBI/FDM data/Arrivals/Nuuk Arrival_ 212795_OY-GRP_26_03_25_58_20.csv,0.056124860801609174
2025.0,3.0,26.0,21.0,14.0,30.0,0.16999999999999993,0.07133577716299362,0.1100000000000001,/Users/rasmus/Desktop/Fysik/AppliedML2026/Final_project_data/data/ML_data/NBI/FDM data/Arrivals/Nuuk Arrival_ 212796_OY-GRO_26_03_25_15_21.csv,0.08742343589025285
2025.0,3.0,27.0,0.0,18.0,54.0,0.17999999999999994,0.06793219125492463,0.09300000000000005,/Users/rasmus/Desktop/Fysik/AppliedML2026/Final_project_data/data/ML_data/NBI/FDM data/Arrivals/Nuuk Arrival_ 212801_OY-GRO_27_03_25_19_00.csv,0.09239859306288169
2025.0,3.0,27.0,1.0,43.0,3.0,0.1299999999999999,0.0329468690956532,0.07000000000000006,/Users/rasmus/Desktop/Fysik/AppliedML2026/Final_project_data/data/ML_data/NBI/FDM data/Arrivals/Nuuk Arrival_ 212803_OY-GRG_27_03_25_45_01.csv,0.050744457825461116
2025.0,3.0,27.0,11.0,3.0,14.0,0.1200000000000001,0.028954202884238674,0.050000000000000044,/Users/rasmus/Desktop/Fysik/AppliedML2026/Final_project_data/data/ML_data/NBI/FDM data/Arrivals/Nuuk Arrival_ 212810_OY-GRG_27_03_25_05_11.csv,0.045374260648651535
2025.0,3.0,27.0,12.0,14.0,35.0,0.18999999999999995,0.07648771385242455,0.1100000000000001,/Users/rasmus/Desktop/Fysik/AppliedML2026/Final_project_data/data/ML_data/NBI/FDM data/Arrivals/Nuuk Arrival_ 212813_OY-GRO_27_03_25_16_12.csv,0.10269887449981824
2025.0,3.0,27.0,16.0,8.0,0.0,0.1499999999999999,0.04944901899382896,0.1075000000000001,/Users/rasmus/Desktop/Fysik/AppliedML2026/Final_project_data/data/ML_data/NBI/FDM data/Arrivals/Nuuk Arrival_ 212819_OY-GRM_27_03_25_10_16.csv,0.042295258468165106
2025.0,3.0,27.0,15.0,9.0,5.0,0.1299999999999999,0.026370814309160894,0.050000000000000044,/Users/rasmus/Desktop/Fysik/AppliedML2026/Final_project_data/data/ML_data/NBI/FDM data/Arrivals/Nuuk Arrival_ 212820_OY-GRG_27_03_25_11_15.csv,0.0417931413830866
2025.0,3.0,27.0,16.0,53.0,11.0,0.22999999999999998,0.0760956712376096,0.1299999999999999,/Users/rasmus/Desktop/Fysik/AppliedML2026/Final_project_data/data/ML_data/NBI/FDM data/Arrivals/Nuuk Arrival_ 212822_OY-GRO_27_03_25_55_16.csv,0.09127879371364521
2025.0,3.0,27.0,19.0,32.0,19.0,0.17999999999999994,0.03409856103132185,0.06000000000000005,/Users/rasmus/Desktop/Fysik/AppliedML2026/Final_project_data/data/ML_data/NBI/FDM data/Arrivals/Nuuk Arrival_ 212827_OY-GRP_27_03_25_34_19.csv,0.06096447052723963
2025.0,3.0,27.0,20.0,21.0,28.0,0.1100000000000001,0.03516748692687805,0.07199999999999995,/Users/rasmus/Desktop/Fysik/AppliedML2026/Final_project_data/data/ML_data/NBI/FDM data/Arrivals/Nuuk Arrival_ 212847_OY-GRG_27_03_25_23_20.csv,0.040898988651643646
2025.0,3.0,27.0,21.0,25.0,17.0,0.15999999999999992,0.05013374968165517,0.11000000000000004,/Users/rasmus/Desktop/Fysik/AppliedML2026/Final_project_data/data/ML_data/NBI/FDM data/Arrivals/Nuuk Arrival_ 212862_OY-GRM_27_03_25_27_21.csv,0.06388466169590325
2025.0,3.0,28.0,1.0,30.0,42.0,0.1399999999999999,0.06895489156008949,0.1100000000000001,/Users/rasmus/Desktop/Fysik/AppliedML2026/Final_project_data/data/ML_data/NBI/FDM data/Arrivals/Nuuk Arrival_ 212864_OY-GRO_28_03_25_32_01.csv,0.08743569065318811
2025.0,3.0,28.0,12.0,28.0,22.0,0.21999999999999997,0.05032935006793622,0.09000000000000008,/Users/rasmus/Desktop/Fysik/AppliedML2026/Final_project_data/data/ML_data/NBI/FDM data/Arrivals/Nuuk Arrival_ 212872_OY-GRG_28_03_25_30_12.csv,0.06314665470157547
2025.0,3.0,28.0,13.0,23.0,11.0,0.19999999999999996,0.07281771319424081,0.13849999999999985,/Users/rasmus/Desktop/Fysik/AppliedML2026/Final_project_data/data/ML_data/NBI/FDM data/Arrivals/Nuuk Arrival_ 212877_OY-GRM_28_03_25_25_13.csv,0.07219764539096828
2025.0,3.0,28.0,13.0,35.0,48.0,0.22999999999999998,0.07850841629132146,0.15999999999999992,/Users/rasmus/Desktop/Fysik/AppliedML2026/Final_project_data/data/ML_data/NBI/FDM data/Arrivals/Nuuk Arrival_ 212878_OY-GRH_28_03_25_37_13.csv,0.07475450015964025
2025.0,3.0,28.0,13.0,15.0,19.0,0.25,0.09501934787498931,0.16999999999999993,/Users/rasmus/Desktop/Fysik/AppliedML2026/Final_project_data/data/ML_data/NBI/FDM data/Arrivals/Nuuk Arrival_ 212880_OY-GRO_28_03_25_17_13.csv,0.133566462856512
2025.0,3.0,28.0,16.0,47.0,30.0,0.15999999999999992,0.04737663405673156,0.09000000000000008,/Users/rasmus/Desktop/Fysik/AppliedML2026/Final_project_data/data/ML_data/NBI/FDM data/Arrivals/Nuuk Arrival_ 212896_OY-GRG_28_03_25_49_16.csv,0.04636809247747856
2025.0,3.0,28.0,17.0,4.0,47.0,0.1299999999999999,0.05038643769357265,0.10250000000000009,/Users/rasmus/Desktop/Fysik/AppliedML2026/Final_project_data/data/ML_data/NBI/FDM data/Arrivals/Nuuk Arrival_ 212898_OY-GRP_28_03_25_05_17.csv,0.06689544080129828
2025.0,3.0,28.0,17.0,49.0,51.0,0.49,0.09089256478575868,0.1424999999999999,/Users/rasmus/Desktop/Fysik/AppliedML2026/Final_project_data/data/ML_data/NBI/FDM data/Arrivals/Nuuk Arrival_ 212900_OY-GRO_28_03_25_50_17.csv,0.1545099781028181
2025.0,3.0,28.0,21.0,2.0,26.0,0.32000000000000006,0.08335290290096892,0.1499999999999999,/Users/rasmus/Desktop/Fysik/AppliedML2026/Final_project_data/data/ML_data/NBI/FDM data/Arrivals/Nuuk Arrival_ 212944_OY-GRO_28_03_25_04_21.csv,0.12013880860626734
2025.0,3.0,28.0,21.0,28.0,6.0,0.19999999999999996,0.05969703731121224,0.1100000000000001,/Users/rasmus/Desktop/Fysik/AppliedML2026/Final_project_data/data/ML_data/NBI/FDM data/Arrivals/Nuuk Arrival_ 212945_OY-GRM_28_03_25_29_21.csv,0.059055059055088635
2025.0,3.0,28.0,23.0,3.0,4.0,0.1200000000000001,0.04672762645780511,0.09999999999999998,/Users/rasmus/Desktop/Fysik/AppliedML2026/Final_project_data/data/ML_data/NBI/FDM data/Arrivals/Nuuk Arrival_ 212963_OY-GRP_28_03_25_05_23.csv,0.05871165832719611
2025.0,3.0,28.0,23.0,23.0,39.0,0.15999999999999992,0.04212807584942347,0.09000000000000008,/Users/rasmus/Desktop/Fysik/AppliedML2026/Final_project_data/data/ML_data/NBI/FDM data/Arrivals/Nuuk Arrival_ 212964_OY-GRG_28_03_25_25_23.csv,0.0490535421758715
2025.0,3.0,29.0,10.0,38.0,32.0,0.17999999999999994,0.05974947698515864,0.1299999999999999,/Users/rasmus/Desktop/Fysik/AppliedML2026/Final_project_data/data/ML_data/NBI/FDM data/Arrivals/Nuuk Arrival_ 212967_OY-GRH_29_03_25_40_10.csv,0.06817161008112271
2025.0,3.0,29.0,15.0,49.0,11.0,0.24,0.09142030385900039,0.16599999999999987,/Users/rasmus/Desktop/Fysik/AppliedML2026/Final_project_data/data/ML_data/NBI/FDM data/Arrivals/Nuuk Arrival_ 212970_OY-GRO_29_03_25_52_15.csv,0.08480747427147974
2025.0,3.0,29.0,14.0,43.0,45.0,0.15999999999999992,0.05753503605484033,0.10699999999999998,/Users/rasmus/Desktop/Fysik/AppliedML2026/Final_project_data/data/ML_data/NBI/FDM data/Arrivals/Nuuk Arrival_ 212971_OY-GRG_29_03_25_45_14.csv,0.08084778065206022
2025.0,3.0,29.0,16.0,16.0,2.0,0.17999999999999994,0.06261478010041163,0.1150000000000001,/Users/rasmus/Desktop/Fysik/AppliedML2026/Final_project_data/data/ML_data/NBI/FDM data/Arrivals/Nuuk Arrival_ 212973_OY-GRH_29_03_25_18_16.csv,0.0807000619578449
2025.0,3.0,29.0,21.0,13.0,55.0,0.16000000000000003,0.051378435065147644,0.10999999999999999,/Users/rasmus/Desktop/Fysik/AppliedML2026/Final_project_data/data/ML_data/NBI/FDM data/Arrivals/Nuuk Arrival_ 213004_OY-GRP_29_03_25_15_21.csv,0.05057563382541151
2025.0,3.0,24.0,13.0,27.0,34.0,0.21999999999999997,0.07355202913651677,0.16000000000000003,/Users/rasmus/Desktop/Fysik/AppliedML2026/Final_project_data/data/ML_data/NBI/FDM data/Arrivals/Nuuk Arrival_ 213006_OY-GRR_24_03_25_20_13.csv,0.06345602151621763
2025.0,3.0,26.0,13.0,19.0,24.0,0.42999999999999994,0.07779831180422639,0.16399999999999978,/Users/rasmus/Desktop/Fysik/AppliedML2026/Final_project_data/data/ML_data/NBI/FDM data/Arrivals/Nuuk Arrival_ 213009_OY-GRR_26_03_25_14_13.csv,0.06403124237432856
2025.0,3.0,26.0,17.0,26.0,50.0,0.4,0.0735811056214679,0.14349999999999985,/Users/rasmus/Desktop/Fysik/AppliedML2026/Final_project_data/data/ML_data/NBI/FDM data/Arrivals/Nuuk Arrival_ 213011_OY-GRR_26_03_25_18_17.csv,0.05161671932897052
2025.0,3.0,26.0,21.0,48.0,15.0,0.26,0.06438784351508728,0.12000000000000008,/Users/rasmus/Desktop/Fysik/AppliedML2026/Final_project_data/data/ML_data/NBI/FDM data/Arrivals/Nuuk Arrival_ 213013_OY-GRR_26_03_25_42_21.csv,0.06059886320899284
2025.0,3.0,27.0,17.0,1.0,34.0,0.26,0.06408046743202103,0.12499999999999994,/Users/rasmus/Desktop/Fysik/AppliedML2026/Final_project_data/data/ML_data/NBI/FDM data/Arrivals/Nuuk Arrival_ 213017_OY-GRR_27_03_25_55_16.csv,0.059681695367212594
2025.0,3.0,27.0,20.0,36.0,34.0,0.33999999999999997,0.08568205262138708,0.18199999999999994,/Users/rasmus/Desktop/Fysik/AppliedML2026/Final_project_data/data/ML_data/NBI/FDM data/Arrivals/Nuuk Arrival_ 213019_OY-GRR_27_03_25_31_20.csv,0.05975439929657166
2025.0,3.0,28.0,13.0,8.0,36.0,0.28,0.07155944883089259,0.1399999999999999,/Users/rasmus/Desktop/Fysik/AppliedML2026/Final_project_data/data/ML_data/NBI/FDM data/Arrivals/Nuuk Arrival_ 213022_OY-GRR_28_03_25_56_12.csv,0.0635085296108589
2025.0,3.0,28.0,20.0,44.0,10.0,0.1200000000000001,0.04605355830506632,0.09600000000000003,/Users/rasmus/Desktop/Fysik/AppliedML2026/Final_project_data/data/ML_data/NBI/FDM data/Arrivals/Nuuk Arrival_ 213024_OY-GRR_28_03_25_43_20.csv,0.06539818863640708
2025.0,3.0,29.0,12.0,8.0,30.0,0.19999999999999996,0.07021030678958172,0.12250000000000005,/Users/rasmus/Desktop/Fysik/AppliedML2026/Final_project_data/data/ML_data/NBI/FDM data/Arrivals/Nuuk Arrival_ 213026_OY-GRR_29_03_25_03_12.csv,0.07571877794400367
2025.0,3.0,29.0,19.0,31.0,11.0,0.17999999999999994,0.06033994606319344,0.1100000000000001,/Users/rasmus/Desktop/Fysik/AppliedML2026/Final_project_data/data/ML_data/NBI/FDM data/Arrivals/Nuuk Arrival_ 213028_OY-GRR_29_03_25_24_19.csv,0.09258902350023611
2025.0,3.0,30.0,10.0,46.0,16.0,0.1299999999999999,0.0504678115237822,0.10050000000000006,/Users/rasmus/Desktop/Fysik/AppliedML2026/Final_project_data/data/ML_data/NBI/FDM data/Arrivals/Nuuk Arrival_ 213030_OY-GRH_30_03_25_47_10.csv,0.052243772496881266
2025.0,3.0,30.0,13.0,18.0,48.0,0.15999999999999992,0.04805076211305053,0.10599999999999997,/Users/rasmus/Desktop/Fysik/AppliedML2026/Final_project_data/data/ML_data/NBI/FDM data/Arrivals/Nuuk Arrival_ 213033_OY-GRP_30_03_25_20_13.csv,0.05444911277838182
2025.0,3.0,30.0,13.0,49.0,40.0,0.16999999999999993,0.0624883550795502,0.1299999999999999,/Users/rasmus/Desktop/Fysik/AppliedML2026/Final_project_data/data/ML_data/NBI/FDM data/Arrivals/Nuuk Arrival_ 213034_OY-GRH_30_03_25_51_13.csv,0.06480740698407862
2025.0,3.0,30.0,17.0,51.0,57.0,0.1499999999999999,0.03730687977690611,0.06999999999999995,/Users/rasmus/Desktop/Fysik/AppliedML2026/Final_project_data/data/ML_data/NBI/FDM data/Arrivals/Nuuk Arrival_ 213037_OY-GRP_30_03_25_52_17.csv,0.0525357021462548
2025.0,3.0,30.0,22.0,9.0,29.0,0.1499999999999999,0.05628832977070888,0.11000000000000001,/Users/rasmus/Desktop/Fysik/AppliedML2026/Final_project_data/data/ML_data/NBI/FDM data/Arrivals/Nuuk Arrival_ 213039_OY-GRG_30_03_25_11_22.csv,0.05023474307453667
2025.0,3.0,31.0,11.0,25.0,40.0,0.1299999999999999,0.043771753295414426,0.08999999999999997,/Users/rasmus/Desktop/Fysik/AppliedML2026/Final_project_data/data/ML_data/NBI/FDM data/Arrivals/Nuuk Arrival_ 213045_OY-GRG_31_03_25_27_11.csv,0.06397544171678024
2025.0,3.0,31.0,12.0,18.0,19.0,0.31000000000000005,0.0872634647530211,0.16999999999999993,/Users/rasmus/Desktop/Fysik/AppliedML2026/Final_project_data/data/ML_data/NBI/FDM data/Arrivals/Nuuk Arrival_ 213046_OY-GRP_31_03_25_20_12.csv,0.06745368781616023
2025.0,3.0,31.0,12.0,22.0,33.0,0.31000000000000005,0.08149555462556723,0.16999999999999993,/Users/rasmus/Desktop/Fysik/AppliedML2026/Final_project_data/data/ML_data/NBI/FDM data/Arrivals/Nuuk Arrival_ 213047_OY-GRM_31_03_25_23_12.csv,0.07554927072905673
2025.0,3.0,31.0,12.0,39.0,44.0,0.16000000000000003,0.060000000000000026,0.11199999999999999,/Users/rasmus/Desktop/Fysik/AppliedML2026/Final_project_data/data/ML_data/NBI/FDM data/Arrivals/Nuuk Arrival_ 213048_OY-GRH_31_03_25_40_12.csv,0.0734360752141422
2025.0,3.0,31.0,16.0,41.0,54.0,0.24,0.060923316434981556,0.12000000000000009,/Users/rasmus/Desktop/Fysik/AppliedML2026/Final_project_data/data/ML_data/NBI/FDM data/Arrivals/Nuuk Arrival_ 213056_OY-GRP_31_03_25_42_16.csv,0.07886697661252141
2025.0,3.0,31.0,17.0,8.0,34.0,0.17999999999999994,0.04229764661409558,0.08549999999999999,/Users/rasmus/Desktop/Fysik/AppliedML2026/Final_project_data/data/ML_data/NBI/FDM data/Arrivals/Nuuk Arrival_ 213060_OY-GRG_31_03_25_10_17.csv,0.06904105059069326
2025.0,3.0,31.0,18.0,1.0,43.0,0.16999999999999993,0.05590364381061711,0.1299999999999999,/Users/rasmus/Desktop/Fysik/AppliedML2026/Final_project_data/data/ML_data/NBI/FDM data/Arrivals/Nuuk Arrival_ 213061_OY-GRH_31_03_25_02_18.csv,0.0722495674727538
2025.0,3.0,31.0,21.0,33.0,13.0,0.19999999999999996,0.06289978520411184,0.1469999999999998,/Users/rasmus/Desktop/Fysik/AppliedML2026/Final_project_data/data/ML_data/NBI/FDM data/Arrivals/Nuuk Arrival_ 213109_OY-GRM_31_03_25_34_21.csv,0.08326663997864531
2025.0,3.0,31.0,22.0,31.0,59.0,0.16999999999999993,0.05104882864457232,0.10999999999999999,/Users/rasmus/Desktop/Fysik/AppliedML2026/Final_project_data/data/ML_data/NBI/FDM data/Arrivals/Nuuk Arrival_ 213111_OY-GRP_31_03_25_32_22.csv,0.08417668492946419
2025.0,3.0,31.0,23.0,46.0,0.0,0.1399999999999999,0.041490102089878904,0.08449999999999996,/Users/rasmus/Desktop/Fysik/AppliedML2026/Final_project_data/data/ML_data/NBI/FDM data/Arrivals/Nuuk Arrival_ 213112_OY-GRG_31_03_25_47_23.csv,0.05181327421245823
2025.0,4.0,1.0,11.0,27.0,20.0,0.17999999999999994,0.05090410661405857,0.10000000000000009,/Users/rasmus/Desktop/Fysik/AppliedML2026/Final_project_data/data/ML_data/NBI/FDM data/Arrivals/Nuuk Arrival_ 213124_OY-GRH_01_04_25_29_11.csv,0.05870831854743136
2025.0,4.0,1.0,14.0,17.0,41.0,0.32000000000000006,0.05283133958625201,0.08399999999999999,/Users/rasmus/Desktop/Fysik/AppliedML2026/Final_project_data/data/ML_data/NBI/FDM data/Arrivals/Nuuk Arrival_ 213130_OY-GRP_01_04_25_18_14.csv,0.10053428697286743
2025.0,4.0,1.0,14.0,36.0,33.0,0.12,0.03371103837806147,0.06599999999999993,/Users/rasmus/Desktop/Fysik/AppliedML2026/Final_project_data/data/ML_data/NBI/FDM data/Arrivals/Nuuk Arrival_ 213131_OY-GRG_01_04_25_38_14.csv,0.03184785258515425
2025.0,4.0,1.0,14.0,44.0,32.0,0.25,0.059346029517670325,0.1200000000000001,/Users/rasmus/Desktop/Fysik/AppliedML2026/Final_project_data/data/ML_data/NBI/FDM data/Arrivals/Nuuk Arrival_ 213133_OY-GRM_01_04_25_45_14.csv,0.10119288512538814
2025.0,4.0,1.0,15.0,33.0,22.0,0.18999999999999995,0.05861855042374824,0.11100000000000003,/Users/rasmus/Desktop/Fysik/AppliedML2026/Final_project_data/data/ML_data/NBI/FDM data/Arrivals/Nuuk Arrival_ 213141_OY-GRH_01_04_25_35_15.csv,0.04594046490610949
2025.0,4.0,1.0,19.0,34.0,8.0,0.22999999999999998,0.06527331813693911,0.1299999999999999,/Users/rasmus/Desktop/Fysik/AppliedML2026/Final_project_data/data/ML_data/NBI/FDM data/Arrivals/Nuuk Arrival_ 213143_OY-GRH_01_04_25_37_19.csv,0.0671604520219264
2025.0,4.0,1.0,19.0,53.0,39.0,0.1399999999999999,0.05416260505422118,0.1050000000000001,/Users/rasmus/Desktop/Fysik/AppliedML2026/Final_project_data/data/ML_data/NBI/FDM data/Arrivals/Nuuk Arrival_ 213144_OY-GRM_01_04_25_54_19.csv,0.05841660722773966
2025.0,4.0,1.0,20.0,10.0,10.0,0.16999999999999993,0.047120326858501684,0.09000000000000008,/Users/rasmus/Desktop/Fysik/AppliedML2026/Final_project_data/data/ML_data/NBI/FDM data/Arrivals/Nuuk Arrival_ 213158_OY-GRP_01_04_25_12_20.csv,0.04165686159142407
2025.0,4.0,1.0,22.0,25.0,24.0,0.1499999999999999,0.05810147373346052,0.1200000000000001,/Users/rasmus/Desktop/Fysik/AppliedML2026/Final_project_data/data/ML_data/NBI/FDM data/Arrivals/Nuuk Arrival_ 213161_OY-GRH_01_04_25_27_22.csv,0.06141841924229429
2025.0,4.0,2.0,11.0,45.0,16.0,0.19999999999999996,0.0729492974606336,0.1399999999999999,/Users/rasmus/Desktop/Fysik/AppliedML2026/Final_project_data/data/ML_data/NBI/FDM data/Arrivals/Nuuk Arrival_ 213167_OY-GRH_02_04_25_47_11.csv,0.07438637868140467
2025.0,4.0,2.0,12.0,18.0,41.0,0.19999999999999996,0.06388773365895285,0.1369999999999998,/Users/rasmus/Desktop/Fysik/AppliedML2026/Final_project_data/data/ML_data/NBI/FDM data/Arrivals/Nuuk Arrival_ 213168_OY-GRG_02_04_25_22_12.csv,0.05887840577551902
2025.0,4.0,2.0,14.0,32.0,22.0,0.16999999999999993,0.058650231236203616,0.10000000000000009,/Users/rasmus/Desktop/Fysik/AppliedML2026/Final_project_data/data/ML_data/NBI/FDM data/Arrivals/Nuuk Arrival_ 213174_OY-GRM_02_04_25_34_14.csv,0.04893306085301071
2025.0,4.0,2.0,18.0,38.0,43.0,0.22999999999999998,0.09274741685531374,0.16999999999999993,/Users/rasmus/Desktop/Fysik/AppliedML2026/Final_project_data/data/ML_data/NBI/FDM data/Arrivals/Nuuk Arrival_ 213210_OY-GRO_02_04_25_40_18.csv,0.09525086494477242
2025.0,4.0,2.0,19.0,18.0,9.0,0.21999999999999997,0.07538206776383147,0.15999999999999992,/Users/rasmus/Desktop/Fysik/AppliedML2026/Final_project_data/data/ML_data/NBI/FDM data/Arrivals/Nuuk Arrival_ 213213_OY-GRM_02_04_25_20_19.csv,0.08056617833128922
2025.0,4.0,2.0,20.0,26.0,13.0,0.18999999999999995,0.07078507127770288,0.1399999999999999,/Users/rasmus/Desktop/Fysik/AppliedML2026/Final_project_data/data/ML_data/NBI/FDM data/Arrivals/Nuuk Arrival_ 213235_OY-GRH_02_04_25_29_20.csv,0.060764362025020044
2025.0,4.0,3.0,10.0,58.0,30.0,0.21999999999999997,0.05567216758760557,0.11850000000000005,/Users/rasmus/Desktop/Fysik/AppliedML2026/Final_project_data/data/ML_data/NBI/FDM data/Arrivals/Nuuk Arrival_ 213250_OY-GRH_03_04_25_00_11.csv,0.05916079783099621
2025.0,4.0,3.0,13.0,22.0,12.0,0.16999999999999993,0.05564645341598853,0.11000000000000008,/Users/rasmus/Desktop/Fysik/AppliedML2026/Final_project_data/data/ML_data/NBI/FDM data/Arrivals/Nuuk Arrival_ 213256_OY-GRM_03_04_25_24_13.csv,0.07205322107072434
2025.0,4.0,3.0,14.0,8.0,26.0,0.3899999999999999,0.08848203076015979,0.17449999999999993,/Users/rasmus/Desktop/Fysik/AppliedML2026/Final_project_data/data/ML_data/NBI/FDM data/Arrivals/Nuuk Arrival_ 213259_OY-GRH_03_04_25_11_14.csv,0.06611677980232078
2025.0,4.0,3.0,14.0,29.0,7.0,0.20999999999999996,0.06319369132240038,0.12949999999999978,/Users/rasmus/Desktop/Fysik/AppliedML2026/Final_project_data/data/ML_data/NBI/FDM data/Arrivals/Nuuk Arrival_ 213276_OY-GRG_03_04_25_31_14.csv,0.04133637202481509
2025.0,4.0,3.0,19.0,28.0,31.0,0.27,0.09763635154417205,0.19049999999999978,/Users/rasmus/Desktop/Fysik/AppliedML2026/Final_project_data/data/ML_data/NBI/FDM data/Arrivals/Nuuk Arrival_ 213278_OY-GRO_03_04_25_30_19.csv,0.07451430032135413
2025.0,4.0,3.0,18.0,33.0,39.0,0.18999999999999995,0.06452719108454782,0.12599999999999992,/Users/rasmus/Desktop/Fysik/AppliedML2026/Final_project_data/data/ML_data/NBI/FDM data/Arrivals/Nuuk Arrival_ 213279_OY-GRM_03_04_25_35_18.csv,0.05708844812298642
2025.0,4.0,3.0,18.0,53.0,6.0,0.18999999999999995,0.06703431956841213,0.1200000000000001,/Users/rasmus/Desktop/Fysik/AppliedML2026/Final_project_data/data/ML_data/NBI/FDM data/Arrivals/Nuuk Arrival_ 213280_OY-GRP_03_04_25_55_18.csv,0.06597682302498804
2025.0,4.0,3.0,21.0,13.0,40.0,0.18999999999999995,0.052312916391404216,0.11000000000000004,/Users/rasmus/Desktop/Fysik/AppliedML2026/Final_project_data/data/ML_data/NBI/FDM data/Arrivals/Nuuk Arrival_ 213283_OY-GRP_03_04_25_14_21.csv,0.07051398600435396
2025.0,4.0,4.0,14.0,14.0,57.0,0.24,0.06856696414038305,0.1299999999999999,/Users/rasmus/Desktop/Fysik/AppliedML2026/Final_project_data/data/ML_data/NBI/FDM data/Arrivals/Nuuk Arrival_ 213297_OY-GRH_04_04_25_16_14.csv,0.07380628984749633
2025.0,4.0,4.0,22.0,37.0,19.0,0.18999999999999995,0.07734505843630952,0.1299999999999999,/Users/rasmus/Desktop/Fysik/AppliedML2026/Final_project_data/data/ML_data/NBI/FDM data/Arrivals/Nuuk Arrival_ 213322_OY-GRO_04_04_25_39_22.csv,0.08795052084920851
2025.0,4.0,4.0,22.0,58.0,30.0,0.1299999999999999,0.04576461515188348,0.09799999999999998,/Users/rasmus/Desktop/Fysik/AppliedML2026/Final_project_data/data/ML_data/NBI/FDM data/Arrivals/Nuuk Arrival_ 213323_OY-GRM_04_04_25_00_23.csv,0.05503245795502353
2025.0,4.0,5.0,11.0,38.0,45.0,0.3999999999999999,0.09860078795129067,0.22849999999999993,/Users/rasmus/Desktop/Fysik/AppliedML2026/Final_project_data/data/ML_data/NBI/FDM data/Arrivals/Nuuk Arrival_ 213329_OY-GRG_05_04_25_40_11.csv,0.07334848328356898
2025.0,4.0,5.0,14.0,43.0,28.0,0.1200000000000001,0.04412104562073149,0.08999999999999997,/Users/rasmus/Desktop/Fysik/AppliedML2026/Final_project_data/data/ML_data/NBI/FDM data/Arrivals/Nuuk Arrival_ 213331_OY-GRG_05_04_25_45_14.csv,0.05597618541248894
2025.0,4.0,5.0,18.0,32.0,50.0,0.1299999999999999,0.04684801855047091,0.10000000000000009,/Users/rasmus/Desktop/Fysik/AppliedML2026/Final_project_data/data/ML_data/NBI/FDM data/Arrivals/Nuuk Arrival_ 213333_OY-GRG_05_04_25_35_18.csv,0.04203173404306167
2025.0,4.0,6.0,17.0,1.0,34.0,0.12,0.0349261322041792,0.07000000000000006,/Users/rasmus/Desktop/Fysik/AppliedML2026/Final_project_data/data/ML_data/NBI/FDM data/Arrivals/Nuuk Arrival_ 213337_OY-GRG_06_04_25_03_17.csv,0.03970479301337934
2025.0,4.0,7.0,11.0,59.0,5.0,0.15999999999999992,0.04260580051223234,0.09,/Users/rasmus/Desktop/Fysik/AppliedML2026/Final_project_data/data/ML_data/NBI/FDM data/Arrivals/Nuuk Arrival_ 213339_OY-GRG_07_04_25_01_12.csv,0.060192000490737356
2025.0,4.0,7.0,18.0,31.0,31.0,0.17999999999999994,0.050670352895718904,0.10900000000000015,/Users/rasmus/Desktop/Fysik/AppliedML2026/Final_project_data/data/ML_data/NBI/FDM data/Arrivals/Nuuk Arrival_ 213341_OY-GRG_07_04_25_34_18.csv,0.04834089475033699
2025.0,4.0,5.0,15.0,17.0,0.0,0.1299999999999999,0.060337103325697146,0.1100000000000001,/Users/rasmus/Desktop/Fysik/AppliedML2026/Final_project_data/data/ML_data/NBI/FDM data/Arrivals/Nuuk Arrival_ 213345_OY-GRH_05_04_25_18_15.csv,0.06386369413502035
2025.0,4.0,7.0,11.0,55.0,59.0,0.1499999999999999,0.04611251062741693,0.08000000000000007,/Users/rasmus/Desktop/Fysik/AppliedML2026/Final_project_data/data/ML_data/NBI/FDM data/Arrivals/Nuuk Arrival_ 213349_OY-GRH_07_04_25_56_11.csv,0.07854445091303888
2025.0,4.0,7.0,22.0,42.0,54.0,0.19999999999999996,0.07382700962674402,0.1419999999999998,/Users/rasmus/Desktop/Fysik/AppliedML2026/Final_project_data/data/ML_data/NBI/FDM data/Arrivals/Nuuk Arrival_ 213355_OY-GRH_07_04_25_43_22.csv,0.08667948623136468
2025.0,4.0,5.0,14.0,58.0,36.0,0.18999999999999995,0.07279423054061361,0.14,/Users/rasmus/Desktop/Fysik/AppliedML2026/Final_project_data/data/ML_data/NBI/FDM data/Arrivals/Nuuk Arrival_ 213357_OY-GRM_05_04_25_59_14.csv,0.08266397845091496
2025.0,4.0,5.0,18.0,37.0,21.0,0.18000000000000005,0.061849142724020076,0.1299999999999999,/Users/rasmus/Desktop/Fysik/AppliedML2026/Final_project_data/data/ML_data/NBI/FDM data/Arrivals/Nuuk Arrival_ 213359_OY-GRM_05_04_25_39_18.csv,0.053851648071345085
2025.0,4.0,5.0,20.0,20.0,12.0,0.30000000000000004,0.07548535762441798,0.14,/Users/rasmus/Desktop/Fysik/AppliedML2026/Final_project_data/data/ML_data/NBI/FDM data/Arrivals/Nuuk Arrival_ 213361_OY-GRM_05_04_25_21_20.csv,0.07681145747868609
2025.0,4.0,6.0,12.0,0.0,28.0,0.16999999999999993,0.05574552022548617,0.1100000000000001,/Users/rasmus/Desktop/Fysik/AppliedML2026/Final_project_data/data/ML_data/NBI/FDM data/Arrivals/Nuuk Arrival_ 213363_OY-GRM_06_04_25_02_12.csv,0.07367345368433452
2025.0,4.0,6.0,16.0,45.0,17.0,0.28,0.06640424541792349,0.1299999999999999,/Users/rasmus/Desktop/Fysik/AppliedML2026/Final_project_data/data/ML_data/NBI/FDM data/Arrivals/Nuuk Arrival_ 213365_OY-GRM_06_04_25_47_16.csv,0.10099504938362078
2025.0,4.0,7.0,12.0,42.0,16.0,0.17999999999999994,0.05840996608397438,0.10000000000000009,/Users/rasmus/Desktop/Fysik/AppliedML2026/Final_project_data/data/ML_data/NBI/FDM data/Arrivals/Nuuk Arrival_ 213367_OY-GRM_07_04_25_44_12.csv,0.09433981132056604
2025.0,4.0,5.0,11.0,46.0,41.0,0.20999999999999996,0.08301449421637168,0.1499999999999999,/Users/rasmus/Desktop/Fysik/AppliedML2026/Final_project_data/data/ML_data/NBI/FDM data/Arrivals/Nuuk Arrival_ 213370_OY-GRO_05_04_25_47_11.csv,0.10859492227013721
2025.0,4.0,7.0,13.0,23.0,36.0,0.20999999999999996,0.07882725584299043,0.1494999999999998,/Users/rasmus/Desktop/Fysik/AppliedML2026/Final_project_data/data/ML_data/NBI/FDM data/Arrivals/Nuuk Arrival_ 213372_OY-GRO_07_04_25_25_13.csv,0.08781665392100953
2025.0,4.0,7.0,18.0,13.0,41.0,0.22999999999999998,0.07387640744673349,0.1200000000000001,/Users/rasmus/Desktop/Fysik/AppliedML2026/Final_project_data/data/ML_data/NBI/FDM data/Arrivals/Nuuk Arrival_ 213374_OY-GRO_07_04_25_14_18.csv,0.08238122763510308
2025.0,4.0,5.0,15.0,28.0,13.0,0.18999999999999995,0.06266217896439905,0.1200000000000001,/Users/rasmus/Desktop/Fysik/AppliedML2026/Final_project_data/data/ML_data/NBI/FDM data/Arrivals/Nuuk Arrival_ 213376_OY-GRP_05_04_25_30_15.csv,0.05984354601792916
2025.0,4.0,5.0,20.0,15.0,1.0,0.1100000000000001,0.041434456184340565,0.08000000000000007,/Users/rasmus/Desktop/Fysik/AppliedML2026/Final_project_data/data/ML_data/NBI/FDM data/Arrivals/Nuuk Arrival_ 213378_OY-GRP_05_04_25_16_20.csv,0.05319221526413322
2025.0,4.0,6.0,14.0,41.0,29.0,0.27,0.06313599485360033,0.12999999999999995,/Users/rasmus/Desktop/Fysik/AppliedML2026/Final_project_data/data/ML_data/NBI/FDM data/Arrivals/Nuuk Arrival_ 213379_OY-GRP_06_04_25_43_14.csv,0.041952353926806095
2025.0,4.0,6.0,20.0,55.0,7.0,0.25,0.05990733585203812,0.1200000000000001,/Users/rasmus/Desktop/Fysik/AppliedML2026/Final_project_data/data/ML_data/NBI/FDM data/Arrivals/Nuuk Arrival_ 213381_OY-GRP_06_04_25_57_20.csv,0.07805980613179446
2025.0,4.0,7.0,12.0,34.0,32.0,0.10000000000000009,0.041853891715684634,0.08000000000000007,/Users/rasmus/Desktop/Fysik/AppliedML2026/Final_project_data/data/ML_data/NBI/FDM data/Arrivals/Nuuk Arrival_ 213382_OY-GRP_07_04_25_36_12.csv,0.051060188573318656
2025.0,4.0,7.0,19.0,43.0,25.0,0.28,0.06294839156007087,0.12650000000000003,/Users/rasmus/Desktop/Fysik/AppliedML2026/Final_project_data/data/ML_data/NBI/FDM data/Arrivals/Nuuk Arrival_ 213384_OY-GRP_07_04_25_46_19.csv,0.06952217871538072
2025.0,4.0,8.0,14.0,36.0,43.0,0.1100000000000001,0.04597774992724303,0.0875,/Users/rasmus/Desktop/Fysik/AppliedML2026/Final_project_data/data/ML_data/NBI/FDM data/Arrivals/Nuuk Arrival_ 213458_OY-GRH_08_04_25_37_14.csv,0.05153882032022081
2025.0,4.0,8.0,13.0,50.0,18.0,0.1100000000000001,0.029518493583085087,0.06000000000000005,/Users/rasmus/Desktop/Fysik/AppliedML2026/Final_project_data/data/ML_data/NBI/FDM data/Arrivals/Nuuk Arrival_ 213459_OY-GRG_08_04_25_53_13.csv,0.0421775694939983
2025.0,4.0,8.0,14.0,46.0,4.0,0.3999999999999999,0.06995955705006651,0.12999999999999998,/Users/rasmus/Desktop/Fysik/AppliedML2026/Final_project_data/data/ML_data/NBI/FDM data/Arrivals/Nuuk Arrival_ 213473_OY-GRM_08_04_25_47_14.csv,0.0950438495292217
2025.0,4.0,8.0,18.0,25.0,53.0,0.1499999999999999,0.06020991317764722,0.1200000000000001,/Users/rasmus/Desktop/Fysik/AppliedML2026/Final_project_data/data/ML_data/NBI/FDM data/Arrivals/Nuuk Arrival_ 213478_OY-GRG_08_04_25_27_18.csv,0.05023474307453665
2025.0,4.0,8.0,19.0,41.0,27.0,0.17999999999999994,0.06274950199005569,0.13049999999999998,/Users/rasmus/Desktop/Fysik/AppliedML2026/Final_project_data/data/ML_data/NBI/FDM data/Arrivals/Nuuk Arrival_ 213487_OY-GRH_08_04_25_43_19.csv,0.10269887449981822
2025.0,4.0,8.0,19.0,53.0,29.0,0.20999999999999996,0.0768070291567846,0.1369999999999998,/Users/rasmus/Desktop/Fysik/AppliedML2026/Final_project_data/data/ML_data/NBI/FDM data/Arrivals/Nuuk Arrival_ 213488_OY-GRO_08_04_25_55_19.csv,0.08355209381548966
2025.0,4.0,8.0,20.0,17.0,26.0,0.28,0.07573740057695307,0.13549999999999998,/Users/rasmus/Desktop/Fysik/AppliedML2026/Final_project_data/data/ML_data/NBI/FDM data/Arrivals/Nuuk Arrival_ 213489_OY-GRP_08_04_25_19_20.csv,0.08210303947424293
2025.0,4.0,9.0,15.0,36.0,19.0,0.32000000000000006,0.10682280239308042,0.2009999999999999,/Users/rasmus/Desktop/Fysik/AppliedML2026/Final_project_data/data/ML_data/NBI/FDM data/Arrivals/Nuuk Arrival_ 213499_OY-GRP_09_04_25_37_15.csv,0.061779176642835484
2025.0,4.0,9.0,15.0,57.0,39.0,0.32999999999999996,0.09868733043906493,0.1965,/Users/rasmus/Desktop/Fysik/AppliedML2026/Final_project_data/data/ML_data/NBI/FDM data/Arrivals/Nuuk Arrival_ 213500_OY-GRG_09_04_25_00_16.csv,0.0868267751842074
2025.0,4.0,9.0,20.0,13.0,51.0,0.18999999999999995,0.07084625550579172,0.1299999999999999,/Users/rasmus/Desktop/Fysik/AppliedML2026/Final_project_data/data/ML_data/NBI/FDM data/Arrivals/Nuuk Arrival_ 213520_OY-GRO_09_04_25_16_20.csv,0.10256095748383008
2025.0,4.0,9.0,20.0,28.0,35.0,0.14,0.043489129076426554,0.09300000000000003,/Users/rasmus/Desktop/Fysik/AppliedML2026/Final_project_data/data/ML_data/NBI/FDM data/Arrivals/Nuuk Arrival_ 213522_OY-GRP_09_04_25_29_20.csv,0.05263078946776312
2025.0,4.0,9.0,21.0,50.0,29.0,0.1100000000000001,0.041026434366536,0.08000000000000007,/Users/rasmus/Desktop/Fysik/AppliedML2026/Final_project_data/data/ML_data/NBI/FDM data/Arrivals/Nuuk Arrival_ 213523_OY-GRG_09_04_25_52_21.csv,0.05250850271282606
2025.0,4.0,10.0,11.0,50.0,26.0,0.24,0.052808102145162496,0.10300000000000004,/Users/rasmus/Desktop/Fysik/AppliedML2026/Final_project_data/data/ML_data/NBI/FDM data/Arrivals/Nuuk Arrival_ 213526_OY-GRG_10_04_25_52_11.csv,0.06601767440112785
2025.0,4.0,10.0,13.0,1.0,23.0,0.18999999999999995,0.039643145023678716,0.07000000000000006,/Users/rasmus/Desktop/Fysik/AppliedML2026/Final_project_data/data/ML_data/NBI/FDM data/Arrivals/Nuuk Arrival_ 213530_OY-GRP_10_04_25_02_13.csv,0.06904105059069328
2025.0,4.0,10.0,14.0,49.0,4.0,0.1399999999999999,0.0659229348052204,0.1100000000000001,/Users/rasmus/Desktop/Fysik/AppliedML2026/Final_project_data/data/ML_data/NBI/FDM data/Arrivals/Nuuk Arrival_ 213532_OY-GRO_10_04_25_51_14.csv,0.08156366580130747
2025.0,4.0,10.0,19.0,6.0,32.0,0.09000000000000008,0.03456395039150861,0.06000000000000005,/Users/rasmus/Desktop/Fysik/AppliedML2026/Final_project_data/data/ML_data/NBI/FDM data/Arrivals/Nuuk Arrival_ 213549_OY-GRM_10_04_25_08_19.csv,0.04533823502911818
2025.0,4.0,10.0,19.0,52.0,41.0,0.17999999999999994,0.07059059775192963,0.12199999999999996,/Users/rasmus/Desktop/Fysik/AppliedML2026/Final_project_data/data/ML_data/NBI/FDM data/Arrivals/Nuuk Arrival_ 213551_OY-GRO_10_04_25_56_19.csv,0.07757911135427192
2025.0,4.0,10.0,22.0,10.0,26.0,0.25,0.0664852604347194,0.13149999999999998,/Users/rasmus/Desktop/Fysik/AppliedML2026/Final_project_data/data/ML_data/NBI/FDM data/Arrivals/Nuuk Arrival_ 213554_OY-GRP_10_04_25_12_22.csv,0.08489812899995093
2025.0,4.0,11.0,20.0,52.0,36.0,0.17999999999999994,0.07706765259772146,0.1399999999999999,/Users/rasmus/Desktop/Fysik/AppliedML2026/Final_project_data/data/ML_data/NBI/FDM data/Arrivals/Nuuk Arrival_ 213559_OY-GRO_11_04_25_53_20.csv,0.10805981249716785
2025.0,4.0,11.0,22.0,14.0,19.0,0.10000000000000009,0.03668261216281798,0.08000000000000007,/Users/rasmus/Desktop/Fysik/AppliedML2026/Final_project_data/data/ML_data/NBI/FDM data/Arrivals/Nuuk Arrival_ 213562_OY-GRP_11_04_25_16_22.csv,0.05338539126015659
2025.0,4.0,12.0,12.0,17.0,36.0,0.29000000000000004,0.05125157693116415,0.09250000000000008,/Users/rasmus/Desktop/Fysik/AppliedML2026/Final_project_data/data/ML_data/NBI/FDM data/Arrivals/Nuuk Arrival_ 213565_OY-GRM_12_04_25_18_12.csv,0.11128618685450316
2025.0,4.0,12.0,13.0,40.0,30.0,0.1299999999999999,0.040365394577101324,0.07000000000000006,/Users/rasmus/Desktop/Fysik/AppliedML2026/Final_project_data/data/ML_data/NBI/FDM data/Arrivals/Nuuk Arrival_ 213567_OY-GRG_12_04_25_42_13.csv,0.05483308003994183
2025.0,4.0,12.0,14.0,21.0,40.0,0.22999999999999998,0.06762768866007676,0.1399999999999999,/Users/rasmus/Desktop/Fysik/AppliedML2026/Final_project_data/data/ML_data/NBI/FDM data/Arrivals/Nuuk Arrival_ 213570_OY-GRP_12_04_25_22_14.csv,0.08113170120967804
2025.0,4.0,12.0,15.0,36.0,3.0,0.20999999999999996,0.05550406971012097,0.1135,/Users/rasmus/Desktop/Fysik/AppliedML2026/Final_project_data/data/ML_data/NBI/FDM data/Arrivals/Nuuk Arrival_ 213571_OY-GRM_12_04_25_37_15.csv,0.08076836888141736
2025.0,4.0,12.0,18.0,53.0,3.0,0.17999999999999994,0.04597600573612585,0.08999999999999997,/Users/rasmus/Desktop/Fysik/AppliedML2026/Final_project_data/data/ML_data/NBI/FDM data/Arrivals/Nuuk Arrival_ 213581_OY-GRG_12_04_25_54_18.csv,0.06355225321645874
2025.0,4.0,12.0,19.0,37.0,0.0,0.1399999999999999,0.0424799417907494,0.08550000000000005,/Users/rasmus/Desktop/Fysik/AppliedML2026/Final_project_data/data/ML_data/NBI/FDM data/Arrivals/Nuuk Arrival_ 213601_OY-GRM_12_04_25_38_19.csv,0.0729383301152419
2025.0,4.0,12.0,22.0,24.0,43.0,0.16999999999999993,0.07585776163320405,0.1299999999999999,/Users/rasmus/Desktop/Fysik/AppliedML2026/Final_project_data/data/ML_data/NBI/FDM data/Arrivals/Nuuk Arrival_ 213606_OY-GRO_12_04_25_25_22.csv,0.07760297817881881
2025.0,4.0,12.0,23.0,24.0,20.0,0.1399999999999999,0.031536861660774906,0.06000000000000005,/Users/rasmus/Desktop/Fysik/AppliedML2026/Final_project_data/data/ML_data/NBI/FDM data/Arrivals/Nuuk Arrival_ 213607_OY-GRG_12_04_25_26_23.csv,0.06633249580710801
2025.0,4.0,13.0,11.0,38.0,0.0,0.1100000000000001,0.037558697231199596,0.07000000000000006,/Users/rasmus/Desktop/Fysik/AppliedML2026/Final_project_data/data/ML_data/NBI/FDM data/Arrivals/Nuuk Arrival_ 213611_OY-GRG_13_04_25_39_11.csv,0.051892746534146245
2025.0,4.0,13.0,11.0,43.0,45.0,0.1299999999999999,0.05996818494924518,0.09000000000000008,/Users/rasmus/Desktop/Fysik/AppliedML2026/Final_project_data/data/ML_data/NBI/FDM data/Arrivals/Nuuk Arrival_ 213612_OY-GRO_13_04_25_44_11.csv,0.0807774721070176
2025.0,4.0,13.0,12.0,19.0,8.0,0.1499999999999999,0.03852436870510646,0.06750000000000006,/Users/rasmus/Desktop/Fysik/AppliedML2026/Final_project_data/data/ML_data/NBI/FDM data/Arrivals/Nuuk Arrival_ 213614_OY-GRM_13_04_25_21_12.csv,0.06226130891842296
2025.0,4.0,13.0,16.0,21.0,47.0,0.1100000000000001,0.03170044215443827,0.06000000000000005,/Users/rasmus/Desktop/Fysik/AppliedML2026/Final_project_data/data/ML_data/NBI/FDM data/Arrivals/Nuuk Arrival_ 213621_OY-GRG_13_04_25_23_16.csv,0.05156378117837917
2025.0,4.0,13.0,17.0,11.0,19.0,0.19999999999999996,0.05588232856341344,0.11000000000000007,/Users/rasmus/Desktop/Fysik/AppliedML2026/Final_project_data/data/ML_data/NBI/FDM data/Arrivals/Nuuk Arrival_ 213623_OY-GRH_13_04_25_13_17.csv,0.061689185077739184
2025.0,4.0,13.0,17.0,16.0,0.0,0.1399999999999999,0.04389446591463481,0.09000000000000008,/Users/rasmus/Desktop/Fysik/AppliedML2026/Final_project_data/data/ML_data/NBI/FDM data/Arrivals/Nuuk Arrival_ 213626_OY-GRM_13_04_25_17_17.csv,0.054658027772688626
2025.0,4.0,13.0,17.0,44.0,18.0,0.15999999999999992,0.06947203492315193,0.1100000000000001,/Users/rasmus/Desktop/Fysik/AppliedML2026/Final_project_data/data/ML_data/NBI/FDM data/Arrivals/Nuuk Arrival_ 213628_OY-GRO_13_04_25_46_17.csv,0.09620579793107875
2025.0,4.0,14.0,11.0,31.0,30.0,0.1499999999999999,0.05167444178589935,0.1200000000000001,/Users/rasmus/Desktop/Fysik/AppliedML2026/Final_project_data/data/ML_data/NBI/FDM data/Arrivals/Nuuk Arrival_ 213632_OY-GRG_14_04_25_33_11.csv,0.05178078794302
2025.0,4.0,14.0,12.0,8.0,3.0,0.17999999999999994,0.06983852342968538,0.11850000000000005,/Users/rasmus/Desktop/Fysik/AppliedML2026/Final_project_data/data/ML_data/NBI/FDM data/Arrivals/Nuuk Arrival_ 213636_OY-GRO_14_04_25_10_12.csv,0.08042649471804415
2025.0,4.0,14.0,12.0,11.0,22.0,0.1299999999999999,0.04209832428450125,0.09000000000000008,/Users/rasmus/Desktop/Fysik/AppliedML2026/Final_project_data/data/ML_data/NBI/FDM data/Arrivals/Nuuk Arrival_ 213637_OY-GRP_14_04_25_13_12.csv,0.055396299515400864
2025.0,4.0,14.0,12.0,57.0,19.0,0.1499999999999999,0.04261293311854419,0.08000000000000007,/Users/rasmus/Desktop/Fysik/AppliedML2026/Final_project_data/data/ML_data/NBI/FDM data/Arrivals/Nuuk Arrival_ 213638_OY-GRM_14_04_25_59_12.csv,0.057052607302383665
2025.0,4.0,14.0,12.0,4.0,31.0,0.26,0.057146878880353295,0.1100000000000001,/Users/rasmus/Desktop/Fysik/AppliedML2026/Final_project_data/data/ML_data/NBI/FDM data/Arrivals/Nuuk Arrival_ 213641_OY-GRH_14_04_25_05_12.csv,0.08710625695092176
2025.0,4.0,14.0,15.0,32.0,9.0,0.19999999999999996,0.05467197079165799,0.10999999999999999,/Users/rasmus/Desktop/Fysik/AppliedML2026/Final_project_data/data/ML_data/NBI/FDM data/Arrivals/Nuuk Arrival_ 213644_OY-GRP_14_04_25_36_15.csv,0.05246552752948711
2025.0,4.0,14.0,16.0,23.0,52.0,0.1200000000000001,0.04499103853421367,0.09000000000000008,/Users/rasmus/Desktop/Fysik/AppliedML2026/Final_project_data/data/ML_data/NBI/FDM data/Arrivals/Nuuk Arrival_ 213646_OY-GRG_14_04_25_25_16.csv,0.038535697735995425
2025.0,4.0,14.0,16.0,59.0,38.0,0.16999999999999993,0.0738269609835542,0.13099999999999984,/Users/rasmus/Desktop/Fysik/AppliedML2026/Final_project_data/data/ML_data/NBI/FDM data/Arrivals/Nuuk Arrival_ 213664_OY-GRO_14_04_25_00_17.csv,0.07790218225441449
2025.0,4.0,14.0,21.0,13.0,9.0,0.15999999999999992,0.07016053021464423,0.1299999999999999,/Users/rasmus/Desktop/Fysik/AppliedML2026/Final_project_data/data/ML_data/NBI/FDM data/Arrivals/Nuuk Arrival_ 213701_OY-GRO_14_04_25_15_21.csv,0.0946044396421225
2025.0,4.0,14.0,21.0,40.0,53.0,0.19999999999999996,0.048414036383252756,0.09000000000000008,/Users/rasmus/Desktop/Fysik/AppliedML2026/Final_project_data/data/ML_data/NBI/FDM data/Arrivals/Nuuk Arrival_ 213703_OY-GRH_14_04_25_42_21.csv,0.07788880963698616
2025.0,3.0,30.0,16.0,4.0,44.0,0.3999999999999999,0.09290425178644948,0.16,/Users/rasmus/Desktop/Fysik/AppliedML2026/Final_project_data/data/ML_data/NBI/FDM data/Arrivals/Nuuk Arrival_ 213705_OY-GRR_30_03_25_51_15.csv,0.10212037714663724
2025.0,3.0,31.0,12.0,26.0,26.0,0.22999999999999998,0.06840804789605648,0.1314999999999999,/Users/rasmus/Desktop/Fysik/AppliedML2026/Final_project_data/data/ML_data/NBI/FDM data/Arrivals/Nuuk Arrival_ 213708_OY-GRR_31_03_25_20_12.csv,0.05883120864907602
2025.0,3.0,31.0,18.0,14.0,53.0,0.4,0.08710625695092174,0.19699999999999984,/Users/rasmus/Desktop/Fysik/AppliedML2026/Final_project_data/data/ML_data/NBI/FDM data/Arrivals/Nuuk Arrival_ 213711_OY-GRR_31_03_25_08_18.csv,0.06943650748294138
2025.0,4.0,1.0,14.0,55.0,45.0,0.42999999999999994,0.09236255259300347,0.1639999999999997,/Users/rasmus/Desktop/Fysik/AppliedML2026/Final_project_data/data/ML_data/NBI/FDM data/Arrivals/Nuuk Arrival_ 213715_OY-GRR_01_04_25_15_14.csv,0.06260990336999417
2025.0,4.0,1.0,19.0,43.0,51.0,0.3899999999999999,0.08015188284952716,0.14999999999999997,/Users/rasmus/Desktop/Fysik/AppliedML2026/Final_project_data/data/ML_data/NBI/FDM data/Arrivals/Nuuk Arrival_ 213718_OY-GRR_01_04_25_39_19.csv,0.10723805294763611
2025.0,4.0,1.0,22.0,45.0,57.0,0.1399999999999999,0.049891774764876745,0.09500000000000003,/Users/rasmus/Desktop/Fysik/AppliedML2026/Final_project_data/data/ML_data/NBI/FDM data/Arrivals/Nuuk Arrival_ 213720_OY-GRR_01_04_25_39_22.csv,0.04735087394291576
2025.0,4.0,2.0,12.0,48.0,52.0,0.20999999999999996,0.06045283661289566,0.1100000000000001,/Users/rasmus/Desktop/Fysik/AppliedML2026/Final_project_data/data/ML_data/NBI/FDM data/Arrivals/Nuuk Arrival_ 213722_OY-GRR_02_04_25_45_12.csv,0.07419568720619821
2025.0,4.0,2.0,19.0,59.0,12.0,0.17999999999999994,0.06373887101416939,0.1299999999999999,/Users/rasmus/Desktop/Fysik/AppliedML2026/Final_project_data/data/ML_data/NBI/FDM data/Arrivals/Nuuk Arrival_ 213728_OY-GRR_02_04_25_56_19.csv,0.0629191825233908
2025.0,4.0,3.0,14.0,38.0,8.0,0.30000000000000004,0.08765611073963983,0.17649999999999985,/Users/rasmus/Desktop/Fysik/AppliedML2026/Final_project_data/data/ML_data/NBI/FDM data/Arrivals/Nuuk Arrival_ 213731_OY-GRR_03_04_25_32_14.csv,0.10277955226423378
2025.0,4.0,3.0,19.0,46.0,36.0,0.3700000000000001,0.0866531703391432,0.16699999999999993,/Users/rasmus/Desktop/Fysik/AppliedML2026/Final_project_data/data/ML_data/NBI/FDM data/Arrivals/Nuuk Arrival_ 213733_OY-GRR_03_04_25_40_19.csv,0.05134553180524704
2025.0,4.0,5.0,15.0,1.0,1.0,0.42000000000000004,0.08473269516325815,0.13999999999999999,/Users/rasmus/Desktop/Fysik/AppliedML2026/Final_project_data/data/ML_data/NBI/FDM data/Arrivals/Nuuk Arrival_ 213736_OY-GRR_05_04_25_45_14.csv,0.07593857166596345
2025.0,4.0,5.0,19.0,48.0,30.0,0.31000000000000005,0.07425003826139205,0.1524999999999999,/Users/rasmus/Desktop/Fysik/AppliedML2026/Final_project_data/data/ML_data/NBI/FDM data/Arrivals/Nuuk Arrival_ 213739_OY-GRR_05_04_25_43_19.csv,0.09729679679550952
2025.0,4.0,14.0,22.0,42.0,32.0,0.1499999999999999,0.0357623736407562,0.06999999999999999,/Users/rasmus/Desktop/Fysik/AppliedML2026/Final_project_data/data/ML_data/NBI/FDM data/Arrivals/Nuuk Arrival_ 213740_OY-GRG_14_04_25_44_22.csv,0.050000000000000044
2025.0,4.0,14.0,21.0,45.0,6.0,0.09000000000000008,0.03443930274803039,0.07949999999999985,/Users/rasmus/Desktop/Fysik/AppliedML2026/Final_project_data/data/ML_data/NBI/FDM data/Arrivals/Nuuk Arrival_ 213741_OY-GRP_14_04_25_47_21.csv,0.04972144630058771
2025.0,4.0,6.0,14.0,2.0,48.0,0.19999999999999996,0.06920110622994607,0.12750000000000006,/Users/rasmus/Desktop/Fysik/AppliedML2026/Final_project_data/data/ML_data/NBI/FDM data/Arrivals/Nuuk Arrival_ 213743_OY-GRR_06_04_25_59_13.csv,0.07395424781059418
2025.0,4.0,6.0,19.0,37.0,34.0,0.17999999999999994,0.0541358759909446,0.1299999999999999,/Users/rasmus/Desktop/Fysik/AppliedML2026/Final_project_data/data/ML_data/NBI/FDM data/Arrivals/Nuuk Arrival_ 213747_OY-GRR_06_04_25_33_19.csv,0.07231467184953469
2025.0,4.0,6.0,20.0,49.0,9.0,0.040000000000000036,0.02902297940138701,0.030000000000000027,/Users/rasmus/Desktop/Fysik/AppliedML2026/Final_project_data/data/ML_data/NBI/FDM data/Arrivals/Nuuk Arrival_ 213748_OY-GRR_06_04_25_47_20.csv,0.02902297940138701
2025.0,4.0,7.0,12.0,2.0,38.0,0.15999999999999992,0.04594086830134683,0.09000000000000008,/Users/rasmus/Desktop/Fysik/AppliedML2026/Final_project_data/data/ML_data/NBI/FDM data/Arrivals/Nuuk Arrival_ 213751_OY-GRR_07_04_25_56_11.csv,0.05416025603090645
2025.0,4.0,7.0,16.0,37.0,50.0,0.3600000000000001,0.0880550067317374,0.20299999999999993,/Users/rasmus/Desktop/Fysik/AppliedML2026/Final_project_data/data/ML_data/NBI/FDM data/Arrivals/Nuuk Arrival_ 213754_OY-GRR_07_04_25_30_16.csv,0.07524319545007682
2025.0,4.0,8.0,13.0,12.0,54.0,0.15999999999999992,0.04762119042797839,0.09000000000000008,/Users/rasmus/Desktop/Fysik/AppliedML2026/Final_project_data/data/ML_data/NBI/FDM data/Arrivals/Nuuk Arrival_ 213756_OY-GRR_08_04_25_09_13.csv,0.07427426651719067
2025.0,4.0,8.0,16.0,58.0,55.0,0.33000000000000007,0.09797308872669924,0.17999999999999994,/Users/rasmus/Desktop/Fysik/AppliedML2026/Final_project_data/data/ML_data/NBI/FDM data/Arrivals/Nuuk Arrival_ 213757_OY-GRR_08_04_25_53_16.csv,0.12074767078498864
2025.0,4.0,9.0,19.0,42.0,5.0,0.17999999999999994,0.06046846817610282,0.1200000000000001,/Users/rasmus/Desktop/Fysik/AppliedML2026/Final_project_data/data/ML_data/NBI/FDM data/Arrivals/Nuuk Arrival_ 213761_OY-GRR_09_04_25_26_19.csv,0.07503332592921629
2025.0,4.0,10.0,14.0,34.0,38.0,0.42000000000000004,0.06802976393085462,0.1200000000000001,/Users/rasmus/Desktop/Fysik/AppliedML2026/Final_project_data/data/ML_data/NBI/FDM data/Arrivals/Nuuk Arrival_ 213764_OY-GRR_10_04_25_18_14.csv,0.060976895773578246
2025.0,4.0,10.0,18.0,16.0,39.0,0.1299999999999999,0.052941026563318415,0.10600000000000004,/Users/rasmus/Desktop/Fysik/AppliedML2026/Final_project_data/data/ML_data/NBI/FDM data/Arrivals/Nuuk Arrival_ 213766_OY-GRR_10_04_25_10_18.csv,0.06504805915628846
2025.0,4.0,10.0,20.0,52.0,11.0,0.20999999999999996,0.07295527335369503,0.12999999999999995,/Users/rasmus/Desktop/Fysik/AppliedML2026/Final_project_data/data/ML_data/NBI/FDM data/Arrivals/Nuuk Arrival_ 213768_OY-GRR_10_04_25_45_20.csv,0.09021342216356468
2025.0,4.0,11.0,21.0,44.0,4.0,0.21999999999999997,0.07656039611230839,0.15349999999999986,/Users/rasmus/Desktop/Fysik/AppliedML2026/Final_project_data/data/ML_data/NBI/FDM data/Arrivals/Nuuk Arrival_ 213769_OY-GRR_11_04_25_26_20.csv,0.06668627162714537
2025.0,4.0,12.0,0.0,59.0,54.0,0.3500000000000001,0.08016460338805174,0.1564999999999999,/Users/rasmus/Desktop/Fysik/AppliedML2026/Final_project_data/data/ML_data/NBI/FDM data/Arrivals/Nuuk Arrival_ 213771_OY-GRR_12_04_25_48_00.csv,0.07881941385217224
2025.0,4.0,12.0,14.0,24.0,37.0,0.20999999999999996,0.06250544530734349,0.1399999999999999,/Users/rasmus/Desktop/Fysik/AppliedML2026/Final_project_data/data/ML_data/NBI/FDM data/Arrivals/Nuuk Arrival_ 213773_OY-GRR_12_04_25_10_14.csv,0.0815270916117254
2025.0,4.0,12.0,18.0,51.0,16.0,0.42999999999999994,0.11833355478763936,0.255,/Users/rasmus/Desktop/Fysik/AppliedML2026/Final_project_data/data/ML_data/NBI/FDM data/Arrivals/Nuuk Arrival_ 213775_OY-GRR_12_04_25_45_18.csv,0.09290629121522623
2025.0,4.0,13.0,12.0,30.0,18.0,0.45999999999999996,0.08676964885613417,0.16999999999999993,/Users/rasmus/Desktop/Fysik/AppliedML2026/Final_project_data/data/ML_data/NBI/FDM data/Arrivals/Nuuk Arrival_ 213777_OY-GRR_13_04_25_21_12.csv,0.08066132902450839
2025.0,4.0,13.0,16.0,58.0,25.0,0.30000000000000004,0.07051865962943571,0.1399999999999999,/Users/rasmus/Desktop/Fysik/AppliedML2026/Final_project_data/data/ML_data/NBI/FDM data/Arrivals/Nuuk Arrival_ 213779_OY-GRR_13_04_25_52_16.csv,0.06719962405909882
2025.0,4.0,15.0,11.0,14.0,47.0,0.17999999999999994,0.07359615100413171,0.1399999999999999,/Users/rasmus/Desktop/Fysik/AppliedML2026/Final_project_data/data/ML_data/NBI/FDM data/Arrivals/Nuuk Arrival_ 213803_OY-GRO_15_04_25_15_11.csv,0.10085350054127308
2025.0,4.0,15.0,13.0,32.0,30.0,0.13,0.03899531921442524,0.07000000000000003,/Users/rasmus/Desktop/Fysik/AppliedML2026/Final_project_data/data/ML_data/NBI/FDM data/Arrivals/Nuuk Arrival_ 213805_OY-GRG_15_04_25_34_13.csv,0.03400367627183864
2025.0,4.0,15.0,14.0,36.0,14.0,0.1399999999999999,0.055766111169146274,0.1100000000000001,/Users/rasmus/Desktop/Fysik/AppliedML2026/Final_project_data/data/ML_data/NBI/FDM data/Arrivals/Nuuk Arrival_ 213807_OY-GRM_15_04_25_38_14.csv,0.07351870510285123
2025.0,4.0,15.0,14.0,42.0,4.0,0.20999999999999996,0.06806628290074705,0.15499999999999992,/Users/rasmus/Desktop/Fysik/AppliedML2026/Final_project_data/data/ML_data/NBI/FDM data/Arrivals/Nuuk Arrival_ 213808_OY-GRH_15_04_25_43_14.csv,0.06275716324421894
2025.0,4.0,15.0,14.0,23.0,2.0,0.16999999999999993,0.07473600260563908,0.1299999999999999,/Users/rasmus/Desktop/Fysik/AppliedML2026/Final_project_data/data/ML_data/NBI/FDM data/Arrivals/Nuuk Arrival_ 213809_OY-GRO_15_04_25_24_14.csv,0.0789706504744873
2025.0,4.0,15.0,18.0,12.0,58.0,0.18999999999999995,0.07048360753606271,0.1100000000000001,/Users/rasmus/Desktop/Fysik/AppliedML2026/Final_project_data/data/ML_data/NBI/FDM data/Arrivals/Nuuk Arrival_ 213835_OY-GRO_15_04_25_14_18.csv,0.09562658858520703
2025.0,4.0,15.0,19.0,10.0,54.0,0.1200000000000001,0.03525042684270071,0.07000000000000006,/Users/rasmus/Desktop/Fysik/AppliedML2026/Final_project_data/data/ML_data/NBI/FDM data/Arrivals/Nuuk Arrival_ 213836_OY-GRP_15_04_25_11_19.csv,0.04006245124802029
2025.0,4.0,15.0,18.0,32.0,2.0,0.1100000000000001,0.04157352774248568,0.08000000000000007,/Users/rasmus/Desktop/Fysik/AppliedML2026/Final_project_data/data/ML_data/NBI/FDM data/Arrivals/Nuuk Arrival_ 213837_OY-GRG_15_04_25_34_18.csv,0.05732115042211113
2025.0,4.0,15.0,19.0,29.0,58.0,0.1100000000000001,0.04901061942402416,0.10000000000000009,/Users/rasmus/Desktop/Fysik/AppliedML2026/Final_project_data/data/ML_data/NBI/FDM data/Arrivals/Nuuk Arrival_ 213838_OY-GRH_15_04_25_30_19.csv,0.06678323142825605
2025.0,4.0,15.0,22.0,45.0,1.0,0.15999999999999992,0.06542736996655717,0.1100000000000001,/Users/rasmus/Desktop/Fysik/AppliedML2026/Final_project_data/data/ML_data/NBI/FDM data/Arrivals/Nuuk Arrival_ 213854_OY-GRO_15_04_25_47_22.csv,0.07082223855318481
2025.0,4.0,16.0,11.0,49.0,38.0,0.1100000000000001,0.041241331908985684,0.08149999999999998,/Users/rasmus/Desktop/Fysik/AppliedML2026/Final_project_data/data/ML_data/NBI/FDM data/Arrivals/Nuuk Arrival_ 213884_OY-GRG_16_04_25_51_11.csv,0.043453829452853185
2025.0,4.0,16.0,12.0,9.0,28.0,0.16000000000000003,0.04536885862938736,0.08000000000000007,/Users/rasmus/Desktop/Fysik/AppliedML2026/Final_project_data/data/ML_data/NBI/FDM data/Arrivals/Nuuk Arrival_ 213885_OY-GRP_16_04_25_11_12.csv,0.04748205402618403
2025.0,4.0,16.0,14.0,24.0,14.0,0.17999999999999994,0.07083462331126726,0.1299999999999999,/Users/rasmus/Desktop/Fysik/AppliedML2026/Final_project_data/data/ML_data/NBI/FDM data/Arrivals/Nuuk Arrival_ 213896_OY-GRO_16_04_25_27_14.csv,0.08228358423947098
2025.0,4.0,16.0,11.0,38.0,36.0,0.17999999999999994,0.056837562180095946,0.12149999999999998,/Users/rasmus/Desktop/Fysik/AppliedML2026/Final_project_data/data/ML_data/NBI/FDM data/Arrivals/Nuuk Arrival_ 213898_OY-GRM_16_04_25_39_11.csv,0.07044501401802686
2025.0,4.0,16.0,15.0,1.0,50.0,0.20999999999999996,0.04879649127729998,0.09000000000000008,/Users/rasmus/Desktop/Fysik/AppliedML2026/Final_project_data/data/ML_data/NBI/FDM data/Arrivals/Nuuk Arrival_ 213901_OY-GRP_16_04_25_03_15.csv,0.0655267121104058
2025.0,4.0,16.0,16.0,10.0,32.0,0.1100000000000001,0.0285572624979936,0.06000000000000005,/Users/rasmus/Desktop/Fysik/AppliedML2026/Final_project_data/data/ML_data/NBI/FDM data/Arrivals/Nuuk Arrival_ 213902_OY-GRG_16_04_25_12_16.csv,0.05247221486971308
2025.0,4.0,16.0,21.0,2.0,20.0,0.1499999999999999,0.07193850101992735,0.1299999999999999,/Users/rasmus/Desktop/Fysik/AppliedML2026/Final_project_data/data/ML_data/NBI/FDM data/Arrivals/Nuuk Arrival_ 213937_OY-GRO_16_04_25_05_21.csv,0.0800367562619899
2025.0,4.0,16.0,21.0,6.0,58.0,0.1399999999999999,0.04580615234675769,0.10000000000000009,/Users/rasmus/Desktop/Fysik/AppliedML2026/Final_project_data/data/ML_data/NBI/FDM data/Arrivals/Nuuk Arrival_ 213938_OY-GRG_16_04_25_09_21.csv,0.04656984002549292
2025.0,4.0,16.0,21.0,23.0,39.0,0.30000000000000004,0.04283382824480278,0.06000000000000005,/Users/rasmus/Desktop/Fysik/AppliedML2026/Final_project_data/data/ML_data/NBI/FDM data/Arrivals/Nuuk Arrival_ 213939_OY-GRP_16_04_25_24_21.csv,0.07773581634521598
2025.0,4.0,16.0,17.0,39.0,8.0,0.27,0.07493950362485613,0.15199999999999966,/Users/rasmus/Desktop/Fysik/AppliedML2026/Final_project_data/data/ML_data/NBI/FDM data/Arrivals/Nuuk Arrival_ 213941_OY-GRH_16_04_25_40_17.csv,0.058896094946948786
2025.0,4.0,17.0,14.0,30.0,14.0,0.20999999999999996,0.05271661897511702,0.10000000000000006,/Users/rasmus/Desktop/Fysik/AppliedML2026/Final_project_data/data/ML_data/NBI/FDM data/Arrivals/Nuuk Arrival_ 213947_OY-GRG_17_04_25_32_14.csv,0.07532153299909221
2025.0,4.0,17.0,16.0,44.0,40.0,0.33000000000000007,0.08859469288757169,0.1594999999999998,/Users/rasmus/Desktop/Fysik/AppliedML2026/Final_project_data/data/ML_data/NBI/FDM data/Arrivals/Nuuk Arrival_ 213995_OY-GRO_17_04_25_45_16.csv,0.13379088160259656
2025.0,4.0,17.0,14.0,35.0,59.0,0.29000000000000004,0.07154544010627095,0.12999999999999995,/Users/rasmus/Desktop/Fysik/AppliedML2026/Final_project_data/data/ML_data/NBI/FDM data/Arrivals/Nuuk Arrival_ 213996_OY-GRM_17_04_25_36_14.csv,0.15329709716755893
2025.0,4.0,17.0,19.0,28.0,56.0,0.1299999999999999,0.04049041472015973,0.08350000000000002,/Users/rasmus/Desktop/Fysik/AppliedML2026/Final_project_data/data/ML_data/NBI/FDM data/Arrivals/Nuuk Arrival_ 214001_OY-GRP_17_04_25_29_19.csv,0.05303300858899111
2025.0,4.0,17.0,13.0,39.0,43.0,0.21999999999999997,0.06706113823729988,0.13999999999999999,/Users/rasmus/Desktop/Fysik/AppliedML2026/Final_project_data/data/ML_data/NBI/FDM data/Arrivals/Nuuk Arrival_ 214004_OY-GRH_17_04_25_40_13.csv,0.06345602151621758
2025.0,4.0,18.0,12.0,13.0,13.0,0.1399999999999999,0.0401103918880752,0.08000000000000007,/Users/rasmus/Desktop/Fysik/AppliedML2026/Final_project_data/data/ML_data/NBI/FDM data/Arrivals/Nuuk Arrival_ 214008_OY-GRM_18_04_25_15_12.csv,0.0661707747315341
2025.0,4.0,18.0,12.0,26.0,51.0,0.27,0.04220611249811325,0.07149999999999998,/Users/rasmus/Desktop/Fysik/AppliedML2026/Final_project_data/data/ML_data/NBI/FDM data/Arrivals/Nuuk Arrival_ 214010_OY-GRP_18_04_25_27_12.csv,0.08551802928817605
2025.0,4.0,18.0,14.0,24.0,57.0,0.1499999999999999,0.06482599508340942,0.1100000000000001,/Users/rasmus/Desktop/Fysik/AppliedML2026/Final_project_data/data/ML_data/NBI/FDM data/Arrivals/Nuuk Arrival_ 214011_OY-GRO_18_04_25_26_14.csv,0.07894035056527449
2025.0,4.0,18.0,11.0,43.0,48.0,0.20999999999999996,0.05380520420925844,0.10000000000000009,/Users/rasmus/Desktop/Fysik/AppliedML2026/Final_project_data/data/ML_data/NBI/FDM data/Arrivals/Nuuk Arrival_ 214012_OY-GRG_18_04_25_45_11.csv,0.09643650760992954
2025.0,4.0,18.0,16.0,27.0,10.0,0.1399999999999999,0.031083712505082024,0.06000000000000005,/Users/rasmus/Desktop/Fysik/AppliedML2026/Final_project_data/data/ML_data/NBI/FDM data/Arrivals/Nuuk Arrival_ 214016_OY-GRG_18_04_25_29_16.csv,0.062271805640898036
2025.0,4.0,18.0,17.0,0.0,13.0,0.1499999999999999,0.038921634305631087,0.08000000000000007,/Users/rasmus/Desktop/Fysik/AppliedML2026/Final_project_data/data/ML_data/NBI/FDM data/Arrivals/Nuuk Arrival_ 214024_OY-GRM_18_04_25_02_17.csv,0.05645794895318109
2025.0,4.0,19.0,10.0,58.0,5.0,0.21999999999999997,0.07253126438802436,0.1594999999999998,/Users/rasmus/Desktop/Fysik/AppliedML2026/Final_project_data/data/ML_data/NBI/FDM data/Arrivals/Nuuk Arrival_ 214055_OY-GRG_19_04_25_59_10.csv,0.03641861872001307
2025.0,4.0,19.0,13.0,59.0,49.0,0.09000000000000008,0.03056024495040203,0.07449999999999989,/Users/rasmus/Desktop/Fysik/AppliedML2026/Final_project_data/data/ML_data/NBI/FDM data/Arrivals/Nuuk Arrival_ 214062_OY-GRP_19_04_25_00_14.csv,0.048925964476952355
2025.0,4.0,19.0,14.0,17.0,57.0,0.09000000000000008,0.03652955792437872,0.07399999999999998,/Users/rasmus/Desktop/Fysik/AppliedML2026/Final_project_data/data/ML_data/NBI/FDM data/Arrivals/Nuuk Arrival_ 214063_OY-GRG_19_04_25_19_14.csv,0.054015248391760036
2025.0,4.0,19.0,14.0,34.0,21.0,0.16999999999999993,0.042749865735557176,0.07000000000000006,/Users/rasmus/Desktop/Fysik/AppliedML2026/Final_project_data/data/ML_data/NBI/FDM data/Arrivals/Nuuk Arrival_ 214074_OY-GRM_19_04_25_35_14.csv,0.0810555365166378
2025.0,4.0,19.0,17.0,33.0,45.0,0.09000000000000008,0.028906629349320277,0.06000000000000005,/Users/rasmus/Desktop/Fysik/AppliedML2026/Final_project_data/data/ML_data/NBI/FDM data/Arrivals/Nuuk Arrival_ 214079_OY-GRG_19_04_25_35_17.csv,0.0355902608401044
2025.0,4.0,19.0,20.0,13.0,23.0,0.09000000000000008,0.03588503656200737,0.07000000000000006,/Users/rasmus/Desktop/Fysik/AppliedML2026/Final_project_data/data/ML_data/NBI/FDM data/Arrivals/Nuuk Arrival_ 214083_OY-GRM_19_04_25_15_20.csv,0.048131763593978874
2025.0,4.0,14.0,13.0,56.0,48.0,0.17000000000000004,0.0563964143856288,0.11299999999999989,/Users/rasmus/Desktop/Fysik/AppliedML2026/Final_project_data/data/ML_data/NBI/FDM data/Arrivals/Nuuk Arrival_ 214099_OY-GRR_14_04_25_46_13.csv,0.0616441400296898
2025.0,4.0,14.0,18.0,11.0,8.0,0.1200000000000001,0.04712143999844323,0.08399999999999999,/Users/rasmus/Desktop/Fysik/AppliedML2026/Final_project_data/data/ML_data/NBI/FDM data/Arrivals/Nuuk Arrival_ 214102_OY-GRR_14_04_25_07_18.csv,0.05793315113128239
2025.0,4.0,15.0,14.0,21.0,49.0,0.53,0.09340249447432321,0.17999999999999994,/Users/rasmus/Desktop/Fysik/AppliedML2026/Final_project_data/data/ML_data/NBI/FDM data/Arrivals/Nuuk Arrival_ 214104_OY-GRR_15_04_25_09_14.csv,0.09860252343179988
2025.0,4.0,15.0,19.0,36.0,59.0,0.39,0.06881700237959922,0.11600000000000005,/Users/rasmus/Desktop/Fysik/AppliedML2026/Final_project_data/data/ML_data/NBI/FDM data/Arrivals/Nuuk Arrival_ 214106_OY-GRR_15_04_25_29_19.csv,0.08944271909999159
2025.0,4.0,16.0,12.0,1.0,40.0,0.26,0.06869346363598743,0.15599999999999992,/Users/rasmus/Desktop/Fysik/AppliedML2026/Final_project_data/data/ML_data/NBI/FDM data/Arrivals/Nuuk Arrival_ 214108_OY-GRR_16_04_25_53_11.csv,0.07516648189186455
2025.0,4.0,16.0,18.0,11.0,41.0,0.19999999999999996,0.054227529908709673,0.09000000000000008,/Users/rasmus/Desktop/Fysik/AppliedML2026/Final_project_data/data/ML_data/NBI/FDM data/Arrivals/Nuuk Arrival_ 214112_OY-GRR_16_04_25_05_18.csv,0.0760756202735147
2025.0,4.0,17.0,11.0,2.0,42.0,0.19999999999999996,0.07265341367422815,0.14299999999999988,/Users/rasmus/Desktop/Fysik/AppliedML2026/Final_project_data/data/ML_data/NBI/FDM data/Arrivals/Nuuk Arrival_ 214114_OY-GRR_17_04_25_57_10.csv,0.053333333333333385
2025.0,4.0,17.0,14.0,24.0,17.0,0.22999999999999998,0.06317677063467306,0.14599999999999985,/Users/rasmus/Desktop/Fysik/AppliedML2026/Final_project_data/data/ML_data/NBI/FDM data/Arrivals/Nuuk Arrival_ 214116_OY-GRR_17_04_25_19_14.csv,0.11337081271857667
2025.0,4.0,17.0,17.0,26.0,11.0,0.19999999999999996,0.06348154489342613,0.1299999999999999,/Users/rasmus/Desktop/Fysik/AppliedML2026/Final_project_data/data/ML_data/NBI/FDM data/Arrivals/Nuuk Arrival_ 214118_OY-GRR_17_04_25_21_17.csv,0.09253377761660873
2025.0,4.0,17.0,20.0,4.0,6.0,0.3400000000000001,0.07921336554870902,0.1499999999999999,/Users/rasmus/Desktop/Fysik/AppliedML2026/Final_project_data/data/ML_data/NBI/FDM data/Arrivals/Nuuk Arrival_ 214120_OY-GRR_17_04_25_09_20.csv,0.08860022573334678
2025.0,4.0,19.0,13.0,27.0,44.0,0.16999999999999993,0.058661541665628245,0.1200000000000001,/Users/rasmus/Desktop/Fysik/AppliedML2026/Final_project_data/data/ML_data/NBI/FDM data/Arrivals/Nuuk Arrival_ 214123_OY-GRR_19_04_25_21_13.csv,0.06267831705280086
2025.0,4.0,19.0,18.0,34.0,25.0,0.1100000000000001,0.03906870405277911,0.08000000000000007,/Users/rasmus/Desktop/Fysik/AppliedML2026/Final_project_data/data/ML_data/NBI/FDM data/Arrivals/Nuuk Arrival_ 214126_OY-GRR_19_04_25_30_18.csv,0.05180936716768305
2025.0,4.0,20.0,17.0,40.0,10.0,0.1299999999999999,0.03321155700651497,0.07399999999999994,/Users/rasmus/Desktop/Fysik/AppliedML2026/Final_project_data/data/ML_data/NBI/FDM data/Arrivals/Nuuk Arrival_ 214128_OY-GRG_20_04_25_42_17.csv,0.055437652667959664
2025.0,4.0,20.0,17.0,53.0,7.0,0.19999999999999996,0.07286009710397046,0.1299999999999999,/Users/rasmus/Desktop/Fysik/AppliedML2026/Final_project_data/data/ML_data/NBI/FDM data/Arrivals/Nuuk Arrival_ 214131_OY-GRO_20_04_25_55_17.csv,0.09246621004453466
2025.0,4.0,21.0,12.0,10.0,38.0,0.1399999999999999,0.04810784386026858,0.09000000000000008,/Users/rasmus/Desktop/Fysik/AppliedML2026/Final_project_data/data/ML_data/NBI/FDM data/Arrivals/Nuuk Arrival_ 214137_OY-GRM_21_04_25_12_12.csv,0.05567764362830026
2025.0,4.0,21.0,12.0,19.0,53.0,0.22999999999999998,0.07513829058385886,0.1299999999999999,/Users/rasmus/Desktop/Fysik/AppliedML2026/Final_project_data/data/ML_data/NBI/FDM data/Arrivals/Nuuk Arrival_ 214138_OY-GRO_21_04_25_20_12.csv,0.10453359616540862
2025.0,4.0,21.0,13.0,42.0,34.0,0.10000000000000009,0.03534638720728891,0.07150000000000012,/Users/rasmus/Desktop/Fysik/AppliedML2026/Final_project_data/data/ML_data/NBI/FDM data/Arrivals/Nuuk Arrival_ 214139_OY-GRG_21_04_25_45_13.csv,0.05129102485590667
2025.0,4.0,21.0,15.0,54.0,4.0,0.1499999999999999,0.047380078037839876,0.08999999999999998,/Users/rasmus/Desktop/Fysik/AppliedML2026/Final_project_data/data/ML_data/NBI/FDM data/Arrivals/Nuuk Arrival_ 214143_OY-GRP_21_04_25_55_15.csv,0.07404953297174353
2025.0,4.0,21.0,17.0,26.0,9.0,0.20999999999999996,0.06739542163339333,0.1100000000000001,/Users/rasmus/Desktop/Fysik/AppliedML2026/Final_project_data/data/ML_data/NBI/FDM data/Arrivals/Nuuk Arrival_ 214149_OY-GRO_21_04_25_28_17.csv,0.06733003292241391
2025.0,4.0,21.0,19.0,37.0,4.0,0.10000000000000009,0.03459326834625539,0.07000000000000006,/Users/rasmus/Desktop/Fysik/AppliedML2026/Final_project_data/data/ML_data/NBI/FDM data/Arrivals/Nuuk Arrival_ 214158_OY-GRM_21_04_25_39_19.csv,0.054711363840918265
2025.0,4.0,21.0,18.0,10.0,12.0,0.1299999999999999,0.04461034235049202,0.08999999999999997,/Users/rasmus/Desktop/Fysik/AppliedML2026/Final_project_data/data/ML_data/NBI/FDM data/Arrivals/Nuuk Arrival_ 214174_OY-GRG_21_04_25_12_18.csv,0.06947857747012909
2025.0,4.0,21.0,20.0,15.0,59.0,0.1299999999999999,0.03623425655805026,0.08000000000000007,/Users/rasmus/Desktop/Fysik/AppliedML2026/Final_project_data/data/ML_data/NBI/FDM data/Arrivals/Nuuk Arrival_ 214175_OY-GRP_21_04_25_17_20.csv,0.05423261445466406
2025.0,4.0,21.0,22.0,9.0,19.0,0.1299999999999999,0.030413812651491116,0.05449999999999994,/Users/rasmus/Desktop/Fysik/AppliedML2026/Final_project_data/data/ML_data/NBI/FDM data/Arrivals/Nuuk Arrival_ 214176_OY-GRP_21_04_25_11_22.csv,0.051316014394468853
2025.0,4.0,22.0,15.0,21.0,12.0,0.1399999999999999,0.04647779238717334,0.09250000000000008,/Users/rasmus/Desktop/Fysik/AppliedML2026/Final_project_data/data/ML_data/NBI/FDM data/Arrivals/Nuuk Arrival_ 214180_OY-GRM_22_04_25_24_15.csv,0.08932284942035505
2025.0,4.0,14.0,12.0,16.0,31.0,0.17999999999999994,0.05537211779019682,0.10999999999999999,/Users/rasmus/Desktop/Fysik/AppliedML2026/Final_project_data/data/ML_data/NBI/FDM data/Arrivals/Nuuk Arrival_ 214189_OY-GRJ_14_04_25_17_12.csv,0.05374230451067066
2025.0,4.0,14.0,17.0,32.0,38.0,0.15999999999999992,0.04890741747292501,0.09000000000000008,/Users/rasmus/Desktop/Fysik/AppliedML2026/Final_project_data/data/ML_data/NBI/FDM data/Arrivals/Nuuk Arrival_ 214192_OY-GRJ_14_04_25_33_17.csv,0.06714976477316142
2025.0,4.0,15.0,14.0,47.0,4.0,0.17999999999999994,0.061244047329788186,0.1299999999999999,/Users/rasmus/Desktop/Fysik/AppliedML2026/Final_project_data/data/ML_data/NBI/FDM data/Arrivals/Nuuk Arrival_ 214194_OY-GRJ_15_04_25_49_14.csv,0.06206957047497082
2025.0,4.0,15.0,19.0,26.0,51.0,0.18999999999999995,0.05640440544534076,0.1200000000000001,/Users/rasmus/Desktop/Fysik/AppliedML2026/Final_project_data/data/ML_data/NBI/FDM data/Arrivals/Nuuk Arrival_ 214197_OY-GRJ_15_04_25_28_19.csv,0.07205322107072432
2025.0,4.0,16.0,18.0,9.0,54.0,0.1200000000000001,0.044870183121236945,0.08000000000000007,/Users/rasmus/Desktop/Fysik/AppliedML2026/Final_project_data/data/ML_data/NBI/FDM data/Arrivals/Nuuk Arrival_ 214200_OY-GRJ_16_04_25_10_18.csv,0.05979130371550704
2025.0,4.0,17.0,11.0,35.0,24.0,0.1499999999999999,0.050911502944575054,0.10000000000000009,/Users/rasmus/Desktop/Fysik/AppliedML2026/Final_project_data/data/ML_data/NBI/FDM data/Arrivals/Nuuk Arrival_ 214202_OY-GRJ_17_04_25_38_11.csv,0.06792152334373347
2025.0,4.0,17.0,19.0,21.0,3.0,0.1299999999999999,0.060727076150410716,0.1200000000000001,/Users/rasmus/Desktop/Fysik/AppliedML2026/Final_project_data/data/ML_data/NBI/FDM data/Arrivals/Nuuk Arrival_ 214204_OY-GRJ_17_04_25_22_19.csv,0.06870991654469498
2025.0,4.0,18.0,15.0,16.0,31.0,0.1200000000000001,0.038604696354785174,0.08000000000000006,/Users/rasmus/Desktop/Fysik/AppliedML2026/Final_project_data/data/ML_data/NBI/FDM data/Arrivals/Nuuk Arrival_ 214210_OY-GRJ_18_04_25_18_15.csv,0.05505678886386315
2025.0,4.0,18.0,21.0,9.0,3.0,0.15999999999999992,0.03961436918106909,0.07349999999999997,/Users/rasmus/Desktop/Fysik/AppliedML2026/Final_project_data/data/ML_data/NBI/FDM data/Arrivals/Nuuk Arrival_ 214214_OY-GRJ_18_04_25_10_21.csv,0.07379806126283975
2025.0,4.0,22.0,16.0,16.0,23.0,0.3500000000000001,0.08258875007738202,0.1399999999999999,/Users/rasmus/Desktop/Fysik/AppliedML2026/Final_project_data/data/ML_data/NBI/FDM data/Arrivals/Nuuk Arrival_ 214216_OY-GRO_22_04_25_20_16.csv,0.10765686229869423
2025.0,4.0,22.0,19.0,6.0,51.0,0.1299999999999999,0.029366397823037786,0.055999999999999994,/Users/rasmus/Desktop/Fysik/AppliedML2026/Final_project_data/data/ML_data/NBI/FDM data/Arrivals/Nuuk Arrival_ 214231_OY-GRP_22_04_25_07_19.csv,0.06139406135149206
2025.0,4.0,22.0,19.0,23.0,47.0,0.1399999999999999,0.02881591821992046,0.06449999999999995,/Users/rasmus/Desktop/Fysik/AppliedML2026/Final_project_data/data/ML_data/NBI/FDM data/Arrivals/Nuuk Arrival_ 214232_OY-GRG_22_04_25_25_19.csv,0.053166405433005076
2025.0,4.0,22.0,20.0,22.0,15.0,0.19999999999999996,0.041389420292503906,0.07000000000000006,/Users/rasmus/Desktop/Fysik/AppliedML2026/Final_project_data/data/ML_data/NBI/FDM data/Arrivals/Nuuk Arrival_ 214233_OY-GRM_22_04_25_24_20.csv,0.070178344238091
2025.0,4.0,23.0,15.0,7.0,44.0,0.1499999999999999,0.03968343199339966,0.08000000000000002,/Users/rasmus/Desktop/Fysik/AppliedML2026/Final_project_data/data/ML_data/NBI/FDM data/Arrivals/Nuuk Arrival_ 214255_OY-GRP_23_04_25_08_15.csv,0.06193314367698677
2025.0,4.0,23.0,15.0,50.0,28.0,0.1100000000000001,0.035089172119045525,0.06999999999999995,/Users/rasmus/Desktop/Fysik/AppliedML2026/Final_project_data/data/ML_data/NBI/FDM data/Arrivals/Nuuk Arrival_ 214257_OY-GRG_23_04_25_52_15.csv,0.05117372372614685
2025.0,4.0,23.0,16.0,19.0,45.0,0.1399999999999999,0.062205237122156636,0.11150000000000002,/Users/rasmus/Desktop/Fysik/AppliedML2026/Final_project_data/data/ML_data/NBI/FDM data/Arrivals/Nuuk Arrival_ 214279_OY-GRO_23_04_25_20_16.csv,0.07356969484781088
2025.0,4.0,23.0,14.0,52.0,5.0,0.1499999999999999,0.048366162906372016,0.08449999999999991,/Users/rasmus/Desktop/Fysik/AppliedML2026/Final_project_data/data/ML_data/NBI/FDM data/Arrivals/Nuuk Arrival_ 214280_OY-GRM_23_04_25_53_14.csv,0.07421382827810669
2025.0,4.0,23.0,18.0,35.0,28.0,0.1499999999999999,0.04520953924808783,0.099,/Users/rasmus/Desktop/Fysik/AppliedML2026/Final_project_data/data/ML_data/NBI/FDM data/Arrivals/Nuuk Arrival_ 214287_OY-GRM_23_04_25_37_18.csv,0.0707106781186548
2025.0,4.0,23.0,19.0,45.0,10.0,0.19999999999999996,0.07203710337246416,0.1100000000000001,/Users/rasmus/Desktop/Fysik/AppliedML2026/Final_project_data/data/ML_data/NBI/FDM data/Arrivals/Nuuk Arrival_ 214289_OY-GRO_23_04_25_47_19.csv,0.10131488480155787
2025.0,4.0,23.0,21.0,22.0,56.0,0.18999999999999995,0.03966675342693966,0.07399999999999987,/Users/rasmus/Desktop/Fysik/AppliedML2026/Final_project_data/data/ML_data/NBI/FDM data/Arrivals/Nuuk Arrival_ 214291_OY-GRP_23_04_25_23_21.csv,0.05859465277082314
2025.0,4.0,23.0,21.0,54.0,24.0,0.1100000000000001,0.04040337154783539,0.09000000000000008,/Users/rasmus/Desktop/Fysik/AppliedML2026/Final_project_data/data/ML_data/NBI/FDM data/Arrivals/Nuuk Arrival_ 214293_OY-GRG_23_04_25_56_21.csv,0.0481184436093336
2025.0,4.0,24.0,14.0,32.0,58.0,0.1399999999999999,0.04565540038610534,0.09349999999999999,/Users/rasmus/Desktop/Fysik/AppliedML2026/Final_project_data/data/ML_data/NBI/FDM data/Arrivals/Nuuk Arrival_ 214296_OY-GRM_24_04_25_34_14.csv,0.06614378277661481
2025.0,4.0,24.0,19.0,12.0,20.0,0.16000000000000003,0.04416241016223619,0.08000000000000007,/Users/rasmus/Desktop/Fysik/AppliedML2026/Final_project_data/data/ML_data/NBI/FDM data/Arrivals/Nuuk Arrival_ 214316_OY-GRP_24_04_25_14_19.csv,0.03910769444375218
2025.0,4.0,24.0,20.0,53.0,27.0,0.21999999999999997,0.05923365764565844,0.1100000000000001,/Users/rasmus/Desktop/Fysik/AppliedML2026/Final_project_data/data/ML_data/NBI/FDM data/Arrivals/Nuuk Arrival_ 214331_OY-GRM_24_04_25_58_20.csv,0.0709459888459759
2025.0,4.0,24.0,22.0,24.0,35.0,0.18999999999999995,0.08219540532222383,0.15999999999999992,/Users/rasmus/Desktop/Fysik/AppliedML2026/Final_project_data/data/ML_data/NBI/FDM data/Arrivals/Nuuk Arrival_ 214349_OY-GRO_24_04_25_26_22.csv,0.08940544353300495
2025.0,4.0,25.0,11.0,40.0,59.0,0.24,0.0811392101796131,0.15049999999999975,/Users/rasmus/Desktop/Fysik/AppliedML2026/Final_project_data/data/ML_data/NBI/FDM data/Arrivals/Nuuk Arrival_ 214355_OY-GRO_25_04_25_42_11.csv,0.08994150145628285
2025.0,4.0,25.0,12.0,6.0,9.0,0.16000000000000003,0.05254368811607312,0.10000000000000009,/Users/rasmus/Desktop/Fysik/AppliedML2026/Final_project_data/data/ML_data/NBI/FDM data/Arrivals/Nuuk Arrival_ 214357_OY-GRP_25_04_25_08_12.csv,0.06636838030841125
2025.0,4.0,25.0,12.0,11.0,28.0,0.1499999999999999,0.05593816241336857,0.1100000000000001,/Users/rasmus/Desktop/Fysik/AppliedML2026/Final_project_data/data/ML_data/NBI/FDM data/Arrivals/Nuuk Arrival_ 214358_OY-GRM_25_04_25_13_12.csv,0.054248107274421545
2025.0,4.0,25.0,15.0,4.0,35.0,0.15999999999999992,0.047372118878712045,0.10000000000000009,/Users/rasmus/Desktop/Fysik/AppliedML2026/Final_project_data/data/ML_data/NBI/FDM data/Arrivals/Nuuk Arrival_ 214364_OY-GRM_25_04_25_05_15.csv,0.05517648452415618
2025.0,4.0,25.0,17.0,25.0,43.0,0.17999999999999994,0.06420104511258669,0.11850000000000005,/Users/rasmus/Desktop/Fysik/AppliedML2026/Final_project_data/data/ML_data/NBI/FDM data/Arrivals/Nuuk Arrival_ 214370_OY-GRO_25_04_25_26_17.csv,0.09000000000000001
2025.0,4.0,25.0,17.0,28.0,49.0,0.1200000000000001,0.03368362311517892,0.07000000000000006,/Users/rasmus/Desktop/Fysik/AppliedML2026/Final_project_data/data/ML_data/NBI/FDM data/Arrivals/Nuuk Arrival_ 214371_OY-GRP_25_04_25_30_17.csv,0.04731689855526134
2025.0,4.0,26.0,1.0,9.0,37.0,0.41999999999999993,0.05415008222485613,0.08999999999999997,/Users/rasmus/Desktop/Fysik/AppliedML2026/Final_project_data/data/ML_data/NBI/FDM data/Arrivals/Nuuk Arrival_ 214397_OY-GRG_26_04_25_11_01.csv,0.10437911668528335
2025.0,4.0,26.0,13.0,22.0,9.0,0.1299999999999999,0.04047958116418786,0.08000000000000007,/Users/rasmus/Desktop/Fysik/AppliedML2026/Final_project_data/data/ML_data/NBI/FDM data/Arrivals/Nuuk Arrival_ 214403_OY-GRP_26_04_25_24_13.csv,0.0656759722678952
2025.0,4.0,26.0,14.0,24.0,32.0,0.1399999999999999,0.069454529182276,0.1200000000000001,/Users/rasmus/Desktop/Fysik/AppliedML2026/Final_project_data/data/ML_data/NBI/FDM data/Arrivals/Nuuk Arrival_ 214405_OY-GRO_26_04_25_25_14.csv,0.06924593850905632
2025.0,4.0,26.0,14.0,54.0,58.0,0.1299999999999999,0.04205411260622173,0.08000000000000007,/Users/rasmus/Desktop/Fysik/AppliedML2026/Final_project_data/data/ML_data/NBI/FDM data/Arrivals/Nuuk Arrival_ 214406_OY-GRM_26_04_25_56_14.csv,0.06328945848682511
2025.0,4.0,26.0,16.0,34.0,5.0,0.15999999999999992,0.04353681827435887,0.08000000000000007,/Users/rasmus/Desktop/Fysik/AppliedML2026/Final_project_data/data/ML_data/NBI/FDM data/Arrivals/Nuuk Arrival_ 214412_OY-GRP_26_04_25_35_16.csv,0.058157999803779975
2025.0,4.0,21.0,12.0,24.0,4.0,0.1299999999999999,0.039496835316263024,0.07000000000000006,/Users/rasmus/Desktop/Fysik/AppliedML2026/Final_project_data/data/ML_data/NBI/FDM data/Arrivals/Nuuk Arrival_ 214417_OY-GRR_21_04_25_18_12.csv,0.05750362307426088
2025.0,4.0,23.0,18.0,19.0,4.0,0.44999999999999996,0.09033591159155326,0.19699999999999984,/Users/rasmus/Desktop/Fysik/AppliedML2026/Final_project_data/data/ML_data/NBI/FDM data/Arrivals/Nuuk Arrival_ 214419_OY-GRR_23_04_25_03_18.csv,0.08766820567180719
2025.0,4.0,23.0,22.0,26.0,39.0,0.030000000000000027,0.021737065119284176,0.030000000000000027,/Users/rasmus/Desktop/Fysik/AppliedML2026/Final_project_data/data/ML_data/NBI/FDM data/Arrivals/Nuuk Arrival_ 214420_OY-GRR_23_04_25_24_22.csv,0.021737065119284176
2025.0,4.0,23.0,22.0,52.0,31.0,0.030000000000000027,0.021309071755979854,0.030000000000000027,/Users/rasmus/Desktop/Fysik/AppliedML2026/Final_project_data/data/ML_data/NBI/FDM data/Arrivals/Nuuk Arrival_ 214421_OY-GRR_23_04_25_00_23.csv,0.021309071755979854
2025.0,4.0,24.0,18.0,57.0,36.0,0.15000000000000002,0.044783429475148046,0.0865,/Users/rasmus/Desktop/Fysik/AppliedML2026/Final_project_data/data/ML_data/NBI/FDM data/Arrivals/Nuuk Arrival_ 214423_OY-GRR_24_04_25_48_18.csv,0.05777110004145673
2025.0,4.0,25.0,1.0,0.0,44.0,0.49,0.12136132591798524,0.24799999999999997,/Users/rasmus/Desktop/Fysik/AppliedML2026/Final_project_data/data/ML_data/NBI/FDM data/Arrivals/Nuuk Arrival_ 214426_OY-GRR_25_04_25_51_00.csv,0.09088454214001411
2025.0,4.0,26.0,18.0,33.0,46.0,0.18999999999999995,0.07265187247169487,0.13599999999999984,/Users/rasmus/Desktop/Fysik/AppliedML2026/Final_project_data/data/ML_data/NBI/FDM data/Arrivals/Nuuk Arrival_ 214427_OY-GRO_26_04_25_34_18.csv,0.08746427842267951
2025.0,4.0,26.0,19.0,30.0,51.0,0.1100000000000001,0.045132857098969144,0.09000000000000008,/Users/rasmus/Desktop/Fysik/AppliedML2026/Final_project_data/data/ML_data/NBI/FDM data/Arrivals/Nuuk Arrival_ 214430_OY-GRP_26_04_25_31_19.csv,0.046850827100489954
2025.0,4.0,26.0,19.0,38.0,18.0,0.16999999999999993,0.050748247411951254,0.10099999999999998,/Users/rasmus/Desktop/Fysik/AppliedML2026/Final_project_data/data/ML_data/NBI/FDM data/Arrivals/Nuuk Arrival_ 214445_OY-GRM_26_04_25_40_19.csv,0.07110243002567182
2025.0,4.0,27.0,13.0,59.0,52.0,0.1299999999999999,0.03777184571565342,0.07749999999999999,/Users/rasmus/Desktop/Fysik/AppliedML2026/Final_project_data/data/ML_data/NBI/FDM data/Arrivals/Nuuk Arrival_ 214453_OY-GRP_27_04_25_01_14.csv,0.05572751165766833
2025.0,4.0,27.0,11.0,24.0,13.0,0.15999999999999992,0.061766044456380835,0.1200000000000001,/Users/rasmus/Desktop/Fysik/AppliedML2026/Final_project_data/data/ML_data/NBI/FDM data/Arrivals/Nuuk Arrival_ 214454_OY-GRM_27_04_25_26_11.csv,0.06414826575987853
2025.0,4.0,27.0,16.0,36.0,57.0,0.12,0.04657045565000996,0.08000000000000007,/Users/rasmus/Desktop/Fysik/AppliedML2026/Final_project_data/data/ML_data/NBI/FDM data/Arrivals/Nuuk Arrival_ 214458_OY-GRM_27_04_25_37_16.csv,0.05706356105256667
2025.0,4.0,27.0,17.0,9.0,4.0,0.32000000000000006,0.1043195514145812,0.19999999999999996,/Users/rasmus/Desktop/Fysik/AppliedML2026/Final_project_data/data/ML_data/NBI/FDM data/Arrivals/Nuuk Arrival_ 214459_OY-GRO_27_04_25_10_17.csv,0.09591663046625439
2025.0,4.0,29.0,12.0,17.0,10.0,0.20999999999999996,0.06844770061366745,0.11350000000000005,/Users/rasmus/Desktop/Fysik/AppliedML2026/Final_project_data/data/ML_data/NBI/FDM data/Arrivals/Nuuk Arrival_ 214474_OY-GRO_29_04_25_19_12.csv,0.09859006035092992
2025.0,4.0,29.0,17.0,17.0,52.0,0.30000000000000004,0.09729545852710703,0.17649999999999985,/Users/rasmus/Desktop/Fysik/AppliedML2026/Final_project_data/data/ML_data/NBI/FDM data/Arrivals/Nuuk Arrival_ 214478_OY-GRO_29_04_25_18_17.csv,0.10156278846112883
2025.0,5.0,1.0,11.0,59.0,2.0,0.16999999999999993,0.07992643676605163,0.15099999999999986,/Users/rasmus/Desktop/Fysik/AppliedML2026/Final_project_data/data/ML_data/NBI/FDM data/Arrivals/Nuuk Arrival_ 214538_OY-GRO_01_05_25_01_12.csv,0.10003332777962885
2025.0,5.0,1.0,19.0,13.0,22.0,0.24,0.058293026367456036,0.12999999999999992,/Users/rasmus/Desktop/Fysik/AppliedML2026/Final_project_data/data/ML_data/NBI/FDM data/Arrivals/Nuuk Arrival_ 214544_OY-GRP_01_05_25_15_19.csv,0.047434164902525736
2025.0,5.0,1.0,20.0,20.0,34.0,0.18999999999999995,0.07026944766817622,0.12699999999999984,/Users/rasmus/Desktop/Fysik/AppliedML2026/Final_project_data/data/ML_data/NBI/FDM data/Arrivals/Nuuk Arrival_ 214546_OY-GRM_01_05_25_22_20.csv,0.08329165624478843
2025.0,5.0,1.0,22.0,41.0,36.0,0.21999999999999997,0.10186496251525987,0.18099999999999988,/Users/rasmus/Desktop/Fysik/AppliedML2026/Final_project_data/data/ML_data/NBI/FDM data/Arrivals/Nuuk Arrival_ 214596_OY-GRO_01_05_25_42_22.csv,0.09916316520429014
2025.0,5.0,2.0,12.0,24.0,28.0,0.15999999999999992,0.06017179705884085,0.1100000000000001,/Users/rasmus/Desktop/Fysik/AppliedML2026/Final_project_data/data/ML_data/NBI/FDM data/Arrivals/Nuuk Arrival_ 214604_OY-GRO_02_05_25_27_12.csv,0.07849274559544415
2025.0,5.0,2.0,12.0,55.0,38.0,0.1200000000000001,0.03407238107790359,0.07500000000000001,/Users/rasmus/Desktop/Fysik/AppliedML2026/Final_project_data/data/ML_data/NBI/FDM data/Arrivals/Nuuk Arrival_ 214605_OY-GRP_02_05_25_57_12.csv,0.0528625050905124
2025.0,5.0,2.0,15.0,20.0,4.0,0.16999999999999993,0.05102458987517516,0.1100000000000001,/Users/rasmus/Desktop/Fysik/AppliedML2026/Final_project_data/data/ML_data/NBI/FDM data/Arrivals/Nuuk Arrival_ 214625_OY-GRP_02_05_25_22_15.csv,0.05131601439446889
2025.0,5.0,2.0,21.0,36.0,34.0,0.18999999999999995,0.05751845002278189,0.1100000000000001,/Users/rasmus/Desktop/Fysik/AppliedML2026/Final_project_data/data/ML_data/NBI/FDM data/Arrivals/Nuuk Arrival_ 214664_OY-GRP_02_05_25_39_21.csv,0.053150729063673297
2025.0,5.0,3.0,14.0,31.0,41.0,0.26,0.07999038403746754,0.1499999999999999,/Users/rasmus/Desktop/Fysik/AppliedML2026/Final_project_data/data/ML_data/NBI/FDM data/Arrivals/Nuuk Arrival_ 214674_OY-GRO_03_05_25_32_14.csv,0.08595864638818422
2025.0,5.0,3.0,19.0,2.0,33.0,0.26,0.08826190534101466,0.15999999999999992,/Users/rasmus/Desktop/Fysik/AppliedML2026/Final_project_data/data/ML_data/NBI/FDM data/Arrivals/Nuuk Arrival_ 214697_OY-GRO_03_05_25_03_19.csv,0.07071067811865474
2025.0,4.0,29.0,14.0,15.0,15.0,0.3799999999999999,0.090515130944441,0.185,/Users/rasmus/Desktop/Fysik/AppliedML2026/Final_project_data/data/ML_data/NBI/FDM data/Arrivals/Nuuk Arrival_ 214713_OY-GRR_29_04_25_10_14.csv,0.055317266743757317
2025.0,4.0,29.0,19.0,18.0,53.0,0.1399999999999999,0.06078651166171656,0.1200000000000001,/Users/rasmus/Desktop/Fysik/AppliedML2026/Final_project_data/data/ML_data/NBI/FDM data/Arrivals/Nuuk Arrival_ 214716_OY-GRR_29_04_25_10_19.csv,0.064925993372336
2025.0,5.0,2.0,11.0,52.0,2.0,0.1499999999999999,0.05020412876900215,0.1100000000000001,/Users/rasmus/Desktop/Fysik/AppliedML2026/Final_project_data/data/ML_data/NBI/FDM data/Arrivals/Nuuk Arrival_ 214718_OY-GRR_02_05_25_42_11.csv,0.059609842587724886
2025.0,5.0,2.0,16.0,25.0,19.0,0.1299999999999999,0.05921787531444168,0.11650000000000009,/Users/rasmus/Desktop/Fysik/AppliedML2026/Final_project_data/data/ML_data/NBI/FDM data/Arrivals/Nuuk Arrival_ 214720_OY-GRR_02_05_25_18_16.csv,0.052321123841140925
2025.0,5.0,2.0,22.0,13.0,6.0,0.26,0.06501424345366064,0.13949999999999974,/Users/rasmus/Desktop/Fysik/AppliedML2026/Final_project_data/data/ML_data/NBI/FDM data/Arrivals/Nuuk Arrival_ 214724_OY-GRR_02_05_25_59_21.csv,0.0646529195009785
2025.0,5.0,3.0,14.0,6.0,13.0,0.29000000000000004,0.05546103069657044,0.0965,/Users/rasmus/Desktop/Fysik/AppliedML2026/Final_project_data/data/ML_data/NBI/FDM data/Arrivals/Nuuk Arrival_ 214728_OY-GRR_03_05_25_00_14.csv,0.07226494462892932
2025.0,5.0,3.0,19.0,51.0,0.0,0.43000000000000005,0.07264353607399174,0.12000000000000002,/Users/rasmus/Desktop/Fysik/AppliedML2026/Final_project_data/data/ML_data/NBI/FDM data/Arrivals/Nuuk Arrival_ 214732_OY-GRR_03_05_25_41_19.csv,0.06514940095230691
2025.0,5.0,5.0,11.0,48.0,35.0,0.21999999999999997,0.03715040607793846,0.06000000000000005,/Users/rasmus/Desktop/Fysik/AppliedML2026/Final_project_data/data/ML_data/NBI/FDM data/Arrivals/Nuuk Arrival_ 214742_OY-GRM_05_05_25_49_11.csv,0.06638272867747053
2025.0,5.0,5.0,11.0,44.0,41.0,0.15999999999999992,0.0660610513086191,0.1100000000000001,/Users/rasmus/Desktop/Fysik/AppliedML2026/Final_project_data/data/ML_data/NBI/FDM data/Arrivals/Nuuk Arrival_ 214743_OY-GRO_05_05_25_45_11.csv,0.07979139469057218
2025.0,5.0,5.0,15.0,11.0,53.0,0.22999999999999998,0.06795168278019724,0.12599999999999992,/Users/rasmus/Desktop/Fysik/AppliedML2026/Final_project_data/data/ML_data/NBI/FDM data/Arrivals/Nuuk Arrival_ 214749_OY-GRO_05_05_25_12_15.csv,0.09252858186278694
2025.0,5.0,5.0,21.0,53.0,52.0,0.1499999999999999,0.06338975366386293,0.10300000000000006,/Users/rasmus/Desktop/Fysik/AppliedML2026/Final_project_data/data/ML_data/NBI/FDM data/Arrivals/Nuuk Arrival_ 214779_OY-GRO_05_05_25_54_21.csv,0.08415671655415555
2025.0,5.0,6.0,14.0,29.0,28.0,0.1499999999999999,0.04854602370854333,0.09000000000000008,/Users/rasmus/Desktop/Fysik/AppliedML2026/Final_project_data/data/ML_data/NBI/FDM data/Arrivals/Nuuk Arrival_ 214808_OY-GRM_06_05_25_31_14.csv,0.051677734424935104
2025.0,5.0,6.0,14.0,26.0,26.0,0.14,0.046570315934521406,0.09000000000000008,/Users/rasmus/Desktop/Fysik/AppliedML2026/Final_project_data/data/ML_data/NBI/FDM data/Arrivals/Nuuk Arrival_ 214809_OY-GRP_06_05_25_28_14.csv,0.047286361670147596
2025.0,5.0,6.0,19.0,16.0,22.0,0.21999999999999997,0.05071342871322993,0.10300000000000006,/Users/rasmus/Desktop/Fysik/AppliedML2026/Final_project_data/data/ML_data/NBI/FDM data/Arrivals/Nuuk Arrival_ 214838_OY-GRP_06_05_25_18_19.csv,0.06039552175136042
2025.0,5.0,6.0,19.0,28.0,23.0,0.18999999999999995,0.07369586881963658,0.1399999999999999,/Users/rasmus/Desktop/Fysik/AppliedML2026/Final_project_data/data/ML_data/NBI/FDM data/Arrivals/Nuuk Arrival_ 214854_OY-GRO_06_05_25_30_19.csv,0.07054211845550488
2025.0,5.0,7.0,14.0,36.0,28.0,0.19999999999999996,0.071925534010865,0.1200000000000001,/Users/rasmus/Desktop/Fysik/AppliedML2026/Final_project_data/data/ML_data/NBI/FDM data/Arrivals/Nuuk Arrival_ 214860_OY-GRO_07_05_25_38_14.csv,0.1059186008215743
2025.0,5.0,7.0,11.0,56.0,50.0,0.1100000000000001,0.03795445350074932,0.08000000000000007,/Users/rasmus/Desktop/Fysik/AppliedML2026/Final_project_data/data/ML_data/NBI/FDM data/Arrivals/Nuuk Arrival_ 214862_OY-GRM_07_05_25_58_11.csv,0.05281546822864048
2025.0,5.0,7.0,21.0,0.0,13.0,0.25,0.07741041842901986,0.1399999999999999,/Users/rasmus/Desktop/Fysik/AppliedML2026/Final_project_data/data/ML_data/NBI/FDM data/Arrivals/Nuuk Arrival_ 214902_OY-GRO_07_05_25_02_21.csv,0.08763560920082661
2025.0,5.0,8.0,11.0,45.0,55.0,0.20999999999999996,0.0839871785086638,0.1499999999999999,/Users/rasmus/Desktop/Fysik/AppliedML2026/Final_project_data/data/ML_data/NBI/FDM data/Arrivals/Nuuk Arrival_ 214906_OY-GRO_08_05_25_46_11.csv,0.10563533276992015
2025.0,5.0,8.0,15.0,10.0,17.0,0.15999999999999992,0.0475506250947625,0.10000000000000009,/Users/rasmus/Desktop/Fysik/AppliedML2026/Final_project_data/data/ML_data/NBI/FDM data/Arrivals/Nuuk Arrival_ 214913_OY-GRM_08_05_25_12_15.csv,0.08073877630977573
2025.0,5.0,8.0,18.0,57.0,2.0,0.25,0.05083339073331012,0.09100000000000003,/Users/rasmus/Desktop/Fysik/AppliedML2026/Final_project_data/data/ML_data/NBI/FDM data/Arrivals/Nuuk Arrival_ 214934_OY-GRP_08_05_25_59_18.csv,0.07495453167208652
2025.0,5.0,8.0,19.0,7.0,37.0,0.1100000000000001,0.046256560848031134,0.09000000000000008,/Users/rasmus/Desktop/Fysik/AppliedML2026/Final_project_data/data/ML_data/NBI/FDM data/Arrivals/Nuuk Arrival_ 214935_OY-GRM_08_05_25_08_19.csv,0.06192975147412644
2025.0,5.0,8.0,21.0,4.0,21.0,0.15999999999999992,0.053103672189407036,0.1100000000000001,/Users/rasmus/Desktop/Fysik/AppliedML2026/Final_project_data/data/ML_data/NBI/FDM data/Arrivals/Nuuk Arrival_ 214958_OY-GRP_08_05_25_06_21.csv,0.038729833462074204
2025.0,5.0,8.0,22.0,3.0,39.0,0.21999999999999997,0.08218604172574233,0.14099999999999985,/Users/rasmus/Desktop/Fysik/AppliedML2026/Final_project_data/data/ML_data/NBI/FDM data/Arrivals/Nuuk Arrival_ 214959_OY-GRO_08_05_25_04_22.csv,0.08789197915623477
2025.0,5.0,9.0,12.0,4.0,31.0,0.45999999999999996,0.1266066557611363,0.2375,/Users/rasmus/Desktop/Fysik/AppliedML2026/Final_project_data/data/ML_data/NBI/FDM data/Arrivals/Nuuk Arrival_ 214967_OY-GRO_09_05_25_06_12.csv,0.1548386256720202
2025.0,5.0,9.0,12.0,14.0,0.0,0.52,0.1080277742064512,0.19549999999999979,/Users/rasmus/Desktop/Fysik/AppliedML2026/Final_project_data/data/ML_data/NBI/FDM data/Arrivals/Nuuk Arrival_ 214968_OY-GRP_09_05_25_16_12.csv,0.16141948457357927
2025.0,5.0,5.0,12.0,34.0,3.0,0.43999999999999995,0.077465430077828,0.12449999999999983,/Users/rasmus/Desktop/Fysik/AppliedML2026/Final_project_data/data/ML_data/NBI/FDM data/Arrivals/Nuuk Arrival_ 215018_OY-GRR_05_05_25_29_12.csv,0.049497474683058366
2025.0,5.0,5.0,17.0,1.0,55.0,0.4099999999999999,0.09227726881319495,0.22249999999999998,/Users/rasmus/Desktop/Fysik/AppliedML2026/Final_project_data/data/ML_data/NBI/FDM data/Arrivals/Nuuk Arrival_ 215020_OY-GRR_05_05_25_39_16.csv,0.0659797948870208
2025.0,5.0,5.0,21.0,36.0,1.0,0.16999999999999993,0.050824969946803314,0.10000000000000009,/Users/rasmus/Desktop/Fysik/AppliedML2026/Final_project_data/data/ML_data/NBI/FDM data/Arrivals/Nuuk Arrival_ 215022_OY-GRR_05_05_25_26_21.csv,0.06291918252339082
2025.0,5.0,6.0,11.0,12.0,5.0,0.53,0.10338343964688125,0.18149999999999986,/Users/rasmus/Desktop/Fysik/AppliedML2026/Final_project_data/data/ML_data/NBI/FDM data/Arrivals/Nuuk Arrival_ 215024_OY-GRR_06_05_25_07_11.csv,0.05181698563212651
2025.0,5.0,6.0,14.0,7.0,26.0,0.56,0.1141737805886844,0.26299999999999996,/Users/rasmus/Desktop/Fysik/AppliedML2026/Final_project_data/data/ML_data/NBI/FDM data/Arrivals/Nuuk Arrival_ 215026_OY-GRR_06_05_25_01_14.csv,0.054772255750516655
2025.0,5.0,6.0,17.0,29.0,19.0,0.4099999999999999,0.08539785004783666,0.16999999999999998,/Users/rasmus/Desktop/Fysik/AppliedML2026/Final_project_data/data/ML_data/NBI/FDM data/Arrivals/Nuuk Arrival_ 215028_OY-GRR_06_05_25_24_17.csv,0.06833176983827345
2025.0,5.0,6.0,21.0,45.0,27.0,0.31000000000000005,0.08439832298734927,0.19199999999999984,/Users/rasmus/Desktop/Fysik/AppliedML2026/Final_project_data/data/ML_data/NBI/FDM data/Arrivals/Nuuk Arrival_ 215030_OY-GRR_06_05_25_33_21.csv,0.09151502608861564
2025.0,5.0,7.0,11.0,39.0,10.0,0.3799999999999999,0.1016397813913938,0.20999999999999996,/Users/rasmus/Desktop/Fysik/AppliedML2026/Final_project_data/data/ML_data/NBI/FDM data/Arrivals/Nuuk Arrival_ 215032_OY-GRR_07_05_25_33_11.csv,0.056273143387113825
2025.0,5.0,7.0,17.0,47.0,50.0,0.30000000000000004,0.07138558425441557,0.11949999999999988,/Users/rasmus/Desktop/Fysik/AppliedML2026/Final_project_data/data/ML_data/NBI/FDM data/Arrivals/Nuuk Arrival_ 215034_OY-GRR_07_05_25_57_16.csv,0.059061284223403517
2025.0,5.0,8.0,14.0,42.0,13.0,0.43999999999999995,0.10247419937946106,0.19699999999999984,/Users/rasmus/Desktop/Fysik/AppliedML2026/Final_project_data/data/ML_data/NBI/FDM data/Arrivals/Nuuk Arrival_ 215037_OY-GRR_08_05_25_27_14.csv,0.06035608621222174
2025.0,5.0,11.0,10.0,10.0,0.0,0.18999999999999995,0.052806207733762156,0.10400000000000001,/Users/rasmus/Desktop/Fysik/AppliedML2026/Final_project_data/data/ML_data/NBI/FDM data/Arrivals/Nuuk Arrival_ 215073_OY-GRM_11_05_25_11_10.csv,0.0768114574786861
2025.0,5.0,11.0,13.0,7.0,6.0,0.24,0.08370956735443488,0.1449999999999999,/Users/rasmus/Desktop/Fysik/AppliedML2026/Final_project_data/data/ML_data/NBI/FDM data/Arrivals/Nuuk Arrival_ 215077_OY-GRO_11_05_25_08_13.csv,0.08355727485873497
2025.0,5.0,11.0,14.0,39.0,36.0,0.1499999999999999,0.0489091531633691,0.09349999999999999,/Users/rasmus/Desktop/Fysik/AppliedML2026/Final_project_data/data/ML_data/NBI/FDM data/Arrivals/Nuuk Arrival_ 215079_OY-GRP_11_05_25_40_14.csv,0.061698190140932606
2025.0,5.0,11.0,17.0,15.0,40.0,0.26,0.07477443557938918,0.1299999999999999,/Users/rasmus/Desktop/Fysik/AppliedML2026/Final_project_data/data/ML_data/NBI/FDM data/Arrivals/Nuuk Arrival_ 215081_OY-GRO_11_05_25_17_17.csv,0.09202402432317111
2025.0,5.0,11.0,19.0,5.0,1.0,0.15999999999999992,0.04965647758113505,0.10999999999999999,/Users/rasmus/Desktop/Fysik/AppliedML2026/Final_project_data/data/ML_data/NBI/FDM data/Arrivals/Nuuk Arrival_ 215084_OY-GRP_11_05_25_06_19.csv,0.07344465703547687
2025.0,5.0,12.0,12.0,7.0,16.0,0.16999999999999993,0.05914811915860049,0.1299999999999999,/Users/rasmus/Desktop/Fysik/AppliedML2026/Final_project_data/data/ML_data/NBI/FDM data/Arrivals/Nuuk Arrival_ 215090_OY-GRM_12_05_25_10_12.csv,0.058537737116040565
2025.0,5.0,12.0,12.0,13.0,3.0,0.30000000000000004,0.092590653122457,0.17999999999999994,/Users/rasmus/Desktop/Fysik/AppliedML2026/Final_project_data/data/ML_data/NBI/FDM data/Arrivals/Nuuk Arrival_ 215091_OY-GRO_12_05_25_17_12.csv,0.08174238913695996
2025.0,5.0,12.0,15.0,9.0,21.0,0.15999999999999992,0.05658040545877343,0.1100000000000001,/Users/rasmus/Desktop/Fysik/AppliedML2026/Final_project_data/data/ML_data/NBI/FDM data/Arrivals/Nuuk Arrival_ 215095_OY-GRP_12_05_25_11_15.csv,0.063152476547778
2025.0,5.0,12.0,16.0,58.0,17.0,0.19999999999999996,0.07709441216519379,0.13849999999999985,/Users/rasmus/Desktop/Fysik/AppliedML2026/Final_project_data/data/ML_data/NBI/FDM data/Arrivals/Nuuk Arrival_ 215103_OY-GRO_12_05_25_00_17.csv,0.09643650760992957
2025.0,5.0,12.0,17.0,50.0,44.0,0.18999999999999995,0.05705505677068065,0.1200000000000001,/Users/rasmus/Desktop/Fysik/AppliedML2026/Final_project_data/data/ML_data/NBI/FDM data/Arrivals/Nuuk Arrival_ 215130_OY-GRP_12_05_25_52_17.csv,0.07912718313646144
2025.0,5.0,13.0,12.0,4.0,11.0,0.21999999999999997,0.08450376736872384,0.1399999999999999,/Users/rasmus/Desktop/Fysik/AppliedML2026/Final_project_data/data/ML_data/NBI/FDM data/Arrivals/Nuuk Arrival_ 215151_OY-GRO_13_05_25_07_12.csv,0.09131517693385663
2025.0,5.0,13.0,14.0,25.0,8.0,0.19999999999999996,0.041701889873812924,0.07000000000000006,/Users/rasmus/Desktop/Fysik/AppliedML2026/Final_project_data/data/ML_data/NBI/FDM data/Arrivals/Nuuk Arrival_ 215154_OY-GRM_13_05_25_26_14.csv,0.08507914867029136
2025.0,5.0,13.0,17.0,42.0,59.0,0.17999999999999994,0.0705917842245116,0.1100000000000001,/Users/rasmus/Desktop/Fysik/AppliedML2026/Final_project_data/data/ML_data/NBI/FDM data/Arrivals/Nuuk Arrival_ 215158_OY-GRO_13_05_25_44_17.csv,0.10388294694831612
2025.0,5.0,13.0,19.0,10.0,19.0,0.1299999999999999,0.037597331315319435,0.07149999999999998,/Users/rasmus/Desktop/Fysik/AppliedML2026/Final_project_data/data/ML_data/NBI/FDM data/Arrivals/Nuuk Arrival_ 215202_OY-GRP_13_05_25_12_19.csv,0.04931104285419671
2025.0,5.0,13.0,19.0,58.0,12.0,0.1499999999999999,0.04457840331991708,0.09000000000000008,/Users/rasmus/Desktop/Fysik/AppliedML2026/Final_project_data/data/ML_data/NBI/FDM data/Arrivals/Nuuk Arrival_ 215203_OY-GRM_13_05_25_59_19.csv,0.06646538240936806
2025.0,5.0,14.0,11.0,23.0,0.0,0.15999999999999992,0.07608474807008889,0.1374999999999999,/Users/rasmus/Desktop/Fysik/AppliedML2026/Final_project_data/data/ML_data/NBI/FDM data/Arrivals/Nuuk Arrival_ 215207_OY-GRO_14_05_25_25_11.csv,0.10046558282980961
2025.0,5.0,14.0,13.0,25.0,41.0,0.09000000000000008,0.03455447837904526,0.06699999999999995,/Users/rasmus/Desktop/Fysik/AppliedML2026/Final_project_data/data/ML_data/NBI/FDM data/Arrivals/Nuuk Arrival_ 215209_OY-GRM_14_05_25_27_13.csv,0.04759201613716322
2025.0,5.0,14.0,16.0,7.0,9.0,0.17999999999999994,0.05911056932512661,0.1100000000000001,/Users/rasmus/Desktop/Fysik/AppliedML2026/Final_project_data/data/ML_data/NBI/FDM data/Arrivals/Nuuk Arrival_ 215218_OY-GRM_14_05_25_08_16.csv,0.054160256030906434
2025.0,5.0,14.0,16.0,52.0,56.0,0.3600000000000001,0.09093954035511727,0.16999999999999993,/Users/rasmus/Desktop/Fysik/AppliedML2026/Final_project_data/data/ML_data/NBI/FDM data/Arrivals/Nuuk Arrival_ 215229_OY-GRO_14_05_25_54_16.csv,0.09060905032059435
2025.0,5.0,14.0,22.0,12.0,53.0,0.16999999999999993,0.05966862515247198,0.09250000000000008,/Users/rasmus/Desktop/Fysik/AppliedML2026/Final_project_data/data/ML_data/NBI/FDM data/Arrivals/Nuuk Arrival_ 215257_OY-GRO_14_05_25_13_22.csv,0.08619744775803984
2025.0,5.0,14.0,23.0,7.0,27.0,0.24,0.054435519713249864,0.11899999999999952,/Users/rasmus/Desktop/Fysik/AppliedML2026/Final_project_data/data/ML_data/NBI/FDM data/Arrivals/Nuuk Arrival_ 215258_OY-GRP_14_05_25_10_23.csv,0.06013143498773511
2025.0,5.0,15.0,14.0,19.0,19.0,0.17999999999999994,0.07180219742846009,0.1299999999999999,/Users/rasmus/Desktop/Fysik/AppliedML2026/Final_project_data/data/ML_data/NBI/FDM data/Arrivals/Nuuk Arrival_ 215263_OY-GRO_15_05_25_22_14.csv,0.08214856722289317
2025.0,4.0,12.0,13.0,46.0,32.0,0.12,0.05009250701711048,0.0965,/Users/rasmus/Desktop/Fysik/AppliedML2026/Final_project_data/data/ML_data/NBI/FDM data/Arrivals/Nuuk Arrival_ 215280_OY-GRJ_12_04_25_48_13.csv,0.06311365409587168
2025.0,4.0,12.0,16.0,4.0,40.0,0.19999999999999996,0.07253185207353657,0.13449999999999993,/Users/rasmus/Desktop/Fysik/AppliedML2026/Final_project_data/data/ML_data/NBI/FDM data/Arrivals/Nuuk Arrival_ 215281_OY-GRJ_12_04_25_05_16.csv,0.10445094542415592
2025.0,4.0,23.0,17.0,48.0,50.0,0.19999999999999996,0.05706010739435966,0.11000000000000004,/Users/rasmus/Desktop/Fysik/AppliedML2026/Final_project_data/data/ML_data/NBI/FDM data/Arrivals/Nuuk Arrival_ 215284_OY-GRJ_23_04_25_49_17.csv,0.08418234177466592
2025.0,4.0,29.0,11.0,54.0,47.0,0.19999999999999996,0.048161314300192784,0.089,/Users/rasmus/Desktop/Fysik/AppliedML2026/Final_project_data/data/ML_data/NBI/FDM data/Arrivals/Nuuk Arrival_ 215296_OY-GRJ_29_04_25_55_11.csv,0.06315247654777803
2025.0,4.0,29.0,14.0,46.0,37.0,0.1399999999999999,0.04955880109884766,0.08699999999999997,/Users/rasmus/Desktop/Fysik/AppliedML2026/Final_project_data/data/ML_data/NBI/FDM data/Arrivals/Nuuk Arrival_ 215298_OY-GRJ_29_04_25_47_14.csv,0.06318905872741855
2025.0,5.0,1.0,14.0,35.0,52.0,0.1399999999999999,0.04574705228528714,0.08000000000000007,/Users/rasmus/Desktop/Fysik/AppliedML2026/Final_project_data/data/ML_data/NBI/FDM data/Arrivals/Nuuk Arrival_ 215307_OY-GRJ_01_05_25_36_14.csv,0.06200358412579428
2025.0,5.0,2.0,11.0,46.0,16.0,0.24,0.051208094160621026,0.10000000000000009,/Users/rasmus/Desktop/Fysik/AppliedML2026/Final_project_data/data/ML_data/NBI/FDM data/Arrivals/Nuuk Arrival_ 215309_OY-GRJ_02_05_25_50_11.csv,0.08767363723872001
2025.0,5.0,2.0,16.0,23.0,55.0,0.1399999999999999,0.055892754449928514,0.10000000000000009,/Users/rasmus/Desktop/Fysik/AppliedML2026/Final_project_data/data/ML_data/NBI/FDM data/Arrivals/Nuuk Arrival_ 215312_OY-GRJ_02_05_25_24_16.csv,0.05952940449895331
2025.0,5.0,3.0,14.0,1.0,3.0,0.15999999999999992,0.04839151919949181,0.09000000000000008,/Users/rasmus/Desktop/Fysik/AppliedML2026/Final_project_data/data/ML_data/NBI/FDM data/Arrivals/Nuuk Arrival_ 215315_OY-GRJ_03_05_25_02_14.csv,0.06811754546370563
2025.0,5.0,3.0,18.0,54.0,32.0,0.20999999999999996,0.054575283219251744,0.10550000000000007,/Users/rasmus/Desktop/Fysik/AppliedML2026/Final_project_data/data/ML_data/NBI/FDM data/Arrivals/Nuuk Arrival_ 215317_OY-GRJ_03_05_25_55_18.csv,0.048107023544236426
2025.0,5.0,7.0,15.0,14.0,19.0,0.1399999999999999,0.04503085362035435,0.09000000000000008,/Users/rasmus/Desktop/Fysik/AppliedML2026/Final_project_data/data/ML_data/NBI/FDM data/Arrivals/Nuuk Arrival_ 215321_OY-GRJ_07_05_25_16_15.csv,0.07665814104343582
2025.0,5.0,7.0,20.0,50.0,32.0,0.1499999999999999,0.05884301147969912,0.12050000000000007,/Users/rasmus/Desktop/Fysik/AppliedML2026/Final_project_data/data/ML_data/NBI/FDM data/Arrivals/Nuuk Arrival_ 215324_OY-GRJ_07_05_25_51_20.csv,0.07238016916869493
2025.0,5.0,8.0,11.0,8.0,41.0,0.15999999999999992,0.05445142114726912,0.12199999999999996,/Users/rasmus/Desktop/Fysik/AppliedML2026/Final_project_data/data/ML_data/NBI/FDM data/Arrivals/Nuuk Arrival_ 215326_OY-GRJ_08_05_25_09_11.csv,0.07338742593737896
2025.0,5.0,8.0,14.0,36.0,1.0,0.21999999999999997,0.05771343969557983,0.1239999999999997,/Users/rasmus/Desktop/Fysik/AppliedML2026/Final_project_data/data/ML_data/NBI/FDM data/Arrivals/Nuuk Arrival_ 215328_OY-GRJ_08_05_25_37_14.csv,0.09603685190111617
2025.0,5.0,8.0,17.0,41.0,42.0,0.15999999999999992,0.062005941990306596,0.1100000000000001,/Users/rasmus/Desktop/Fysik/AppliedML2026/Final_project_data/data/ML_data/NBI/FDM data/Arrivals/Nuuk Arrival_ 215330_OY-GRJ_08_05_25_42_17.csv,0.06984677106761222
2025.0,5.0,11.0,12.0,41.0,48.0,0.1299999999999999,0.04521221233410446,0.09000000000000002,/Users/rasmus/Desktop/Fysik/AppliedML2026/Final_project_data/data/ML_data/NBI/FDM data/Arrivals/Nuuk Arrival_ 215334_OY-GRJ_11_05_25_42_12.csv,0.050584815205867516
2025.0,5.0,11.0,17.0,22.0,58.0,0.21999999999999997,0.06601886522834013,0.12499999999999994,/Users/rasmus/Desktop/Fysik/AppliedML2026/Final_project_data/data/ML_data/NBI/FDM data/Arrivals/Nuuk Arrival_ 215336_OY-GRJ_11_05_25_23_17.csv,0.07806247497997998
2025.0,5.0,13.0,13.0,14.0,23.0,0.10000000000000009,0.034501950892444004,0.06000000000000005,/Users/rasmus/Desktop/Fysik/AppliedML2026/Final_project_data/data/ML_data/NBI/FDM data/Arrivals/Nuuk Arrival_ 215340_OY-GRJ_13_05_25_16_13.csv,0.0615088069574865
2025.0,5.0,13.0,17.0,44.0,32.0,0.1100000000000001,0.03691061043105579,0.07199999999999995,/Users/rasmus/Desktop/Fysik/AppliedML2026/Final_project_data/data/ML_data/NBI/FDM data/Arrivals/Nuuk Arrival_ 215342_OY-GRJ_13_05_25_46_17.csv,0.05876173224531927
2025.0,5.0,15.0,19.0,11.0,27.0,0.1399999999999999,0.030243266563216915,0.06000000000000005,/Users/rasmus/Desktop/Fysik/AppliedML2026/Final_project_data/data/ML_data/NBI/FDM data/Arrivals/Nuuk Arrival_ 215362_OY-GRP_15_05_25_13_19.csv,0.05436502143433365
2025.0,5.0,15.0,20.0,22.0,31.0,0.22999999999999998,0.08228663346737045,0.15999999999999992,/Users/rasmus/Desktop/Fysik/AppliedML2026/Final_project_data/data/ML_data/NBI/FDM data/Arrivals/Nuuk Arrival_ 215377_OY-GRO_15_05_25_25_20.csv,0.08451217481705044
2025.0,5.0,16.0,16.0,59.0,7.0,0.18999999999999995,0.07343506201626943,0.1424999999999999,/Users/rasmus/Desktop/Fysik/AppliedML2026/Final_project_data/data/ML_data/NBI/FDM data/Arrivals/Nuuk Arrival_ 215401_OY-GRO_16_05_25_00_17.csv,0.09957050624700928
2025.0,5.0,16.0,14.0,38.0,19.0,0.20999999999999996,0.06600662845502718,0.12049999999999993,/Users/rasmus/Desktop/Fysik/AppliedML2026/Final_project_data/data/ML_data/NBI/FDM data/Arrivals/Nuuk Arrival_ 215402_OY-GRP_16_05_25_40_14.csv,0.07685793945418298
2025.0,5.0,11.0,12.0,59.0,43.0,0.3999999999999999,0.10602358228243375,0.22049999999999995,/Users/rasmus/Desktop/Fysik/AppliedML2026/Final_project_data/data/ML_data/NBI/FDM data/Arrivals/Nuuk Arrival_ 215415_OY-GRR_11_05_25_48_12.csv,0.07342281042638656
2025.0,5.0,11.0,16.0,35.0,8.0,0.28,0.08410158692365396,0.17849999999999988,/Users/rasmus/Desktop/Fysik/AppliedML2026/Final_project_data/data/ML_data/NBI/FDM data/Arrivals/Nuuk Arrival_ 215418_OY-GRR_11_05_25_32_16.csv,0.06948221195225278
2025.0,5.0,12.0,11.0,21.0,24.0,0.5,0.07695011239078417,0.12199999999999996,/Users/rasmus/Desktop/Fysik/AppliedML2026/Final_project_data/data/ML_data/NBI/FDM data/Arrivals/Nuuk Arrival_ 215420_OY-GRR_12_05_25_13_11.csv,0.07280109889280524
2025.0,5.0,12.0,15.0,46.0,7.0,0.33000000000000007,0.09782792561586406,0.2179999999999998,/Users/rasmus/Desktop/Fysik/AppliedML2026/Final_project_data/data/ML_data/NBI/FDM data/Arrivals/Nuuk Arrival_ 215422_OY-GRR_12_05_25_38_15.csv,0.08904252595569957
2025.0,5.0,12.0,22.0,14.0,2.0,0.31000000000000005,0.06268755641855672,0.1349999999999999,/Users/rasmus/Desktop/Fysik/AppliedML2026/Final_project_data/data/ML_data/NBI/FDM data/Arrivals/Nuuk Arrival_ 215427_OY-GRR_12_05_25_07_22.csv,0.037598355863473154
2025.0,5.0,13.0,14.0,27.0,45.0,0.15999999999999992,0.05409377379732687,0.10949999999999976,/Users/rasmus/Desktop/Fysik/AppliedML2026/Final_project_data/data/ML_data/NBI/FDM data/Arrivals/Nuuk Arrival_ 215429_OY-GRR_13_05_25_22_14.csv,0.06271629240742263
2025.0,5.0,13.0,19.0,1.0,28.0,0.42999999999999994,0.0916073783311469,0.20999999999999996,/Users/rasmus/Desktop/Fysik/AppliedML2026/Final_project_data/data/ML_data/NBI/FDM data/Arrivals/Nuuk Arrival_ 215432_OY-GRR_13_05_25_59_18.csv,0.05173898991015462
2025.0,5.0,14.0,17.0,29.0,2.0,0.31000000000000005,0.08678033802463075,0.15399999999999983,/Users/rasmus/Desktop/Fysik/AppliedML2026/Final_project_data/data/ML_data/NBI/FDM data/Arrivals/Nuuk Arrival_ 215436_OY-GRR_14_05_25_23_17.csv,0.0640312423743285
2025.0,5.0,15.0,11.0,12.0,42.0,0.30000000000000004,0.0684412925529303,0.13799999999999973,/Users/rasmus/Desktop/Fysik/AppliedML2026/Final_project_data/data/ML_data/NBI/FDM data/Arrivals/Nuuk Arrival_ 215438_OY-GRR_15_05_25_04_11.csv,0.06526867548832288
2025.0,5.0,15.0,14.0,34.0,23.0,0.3899999999999999,0.06694638288823515,0.11699999999999991,/Users/rasmus/Desktop/Fysik/AppliedML2026/Final_project_data/data/ML_data/NBI/FDM data/Arrivals/Nuuk Arrival_ 215440_OY-GRR_15_05_25_32_14.csv,0.06623820649745886
2025.0,5.0,15.0,17.0,43.0,41.0,0.21999999999999997,0.06112463065279779,0.1100000000000001,/Users/rasmus/Desktop/Fysik/AppliedML2026/Final_project_data/data/ML_data/NBI/FDM data/Arrivals/Nuuk Arrival_ 215442_OY-GRR_15_05_25_36_17.csv,0.05530479807082904
2025.0,5.0,15.0,19.0,57.0,15.0,0.16999999999999993,0.04502335842358187,0.08000000000000007,/Users/rasmus/Desktop/Fysik/AppliedML2026/Final_project_data/data/ML_data/NBI/FDM data/Arrivals/Nuuk Arrival_ 215444_OY-GRR_15_05_25_49_19.csv,0.04935295620035633
2025.0,5.0,16.0,15.0,35.0,22.0,0.3500000000000001,0.06941181455631314,0.11050000000000007,/Users/rasmus/Desktop/Fysik/AppliedML2026/Final_project_data/data/ML_data/NBI/FDM data/Arrivals/Nuuk Arrival_ 215446_OY-GRR_16_05_25_31_15.csv,0.09713544212926127
2025.0,5.0,17.0,13.0,30.0,32.0,0.1399999999999999,0.05496463509485999,0.10000000000000009,/Users/rasmus/Desktop/Fysik/AppliedML2026/Final_project_data/data/ML_data/NBI/FDM data/Arrivals/Nuuk Arrival_ 215449_OY-GRR_17_05_25_21_13.csv,0.06869315832017049
2025.0,5.0,17.0,17.0,47.0,16.0,0.1299999999999999,0.06363283689286915,0.10250000000000009,/Users/rasmus/Desktop/Fysik/AppliedML2026/Final_project_data/data/ML_data/NBI/FDM data/Arrivals/Nuuk Arrival_ 215452_OY-GRO_17_05_25_49_17.csv,0.07940752833047733
2025.0,5.0,17.0,18.0,43.0,43.0,0.14,0.03560489198598045,0.06250000000000006,/Users/rasmus/Desktop/Fysik/AppliedML2026/Final_project_data/data/ML_data/NBI/FDM data/Arrivals/Nuuk Arrival_ 215453_OY-GRP_17_05_25_44_18.csv,0.05730803195291034
2025.0,4.0,17.0,17.0,36.0,26.0,0.17999999999999994,0.05437288162687591,0.10000000000000009,/Users/rasmus/Desktop/Fysik/AppliedML2026/Final_project_data/data/ML_data/NBI/FDM data/Arrivals/Nuuk Arrival_ 215463_OY-GRH_17_04_25_39_17.csv,0.0876863095864394
2025.0,5.0,19.0,10.0,11.0,12.0,0.1499999999999999,0.031908961408698644,0.06000000000000005,/Users/rasmus/Desktop/Fysik/AppliedML2026/Final_project_data/data/ML_data/NBI/FDM data/Arrivals/Nuuk Arrival_ 215464_OY-GRP_19_05_25_13_10.csv,0.05577733510227172
2025.0,5.0,19.0,15.0,19.0,49.0,0.19999999999999996,0.04547138725422319,0.08000000000000007,/Users/rasmus/Desktop/Fysik/AppliedML2026/Final_project_data/data/ML_data/NBI/FDM data/Arrivals/Nuuk Arrival_ 215466_OY-GRP_19_05_25_20_15.csv,0.07443907892087485
2025.0,5.0,19.0,21.0,23.0,4.0,0.1100000000000001,0.04033608806019744,0.08000000000000007,/Users/rasmus/Desktop/Fysik/AppliedML2026/Final_project_data/data/ML_data/NBI/FDM data/Arrivals/Nuuk Arrival_ 215483_OY-GRP_19_05_25_24_21.csv,0.05274801362304059
2025.0,5.0,20.0,13.0,35.0,7.0,0.18999999999999995,0.05783720997025063,0.13999999999999993,/Users/rasmus/Desktop/Fysik/AppliedML2026/Final_project_data/data/ML_data/NBI/FDM data/Arrivals/Nuuk Arrival_ 215493_OY-GRP_20_05_25_38_13.csv,0.04921116875704932
2025.0,5.0,20.0,19.0,29.0,19.0,0.31999999999999995,0.06792574831953059,0.13999999999999996,/Users/rasmus/Desktop/Fysik/AppliedML2026/Final_project_data/data/ML_data/NBI/FDM data/Arrivals/Nuuk Arrival_ 215508_OY-GRP_20_05_25_31_19.csv,0.06073084302162822
2025.0,5.0,21.0,13.0,1.0,38.0,0.1200000000000001,0.03277107965831813,0.07999999999999996,/Users/rasmus/Desktop/Fysik/AppliedML2026/Final_project_data/data/ML_data/NBI/FDM data/Arrivals/Nuuk Arrival_ 215531_OY-GRP_21_05_25_03_13.csv,0.0666421523556093
2025.0,5.0,21.0,11.0,56.0,12.0,0.17999999999999994,0.06704752322323605,0.1100000000000001,/Users/rasmus/Desktop/Fysik/AppliedML2026/Final_project_data/data/ML_data/NBI/FDM data/Arrivals/Nuuk Arrival_ 215536_OY-GRO_21_05_25_57_11.csv,0.08556314996293062
2025.0,5.0,21.0,21.0,26.0,33.0,0.15999999999999992,0.04795831523312722,0.08399999999999995,/Users/rasmus/Desktop/Fysik/AppliedML2026/Final_project_data/data/ML_data/NBI/FDM data/Arrivals/Nuuk Arrival_ 215548_OY-GRP_21_05_25_28_21.csv,0.049434299833213
2025.0,5.0,22.0,11.0,30.0,55.0,0.13,0.035479048558239835,0.07199999999999995,/Users/rasmus/Desktop/Fysik/AppliedML2026/Final_project_data/data/ML_data/NBI/FDM data/Arrivals/Nuuk Arrival_ 215581_OY-GRP_22_05_25_31_11.csv,0.05670097000933938
2025.0,5.0,22.0,19.0,8.0,26.0,0.27,0.07627084226170805,0.11700000000000013,/Users/rasmus/Desktop/Fysik/AppliedML2026/Final_project_data/data/ML_data/NBI/FDM data/Arrivals/Nuuk Arrival_ 215591_OY-GRO_22_05_25_09_19.csv,0.1160603291396333
2025.0,5.0,22.0,21.0,55.0,2.0,0.21999999999999997,0.08535883894982005,0.17199999999999982,/Users/rasmus/Desktop/Fysik/AppliedML2026/Final_project_data/data/ML_data/NBI/FDM data/Arrivals/Nuuk Arrival_ 215602_OY-GRP_22_05_25_57_21.csv,0.06142253066039593
2025.0,5.0,23.0,11.0,26.0,0.0,0.17999999999999994,0.05590998055737391,0.11300000000000007,/Users/rasmus/Desktop/Fysik/AppliedML2026/Final_project_data/data/ML_data/NBI/FDM data/Arrivals/Nuuk Arrival_ 215607_OY-GRH_23_05_25_28_11.csv,0.06348833932911806
2025.0,5.0,23.0,14.0,15.0,41.0,0.20999999999999996,0.07844672643832178,0.1499999999999999,/Users/rasmus/Desktop/Fysik/AppliedML2026/Final_project_data/data/ML_data/NBI/FDM data/Arrivals/Nuuk Arrival_ 215610_OY-GRO_23_05_25_17_14.csv,0.09459053029269174
2025.0,5.0,23.0,15.0,28.0,34.0,0.17000000000000004,0.07472778883549563,0.1499999999999999,/Users/rasmus/Desktop/Fysik/AppliedML2026/Final_project_data/data/ML_data/NBI/FDM data/Arrivals/Nuuk Arrival_ 215618_OY-GRP_23_05_25_31_15.csv,0.07336452099738995
2025.0,5.0,23.0,21.0,31.0,52.0,0.17999999999999994,0.0670820393249937,0.1399999999999999,/Users/rasmus/Desktop/Fysik/AppliedML2026/Final_project_data/data/ML_data/NBI/FDM data/Arrivals/Nuuk Arrival_ 215641_OY-GRP_23_05_25_33_21.csv,0.0784573486395988
2025.0,5.0,23.0,21.0,35.0,13.0,0.22999999999999998,0.08360858496725075,0.16999999999999993,/Users/rasmus/Desktop/Fysik/AppliedML2026/Final_project_data/data/ML_data/NBI/FDM data/Arrivals/Nuuk Arrival_ 215643_OY-GRH_23_05_25_38_21.csv,0.07224956747275377
2025.0,5.0,24.0,14.0,25.0,21.0,0.25,0.10071005396711831,0.16999999999999993,/Users/rasmus/Desktop/Fysik/AppliedML2026/Final_project_data/data/ML_data/NBI/FDM data/Arrivals/Nuuk Arrival_ 215657_OY-GRO_24_05_25_28_14.csv,0.09022194854911968
2025.0,5.0,24.0,14.0,12.0,53.0,0.3799999999999999,0.0854287101396775,0.1859999999999996,/Users/rasmus/Desktop/Fysik/AppliedML2026/Final_project_data/data/ML_data/NBI/FDM data/Arrivals/Nuuk Arrival_ 215658_OY-GRJ_24_05_25_14_14.csv,0.12349089035228468
2025.0,5.0,24.0,14.0,0.0,32.0,0.14,0.047378918357872085,0.10800000000000007,/Users/rasmus/Desktop/Fysik/AppliedML2026/Final_project_data/data/ML_data/NBI/FDM data/Arrivals/Nuuk Arrival_ 215660_OY-GRH_24_05_25_02_14.csv,0.06787998458818562
2025.0,5.0,24.0,18.0,25.0,22.0,0.3600000000000001,0.08346011860673015,0.1499999999999999,/Users/rasmus/Desktop/Fysik/AppliedML2026/Final_project_data/data/ML_data/NBI/FDM data/Arrivals/Nuuk Arrival_ 215665_OY-GRO_24_05_25_28_18.csv,0.1202881156608198
2025.0,5.0,24.0,19.0,25.0,48.0,0.28,0.08436722975992718,0.16599999999999987,/Users/rasmus/Desktop/Fysik/AppliedML2026/Final_project_data/data/ML_data/NBI/FDM data/Arrivals/Nuuk Arrival_ 215687_OY-GRH_24_05_25_26_19.csv,0.06875883781578755
2025.0,5.0,17.0,19.0,27.0,9.0,0.18999999999999995,0.05822283907453321,0.14099999999999985,/Users/rasmus/Desktop/Fysik/AppliedML2026/Final_project_data/data/ML_data/NBI/FDM data/Arrivals/Nuuk Arrival_ 215693_OY-GRR_17_05_25_20_19.csv,0.08240697234402615
2025.0,5.0,19.0,11.0,42.0,45.0,0.20999999999999996,0.06437160634708214,0.1299999999999999,/Users/rasmus/Desktop/Fysik/AppliedML2026/Final_project_data/data/ML_data/NBI/FDM data/Arrivals/Nuuk Arrival_ 215695_OY-GRR_19_05_25_31_11.csv,0.05900693333683918
2025.0,5.0,19.0,16.0,12.0,34.0,0.1299999999999999,0.05011614417507344,0.10000000000000009,/Users/rasmus/Desktop/Fysik/AppliedML2026/Final_project_data/data/ML_data/NBI/FDM data/Arrivals/Nuuk Arrival_ 215697_OY-GRR_19_05_25_05_16.csv,0.07187952884282611
2025.0,5.0,19.0,21.0,48.0,7.0,0.32000000000000006,0.07782934798266918,0.13999999999999999,/Users/rasmus/Desktop/Fysik/AppliedML2026/Final_project_data/data/ML_data/NBI/FDM data/Arrivals/Nuuk Arrival_ 215701_OY-GRR_19_05_25_39_21.csv,0.07909207011803114
2025.0,5.0,20.0,11.0,29.0,27.0,0.15999999999999992,0.04949483023402839,0.09500000000000003,/Users/rasmus/Desktop/Fysik/AppliedML2026/Final_project_data/data/ML_data/NBI/FDM data/Arrivals/Nuuk Arrival_ 215703_OY-GRR_20_05_25_22_11.csv,0.07698484699385114
2025.0,5.0,20.0,15.0,5.0,57.0,0.20999999999999996,0.05211266964068003,0.11,/Users/rasmus/Desktop/Fysik/AppliedML2026/Final_project_data/data/ML_data/NBI/FDM data/Arrivals/Nuuk Arrival_ 215705_OY-GRR_20_05_25_04_15.csv,0.08582928793055823
2025.0,5.0,20.0,17.0,10.0,15.0,0.19999999999999996,0.05377061530024967,0.10449999999999998,/Users/rasmus/Desktop/Fysik/AppliedML2026/Final_project_data/data/ML_data/NBI/FDM data/Arrivals/Nuuk Arrival_ 215706_OY-GRR_20_05_25_56_16.csv,0.09215371773459655
2025.0,5.0,21.0,19.0,23.0,10.0,0.22999999999999998,0.07640982619049426,0.1299999999999999,/Users/rasmus/Desktop/Fysik/AppliedML2026/Final_project_data/data/ML_data/NBI/FDM data/Arrivals/Nuuk Arrival_ 215710_OY-GRR_21_05_25_17_19.csv,0.06748737255624533
2025.0,5.0,22.0,13.0,47.0,17.0,0.17999999999999994,0.06285225933938288,0.1299999999999999,/Users/rasmus/Desktop/Fysik/AppliedML2026/Final_project_data/data/ML_data/NBI/FDM data/Arrivals/Nuuk Arrival_ 215712_OY-GRR_22_05_25_31_13.csv,0.0790326125479466
2025.0,5.0,23.0,18.0,8.0,34.0,0.25,0.07679720189549943,0.1499999999999999,/Users/rasmus/Desktop/Fysik/AppliedML2026/Final_project_data/data/ML_data/NBI/FDM data/Arrivals/Nuuk Arrival_ 215715_OY-GRR_23_05_25_02_18.csv,0.09639946650711892
2025.0,5.0,24.0,11.0,1.0,45.0,0.36,0.07960019143312708,0.13999999999999999,/Users/rasmus/Desktop/Fysik/AppliedML2026/Final_project_data/data/ML_data/NBI/FDM data/Arrivals/Nuuk Arrival_ 215717_OY-GRR_24_05_25_58_10.csv,0.07922703501282301
2025.0,5.0,24.0,13.0,45.0,37.0,0.3700000000000001,0.07982858347563251,0.15749999999999992,/Users/rasmus/Desktop/Fysik/AppliedML2026/Final_project_data/data/ML_data/NBI/FDM data/Arrivals/Nuuk Arrival_ 215719_OY-GRR_24_05_25_41_13.csv,0.11587828863845799
2025.0,5.0,24.0,17.0,32.0,5.0,0.31000000000000005,0.08895450087435966,0.16849999999999987,/Users/rasmus/Desktop/Fysik/AppliedML2026/Final_project_data/data/ML_data/NBI/FDM data/Arrivals/Nuuk Arrival_ 215721_OY-GRR_24_05_25_28_17.csv,0.1409018570968223
2025.0,5.0,26.0,11.0,45.0,26.0,0.1100000000000001,0.03468035860148039,0.07000000000000006,/Users/rasmus/Desktop/Fysik/AppliedML2026/Final_project_data/data/ML_data/NBI/FDM data/Arrivals/Nuuk Arrival_ 215725_OY-GRJ_26_05_25_47_11.csv,0.058252324703254026
2025.0,5.0,26.0,12.0,5.0,49.0,0.18999999999999995,0.04827660541743415,0.08000000000000007,/Users/rasmus/Desktop/Fysik/AppliedML2026/Final_project_data/data/ML_data/NBI/FDM data/Arrivals/Nuuk Arrival_ 215727_OY-GRH_26_05_25_06_12.csv,0.08957415593665786
2025.0,5.0,26.0,15.0,7.0,7.0,0.21999999999999997,0.05548550059879635,0.10000000000000009,/Users/rasmus/Desktop/Fysik/AppliedML2026/Final_project_data/data/ML_data/NBI/FDM data/Arrivals/Nuuk Arrival_ 215735_OY-GRP_26_05_25_08_15.csv,0.1057775443508162
2025.0,5.0,26.0,19.0,58.0,14.0,0.21999999999999997,0.06408371625518945,0.13099999999999984,/Users/rasmus/Desktop/Fysik/AppliedML2026/Final_project_data/data/ML_data/NBI/FDM data/Arrivals/Nuuk Arrival_ 215766_OY-GRH_26_05_25_00_20.csv,0.08019712555552361
2025.0,5.0,26.0,21.0,9.0,57.0,0.22999999999999998,0.05145897701848995,0.10000000000000009,/Users/rasmus/Desktop/Fysik/AppliedML2026/Final_project_data/data/ML_data/NBI/FDM data/Arrivals/Nuuk Arrival_ 215769_OY-GRP_26_05_25_11_21.csv,0.07395944834840239
2025.0,5.0,27.0,10.0,59.0,19.0,0.27,0.06751647633186426,0.1399999999999999,/Users/rasmus/Desktop/Fysik/AppliedML2026/Final_project_data/data/ML_data/NBI/FDM data/Arrivals/Nuuk Arrival_ 215774_OY-GRH_27_05_25_01_11.csv,0.0975412000863518
2025.0,5.0,27.0,14.0,7.0,1.0,0.25,0.06558741801374257,0.12000000000000002,/Users/rasmus/Desktop/Fysik/AppliedML2026/Final_project_data/data/ML_data/NBI/FDM data/Arrivals/Nuuk Arrival_ 215781_OY-GRH_27_05_25_08_14.csv,0.07241853660800145
2025.0,5.0,27.0,14.0,16.0,16.0,0.20999999999999996,0.05717010628494215,0.11350000000000005,/Users/rasmus/Desktop/Fysik/AppliedML2026/Final_project_data/data/ML_data/NBI/FDM data/Arrivals/Nuuk Arrival_ 215789_OY-GRJ_27_05_25_18_14.csv,0.1026969652261773
2025.0,5.0,27.0,17.0,12.0,18.0,0.20999999999999996,0.06707572245136749,0.1314999999999999,/Users/rasmus/Desktop/Fysik/AppliedML2026/Final_project_data/data/ML_data/NBI/FDM data/Arrivals/Nuuk Arrival_ 215793_OY-GRH_27_05_25_14_17.csv,0.07433034373659257
2025.0,5.0,27.0,19.0,0.0,13.0,0.12,0.04241682439633973,0.08000000000000007,/Users/rasmus/Desktop/Fysik/AppliedML2026/Final_project_data/data/ML_data/NBI/FDM data/Arrivals/Nuuk Arrival_ 215804_OY-GRP_27_05_25_02_19.csv,0.047577687665925586
2025.0,5.0,28.0,11.0,18.0,54.0,0.1499999999999999,0.04498971075783969,0.08000000000000007,/Users/rasmus/Desktop/Fysik/AppliedML2026/Final_project_data/data/ML_data/NBI/FDM data/Arrivals/Nuuk Arrival_ 215809_OY-GRJ_28_05_25_19_11.csv,0.07028513356322232
2025.0,5.0,28.0,12.0,46.0,34.0,0.24,0.06370255306638482,0.12,/Users/rasmus/Desktop/Fysik/AppliedML2026/Final_project_data/data/ML_data/NBI/FDM data/Arrivals/Nuuk Arrival_ 215812_OY-GRH_28_05_25_48_12.csv,0.06133138235470047
2025.0,5.0,28.0,15.0,24.0,51.0,0.22999999999999998,0.053043109152569774,0.1100000000000001,/Users/rasmus/Desktop/Fysik/AppliedML2026/Final_project_data/data/ML_data/NBI/FDM data/Arrivals/Nuuk Arrival_ 215817_OY-GRM_28_05_25_26_15.csv,0.08831760866327848
2025.0,5.0,28.0,20.0,8.0,34.0,0.08000000000000007,0.030086830861763246,0.06300000000000003,/Users/rasmus/Desktop/Fysik/AppliedML2026/Final_project_data/data/ML_data/NBI/FDM data/Arrivals/Nuuk Arrival_ 215865_OY-GRP_28_05_25_10_20.csv,0.048989794855663606
2025.0,5.0,28.0,20.0,49.0,22.0,0.25,0.04561910084827108,0.08000000000000007,/Users/rasmus/Desktop/Fysik/AppliedML2026/Final_project_data/data/ML_data/NBI/FDM data/Arrivals/Nuuk Arrival_ 215867_OY-GRM_28_05_25_51_20.csv,0.07399324293474374
2025.0,5.0,28.0,22.0,18.0,41.0,0.19999999999999996,0.059974742158426166,0.1200000000000001,/Users/rasmus/Desktop/Fysik/AppliedML2026/Final_project_data/data/ML_data/NBI/FDM data/Arrivals/Nuuk Arrival_ 215868_OY-GRH_28_05_25_19_22.csv,0.0671884343788849
2025.0,5.0,29.0,14.0,17.0,13.0,0.1100000000000001,0.05972157622389644,0.09500000000000008,/Users/rasmus/Desktop/Fysik/AppliedML2026/Final_project_data/data/ML_data/NBI/FDM data/Arrivals/Nuuk Arrival_ 215886_OY-GRO_29_05_25_19_14.csv,0.06800735254367728
2025.0,5.0,29.0,14.0,25.0,48.0,0.24,0.05857383638573704,0.10900000000000001,/Users/rasmus/Desktop/Fysik/AppliedML2026/Final_project_data/data/ML_data/NBI/FDM data/Arrivals/Nuuk Arrival_ 215888_OY-GRH_29_05_25_26_14.csv,0.07333874438911149
2025.0,5.0,29.0,14.0,43.0,15.0,0.1299999999999999,0.03652979919884858,0.06000000000000005,/Users/rasmus/Desktop/Fysik/AppliedML2026/Final_project_data/data/ML_data/NBI/FDM data/Arrivals/Nuuk Arrival_ 215890_OY-GRM_29_05_25_45_14.csv,0.05147815070493501
2025.0,5.0,29.0,17.0,54.0,35.0,0.26,0.06661395765782657,0.13999999999999993,/Users/rasmus/Desktop/Fysik/AppliedML2026/Final_project_data/data/ML_data/NBI/FDM data/Arrivals/Nuuk Arrival_ 215897_OY-GRH_29_05_25_56_17.csv,0.07112540705972628
2025.0,5.0,29.0,19.0,1.0,38.0,0.15999999999999992,0.044408018105653785,0.08500000000000002,/Users/rasmus/Desktop/Fysik/AppliedML2026/Final_project_data/data/ML_data/NBI/FDM data/Arrivals/Nuuk Arrival_ 215899_OY-GRP_29_05_25_02_19.csv,0.057590508477236665
2025.0,5.0,29.0,19.0,60.0,49.0,0.18999999999999995,0.04572938301123509,0.08000000000000007,/Users/rasmus/Desktop/Fysik/AppliedML2026/Final_project_data/data/ML_data/NBI/FDM data/Arrivals/Nuuk Arrival_ 215903_OY-GRH_29_05_25_01_20.csv,0.08426149773176356
2025.0,5.0,29.0,22.0,59.0,20.0,0.1200000000000001,0.03789938833759246,0.08000000000000007,/Users/rasmus/Desktop/Fysik/AppliedML2026/Final_project_data/data/ML_data/NBI/FDM data/Arrivals/Nuuk Arrival_ 215926_OY-GRM_29_05_25_01_23.csv,0.056899033383705264
2025.0,5.0,29.0,14.0,29.0,25.0,0.17999999999999994,0.056404041780740696,0.12,/Users/rasmus/Desktop/Fysik/AppliedML2026/Final_project_data/data/ML_data/NBI/FDM data/Arrivals/Nuuk Arrival_ 215928_OY-GRJ_29_05_25_31_14.csv,0.08154753215150046
2025.0,5.0,30.0,13.0,17.0,37.0,0.1499999999999999,0.06399013081800402,0.1200000000000001,/Users/rasmus/Desktop/Fysik/AppliedML2026/Final_project_data/data/ML_data/NBI/FDM data/Arrivals/Nuuk Arrival_ 215936_OY-GRO_30_05_25_18_13.csv,0.09619424792228136
2025.0,5.0,30.0,15.0,53.0,28.0,0.22999999999999998,0.06006540937296076,0.13499999999999995,/Users/rasmus/Desktop/Fysik/AppliedML2026/Final_project_data/data/ML_data/NBI/FDM data/Arrivals/Nuuk Arrival_ 215943_OY-GRH_30_05_25_56_15.csv,0.06316644678941505
2025.0,5.0,30.0,12.0,52.0,5.0,0.16999999999999993,0.04576259254055718,0.10000000000000009,/Users/rasmus/Desktop/Fysik/AppliedML2026/Final_project_data/data/ML_data/NBI/FDM data/Arrivals/Nuuk Arrival_ 215944_OY-GRJ_30_05_25_54_12.csv,0.08898416610938048
2025.0,5.0,30.0,18.0,40.0,12.0,0.20999999999999996,0.06609698844265238,0.12949999999999978,/Users/rasmus/Desktop/Fysik/AppliedML2026/Final_project_data/data/ML_data/NBI/FDM data/Arrivals/Nuuk Arrival_ 215974_OY-GRO_30_05_25_43_18.csv,0.10277402395547232
2025.0,5.0,30.0,19.0,39.0,6.0,0.18999999999999995,0.07406123592451501,0.133,/Users/rasmus/Desktop/Fysik/AppliedML2026/Final_project_data/data/ML_data/NBI/FDM data/Arrivals/Nuuk Arrival_ 215978_OY-GRM_30_05_25_45_19.csv,0.06603029607687673
2025.0,5.0,30.0,19.0,47.0,2.0,0.17999999999999994,0.04654154813152803,0.10000000000000009,/Users/rasmus/Desktop/Fysik/AppliedML2026/Final_project_data/data/ML_data/NBI/FDM data/Arrivals/Nuuk Arrival_ 216002_OY-GRP_30_05_25_49_19.csv,0.08808418433187519
2025.0,5.0,30.0,22.0,5.0,44.0,0.1499999999999999,0.05221293399331701,0.09000000000000008,/Users/rasmus/Desktop/Fysik/AppliedML2026/Final_project_data/data/ML_data/NBI/FDM data/Arrivals/Nuuk Arrival_ 216004_OY-GRH_30_05_25_06_22.csv,0.05881176352917647
2025.0,5.0,31.0,14.0,25.0,43.0,0.18999999999999995,0.045851322227390585,0.08000000000000007,/Users/rasmus/Desktop/Fysik/AppliedML2026/Final_project_data/data/ML_data/NBI/FDM data/Arrivals/Nuuk Arrival_ 216010_OY-GRJ_31_05_25_26_14.csv,0.09514900595031635
2025.0,5.0,31.0,15.0,4.0,40.0,0.20999999999999996,0.05828674920377156,0.11199999999999975,/Users/rasmus/Desktop/Fysik/AppliedML2026/Final_project_data/data/ML_data/NBI/FDM data/Arrivals/Nuuk Arrival_ 216026_OY-GRP_31_05_25_05_15.csv,0.07576278769950325
2025.0,5.0,31.0,18.0,18.0,40.0,0.21999999999999997,0.064437182880961,0.1100000000000001,/Users/rasmus/Desktop/Fysik/AppliedML2026/Final_project_data/data/ML_data/NBI/FDM data/Arrivals/Nuuk Arrival_ 216028_OY-GRO_31_05_25_20_18.csv,0.08544003745317533
2025.0,5.0,31.0,18.0,12.0,21.0,0.14,0.05360458308235996,0.1100000000000001,/Users/rasmus/Desktop/Fysik/AppliedML2026/Final_project_data/data/ML_data/NBI/FDM data/Arrivals/Nuuk Arrival_ 216030_OY-GRP_31_05_25_14_18.csv,0.06134848297746546
2025.0,5.0,31.0,19.0,38.0,40.0,0.22999999999999998,0.06795296633556788,0.1100000000000001,/Users/rasmus/Desktop/Fysik/AppliedML2026/Final_project_data/data/ML_data/NBI/FDM data/Arrivals/Nuuk Arrival_ 216032_OY-GRH_31_05_25_40_19.csv,0.0739022223044643
2025.0,6.0,1.0,11.0,21.0,52.0,0.18999999999999995,0.07368454223720118,0.14099999999999985,/Users/rasmus/Desktop/Fysik/AppliedML2026/Final_project_data/data/ML_data/NBI/FDM data/Arrivals/Nuuk Arrival_ 216036_OY-GRH_01_06_25_22_11.csv,0.0784031812079677
2025.0,6.0,1.0,11.0,46.0,39.0,0.3899999999999999,0.08661177749013123,0.15799999999999997,/Users/rasmus/Desktop/Fysik/AppliedML2026/Final_project_data/data/ML_data/NBI/FDM data/Arrivals/Nuuk Arrival_ 216038_OY-GRO_01_06_25_47_11.csv,0.13856406460551013
2025.0,5.0,17.0,19.0,27.0,9.0,0.18999999999999995,0.05822283907453321,0.14099999999999985,/Users/rasmus/Desktop/Fysik/AppliedML2026/Final_project_data/data/ML_data/NBI/FDM data/Arrivals/Nuuk Arrival_ 216042_OY-GRR_17_05_25_20_19.csv,0.08240697234402615
2025.0,5.0,19.0,11.0,42.0,45.0,0.20999999999999996,0.06437160634708214,0.1299999999999999,/Users/rasmus/Desktop/Fysik/AppliedML2026/Final_project_data/data/ML_data/NBI/FDM data/Arrivals/Nuuk Arrival_ 216044_OY-GRR_19_05_25_31_11.csv,0.05900693333683918
2025.0,5.0,19.0,16.0,12.0,34.0,0.1299999999999999,0.05011614417507344,0.10000000000000009,/Users/rasmus/Desktop/Fysik/AppliedML2026/Final_project_data/data/ML_data/NBI/FDM data/Arrivals/Nuuk Arrival_ 216046_OY-GRR_19_05_25_05_16.csv,0.07187952884282611
2025.0,5.0,19.0,21.0,48.0,7.0,0.32000000000000006,0.07782934798266918,0.13999999999999999,/Users/rasmus/Desktop/Fysik/AppliedML2026/Final_project_data/data/ML_data/NBI/FDM data/Arrivals/Nuuk Arrival_ 216050_OY-GRR_19_05_25_39_21.csv,0.07909207011803114
2025.0,5.0,20.0,11.0,29.0,27.0,0.15999999999999992,0.04949483023402839,0.09500000000000003,/Users/rasmus/Desktop/Fysik/AppliedML2026/Final_project_data/data/ML_data/NBI/FDM data/Arrivals/Nuuk Arrival_ 216052_OY-GRR_20_05_25_22_11.csv,0.07698484699385114
2025.0,5.0,20.0,15.0,5.0,57.0,0.20999999999999996,0.05211266964068003,0.11,/Users/rasmus/Desktop/Fysik/AppliedML2026/Final_project_data/data/ML_data/NBI/FDM data/Arrivals/Nuuk Arrival_ 216054_OY-GRR_20_05_25_04_15.csv,0.08582928793055823
2025.0,5.0,21.0,19.0,23.0,10.0,0.22999999999999998,0.07640982619049426,0.1299999999999999,/Users/rasmus/Desktop/Fysik/AppliedML2026/Final_project_data/data/ML_data/NBI/FDM data/Arrivals/Nuuk Arrival_ 216058_OY-GRR_21_05_25_17_19.csv,0.06748737255624533
2025.0,5.0,22.0,13.0,47.0,17.0,0.17999999999999994,0.06285225933938288,0.1299999999999999,/Users/rasmus/Desktop/Fysik/AppliedML2026/Final_project_data/data/ML_data/NBI/FDM data/Arrivals/Nuuk Arrival_ 216060_OY-GRR_22_05_25_31_13.csv,0.0790326125479466
2025.0,5.0,23.0,14.0,27.0,30.0,0.17999999999999994,0.054456776810058664,0.10000000000000005,/Users/rasmus/Desktop/Fysik/AppliedML2026/Final_project_data/data/ML_data/NBI/FDM data/Arrivals/Nuuk Arrival_ 216061_OY-GRR_23_05_25_50_12.csv,0.053978110041352556
2025.0,5.0,23.0,18.0,8.0,34.0,0.25,0.07679720189549943,0.1499999999999999,/Users/rasmus/Desktop/Fysik/AppliedML2026/Final_project_data/data/ML_data/NBI/FDM data/Arrivals/Nuuk Arrival_ 216063_OY-GRR_23_05_25_02_18.csv,0.09639946650711892
2025.0,5.0,24.0,11.0,1.0,45.0,0.36,0.07960019143312708,0.13999999999999999,/Users/rasmus/Desktop/Fysik/AppliedML2026/Final_project_data/data/ML_data/NBI/FDM data/Arrivals/Nuuk Arrival_ 216065_OY-GRR_24_05_25_58_10.csv,0.07922703501282301
2025.0,5.0,24.0,13.0,45.0,37.0,0.3700000000000001,0.07982858347563251,0.15749999999999992,/Users/rasmus/Desktop/Fysik/AppliedML2026/Final_project_data/data/ML_data/NBI/FDM data/Arrivals/Nuuk Arrival_ 216067_OY-GRR_24_05_25_41_13.csv,0.11587828863845799
2025.0,5.0,24.0,17.0,32.0,5.0,0.31000000000000005,0.08895450087435966,0.16849999999999987,/Users/rasmus/Desktop/Fysik/AppliedML2026/Final_project_data/data/ML_data/NBI/FDM data/Arrivals/Nuuk Arrival_ 216069_OY-GRR_24_05_25_28_17.csv,0.1409018570968223
2025.0,5.0,26.0,12.0,39.0,7.0,0.1299999999999999,0.046883848371216716,0.09800000000000006,/Users/rasmus/Desktop/Fysik/AppliedML2026/Final_project_data/data/ML_data/NBI/FDM data/Arrivals/Nuuk Arrival_ 216071_OY-GRR_26_05_25_19_12.csv,0.07023769168568492
2025.0,5.0,26.0,17.0,14.0,3.0,0.28,0.07564039216287603,0.1499999999999999,/Users/rasmus/Desktop/Fysik/AppliedML2026/Final_project_data/data/ML_data/NBI/FDM data/Arrivals/Nuuk Arrival_ 216073_OY-GRR_26_05_25_57_16.csv,0.08073525759036025
2025.0,5.0,27.0,19.0,15.0,40.0,0.48,0.10180611956708896,0.20699999999999985,/Users/rasmus/Desktop/Fysik/AppliedML2026/Final_project_data/data/ML_data/NBI/FDM data/Arrivals/Nuuk Arrival_ 216076_OY-GRR_27_05_25_13_19.csv,0.06894157799521702
2025.0,5.0,28.0,11.0,50.0,44.0,0.3999999999999999,0.07042200834440367,0.14949999999999966,/Users/rasmus/Desktop/Fysik/AppliedML2026/Final_project_data/data/ML_data/NBI/FDM data/Arrivals/Nuuk Arrival_ 216079_OY-GRR_28_05_25_43_11.csv,0.059039938056490944
2025.0,5.0,28.0,16.0,7.0,50.0,0.43999999999999995,0.09536953830867226,0.19999999999999996,/Users/rasmus/Desktop/Fysik/AppliedML2026/Final_project_data/data/ML_data/NBI/FDM data/Arrivals/Nuuk Arrival_ 216082_OY-GRR_28_05_25_00_16.csv,0.06964194138592063
2025.0,5.0,28.0,21.0,50.0,40.0,0.5,0.08220615086275128,0.1499999999999999,/Users/rasmus/Desktop/Fysik/AppliedML2026/Final_project_data/data/ML_data/NBI/FDM data/Arrivals/Nuuk Arrival_ 216084_OY-GRR_28_05_25_26_21.csv,0.0619297514741264
2025.0,5.0,30.0,12.0,45.0,5.0,0.41000000000000003,0.09681447969317851,0.22299999999999995,/Users/rasmus/Desktop/Fysik/AppliedML2026/Final_project_data/data/ML_data/NBI/FDM data/Arrivals/Nuuk Arrival_ 216086_OY-GRR_30_05_25_19_12.csv,0.07745966692414831
2025.0,5.0,30.0,16.0,55.0,25.0,0.16999999999999993,0.04210752282266046,0.08300000000000005,/Users/rasmus/Desktop/Fysik/AppliedML2026/Final_project_data/data/ML_data/NBI/FDM data/Arrivals/Nuuk Arrival_ 216088_OY-GRR_30_05_25_50_16.csv,0.07968688725254615
2025.0,6.0,1.0,13.0,11.0,30.0,0.22999999999999998,0.05464277933390042,0.12,/Users/rasmus/Desktop/Fysik/AppliedML2026/Final_project_data/data/ML_data/NBI/FDM data/Arrivals/Nuuk Arrival_ 216089_OY-GRP_01_06_25_13_13.csv,0.0574456264653803
2025.0,6.0,1.0,17.0,13.0,19.0,0.1100000000000001,0.03960744879438718,0.08000000000000003,/Users/rasmus/Desktop/Fysik/AppliedML2026/Final_project_data/data/ML_data/NBI/FDM data/Arrivals/Nuuk Arrival_ 216096_OY-GRP_01_06_25_15_17.csv,0.054658027772688654
2025.0,6.0,1.0,17.0,57.0,8.0,0.15999999999999992,0.0676625289342793,0.1100000000000001,/Users/rasmus/Desktop/Fysik/AppliedML2026/Final_project_data/data/ML_data/NBI/FDM data/Arrivals/Nuuk Arrival_ 216097_OY-GRO_01_06_25_58_17.csv,0.08767363723872001
2025.0,6.0,2.0,11.0,56.0,11.0,0.15999999999999992,0.045083256315399424,0.09999999999999998,/Users/rasmus/Desktop/Fysik/AppliedML2026/Final_project_data/data/ML_data/NBI/FDM data/Arrivals/Nuuk Arrival_ 216104_OY-GRM_02_06_25_58_11.csv,0.06503392779700365
2025.0,6.0,2.0,12.0,48.0,56.0,0.18999999999999995,0.0502431064714271,0.13099999999999984,/Users/rasmus/Desktop/Fysik/AppliedML2026/Final_project_data/data/ML_data/NBI/FDM data/Arrivals/Nuuk Arrival_ 216105_OY-GRJ_02_06_25_49_12.csv,0.06699429299662506
2025.0,6.0,2.0,12.0,50.0,19.0,0.24,0.07044195458331094,0.1499999999999999,/Users/rasmus/Desktop/Fysik/AppliedML2026/Final_project_data/data/ML_data/NBI/FDM data/Arrivals/Nuuk Arrival_ 216106_OY-GRH_02_06_25_52_12.csv,0.08335087534664906
2025.0,6.0,2.0,12.0,0.0,33.0,0.19999999999999996,0.07215538787921529,0.1200000000000001,/Users/rasmus/Desktop/Fysik/AppliedML2026/Final_project_data/data/ML_data/NBI/FDM data/Arrivals/Nuuk Arrival_ 216116_OY-GRO_02_06_25_02_12.csv,0.09830136262909508
2025.0,6.0,2.0,15.0,22.0,37.0,0.17999999999999994,0.05657528929469674,0.125,/Users/rasmus/Desktop/Fysik/AppliedML2026/Final_project_data/data/ML_data/NBI/FDM data/Arrivals/Nuuk Arrival_ 216120_OY-GRP_02_06_25_23_15.csv,0.060730843021628254
2025.0,6.0,2.0,16.0,7.0,1.0,0.1399999999999999,0.052653471487656874,0.11000000000000003,/Users/rasmus/Desktop/Fysik/AppliedML2026/Final_project_data/data/ML_data/NBI/FDM data/Arrivals/Nuuk Arrival_ 216121_OY-GRM_02_06_25_09_16.csv,0.06664014624015388
2025.0,6.0,2.0,17.0,0.0,27.0,0.1499999999999999,0.0744087808438404,0.1299999999999999,/Users/rasmus/Desktop/Fysik/AppliedML2026/Final_project_data/data/ML_data/NBI/FDM data/Arrivals/Nuuk Arrival_ 216122_OY-GRO_02_06_25_01_17.csv,0.08138506872740668
2025.0,6.0,2.0,21.0,22.0,6.0,0.26,0.06715711071345942,0.1359999999999999,/Users/rasmus/Desktop/Fysik/AppliedML2026/Final_project_data/data/ML_data/NBI/FDM data/Arrivals/Nuuk Arrival_ 216163_OY-GRP_02_06_25_24_21.csv,0.07007932013876216
2025.0,6.0,2.0,21.0,34.0,30.0,0.4099999999999999,0.08861228330280602,0.1739999999999998,/Users/rasmus/Desktop/Fysik/AppliedML2026/Final_project_data/data/ML_data/NBI/FDM data/Arrivals/Nuuk Arrival_ 216164_OY-GRM_02_06_25_36_21.csv,0.09134793070696483
2025.0,6.0,2.0,22.0,26.0,13.0,0.31000000000000005,0.08082330980235473,0.15649999999999983,/Users/rasmus/Desktop/Fysik/AppliedML2026/Final_project_data/data/ML_data/NBI/FDM data/Arrivals/Nuuk Arrival_ 216165_OY-GRO_02_06_25_28_22.csv,0.08246211251235322
2025.0,6.0,3.0,14.0,34.0,2.0,0.16999999999999993,0.05913087329805939,0.12399999999999993,/Users/rasmus/Desktop/Fysik/AppliedML2026/Final_project_data/data/ML_data/NBI/FDM data/Arrivals/Nuuk Arrival_ 216175_OY-GRH_03_06_25_35_14.csv,0.08062257748298554
2025.0,6.0,3.0,14.0,45.0,16.0,0.3799999999999999,0.05781212138739027,0.10000000000000009,/Users/rasmus/Desktop/Fysik/AppliedML2026/Final_project_data/data/ML_data/NBI/FDM data/Arrivals/Nuuk Arrival_ 216182_OY-GRJ_03_06_25_47_14.csv,0.11691342951089921
2025.0,6.0,3.0,15.0,19.0,19.0,0.1399999999999999,0.047802970273217865,0.10000000000000009,/Users/rasmus/Desktop/Fysik/AppliedML2026/Final_project_data/data/ML_data/NBI/FDM data/Arrivals/Nuuk Arrival_ 216184_OY-GRM_03_06_25_21_15.csv,0.07219764539096828
2025.0,6.0,3.0,19.0,29.0,18.0,0.20999999999999996,0.04953801165307454,0.09,/Users/rasmus/Desktop/Fysik/AppliedML2026/Final_project_data/data/ML_data/NBI/FDM data/Arrivals/Nuuk Arrival_ 216217_OY-GRM_03_06_25_31_19.csv,0.07282653159188418
2025.0,6.0,3.0,20.0,24.0,58.0,0.1299999999999999,0.05568525350240513,0.11,/Users/rasmus/Desktop/Fysik/AppliedML2026/Final_project_data/data/ML_data/NBI/FDM data/Arrivals/Nuuk Arrival_ 216223_OY-GRJ_03_06_25_25_20.csv,0.0579655069847578
2025.0,6.0,3.0,15.0,41.0,13.0,0.25,0.07619027941729807,0.1399999999999999,/Users/rasmus/Desktop/Fysik/AppliedML2026/Final_project_data/data/ML_data/NBI/FDM data/Arrivals/Nuuk Arrival_ 216226_OY-GRO_03_06_25_43_15.csv,0.11288426437221952
2025.0,6.0,3.0,21.0,55.0,37.0,0.20999999999999996,0.047815528715311605,0.09000000000000008,/Users/rasmus/Desktop/Fysik/AppliedML2026/Final_project_data/data/ML_data/NBI/FDM data/Arrivals/Nuuk Arrival_ 216229_OY-GRM_03_06_25_56_21.csv,0.0823947139620552
2025.0,6.0,4.0,11.0,10.0,30.0,0.20999999999999996,0.06432653593818383,0.12849999999999986,/Users/rasmus/Desktop/Fysik/AppliedML2026/Final_project_data/data/ML_data/NBI/FDM data/Arrivals/Nuuk Arrival_ 216232_OY-GRH_04_06_25_12_11.csv,0.07577055147343355
2025.0,6.0,4.0,13.0,8.0,34.0,0.28,0.051787712955050996,0.09000000000000008,/Users/rasmus/Desktop/Fysik/AppliedML2026/Final_project_data/data/ML_data/NBI/FDM data/Arrivals/Nuuk Arrival_ 216234_OY-GRJ_04_06_25_09_13.csv,0.10723805294763611
2025.0,6.0,4.0,15.0,54.0,30.0,0.28,0.08862926750697836,0.16999999999999996,/Users/rasmus/Desktop/Fysik/AppliedML2026/Final_project_data/data/ML_data/NBI/FDM data/Arrivals/Nuuk Arrival_ 216244_OY-GRJ_04_06_25_55_15.csv,0.07695925722567282
2025.0,6.0,4.0,17.0,22.0,8.0,0.30000000000000004,0.07433995272683844,0.14049999999999974,/Users/rasmus/Desktop/Fysik/AppliedML2026/Final_project_data/data/ML_data/NBI/FDM data/Arrivals/Nuuk Arrival_ 216245_OY-GRP_04_06_25_24_17.csv,0.07295702346400429
2025.0,6.0,4.0,13.0,1.0,28.0,0.1499999999999999,0.06430364958222436,0.1100000000000001,/Users/rasmus/Desktop/Fysik/AppliedML2026/Final_project_data/data/ML_data/NBI/FDM data/Arrivals/Nuuk Arrival_ 216246_OY-GRO_04_06_25_03_13.csv,0.08299539321021167
2025.0,6.0,4.0,18.0,36.0,14.0,0.27,0.09126680464237603,0.17300000000000001,/Users/rasmus/Desktop/Fysik/AppliedML2026/Final_project_data/data/ML_data/NBI/FDM data/Arrivals/Nuuk Arrival_ 216249_OY-GRM_04_06_25_38_18.csv,0.11316034269077986
2025.0,6.0,4.0,19.0,57.0,11.0,0.27,0.06933547005254534,0.1200000000000001,/Users/rasmus/Desktop/Fysik/AppliedML2026/Final_project_data/data/ML_data/NBI/FDM data/Arrivals/Nuuk Arrival_ 216250_OY-GRJ_04_06_25_59_19.csv,0.06863327411532603
2025.0,6.0,4.0,14.0,40.0,17.0,0.30000000000000004,0.08380601574983787,0.14799999999999974,/Users/rasmus/Desktop/Fysik/AppliedML2026/Final_project_data/data/ML_data/NBI/FDM data/Arrivals/Nuuk Arrival_ 216252_OY-GRO_04_06_25_42_14.csv,0.11019213988442049
2025.0,6.0,4.0,21.0,8.0,1.0,0.21999999999999997,0.07912016177940995,0.16299999999999998,/Users/rasmus/Desktop/Fysik/AppliedML2026/Final_project_data/data/ML_data/NBI/FDM data/Arrivals/Nuuk Arrival_ 216253_OY-GRM_04_06_25_10_21.csv,0.08205689083394116
2025.0,6.0,5.0,13.0,59.0,19.0,0.18999999999999995,0.07250287350627334,0.1299999999999999,/Users/rasmus/Desktop/Fysik/AppliedML2026/Final_project_data/data/ML_data/NBI/FDM data/Arrivals/Nuuk Arrival_ 216264_OY-GRO_05_06_25_01_14.csv,0.10282131210124784
2025.0,6.0,5.0,15.0,22.0,35.0,0.18999999999999995,0.05064833893908208,0.1015,/Users/rasmus/Desktop/Fysik/AppliedML2026/Final_project_data/data/ML_data/NBI/FDM data/Arrivals/Nuuk Arrival_ 216266_OY-GRH_05_06_25_24_15.csv,0.09393123507692701
2025.0,6.0,5.0,15.0,9.0,22.0,0.1100000000000001,0.03753785967647745,0.07449999999999996,/Users/rasmus/Desktop/Fysik/AppliedML2026/Final_project_data/data/ML_data/NBI/FDM data/Arrivals/Nuuk Arrival_ 216267_OY-GRM_05_06_25_11_15.csv,0.05674504383644448
2025.0,6.0,5.0,16.0,28.0,54.0,0.15999999999999992,0.04371935628324301,0.08000000000000007,/Users/rasmus/Desktop/Fysik/AppliedML2026/Final_project_data/data/ML_data/NBI/FDM data/Arrivals/Nuuk Arrival_ 216270_OY-GRJ_05_06_25_29_16.csv,0.07518865162598229
2025.0,6.0,5.0,16.0,23.0,1.0,0.17999999999999994,0.04709954720524155,0.1100000000000001,/Users/rasmus/Desktop/Fysik/AppliedML2026/Final_project_data/data/ML_data/NBI/FDM data/Arrivals/Nuuk Arrival_ 216272_OY-GRP_05_06_25_24_16.csv,0.08054958283019004
2025.0,6.0,5.0,19.0,13.0,10.0,0.1100000000000001,0.03551900899518456,0.08799999999999997,/Users/rasmus/Desktop/Fysik/AppliedML2026/Final_project_data/data/ML_data/NBI/FDM data/Arrivals/Nuuk Arrival_ 216277_OY-GRP_05_06_25_15_19.csv,0.058893302273107274
2025.0,6.0,5.0,21.0,53.0,13.0,0.3600000000000001,0.05273158593327876,0.09000000000000008,/Users/rasmus/Desktop/Fysik/AppliedML2026/Final_project_data/data/ML_data/NBI/FDM data/Arrivals/Nuuk Arrival_ 216305_OY-GRJ_05_06_25_55_21.csv,0.10110500592068737
2025.0,6.0,6.0,11.0,32.0,46.0,0.12,0.03351132419880665,0.07399999999999998,/Users/rasmus/Desktop/Fysik/AppliedML2026/Final_project_data/data/ML_data/NBI/FDM data/Arrivals/Nuuk Arrival_ 216313_OY-GRP_06_06_25_33_11.csv,0.05852349955359816
2025.0,6.0,6.0,12.0,5.0,16.0,0.1200000000000001,0.03657890825223768,0.08000000000000007,/Users/rasmus/Desktop/Fysik/AppliedML2026/Final_project_data/data/ML_data/NBI/FDM data/Arrivals/Nuuk Arrival_ 216315_OY-GRM_06_06_25_07_12.csv,0.05625571866355408
2025.0,6.0,6.0,16.0,11.0,7.0,0.19999999999999996,0.0665120531257995,0.1359999999999999,/Users/rasmus/Desktop/Fysik/AppliedML2026/Final_project_data/data/ML_data/NBI/FDM data/Arrivals/Nuuk Arrival_ 216329_OY-GRP_06_06_25_12_16.csv,0.07941190087134296
2025.0,6.0,6.0,15.0,34.0,37.0,0.19999999999999996,0.06860555873306211,0.13099999999999984,/Users/rasmus/Desktop/Fysik/AppliedML2026/Final_project_data/data/ML_data/NBI/FDM data/Arrivals/Nuuk Arrival_ 216332_OY-GRJ_06_06_25_35_15.csv,0.07221495689952326
2025.0,6.0,6.0,19.0,8.0,17.0,0.16999999999999993,0.07547731710140075,0.1299999999999999,/Users/rasmus/Desktop/Fysik/AppliedML2026/Final_project_data/data/ML_data/NBI/FDM data/Arrivals/Nuuk Arrival_ 216339_OY-GRO_06_06_25_10_19.csv,0.08412952976082642
2025.0,6.0,6.0,20.0,18.0,14.0,0.21999999999999997,0.06450703081675199,0.1299999999999999,/Users/rasmus/Desktop/Fysik/AppliedML2026/Final_project_data/data/ML_data/NBI/FDM data/Arrivals/Nuuk Arrival_ 216350_OY-GRM_06_06_25_20_20.csv,0.05675431817561509
2025.0,6.0,6.0,20.0,34.0,32.0,0.1399999999999999,0.056597997608867176,0.12050000000000007,/Users/rasmus/Desktop/Fysik/AppliedML2026/Final_project_data/data/ML_data/NBI/FDM data/Arrivals/Nuuk Arrival_ 216358_OY-GRJ_06_06_25_35_20.csv,0.06415441897238423
2025.0,6.0,6.0,22.0,42.0,7.0,0.16999999999999993,0.036821642186808216,0.09000000000000008,/Users/rasmus/Desktop/Fysik/AppliedML2026/Final_project_data/data/ML_data/NBI/FDM data/Arrivals/Nuuk Arrival_ 216359_OY-GRP_06_06_25_44_22.csv,0.07017834423809101
2025.0,6.0,7.0,12.0,51.0,39.0,0.20999999999999996,0.06507571347936564,0.10449999999999998,/Users/rasmus/Desktop/Fysik/AppliedML2026/Final_project_data/data/ML_data/NBI/FDM data/Arrivals/Nuuk Arrival_ 216367_OY-GRO_07_06_25_52_12.csv,0.09401664977429586
2025.0,6.0,7.0,14.0,9.0,28.0,0.17999999999999994,0.035393199508218696,0.06449999999999995,/Users/rasmus/Desktop/Fysik/AppliedML2026/Final_project_data/data/ML_data/NBI/FDM data/Arrivals/Nuuk Arrival_ 216370_OY-GRM_07_06_25_11_14.csv,0.06773108592072033
2025.0,6.0,7.0,14.0,35.0,17.0,0.24,0.05713447143438852,0.13299999999999995,/Users/rasmus/Desktop/Fysik/AppliedML2026/Final_project_data/data/ML_data/NBI/FDM data/Arrivals/Nuuk Arrival_ 216372_OY-GRH_07_06_25_37_14.csv,0.05634713834792324
2025.0,6.0,7.0,16.0,7.0,7.0,0.16999999999999993,0.05872274393910515,0.08000000000000007,/Users/rasmus/Desktop/Fysik/AppliedML2026/Final_project_data/data/ML_data/NBI/FDM data/Arrivals/Nuuk Arrival_ 216374_OY-GRO_07_06_25_09_16.csv,0.07007139216541948
2025.0,6.0,7.0,17.0,44.0,6.0,0.25,0.044337478117411774,0.07000000000000006,/Users/rasmus/Desktop/Fysik/AppliedML2026/Final_project_data/data/ML_data/NBI/FDM data/Arrivals/Nuuk Arrival_ 216380_OY-GRM_07_06_25_46_17.csv,0.09141252649391113
2025.0,6.0,2.0,12.0,7.0,5.0,0.3600000000000001,0.09625897087380592,0.2034999999999999,/Users/rasmus/Desktop/Fysik/AppliedML2026/Final_project_data/data/ML_data/NBI/FDM data/Arrivals/Nuuk Arrival_ 216385_OY-GRR_02_06_25_57_11.csv,0.07388385161462396
2025.0,6.0,2.0,16.0,52.0,26.0,0.14,0.05222683483059994,0.10000000000000009,/Users/rasmus/Desktop/Fysik/AppliedML2026/Final_project_data/data/ML_data/NBI/FDM data/Arrivals/Nuuk Arrival_ 216387_OY-GRR_02_06_25_46_16.csv,0.06453681120105022
2025.0,6.0,2.0,21.0,39.0,30.0,0.39,0.10416754385595571,0.21699999999999986,/Users/rasmus/Desktop/Fysik/AppliedML2026/Final_project_data/data/ML_data/NBI/FDM data/Arrivals/Nuuk Arrival_ 216390_OY-GRR_02_06_25_33_21.csv,0.13327242198421418
2025.0,6.0,3.0,14.0,37.0,9.0,0.47,0.1017564196109456,0.2229999999999994,/Users/rasmus/Desktop/Fysik/AppliedML2026/Final_project_data/data/ML_data/NBI/FDM data/Arrivals/Nuuk Arrival_ 216392_OY-GRR_03_06_25_12_14.csv,0.09646530752325189
2025.0,6.0,3.0,19.0,34.0,42.0,0.3600000000000001,0.10028459502834922,0.2214999999999999,/Users/rasmus/Desktop/Fysik/AppliedML2026/Final_project_data/data/ML_data/NBI/FDM data/Arrivals/Nuuk Arrival_ 216394_OY-GRR_03_06_25_23_19.csv,0.06767569726275459
2025.0,6.0,3.0,22.0,5.0,30.0,0.35,0.09110923584984598,0.17449999999999982,/Users/rasmus/Desktop/Fysik/AppliedML2026/Final_project_data/data/ML_data/NBI/FDM data/Arrivals/Nuuk Arrival_ 216396_OY-GRR_03_06_25_59_21.csv,0.05108815909777925
2025.0,6.0,4.0,20.0,36.0,41.0,0.32000000000000006,0.08524474568362948,0.17750000000000005,/Users/rasmus/Desktop/Fysik/AppliedML2026/Final_project_data/data/ML_data/NBI/FDM data/Arrivals/Nuuk Arrival_ 216399_OY-GRR_04_06_25_30_20.csv,0.060390883612755776
2025.0,6.0,5.0,14.0,27.0,2.0,0.3899999999999999,0.10839942242746821,0.21599999999999991,/Users/rasmus/Desktop/Fysik/AppliedML2026/Final_project_data/data/ML_data/NBI/FDM data/Arrivals/Nuuk Arrival_ 216402_OY-GRR_05_06_25_14_14.csv,0.06677075208003383
2025.0,6.0,5.0,18.0,35.0,27.0,0.53,0.10072847866961132,0.24,/Users/rasmus/Desktop/Fysik/AppliedML2026/Final_project_data/data/ML_data/NBI/FDM data/Arrivals/Nuuk Arrival_ 216404_OY-GRR_05_06_25_29_18.csv,0.06822422923379538
2025.0,6.0,6.0,12.0,22.0,17.0,0.19999999999999996,0.0517500741587739,0.11350000000000005,/Users/rasmus/Desktop/Fysik/AppliedML2026/Final_project_data/data/ML_data/NBI/FDM data/Arrivals/Nuuk Arrival_ 216406_OY-GRR_06_06_25_14_12.csv,0.06509102937627552
2025.0,6.0,6.0,17.0,44.0,33.0,0.3899999999999999,0.0877227199222139,0.20399999999999974,/Users/rasmus/Desktop/Fysik/AppliedML2026/Final_project_data/data/ML_data/NBI/FDM data/Arrivals/Nuuk Arrival_ 216409_OY-GRR_06_06_25_40_17.csv,0.057549978279752646
2025.0,6.0,7.0,19.0,34.0,30.0,0.20999999999999996,0.049154135454283654,0.12,/Users/rasmus/Desktop/Fysik/AppliedML2026/Final_project_data/data/ML_data/NBI/FDM data/Arrivals/Nuuk Arrival_ 216412_OY-GRR_07_06_25_28_19.csv,0.06823163163486241
2025.0,6.0,8.0,10.0,48.0,35.0,0.1399999999999999,0.06645572688913758,0.10550000000000007,/Users/rasmus/Desktop/Fysik/AppliedML2026/Final_project_data/data/ML_data/NBI/FDM data/Arrivals/Nuuk Arrival_ 216415_OY-GRO_08_06_25_50_10.csv,0.07763876465901413
2025.0,6.0,9.0,11.0,60.0,45.0,0.10000000000000009,0.03813509819425822,0.06000000000000005,/Users/rasmus/Desktop/Fysik/AppliedML2026/Final_project_data/data/ML_data/NBI/FDM data/Arrivals/Nuuk Arrival_ 216424_OY-GRH_09_06_25_02_12.csv,0.043512450325548624
2025.0,6.0,9.0,12.0,14.0,28.0,0.18999999999999995,0.053312675596994256,0.09000000000000008,/Users/rasmus/Desktop/Fysik/AppliedML2026/Final_project_data/data/ML_data/NBI/FDM data/Arrivals/Nuuk Arrival_ 216426_OY-GRM_09_06_25_16_12.csv,0.07776283703369762
2025.0,6.0,9.0,13.0,51.0,39.0,0.19999999999999996,0.05538697080932548,0.1100000000000001,/Users/rasmus/Desktop/Fysik/AppliedML2026/Final_project_data/data/ML_data/NBI/FDM data/Arrivals/Nuuk Arrival_ 216437_OY-GRP_09_06_25_52_13.csv,0.05609058607425891
2025.0,6.0,9.0,16.0,14.0,36.0,0.20999999999999996,0.06296929076103186,0.1100000000000001,/Users/rasmus/Desktop/Fysik/AppliedML2026/Final_project_data/data/ML_data/NBI/FDM data/Arrivals/Nuuk Arrival_ 216445_OY-GRJ_09_06_25_16_16.csv,0.053903205429320804
2025.0,6.0,9.0,20.0,4.0,4.0,0.24,0.09283964670333467,0.20399999999999988,/Users/rasmus/Desktop/Fysik/AppliedML2026/Final_project_data/data/ML_data/NBI/FDM data/Arrivals/Nuuk Arrival_ 216478_OY-GRH_09_06_25_06_20.csv,0.10480139948174992
2025.0,6.0,9.0,16.0,38.0,29.0,0.3899999999999999,0.08234161671944289,0.1299999999999999,/Users/rasmus/Desktop/Fysik/AppliedML2026/Final_project_data/data/ML_data/NBI/FDM data/Arrivals/Nuuk Arrival_ 216484_OY-GRO_09_06_25_40_16.csv,0.16145819892467525
2025.0,6.0,10.0,0.0,18.0,19.0,0.15999999999999992,0.07112579352578713,0.1200000000000001,/Users/rasmus/Desktop/Fysik/AppliedML2026/Final_project_data/data/ML_data/NBI/FDM data/Arrivals/Nuuk Arrival_ 216486_OY-GRO_10_06_25_20_00.csv,0.07979139469057218
2025.0,6.0,10.0,14.0,22.0,12.0,0.21999999999999997,0.06097130472607588,0.12100000000000004,/Users/rasmus/Desktop/Fysik/AppliedML2026/Final_project_data/data/ML_data/NBI/FDM data/Arrivals/Nuuk Arrival_ 216509_OY-GRH_10_06_25_24_14.csv,0.06359048670988458
2025.0,6.0,10.0,14.0,26.0,26.0,0.1499999999999999,0.04667261866805136,0.09000000000000008,/Users/rasmus/Desktop/Fysik/AppliedML2026/Final_project_data/data/ML_data/NBI/FDM data/Arrivals/Nuuk Arrival_ 216511_OY-GRM_10_06_25_28_14.csv,0.06985699678629195
2025.0,6.0,10.0,19.0,1.0,59.0,0.22999999999999998,0.0743536249181003,0.1200000000000001,/Users/rasmus/Desktop/Fysik/AppliedML2026/Final_project_data/data/ML_data/NBI/FDM data/Arrivals/Nuuk Arrival_ 216521_OY-GRO_10_06_25_03_19.csv,0.0795945608546656
2025.0,6.0,10.0,17.0,42.0,33.0,0.25,0.07667484762335376,0.16000000000000003,/Users/rasmus/Desktop/Fysik/AppliedML2026/Final_project_data/data/ML_data/NBI/FDM data/Arrivals/Nuuk Arrival_ 216532_OY-GRH_10_06_25_43_17.csv,0.07092791573681856
2025.0,6.0,10.0,21.0,8.0,47.0,0.33000000000000007,0.06485839629722535,0.1399999999999999,/Users/rasmus/Desktop/Fysik/AppliedML2026/Final_project_data/data/ML_data/NBI/FDM data/Arrivals/Nuuk Arrival_ 216535_OY-GRJ_10_06_25_09_21.csv,0.11169812258151565
2025.0,6.0,10.0,20.0,25.0,9.0,0.1499999999999999,0.04421671754253387,0.08699999999999988,/Users/rasmus/Desktop/Fysik/AppliedML2026/Final_project_data/data/ML_data/NBI/FDM data/Arrivals/Nuuk Arrival_ 216537_OY-GRP_10_06_25_27_20.csv,0.06514407110397692
2025.0,6.0,10.0,22.0,14.0,41.0,0.21999999999999997,0.07036206131240863,0.14,/Users/rasmus/Desktop/Fysik/AppliedML2026/Final_project_data/data/ML_data/NBI/FDM data/Arrivals/Nuuk Arrival_ 216538_OY-GRH_10_06_25_15_22.csv,0.08586811592979858
2025.0,6.0,11.0,12.0,20.0,34.0,0.18999999999999995,0.047615887341020215,0.10000000000000009,/Users/rasmus/Desktop/Fysik/AppliedML2026/Final_project_data/data/ML_data/NBI/FDM data/Arrivals/Nuuk Arrival_ 216542_OY-GRJ_11_06_25_21_12.csv,0.0652686754883229
2025.0,6.0,11.0,14.0,18.0,5.0,0.16999999999999993,0.03654993072356551,0.061999999999999944,/Users/rasmus/Desktop/Fysik/AppliedML2026/Final_project_data/data/ML_data/NBI/FDM data/Arrivals/Nuuk Arrival_ 216546_OY-GRP_11_06_25_20_14.csv,0.061882241109270465
2025.0,6.0,11.0,16.0,44.0,31.0,0.21999999999999997,0.06599750073368527,0.12799999999999961,/Users/rasmus/Desktop/Fysik/AppliedML2026/Final_project_data/data/ML_data/NBI/FDM data/Arrivals/Nuuk Arrival_ 216554_OY-GRH_11_06_25_46_16.csv,0.07662524761087938
2025.0,6.0,11.0,18.0,43.0,44.0,0.3700000000000001,0.06144447679664594,0.12149999999999998,/Users/rasmus/Desktop/Fysik/AppliedML2026/Final_project_data/data/ML_data/NBI/FDM data/Arrivals/Nuuk Arrival_ 216574_OY-GRH_11_06_25_44_18.csv,0.11961047891663451
2025.0,6.0,11.0,21.0,7.0,55.0,0.20999999999999996,0.07963733586175456,0.14349999999999985,/Users/rasmus/Desktop/Fysik/AppliedML2026/Final_project_data/data/ML_data/NBI/FDM data/Arrivals/Nuuk Arrival_ 216586_OY-GRO_11_06_25_08_21.csv,0.10667708282475671
2025.0,6.0,11.0,21.0,49.0,49.0,0.20999999999999996,0.040751144004861004,0.07000000000000006,/Users/rasmus/Desktop/Fysik/AppliedML2026/Final_project_data/data/ML_data/NBI/FDM data/Arrivals/Nuuk Arrival_ 216587_OY-GRP_11_06_25_50_21.csv,0.0737244472183214
2025.0,6.0,12.0,11.0,31.0,12.0,0.21999999999999997,0.06876795953105282,0.12849999999999986,/Users/rasmus/Desktop/Fysik/AppliedML2026/Final_project_data/data/ML_data/NBI/FDM data/Arrivals/Nuuk Arrival_ 216594_OY-GRJ_12_06_25_33_11.csv,0.05887840577551903
2025.0,6.0,12.0,13.0,59.0,18.0,0.28,0.08780432791155572,0.1779999999999999,/Users/rasmus/Desktop/Fysik/AppliedML2026/Final_project_data/data/ML_data/NBI/FDM data/Arrivals/Nuuk Arrival_ 216603_OY-GRO_12_06_25_01_14.csv,0.10287532908007312
2025.0,6.0,12.0,14.0,15.0,55.0,0.24,0.07829431652425355,0.16999999999999993,/Users/rasmus/Desktop/Fysik/AppliedML2026/Final_project_data/data/ML_data/NBI/FDM data/Arrivals/Nuuk Arrival_ 216604_OY-GRJ_12_06_25_16_14.csv,0.10406728592598156
2025.0,6.0,12.0,14.0,43.0,7.0,0.25,0.06082315777513639,0.1100000000000001,/Users/rasmus/Desktop/Fysik/AppliedML2026/Final_project_data/data/ML_data/NBI/FDM data/Arrivals/Nuuk Arrival_ 216606_OY-GRM_12_06_25_46_14.csv,0.09768754855587862
2025.0,6.0,12.0,19.0,11.0,5.0,0.22999999999999998,0.06958255732196521,0.11699999999999999,/Users/rasmus/Desktop/Fysik/AppliedML2026/Final_project_data/data/ML_data/NBI/FDM data/Arrivals/Nuuk Arrival_ 216637_OY-GRO_12_06_25_13_19.csv,0.08990735972840788
2025.0,6.0,12.0,14.0,50.0,58.0,0.21999999999999997,0.0600946223581082,0.11899999999999977,/Users/rasmus/Desktop/Fysik/AppliedML2026/Final_project_data/data/ML_data/NBI/FDM data/Arrivals/Nuuk Arrival_ 216639_OY-GRH_12_06_25_52_14.csv,0.061806148561449795
2025.0,6.0,12.0,18.0,12.0,49.0,0.1499999999999999,0.0515894164524882,0.1100000000000001,/Users/rasmus/Desktop/Fysik/AppliedML2026/Final_project_data/data/ML_data/NBI/FDM data/Arrivals/Nuuk Arrival_ 216640_OY-GRJ_12_06_25_13_18.csv,0.0688748865697796
2025.0,6.0,13.0,12.0,23.0,51.0,0.22999999999999998,0.056746358946908174,0.1100000000000001,/Users/rasmus/Desktop/Fysik/AppliedML2026/Final_project_data/data/ML_data/NBI/FDM data/Arrivals/Nuuk Arrival_ 216657_OY-GRM_13_06_25_25_12.csv,0.06724747000610674
2025.0,6.0,13.0,12.0,58.0,14.0,0.25,0.08334751652351917,0.14,/Users/rasmus/Desktop/Fysik/AppliedML2026/Final_project_data/data/ML_data/NBI/FDM data/Arrivals/Nuuk Arrival_ 216659_OY-GRO_13_06_25_00_13.csv,0.10517181709522332
2025.0,6.0,13.0,13.0,39.0,1.0,0.31000000000000005,0.0977182427279168,0.19499999999999995,/Users/rasmus/Desktop/Fysik/AppliedML2026/Final_project_data/data/ML_data/NBI/FDM data/Arrivals/Nuuk Arrival_ 216672_OY-GRP_13_06_25_41_13.csv,0.08894810119323714
2025.0,6.0,13.0,16.0,51.0,58.0,0.3600000000000001,0.07859307061248672,0.15,/Users/rasmus/Desktop/Fysik/AppliedML2026/Final_project_data/data/ML_data/NBI/FDM data/Arrivals/Nuuk Arrival_ 216676_OY-GRJ_13_06_25_53_16.csv,0.14838344604039744
2025.0,6.0,14.0,9.0,57.0,54.0,0.28,0.0721052471507218,0.1100000000000001,/Users/rasmus/Desktop/Fysik/AppliedML2026/Final_project_data/data/ML_data/NBI/FDM data/Arrivals/Nuuk Arrival_ 216699_OY-GRO_14_06_25_58_09.csv,0.12071755163491049
2025.0,6.0,14.0,14.0,44.0,37.0,0.18999999999999995,0.04045890602726523,0.07000000000000006,/Users/rasmus/Desktop/Fysik/AppliedML2026/Final_project_data/data/ML_data/NBI/FDM data/Arrivals/Nuuk Arrival_ 216722_OY-GRM_14_06_25_45_14.csv,0.08185352771872449
2025.0,6.0,14.0,15.0,2.0,48.0,0.15999999999999992,0.04262237284181476,0.08000000000000007,/Users/rasmus/Desktop/Fysik/AppliedML2026/Final_project_data/data/ML_data/NBI/FDM data/Arrivals/Nuuk Arrival_ 216723_OY-GRJ_14_06_25_03_15.csv,0.06123724356957948
2025.0,6.0,14.0,13.0,43.0,50.0,0.16999999999999993,0.06321513937462965,0.10000000000000009,/Users/rasmus/Desktop/Fysik/AppliedML2026/Final_project_data/data/ML_data/NBI/FDM data/Arrivals/Nuuk Arrival_ 216725_OY-GRO_14_06_25_45_13.csv,0.07834219807996201
2025.0,6.0,14.0,14.0,53.0,48.0,0.1200000000000001,0.026967994498529706,0.050000000000000044,/Users/rasmus/Desktop/Fysik/AppliedML2026/Final_project_data/data/ML_data/NBI/FDM data/Arrivals/Nuuk Arrival_ 216727_OY-GRP_14_06_25_55_14.csv,0.04582575694955844
2025.0,6.0,14.0,18.0,1.0,57.0,0.1399999999999999,0.06297687636364432,0.10300000000000006,/Users/rasmus/Desktop/Fysik/AppliedML2026/Final_project_data/data/ML_data/NBI/FDM data/Arrivals/Nuuk Arrival_ 216733_OY-GRO_14_06_25_02_18.csv,0.08843076387773659
2025.0,6.0,14.0,20.0,53.0,40.0,0.19999999999999996,0.07209062923521627,0.12899999999999967,/Users/rasmus/Desktop/Fysik/AppliedML2026/Final_project_data/data/ML_data/NBI/FDM data/Arrivals/Nuuk Arrival_ 216744_OY-GRO_14_06_25_54_20.csv,0.09246621004453466
2025.0,6.0,14.0,20.0,21.0,59.0,0.15999999999999992,0.03327472324764263,0.06000000000000005,/Users/rasmus/Desktop/Fysik/AppliedML2026/Final_project_data/data/ML_data/NBI/FDM data/Arrivals/Nuuk Arrival_ 216745_OY-GRM_14_06_25_22_20.csv,0.06123724356957947
2025.0,6.0,14.0,20.0,22.0,17.0,0.15999999999999992,0.03574980811819563,0.089,/Users/rasmus/Desktop/Fysik/AppliedML2026/Final_project_data/data/ML_data/NBI/FDM data/Arrivals/Nuuk Arrival_ 216746_OY-GRP_14_06_25_24_20.csv,0.06991065727054784
2025.0,6.0,14.0,20.0,59.0,7.0,0.09000000000000008,0.033512339862756896,0.07199999999999995,/Users/rasmus/Desktop/Fysik/AppliedML2026/Final_project_data/data/ML_data/NBI/FDM data/Arrivals/Nuuk Arrival_ 216747_OY-GRJ_14_06_25_01_21.csv,0.04563280553698703
2025.0,6.0,13.0,12.0,41.0,25.0,0.3799999999999999,0.10937990658235161,0.26,/Users/rasmus/Desktop/Fysik/AppliedML2026/Final_project_data/data/ML_data/NBI/FDM data/Arrivals/Nuuk Arrival_ 216750_OY-GRR_13_06_25_35_12.csv,0.08705499083091925
2025.0,6.0,14.0,14.0,46.0,22.0,0.18999999999999995,0.06722840262610828,0.1419999999999998,/Users/rasmus/Desktop/Fysik/AppliedML2026/Final_project_data/data/ML_data/NBI/FDM data/Arrivals/Nuuk Arrival_ 216754_OY-GRR_14_06_25_28_14.csv,0.07639609699692544
2025.0,6.0,14.0,18.0,35.0,21.0,0.45999999999999996,0.08897652740979804,0.21699999999999986,/Users/rasmus/Desktop/Fysik/AppliedML2026/Final_project_data/data/ML_data/NBI/FDM data/Arrivals/Nuuk Arrival_ 216756_OY-GRR_14_06_25_29_18.csv,0.051704287378643306
2025.0,6.0,14.0,22.0,16.0,8.0,0.37,0.059278064145929156,0.09299999999999992,/Users/rasmus/Desktop/Fysik/AppliedML2026/Final_project_data/data/ML_data/NBI/FDM data/Arrivals/Nuuk Arrival_ 216758_OY-GRR_14_06_25_10_22.csv,0.08884884719037625
2025.0,6.0,15.0,16.0,8.0,23.0,0.24,0.07601564561574403,0.1299999999999999,/Users/rasmus/Desktop/Fysik/AppliedML2026/Final_project_data/data/ML_data/NBI/FDM data/Arrivals/Nuuk Arrival_ 216760_OY-GRO_15_06_25_10_16.csv,0.10900114678295825
2025.0,6.0,15.0,17.0,57.0,11.0,0.1299999999999999,0.0351110649973182,0.05949999999999994,/Users/rasmus/Desktop/Fysik/AppliedML2026/Final_project_data/data/ML_data/NBI/FDM data/Arrivals/Nuuk Arrival_ 216762_OY-GRJ_15_06_25_59_17.csv,0.06116515732496924
2025.0,6.0,16.0,14.0,38.0,57.0,0.21999999999999997,0.08111527291453811,0.16649999999999987,/Users/rasmus/Desktop/Fysik/AppliedML2026/Final_project_data/data/ML_data/NBI/FDM data/Arrivals/Nuuk Arrival_ 216766_OY-GRJ_16_06_25_40_14.csv,0.08396427811873332
2025.0,6.0,16.0,18.0,36.0,29.0,0.1399999999999999,0.04702245326555298,0.09000000000000005,/Users/rasmus/Desktop/Fysik/AppliedML2026/Final_project_data/data/ML_data/NBI/FDM data/Arrivals/Nuuk Arrival_ 216774_OY-GRM_16_06_25_38_18.csv,0.04818944098266992
2025.0,6.0,16.0,19.0,53.0,48.0,0.24,0.08593036586549473,0.1584999999999999,/Users/rasmus/Desktop/Fysik/AppliedML2026/Final_project_data/data/ML_data/NBI/FDM data/Arrivals/Nuuk Arrival_ 216777_OY-GRO_16_06_25_55_19.csv,0.08161319921259239
2025.0,6.0,16.0,21.0,59.0,18.0,0.28,0.06886131237407798,0.13199999999999978,/Users/rasmus/Desktop/Fysik/AppliedML2026/Final_project_data/data/ML_data/NBI/FDM data/Arrivals/Nuuk Arrival_ 216785_OY-GRM_16_06_25_01_22.csv,0.06349471590115534
2025.0,6.0,16.0,21.0,56.0,9.0,0.22999999999999998,0.08592771048137748,0.16999999999999993,/Users/rasmus/Desktop/Fysik/AppliedML2026/Final_project_data/data/ML_data/NBI/FDM data/Arrivals/Nuuk Arrival_ 216786_OY-GRH_16_06_25_58_21.csv,0.05877924803874241
2025.0,6.0,17.0,11.0,13.0,28.0,0.09000000000000008,0.035572245014682695,0.07550000000000004,/Users/rasmus/Desktop/Fysik/AppliedML2026/Final_project_data/data/ML_data/NBI/FDM data/Arrivals/Nuuk Arrival_ 216791_OY-GRM_17_06_25_15_11.csv,0.050908414497670924
2025.0,6.0,17.0,14.0,20.0,56.0,0.18999999999999995,0.06933315667249859,0.1100000000000001,/Users/rasmus/Desktop/Fysik/AppliedML2026/Final_project_data/data/ML_data/NBI/FDM data/Arrivals/Nuuk Arrival_ 216799_OY-GRO_17_06_25_22_14.csv,0.09049861877399017
2025.0,6.0,17.0,14.0,54.0,19.0,0.1399999999999999,0.054378090663299766,0.10000000000000006,/Users/rasmus/Desktop/Fysik/AppliedML2026/Final_project_data/data/ML_data/NBI/FDM data/Arrivals/Nuuk Arrival_ 216800_OY-GRH_17_06_25_55_14.csv,0.05019960159204458
2025.0,6.0,17.0,14.0,22.0,22.0,0.16999999999999993,0.04705829107203843,0.10000000000000006,/Users/rasmus/Desktop/Fysik/AppliedML2026/Final_project_data/data/ML_data/NBI/FDM data/Arrivals/Nuuk Arrival_ 216811_OY-GRM_17_06_25_24_14.csv,0.0724365848417042
2025.0,6.0,17.0,18.0,46.0,58.0,0.22999999999999998,0.057619441163551756,0.1100000000000001,/Users/rasmus/Desktop/Fysik/AppliedML2026/Final_project_data/data/ML_data/NBI/FDM data/Arrivals/Nuuk Arrival_ 216829_OY-GRP_17_06_25_48_18.csv,0.07699721701835353
2025.0,6.0,17.0,18.0,52.0,37.0,0.1399999999999999,0.0494708845792415,0.09300000000000005,/Users/rasmus/Desktop/Fysik/AppliedML2026/Final_project_data/data/ML_data/NBI/FDM data/Arrivals/Nuuk Arrival_ 216830_OY-GRM_17_06_25_53_18.csv,0.06358346595505115
2025.0,6.0,17.0,20.0,2.0,19.0,0.19999999999999996,0.06955787426553826,0.1299999999999999,/Users/rasmus/Desktop/Fysik/AppliedML2026/Final_project_data/data/ML_data/NBI/FDM data/Arrivals/Nuuk Arrival_ 216831_OY-GRO_17_06_25_04_20.csv,0.09099450532861864
2025.0,6.0,17.0,20.0,8.0,33.0,0.27,0.08024086546908671,0.14349999999999996,/Users/rasmus/Desktop/Fysik/AppliedML2026/Final_project_data/data/ML_data/NBI/FDM data/Arrivals/Nuuk Arrival_ 216832_OY-GRH_17_06_25_09_20.csv,0.06597447672355858
2025.0,6.0,17.0,22.0,35.0,38.0,0.1499999999999999,0.038458471811215485,0.08000000000000007,/Users/rasmus/Desktop/Fysik/AppliedML2026/Final_project_data/data/ML_data/NBI/FDM data/Arrivals/Nuuk Arrival_ 216835_OY-GRP_17_06_25_37_22.csv,0.050199601592044577
2025.0,6.0,18.0,11.0,25.0,2.0,0.19999999999999996,0.061136669092225746,0.12549999999999997,/Users/rasmus/Desktop/Fysik/AppliedML2026/Final_project_data/data/ML_data/NBI/FDM data/Arrivals/Nuuk Arrival_ 216843_OY-GRP_18_06_25_27_11.csv,0.0750999334220744
2025.0,6.0,18.0,12.0,18.0,2.0,0.19999999999999996,0.06143424669243262,0.12049999999999997,/Users/rasmus/Desktop/Fysik/AppliedML2026/Final_project_data/data/ML_data/NBI/FDM data/Arrivals/Nuuk Arrival_ 216847_OY-GRJ_18_06_25_20_12.csv,0.0770551750371122
2025.0,6.0,18.0,12.0,26.0,18.0,0.30000000000000004,0.10417060598611852,0.18999999999999995,/Users/rasmus/Desktop/Fysik/AppliedML2026/Final_project_data/data/ML_data/NBI/FDM data/Arrivals/Nuuk Arrival_ 216848_OY-GRO_18_06_25_29_12.csv,0.10409785606036095
2025.0,6.0,18.0,13.0,11.0,47.0,0.18999999999999995,0.07111265250146695,0.1369999999999998,/Users/rasmus/Desktop/Fysik/AppliedML2026/Final_project_data/data/ML_data/NBI/FDM data/Arrivals/Nuuk Arrival_ 216850_OY-GRH_18_06_25_12_13.csv,0.07308970695766877
2025.0,6.0,18.0,14.0,33.0,59.0,0.26,0.07514089330154286,0.1424999999999999,/Users/rasmus/Desktop/Fysik/AppliedML2026/Final_project_data/data/ML_data/NBI/FDM data/Arrivals/Nuuk Arrival_ 216855_OY-GRO_18_06_25_35_14.csv,0.09925724154942045
2025.0,6.0,18.0,15.0,0.0,14.0,0.19999999999999996,0.04799063216080614,0.09000000000000004,/Users/rasmus/Desktop/Fysik/AppliedML2026/Final_project_data/data/ML_data/NBI/FDM data/Arrivals/Nuuk Arrival_ 216864_OY-GRP_18_06_25_02_15.csv,0.07681145747868608
2025.0,6.0,18.0,17.0,50.0,30.0,0.17000000000000004,0.05296627565337353,0.11600000000000005,/Users/rasmus/Desktop/Fysik/AppliedML2026/Final_project_data/data/ML_data/NBI/FDM data/Arrivals/Nuuk Arrival_ 216865_OY-GRH_18_06_25_52_17.csv,0.04384315479321972
2025.0,6.0,18.0,20.0,57.0,25.0,0.29000000000000004,0.07201190377787754,0.1200000000000001,/Users/rasmus/Desktop/Fysik/AppliedML2026/Final_project_data/data/ML_data/NBI/FDM data/Arrivals/Nuuk Arrival_ 216874_OY-GRO_18_06_25_00_21.csv,0.09205976319760988
2025.0,6.0,18.0,21.0,32.0,22.0,0.09000000000000008,0.02871013487708122,0.06000000000000005,/Users/rasmus/Desktop/Fysik/AppliedML2026/Final_project_data/data/ML_data/NBI/FDM data/Arrivals/Nuuk Arrival_ 216875_OY-GRP_18_06_25_34_21.csv,0.04167543767332457
2025.0,6.0,18.0,18.0,50.0,47.0,0.15000000000000002,0.05193705447095212,0.09000000000000008,/Users/rasmus/Desktop/Fysik/AppliedML2026/Final_project_data/data/ML_data/NBI/FDM data/Arrivals/Nuuk Arrival_ 216876_OY-GRM_18_06_25_51_18.csv,0.06324555320336762
2025.0,6.0,19.0,10.0,60.0,40.0,0.1299999999999999,0.044328779031307726,0.09000000000000008,/Users/rasmus/Desktop/Fysik/AppliedML2026/Final_project_data/data/ML_data/NBI/FDM data/Arrivals/Nuuk Arrival_ 216883_OY-GRJ_19_06_25_01_11.csv,0.05942432162002362
2025.0,6.0,19.0,11.0,35.0,17.0,0.25,0.07434949967058169,0.15099999999999986,/Users/rasmus/Desktop/Fysik/AppliedML2026/Final_project_data/data/ML_data/NBI/FDM data/Arrivals/Nuuk Arrival_ 216885_OY-GRH_19_06_25_36_11.csv,0.0534214016462144
2025.0,6.0,19.0,13.0,56.0,4.0,0.20999999999999996,0.06482520877180187,0.1100000000000001,/Users/rasmus/Desktop/Fysik/AppliedML2026/Final_project_data/data/ML_data/NBI/FDM data/Arrivals/Nuuk Arrival_ 216891_OY-GRO_19_06_25_58_13.csv,0.0975073961691743
2025.0,6.0,19.0,14.0,22.0,56.0,0.20999999999999996,0.05314419587834176,0.11000000000000008,/Users/rasmus/Desktop/Fysik/AppliedML2026/Final_project_data/data/ML_data/NBI/FDM data/Arrivals/Nuuk Arrival_ 216892_OY-GRH_19_06_25_24_14.csv,0.06036923425424947
2025.0,6.0,19.0,15.0,18.0,16.0,0.1499999999999999,0.04424857633796268,0.08750000000000008,/Users/rasmus/Desktop/Fysik/AppliedML2026/Final_project_data/data/ML_data/NBI/FDM data/Arrivals/Nuuk Arrival_ 216893_OY-GRJ_19_06_25_20_15.csv,0.05477225575051666
2025.0,6.0,19.0,19.0,28.0,10.0,0.17999999999999994,0.050822689189318884,0.11000000000000006,/Users/rasmus/Desktop/Fysik/AppliedML2026/Final_project_data/data/ML_data/NBI/FDM data/Arrivals/Nuuk Arrival_ 216907_OY-GRP_19_06_25_30_19.csv,0.0815313953091239
2025.0,6.0,19.0,20.0,42.0,47.0,0.1299999999999999,0.06220854372689788,0.10000000000000009,/Users/rasmus/Desktop/Fysik/AppliedML2026/Final_project_data/data/ML_data/NBI/FDM data/Arrivals/Nuuk Arrival_ 216919_OY-GRO_19_06_25_43_20.csv,0.08872839045495687
2025.0,6.0,20.0,11.0,50.0,57.0,0.1100000000000001,0.03808697000222805,0.08000000000000007,/Users/rasmus/Desktop/Fysik/AppliedML2026/Final_project_data/data/ML_data/NBI/FDM data/Arrivals/Nuuk Arrival_ 216949_OY-GRM_20_06_25_52_11.csv,0.0555427763079953
2025.0,6.0,20.0,12.0,19.0,7.0,0.1299999999999999,0.04070532000762405,0.08000000000000007,/Users/rasmus/Desktop/Fysik/AppliedML2026/Final_project_data/data/ML_data/NBI/FDM data/Arrivals/Nuuk Arrival_ 216951_OY-GRP_20_06_25_21_12.csv,0.05783597496368505
2025.0,6.0,20.0,12.0,12.0,45.0,0.24,0.0683344715352362,0.1100000000000001,/Users/rasmus/Desktop/Fysik/AppliedML2026/Final_project_data/data/ML_data/NBI/FDM data/Arrivals/Nuuk Arrival_ 216952_OY-GRO_20_06_25_13_12.csv,0.08336666000266539
2025.0,6.0,20.0,12.0,30.0,36.0,0.1100000000000001,0.04035150895331131,0.09000000000000008,/Users/rasmus/Desktop/Fysik/AppliedML2026/Final_project_data/data/ML_data/NBI/FDM data/Arrivals/Nuuk Arrival_ 216953_OY-GRJ_20_06_25_31_12.csv,0.048936048492959336
2025.0,6.0,20.0,12.0,3.0,36.0,0.25,0.0560013736095272,0.10550000000000007,/Users/rasmus/Desktop/Fysik/AppliedML2026/Final_project_data/data/ML_data/NBI/FDM data/Arrivals/Nuuk Arrival_ 216957_OY-GRH_20_06_25_04_12.csv,0.0731057073315377
2025.0,6.0,20.0,16.0,45.0,45.0,0.26,0.07094796294029979,0.1499999999999999,/Users/rasmus/Desktop/Fysik/AppliedML2026/Final_project_data/data/ML_data/NBI/FDM data/Arrivals/Nuuk Arrival_ 216981_OY-GRH_20_06_25_46_16.csv,0.0749444238530571
2025.0,6.0,20.0,21.0,38.0,27.0,0.14,0.04533915634133882,0.09000000000000008,/Users/rasmus/Desktop/Fysik/AppliedML2026/Final_project_data/data/ML_data/NBI/FDM data/Arrivals/Nuuk Arrival_ 216999_OY-GRJ_20_06_25_40_21.csv,0.060759087111860656
2025.0,6.0,20.0,22.0,20.0,2.0,0.1499999999999999,0.041927255298219876,0.08399999999999999,/Users/rasmus/Desktop/Fysik/AppliedML2026/Final_project_data/data/ML_data/NBI/FDM data/Arrivals/Nuuk Arrival_ 217001_OY-GRM_20_06_25_22_22.csv,0.06912147117775905
2025.0,6.0,20.0,17.0,7.0,37.0,0.18000000000000005,0.04743806878837262,0.1,/Users/rasmus/Desktop/Fysik/AppliedML2026/Final_project_data/data/ML_data/NBI/FDM data/Arrivals/Nuuk Arrival_ 217002_OY-GRP_20_06_25_08_17.csv,0.04790035954399976
2025.0,6.0,20.0,23.0,11.0,9.0,0.18999999999999995,0.05413417104358647,0.1100000000000001,/Users/rasmus/Desktop/Fysik/AppliedML2026/Final_project_data/data/ML_data/NBI/FDM data/Arrivals/Nuuk Arrival_ 217004_OY-GRH_20_06_25_13_23.csv,0.06365668788936073
2025.0,6.0,21.0,12.0,20.0,36.0,0.1499999999999999,0.04430011286667341,0.08000000000000007,/Users/rasmus/Desktop/Fysik/AppliedML2026/Final_project_data/data/ML_data/NBI/FDM data/Arrivals/Nuuk Arrival_ 217012_OY-GRJ_21_06_25_21_12.csv,0.06442049363362566
2025.0,6.0,21.0,14.0,23.0,52.0,0.24,0.05486826328388276,0.1100000000000001,/Users/rasmus/Desktop/Fysik/AppliedML2026/Final_project_data/data/ML_data/NBI/FDM data/Arrivals/Nuuk Arrival_ 217023_OY-GRH_21_06_25_25_14.csv,0.0763663419434124
2025.0,6.0,21.0,14.0,16.0,40.0,0.16000000000000003,0.0449258648590468,0.09000000000000008,/Users/rasmus/Desktop/Fysik/AppliedML2026/Final_project_data/data/ML_data/NBI/FDM data/Arrivals/Nuuk Arrival_ 217024_OY-GRM_21_06_25_17_14.csv,0.061200118835297634
2025.0,6.0,21.0,14.0,49.0,0.0,0.4099999999999999,0.07470389728058077,0.13099999999999984,/Users/rasmus/Desktop/Fysik/AppliedML2026/Final_project_data/data/ML_data/NBI/FDM data/Arrivals/Nuuk Arrival_ 217025_OY-GRP_21_06_25_50_14.csv,0.1625455401774498
2025.0,6.0,21.0,15.0,34.0,34.0,0.20999999999999996,0.07519582278761158,0.1424999999999999,/Users/rasmus/Desktop/Fysik/AppliedML2026/Final_project_data/data/ML_data/NBI/FDM data/Arrivals/Nuuk Arrival_ 217027_OY-GRO_21_06_25_35_15.csv,0.09927515074556954
2025.0,6.0,21.0,17.0,42.0,23.0,0.18999999999999995,0.05416880337666007,0.1264999999999999,/Users/rasmus/Desktop/Fysik/AppliedML2026/Final_project_data/data/ML_data/NBI/FDM data/Arrivals/Nuuk Arrival_ 217034_OY-GRJ_21_06_25_44_17.csv,0.0914330356052997
2025.0,6.0,21.0,18.0,42.0,32.0,0.1299999999999999,0.04968951216351013,0.10750000000000001,/Users/rasmus/Desktop/Fysik/AppliedML2026/Final_project_data/data/ML_data/NBI/FDM data/Arrivals/Nuuk Arrival_ 217035_OY-GRP_21_06_25_44_18.csv,0.06516251872168419
2025.0,6.0,21.0,20.0,8.0,58.0,0.26,0.0848917638540273,0.17999999999999994,/Users/rasmus/Desktop/Fysik/AppliedML2026/Final_project_data/data/ML_data/NBI/FDM data/Arrivals/Nuuk Arrival_ 217048_OY-GRM_21_06_25_11_20.csv,0.07422937423958252
2025.0,6.0,22.0,11.0,18.0,34.0,0.24,0.0632719000294233,0.12050000000000007,/Users/rasmus/Desktop/Fysik/AppliedML2026/Final_project_data/data/ML_data/NBI/FDM data/Arrivals/Nuuk Arrival_ 217052_OY-GRM_22_06_25_19_11.csv,0.07863417408056968
2025.0,6.0,22.0,12.0,11.0,26.0,0.1499999999999999,0.05326723546406124,0.10000000000000009,/Users/rasmus/Desktop/Fysik/AppliedML2026/Final_project_data/data/ML_data/NBI/FDM data/Arrivals/Nuuk Arrival_ 217054_OY-GRJ_22_06_25_13_12.csv,0.06422616289332567
2025.0,6.0,22.0,15.0,30.0,30.0,0.27,0.05763653092414307,0.1100000000000001,/Users/rasmus/Desktop/Fysik/AppliedML2026/Final_project_data/data/ML_data/NBI/FDM data/Arrivals/Nuuk Arrival_ 217055_OY-GRM_22_06_25_31_15.csv,0.09149984820873872
2025.0,6.0,22.0,16.0,14.0,16.0,0.1499999999999999,0.0628388251697782,0.1229999999999998,/Users/rasmus/Desktop/Fysik/AppliedML2026/Final_project_data/data/ML_data/NBI/FDM data/Arrivals/Nuuk Arrival_ 217056_OY-GRJ_22_06_25_15_16.csv,0.0660387091871965
2025.0,6.0,16.0,17.0,26.0,39.0,0.30000000000000004,0.07762335096724839,0.14549999999999993,/Users/rasmus/Desktop/Fysik/AppliedML2026/Final_project_data/data/ML_data/NBI/FDM data/Arrivals/Nuuk Arrival_ 217058_OY-GRR_16_06_25_13_17.csv,0.05086213249303587
2025.0,6.0,16.0,20.0,34.0,42.0,0.21999999999999997,0.07101624523032865,0.13999999999999999,/Users/rasmus/Desktop/Fysik/AppliedML2026/Final_project_data/data/ML_data/NBI/FDM data/Arrivals/Nuuk Arrival_ 217060_OY-GRR_16_06_25_28_20.csv,0.060827625302982205
2025.0,6.0,17.0,13.0,44.0,12.0,0.12,0.03444457245239913,0.07000000000000006,/Users/rasmus/Desktop/Fysik/AppliedML2026/Final_project_data/data/ML_data/NBI/FDM data/Arrivals/Nuuk Arrival_ 217062_OY-GRR_17_06_25_34_13.csv,0.044158804331639274
2025.0,6.0,17.0,18.0,19.0,36.0,0.19999999999999996,0.049358631563323575,0.08949999999999997,/Users/rasmus/Desktop/Fysik/AppliedML2026/Final_project_data/data/ML_data/NBI/FDM data/Arrivals/Nuuk Arrival_ 217064_OY-GRR_17_06_25_10_18.csv,0.07202940575985368
2025.0,6.0,17.0,22.0,14.0,59.0,0.17999999999999994,0.05204762457481223,0.10000000000000009,/Users/rasmus/Desktop/Fysik/AppliedML2026/Final_project_data/data/ML_data/NBI/FDM data/Arrivals/Nuuk Arrival_ 217066_OY-GRR_17_06_25_12_22.csv,0.04420233199556509
2025.0,6.0,18.0,11.0,49.0,24.0,0.3600000000000001,0.0670493403031508,0.1234999999999999,/Users/rasmus/Desktop/Fysik/AppliedML2026/Final_project_data/data/ML_data/NBI/FDM data/Arrivals/Nuuk Arrival_ 217068_OY-GRR_18_06_25_38_11.csv,0.0657556805440376
2025.0,6.0,18.0,17.0,43.0,11.0,0.19999999999999996,0.04731443185947471,0.10199999999999997,/Users/rasmus/Desktop/Fysik/AppliedML2026/Final_project_data/data/ML_data/NBI/FDM data/Arrivals/Nuuk Arrival_ 217072_OY-GRR_18_06_25_37_17.csv,0.06350852961085884
2025.0,6.0,19.0,14.0,48.0,24.0,0.31000000000000005,0.05963541715057761,0.12,/Users/rasmus/Desktop/Fysik/AppliedML2026/Final_project_data/data/ML_data/NBI/FDM data/Arrivals/Nuuk Arrival_ 217074_OY-GRR_19_06_25_42_14.csv,0.06924403831453842
2025.0,6.0,19.0,19.0,5.0,40.0,0.39,0.0753681440852642,0.15349999999999958,/Users/rasmus/Desktop/Fysik/AppliedML2026/Final_project_data/data/ML_data/NBI/FDM data/Arrivals/Nuuk Arrival_ 217076_OY-GRR_19_06_25_59_18.csv,0.057240462858325104
2025.0,6.0,19.0,23.0,45.0,20.0,0.1200000000000001,0.045133136385587067,0.08000000000000007,/Users/rasmus/Desktop/Fysik/AppliedML2026/Final_project_data/data/ML_data/NBI/FDM data/Arrivals/Nuuk Arrival_ 217078_OY-GRR_19_06_25_35_23.csv,0.05958187643906498
2025.0,6.0,20.0,17.0,22.0,32.0,0.17999999999999994,0.05428227045266425,0.11000000000000004,/Users/rasmus/Desktop/Fysik/AppliedML2026/Final_project_data/data/ML_data/NBI/FDM data/Arrivals/Nuuk Arrival_ 217080_OY-GRR_20_06_25_07_17.csv,0.050645829048402445
2025.0,6.0,23.0,11.0,43.0,45.0,0.1100000000000001,0.04189272013130686,0.0804999999999999,/Users/rasmus/Desktop/Fysik/AppliedML2026/Final_project_data/data/ML_data/NBI/FDM data/Arrivals/Nuuk Arrival_ 217091_OY-GRJ_23_06_25_45_11.csv,0.06121322425366449
2025.0,6.0,23.0,11.0,52.0,2.0,0.1200000000000001,0.03883891783329629,0.07000000000000006,/Users/rasmus/Desktop/Fysik/AppliedML2026/Final_project_data/data/ML_data/NBI/FDM data/Arrivals/Nuuk Arrival_ 217093_OY-GRP_23_06_25_54_11.csv,0.05333333333333337
2025.0,6.0,23.0,11.0,48.0,7.0,0.17999999999999994,0.04504721634774201,0.08699999999999997,/Users/rasmus/Desktop/Fysik/AppliedML2026/Final_project_data/data/ML_data/NBI/FDM data/Arrivals/Nuuk Arrival_ 217095_OY-GRH_23_06_25_50_11.csv,0.06992058987801013
2025.0,6.0,23.0,12.0,46.0,51.0,0.1399999999999999,0.061131309793239684,0.1100000000000001,/Users/rasmus/Desktop/Fysik/AppliedML2026/Final_project_data/data/ML_data/NBI/FDM data/Arrivals/Nuuk Arrival_ 217097_OY-GRM_23_06_25_50_12.csv,0.058542913552988914
2025.0,6.0,23.0,20.0,40.0,25.0,0.1100000000000001,0.028849743366409584,0.050000000000000044,/Users/rasmus/Desktop/Fysik/AppliedML2026/Final_project_data/data/ML_data/NBI/FDM data/Arrivals/Nuuk Arrival_ 217126_OY-GRM_23_06_25_42_20.csv,0.043588989435406775
2025.0,6.0,23.0,16.0,43.0,17.0,0.1499999999999999,0.04113071282132228,0.08000000000000007,/Users/rasmus/Desktop/Fysik/AppliedML2026/Final_project_data/data/ML_data/NBI/FDM data/Arrivals/Nuuk Arrival_ 217128_OY-GRJ_23_06_25_45_16.csv,0.0649175301000101
2025.0,6.0,23.0,19.0,51.0,52.0,0.18999999999999995,0.0627398623092261,0.1200000000000001,/Users/rasmus/Desktop/Fysik/AppliedML2026/Final_project_data/data/ML_data/NBI/FDM data/Arrivals/Nuuk Arrival_ 217142_OY-GRO_23_06_25_52_19.csv,0.08533670336482699
2025.0,6.0,23.0,20.0,45.0,19.0,0.16999999999999993,0.049807964557220516,0.11050000000000007,/Users/rasmus/Desktop/Fysik/AppliedML2026/Final_project_data/data/ML_data/NBI/FDM data/Arrivals/Nuuk Arrival_ 217145_OY-GRJ_23_06_25_47_20.csv,0.07758060324591452
2025.0,6.0,23.0,22.0,44.0,30.0,0.20999999999999996,0.06297749926389454,0.1399999999999999,/Users/rasmus/Desktop/Fysik/AppliedML2026/Final_project_data/data/ML_data/NBI/FDM data/Arrivals/Nuuk Arrival_ 217148_OY-GRH_23_06_25_45_22.csv,0.055202974748220175
2025.0,6.0,24.0,10.0,47.0,16.0,0.1200000000000001,0.036489061551418775,0.07000000000000006,/Users/rasmus/Desktop/Fysik/AppliedML2026/Final_project_data/data/ML_data/NBI/FDM data/Arrivals/Nuuk Arrival_ 217152_OY-GRJ_24_06_25_49_10.csv,0.06216337920581314
2025.0,6.0,24.0,11.0,8.0,55.0,0.15999999999999992,0.03671338094517493,0.07000000000000006,/Users/rasmus/Desktop/Fysik/AppliedML2026/Final_project_data/data/ML_data/NBI/FDM data/Arrivals/Nuuk Arrival_ 217153_OY-GRM_24_06_25_11_11.csv,0.06539472905544676
2025.0,6.0,24.0,14.0,10.0,7.0,0.15999999999999992,0.056419655884217004,0.1100000000000001,/Users/rasmus/Desktop/Fysik/AppliedML2026/Final_project_data/data/ML_data/NBI/FDM data/Arrivals/Nuuk Arrival_ 217162_OY-GRH_24_06_25_11_14.csv,0.07530888773198405
2025.0,6.0,24.0,14.0,12.0,29.0,0.1299999999999999,0.03620687089490062,0.08000000000000007,/Users/rasmus/Desktop/Fysik/AppliedML2026/Final_project_data/data/ML_data/NBI/FDM data/Arrivals/Nuuk Arrival_ 217163_OY-GRM_24_06_25_14_14.csv,0.06718134661744535
2025.0,6.0,24.0,14.0,27.0,6.0,0.15999999999999992,0.05650537269018891,0.08000000000000007,/Users/rasmus/Desktop/Fysik/AppliedML2026/Final_project_data/data/ML_data/NBI/FDM data/Arrivals/Nuuk Arrival_ 217165_OY-GRO_24_06_25_28_14.csv,0.09869988179661954
2025.0,6.0,24.0,15.0,14.0,57.0,0.16999999999999993,0.05522135085599999,0.1100000000000001,/Users/rasmus/Desktop/Fysik/AppliedML2026/Final_project_data/data/ML_data/NBI/FDM data/Arrivals/Nuuk Arrival_ 217166_OY-GRJ_24_06_25_16_15.csv,0.058375442676628274
2025.0,6.0,24.0,17.0,44.0,49.0,0.1200000000000001,0.03388823834920754,0.06750000000000006,/Users/rasmus/Desktop/Fysik/AppliedML2026/Final_project_data/data/ML_data/NBI/FDM data/Arrivals/Nuuk Arrival_ 217183_OY-GRM_24_06_25_45_17.csv,0.05261891294962302
2025.0,6.0,24.0,19.0,8.0,45.0,0.21999999999999997,0.05902187805849828,0.11350000000000005,/Users/rasmus/Desktop/Fysik/AppliedML2026/Final_project_data/data/ML_data/NBI/FDM data/Arrivals/Nuuk Arrival_ 217188_OY-GRH_24_06_25_09_19.csv,0.06642665127793214
2025.0,6.0,24.0,20.0,23.0,47.0,0.1299999999999999,0.036888157941526716,0.07000000000000006,/Users/rasmus/Desktop/Fysik/AppliedML2026/Final_project_data/data/ML_data/NBI/FDM data/Arrivals/Nuuk Arrival_ 217202_OY-GRJ_24_06_25_25_20.csv,0.0528625050905124
2025.0,6.0,25.0,11.0,25.0,12.0,0.15999999999999992,0.06099863386448371,0.10050000000000006,/Users/rasmus/Desktop/Fysik/AppliedML2026/Final_project_data/data/ML_data/NBI/FDM data/Arrivals/Nuuk Arrival_ 217206_OY-GRO_25_06_25_27_11.csv,0.08778315529155456
2025.0,6.0,25.0,12.0,6.0,21.0,0.19999999999999996,0.02889788433948489,0.040000000000000036,/Users/rasmus/Desktop/Fysik/AppliedML2026/Final_project_data/data/ML_data/NBI/FDM data/Arrivals/Nuuk Arrival_ 217208_OY-GRP_25_06_25_08_12.csv,0.06419835333891807
2025.0,6.0,25.0,10.0,46.0,23.0,0.18999999999999995,0.03986435333310536,0.08000000000000007,/Users/rasmus/Desktop/Fysik/AppliedML2026/Final_project_data/data/ML_data/NBI/FDM data/Arrivals/Nuuk Arrival_ 217216_OY-GRM_25_06_25_48_10.csv,0.07670288999335903
2025.0,6.0,25.0,16.0,22.0,32.0,0.21999999999999997,0.04868264577855236,0.10550000000000007,/Users/rasmus/Desktop/Fysik/AppliedML2026/Final_project_data/data/ML_data/NBI/FDM data/Arrivals/Nuuk Arrival_ 217217_OY-GRJ_25_06_25_23_16.csv,0.050744457825461116
2025.0,6.0,25.0,20.0,47.0,25.0,0.1200000000000001,0.04906749481702782,0.10800000000000007,/Users/rasmus/Desktop/Fysik/AppliedML2026/Final_project_data/data/ML_data/NBI/FDM data/Arrivals/Nuuk Arrival_ 217242_OY-GRJ_25_06_25_49_20.csv,0.07235823578359477
2025.0,6.0,25.0,22.0,20.0,18.0,0.24,0.08922370517534785,0.15999999999999992,/Users/rasmus/Desktop/Fysik/AppliedML2026/Final_project_data/data/ML_data/NBI/FDM data/Arrivals/Nuuk Arrival_ 217250_OY-GRO_25_06_25_22_22.csv,0.09255628917943216
2025.0,6.0,25.0,21.0,52.0,48.0,0.1299999999999999,0.03852436870510646,0.07750000000000007,/Users/rasmus/Desktop/Fysik/AppliedML2026/Final_project_data/data/ML_data/NBI/FDM data/Arrivals/Nuuk Arrival_ 217251_OY-GRM_25_06_25_53_21.csv,0.06154266812545588
2025.0,6.0,26.0,15.0,5.0,20.0,0.16000000000000003,0.05393399428602497,0.1100000000000001,/Users/rasmus/Desktop/Fysik/AppliedML2026/Final_project_data/data/ML_data/NBI/FDM data/Arrivals/Nuuk Arrival_ 217255_OY-GRP_26_06_25_08_15.csv,0.07824785794337936
2025.0,6.0,26.0,14.0,9.0,1.0,0.1200000000000001,0.04009163814988466,0.08000000000000007,/Users/rasmus/Desktop/Fysik/AppliedML2026/Final_project_data/data/ML_data/NBI/FDM data/Arrivals/Nuuk Arrival_ 217256_OY-GRJ_26_06_25_10_14.csv,0.05968668193156666
2025.0,6.0,26.0,18.0,39.0,22.0,0.16999999999999993,0.05431390245600111,0.1100000000000001,/Users/rasmus/Desktop/Fysik/AppliedML2026/Final_project_data/data/ML_data/NBI/FDM data/Arrivals/Nuuk Arrival_ 217264_OY-GRJ_26_06_25_41_18.csv,0.06500000000000002
2025.0,6.0,26.0,19.0,30.0,33.0,0.1100000000000001,0.03968074348482869,0.08000000000000007,/Users/rasmus/Desktop/Fysik/AppliedML2026/Final_project_data/data/ML_data/NBI/FDM data/Arrivals/Nuuk Arrival_ 217267_OY-GRM_26_06_25_32_19.csv,0.06823672031978095
2025.0,6.0,26.0,21.0,55.0,50.0,0.30000000000000004,0.0779437576576737,0.17999999999999994,/Users/rasmus/Desktop/Fysik/AppliedML2026/Final_project_data/data/ML_data/NBI/FDM data/Arrivals/Nuuk Arrival_ 217294_OY-GRH_26_06_25_56_21.csv,0.048828378288816775
2025.0,6.0,26.0,22.0,42.0,23.0,0.17999999999999994,0.06704137121617859,0.12549999999999997,/Users/rasmus/Desktop/Fysik/AppliedML2026/Final_project_data/data/ML_data/NBI/FDM data/Arrivals/Nuuk Arrival_ 217296_OY-GRO_26_06_25_44_22.csv,0.08639609779547756
2025.0,6.0,27.0,12.0,29.0,48.0,0.1200000000000001,0.0399561162786147,0.08349999999999998,/Users/rasmus/Desktop/Fysik/AppliedML2026/Final_project_data/data/ML_data/NBI/FDM data/Arrivals/Nuuk Arrival_ 217301_OY-GRP_27_06_25_30_12.csv,0.04626013402488155
2025.0,6.0,27.0,12.0,24.0,23.0,0.15999999999999992,0.06982457803748773,0.1100000000000001,/Users/rasmus/Desktop/Fysik/AppliedML2026/Final_project_data/data/ML_data/NBI/FDM data/Arrivals/Nuuk Arrival_ 217307_OY-GRO_27_06_25_26_12.csv,0.08782558473095035
2025.0,6.0,27.0,17.0,38.0,49.0,0.14,0.04207345289605421,0.08000000000000007,/Users/rasmus/Desktop/Fysik/AppliedML2026/Final_project_data/data/ML_data/NBI/FDM data/Arrivals/Nuuk Arrival_ 217317_OY-GRJ_27_06_25_39_17.csv,0.04702940256778044
2025.0,6.0,27.0,17.0,29.0,53.0,0.20999999999999996,0.06902380541730309,0.1299999999999999,/Users/rasmus/Desktop/Fysik/AppliedML2026/Final_project_data/data/ML_data/NBI/FDM data/Arrivals/Nuuk Arrival_ 217318_OY-GRO_27_06_25_31_17.csv,0.10044020755712152
2025.0,6.0,27.0,20.0,54.0,54.0,0.15999999999999992,0.06503427837949069,0.1200000000000001,/Users/rasmus/Desktop/Fysik/AppliedML2026/Final_project_data/data/ML_data/NBI/FDM data/Arrivals/Nuuk Arrival_ 217335_OY-GRO_27_06_25_56_20.csv,0.0822509415830868
2025.0,6.0,27.0,21.0,54.0,15.0,0.17999999999999994,0.046191053737473384,0.09000000000000008,/Users/rasmus/Desktop/Fysik/AppliedML2026/Final_project_data/data/ML_data/NBI/FDM data/Arrivals/Nuuk Arrival_ 217338_OY-GRJ_27_06_25_56_21.csv,0.067700320038633
2025.0,6.0,28.0,15.0,42.0,59.0,0.10000000000000009,0.030784025890061906,0.06000000000000005,/Users/rasmus/Desktop/Fysik/AppliedML2026/Final_project_data/data/ML_data/NBI/FDM data/Arrivals/Nuuk Arrival_ 217361_OY-GRP_28_06_25_44_15.csv,0.047565743976101166
2025.0,6.0,28.0,15.0,22.0,46.0,0.19999999999999996,0.04818524859143287,0.08000000000000007,/Users/rasmus/Desktop/Fysik/AppliedML2026/Final_project_data/data/ML_data/NBI/FDM data/Arrivals/Nuuk Arrival_ 217365_OY-GRJ_28_06_25_23_15.csv,0.058789880081524255
2025.0,6.0,28.0,18.0,54.0,9.0,0.1499999999999999,0.07134243891081658,0.12199999999999996,/Users/rasmus/Desktop/Fysik/AppliedML2026/Final_project_data/data/ML_data/NBI/FDM data/Arrivals/Nuuk Arrival_ 217374_OY-GRO_28_06_25_56_18.csv,0.08237544710479143
2025.0,6.0,28.0,18.0,16.0,11.0,0.30000000000000004,0.05963754830760229,0.1200000000000001,/Users/rasmus/Desktop/Fysik/AppliedML2026/Final_project_data/data/ML_data/NBI/FDM data/Arrivals/Nuuk Arrival_ 217377_OY-GRJ_28_06_25_18_18.csv,0.09591663046625441
2025.0,6.0,28.0,20.0,56.0,14.0,0.22999999999999998,0.06957145187422678,0.13999999999999999,/Users/rasmus/Desktop/Fysik/AppliedML2026/Final_project_data/data/ML_data/NBI/FDM data/Arrivals/Nuuk Arrival_ 217379_OY-GRH_28_06_25_58_20.csv,0.07379332317665703
2025.0,6.0,29.0,12.0,45.0,37.0,0.27,0.08577791813555179,0.17000000000000004,/Users/rasmus/Desktop/Fysik/AppliedML2026/Final_project_data/data/ML_data/NBI/FDM data/Arrivals/Nuuk Arrival_ 217390_OY-GRH_29_06_25_46_12.csv,0.06860211367006126
2025.0,6.0,29.0,13.0,34.0,50.0,0.17999999999999994,0.057308790954452696,0.1200000000000001,/Users/rasmus/Desktop/Fysik/AppliedML2026/Final_project_data/data/ML_data/NBI/FDM data/Arrivals/Nuuk Arrival_ 217393_OY-GRM_29_06_25_35_13.csv,0.06633249580710801
2025.0,6.0,29.0,13.0,46.0,54.0,0.29000000000000004,0.07937801688891825,0.1499999999999999,/Users/rasmus/Desktop/Fysik/AppliedML2026/Final_project_data/data/ML_data/NBI/FDM data/Arrivals/Nuuk Arrival_ 217400_OY-GRJ_29_06_25_47_13.csv,0.06446898479113815
2025.0,6.0,29.0,18.0,4.0,54.0,0.33000000000000007,0.09058369282274491,0.1665,/Users/rasmus/Desktop/Fysik/AppliedML2026/Final_project_data/data/ML_data/NBI/FDM data/Arrivals/Nuuk Arrival_ 217403_OY-GRM_29_06_25_06_18.csv,0.06876045375068435
2025.0,6.0,29.0,18.0,27.0,4.0,0.27,0.08318801235017584,0.15800000000000003,/Users/rasmus/Desktop/Fysik/AppliedML2026/Final_project_data/data/ML_data/NBI/FDM data/Arrivals/Nuuk Arrival_ 217405_OY-GRJ_29_06_25_29_18.csv,0.07769403861535092
2025.0,6.0,29.0,17.0,25.0,13.0,0.27,0.08527860777992269,0.17699999999999982,/Users/rasmus/Desktop/Fysik/AppliedML2026/Final_project_data/data/ML_data/NBI/FDM data/Arrivals/Nuuk Arrival_ 217406_OY-GRH_29_06_25_27_17.csv,0.09146948489341494
2025.0,6.0,29.0,19.0,22.0,11.0,0.29000000000000004,0.09230990202801843,0.16999999999999993,/Users/rasmus/Desktop/Fysik/AppliedML2026/Final_project_data/data/ML_data/NBI/FDM data/Arrivals/Nuuk Arrival_ 217407_OY-GRO_29_06_25_24_19.csv,0.0860813568666294
2025.0,6.0,29.0,21.0,58.0,22.0,0.25,0.059321314929020055,0.12000000000000009,/Users/rasmus/Desktop/Fysik/AppliedML2026/Final_project_data/data/ML_data/NBI/FDM data/Arrivals/Nuuk Arrival_ 217416_OY-GRM_29_06_25_01_22.csv,0.08632862548973758
2025.0,6.0,25.0,17.0,33.0,48.0,0.31000000000000005,0.0836021554049267,0.17799999999999977,/Users/rasmus/Desktop/Fysik/AppliedML2026/Final_project_data/data/ML_data/NBI/FDM data/Arrivals/Nuuk Arrival_ 217421_OY-GRR_25_06_25_22_17.csv,0.051554774142091926
2025.0,6.0,26.0,13.0,55.0,47.0,0.41000000000000003,0.06798363180610748,0.11849999999999995,/Users/rasmus/Desktop/Fysik/AppliedML2026/Final_project_data/data/ML_data/NBI/FDM data/Arrivals/Nuuk Arrival_ 217423_OY-GRR_26_06_25_40_13.csv,0.08239471396205517
2025.0,6.0,26.0,18.0,55.0,59.0,0.1499999999999999,0.061825957166806896,0.1200000000000001,/Users/rasmus/Desktop/Fysik/AppliedML2026/Final_project_data/data/ML_data/NBI/FDM data/Arrivals/Nuuk Arrival_ 217425_OY-GRR_26_06_25_46_18.csv,0.0778620575119872
2025.0,6.0,27.0,18.0,24.0,45.0,0.26,0.06981456921068893,0.17299999999999977,/Users/rasmus/Desktop/Fysik/AppliedML2026/Final_project_data/data/ML_data/NBI/FDM data/Arrivals/Nuuk Arrival_ 217427_OY-GRR_27_06_25_12_18.csv,0.06389329339748011
2025.0,6.0,27.0,22.0,32.0,41.0,0.33000000000000007,0.07946983418539733,0.18649999999999992,/Users/rasmus/Desktop/Fysik/AppliedML2026/Final_project_data/data/ML_data/NBI/FDM data/Arrivals/Nuuk Arrival_ 217429_OY-GRR_27_06_25_04_22.csv,0.04376071297408216
2025.0,6.0,28.0,15.0,8.0,9.0,0.42999999999999994,0.0883387701847666,0.17699999999999985,/Users/rasmus/Desktop/Fysik/AppliedML2026/Final_project_data/data/ML_data/NBI/FDM data/Arrivals/Nuuk Arrival_ 217431_OY-GRR_28_06_25_55_14.csv,0.05385164807134505
2025.0,6.0,28.0,19.0,5.0,50.0,0.1499999999999999,0.054764519009783,0.1100000000000001,/Users/rasmus/Desktop/Fysik/AppliedML2026/Final_project_data/data/ML_data/NBI/FDM data/Arrivals/Nuuk Arrival_ 217433_OY-GRR_28_06_25_56_18.csv,0.05639148871948677
2025.0,6.0,28.0,23.0,36.0,3.0,0.32999999999999996,0.09366895896653211,0.235,/Users/rasmus/Desktop/Fysik/AppliedML2026/Final_project_data/data/ML_data/NBI/FDM data/Arrivals/Nuuk Arrival_ 217435_OY-GRR_28_06_25_26_23.csv,0.04958922170281472
2025.0,6.0,29.0,13.0,25.0,46.0,0.31000000000000005,0.0813165996616372,0.13999999999999996,/Users/rasmus/Desktop/Fysik/AppliedML2026/Final_project_data/data/ML_data/NBI/FDM data/Arrivals/Nuuk Arrival_ 217438_OY-GRR_29_06_25_22_13.csv,0.081891696770796
2025.0,6.0,29.0,18.0,9.0,46.0,0.44999999999999996,0.09491734470359671,0.1959999999999999,/Users/rasmus/Desktop/Fysik/AppliedML2026/Final_project_data/data/ML_data/NBI/FDM data/Arrivals/Nuuk Arrival_ 217440_OY-GRR_29_06_25_00_18.csv,0.06160550377391696
2025.0,7.0,1.0,10.0,9.0,42.0,0.25,0.07038584137926225,0.16,/Users/rasmus/Desktop/Fysik/AppliedML2026/Final_project_data/data/ML_data/NBI/FDM data/Arrivals/Nuuk Arrival_ 217481_OY-GRG_01_07_25_12_10.csv,0.0924061085041941
2025.0,7.0,1.0,15.0,15.0,47.0,0.15999999999999992,0.05027510524003459,0.09999999999999998,/Users/rasmus/Desktop/Fysik/AppliedML2026/Final_project_data/data/ML_data/NBI/FDM data/Arrivals/Nuuk Arrival_ 217484_OY-GRG_01_07_25_18_15.csv,0.038405728739343066
2025.0,7.0,1.0,21.0,2.0,56.0,0.31999999999999995,0.0708322886454624,0.13,/Users/rasmus/Desktop/Fysik/AppliedML2026/Final_project_data/data/ML_data/NBI/FDM data/Arrivals/Nuuk Arrival_ 217487_OY-GRG_01_07_25_04_21.csv,0.04223991626785962
2025.0,7.0,2.0,14.0,10.0,48.0,0.09000000000000008,0.030592440829352557,0.06000000000000005,/Users/rasmus/Desktop/Fysik/AppliedML2026/Final_project_data/data/ML_data/NBI/FDM data/Arrivals/Nuuk Arrival_ 217489_OY-GRG_02_07_25_13_14.csv,0.03929058411375431
2025.0,7.0,2.0,22.0,51.0,10.0,0.1100000000000001,0.022749590318269987,0.040000000000000036,/Users/rasmus/Desktop/Fysik/AppliedML2026/Final_project_data/data/ML_data/NBI/FDM data/Arrivals/Nuuk Arrival_ 217493_OY-GRG_02_07_25_53_22.csv,0.03883726732577018
2025.0,7.0,3.0,15.0,16.0,26.0,0.1299999999999999,0.032033860589992365,0.07999999999999996,/Users/rasmus/Desktop/Fysik/AppliedML2026/Final_project_data/data/ML_data/NBI/FDM data/Arrivals/Nuuk Arrival_ 217496_OY-GRG_03_07_25_18_15.csv,0.05368256869616231
2025.0,7.0,1.0,15.0,34.0,17.0,0.30000000000000004,0.07334635301090302,0.14649999999999982,/Users/rasmus/Desktop/Fysik/AppliedML2026/Final_project_data/data/ML_data/NBI/FDM data/Arrivals/Nuuk Arrival_ 217501_OY-GRH_01_07_25_36_15.csv,0.08289408043659437
2025.0,7.0,2.0,11.0,21.0,29.0,0.24,0.06762283402904086,0.13,/Users/rasmus/Desktop/Fysik/AppliedML2026/Final_project_data/data/ML_data/NBI/FDM data/Arrivals/Nuuk Arrival_ 217503_OY-GRH_02_07_25_24_11.csv,0.06475595210738035
2025.0,7.0,2.0,19.0,48.0,24.0,0.1399999999999999,0.04300665820047695,0.08000000000000007,/Users/rasmus/Desktop/Fysik/AppliedML2026/Final_project_data/data/ML_data/NBI/FDM data/Arrivals/Nuuk Arrival_ 217508_OY-GRH_02_07_25_50_19.csv,0.06332456079595027
2025.0,7.0,3.0,19.0,36.0,11.0,0.20999999999999996,0.07181153494894912,0.1399999999999999,/Users/rasmus/Desktop/Fysik/AppliedML2026/Final_project_data/data/ML_data/NBI/FDM data/Arrivals/Nuuk Arrival_ 217510_OY-GRH_03_07_25_38_19.csv,0.109453186340097
2025.0,7.0,3.0,23.0,36.0,46.0,0.17999999999999994,0.07178207761458755,0.1399999999999999,/Users/rasmus/Desktop/Fysik/AppliedML2026/Final_project_data/data/ML_data/NBI/FDM data/Arrivals/Nuuk Arrival_ 217512_OY-GRH_03_07_25_38_23.csv,0.07066015244009276
2025.0,7.0,1.0,14.0,58.0,49.0,0.19999999999999996,0.06428914002520067,0.14099999999999996,/Users/rasmus/Desktop/Fysik/AppliedML2026/Final_project_data/data/ML_data/NBI/FDM data/Arrivals/Nuuk Arrival_ 217514_OY-GRJ_01_07_25_00_15.csv,0.0813127585676587
2025.0,7.0,1.0,19.0,41.0,11.0,0.30000000000000004,0.0807428200218114,0.15999999999999992,/Users/rasmus/Desktop/Fysik/AppliedML2026/Final_project_data/data/ML_data/NBI/FDM data/Arrivals/Nuuk Arrival_ 217516_OY-GRJ_01_07_25_43_19.csv,0.06259538176400735
2025.0,7.0,2.0,11.0,49.0,24.0,0.3500000000000001,0.06206684765622993,0.10000000000000009,/Users/rasmus/Desktop/Fysik/AppliedML2026/Final_project_data/data/ML_data/NBI/FDM data/Arrivals/Nuuk Arrival_ 217519_OY-GRJ_02_07_25_51_11.csv,0.096100437655856
2025.0,7.0,2.0,18.0,4.0,37.0,0.13,0.03571921148297536,0.07250000000000006,/Users/rasmus/Desktop/Fysik/AppliedML2026/Final_project_data/data/ML_data/NBI/FDM data/Arrivals/Nuuk Arrival_ 217522_OY-GRJ_02_07_25_05_18.csv,0.05567764362830027
2025.0,7.0,2.0,22.0,57.0,28.0,0.1100000000000001,0.039246784295269115,0.07600000000000001,/Users/rasmus/Desktop/Fysik/AppliedML2026/Final_project_data/data/ML_data/NBI/FDM data/Arrivals/Nuuk Arrival_ 217524_OY-GRJ_02_07_25_59_22.csv,0.0635085296108589
2025.0,7.0,3.0,11.0,49.0,53.0,0.22999999999999998,0.05235369223759768,0.10000000000000009,/Users/rasmus/Desktop/Fysik/AppliedML2026/Final_project_data/data/ML_data/NBI/FDM data/Arrivals/Nuuk Arrival_ 217526_OY-GRJ_03_07_25_52_11.csv,0.07688375063113867
2025.0,7.0,3.0,16.0,1.0,0.0,0.27,0.06326797672940573,0.1399999999999999,/Users/rasmus/Desktop/Fysik/AppliedML2026/Final_project_data/data/ML_data/NBI/FDM data/Arrivals/Nuuk Arrival_ 217529_OY-GRJ_03_07_25_03_16.csv,0.08789197915623474
2025.0,7.0,4.0,0.0,33.0,0.0,0.16000000000000003,0.04443399785399981,0.08000000000000007,/Users/rasmus/Desktop/Fysik/AppliedML2026/Final_project_data/data/ML_data/NBI/FDM data/Arrivals/Nuuk Arrival_ 217533_OY-GRJ_04_07_25_34_00.csv,0.058006084873510874
2025.0,7.0,1.0,11.0,19.0,15.0,0.27,0.06774803257931074,0.1299999999999999,/Users/rasmus/Desktop/Fysik/AppliedML2026/Final_project_data/data/ML_data/NBI/FDM data/Arrivals/Nuuk Arrival_ 217535_OY-GRM_01_07_25_21_11.csv,0.06304760106459248
2025.0,7.0,1.0,15.0,19.0,9.0,0.27,0.08063125077411737,0.16999999999999993,/Users/rasmus/Desktop/Fysik/AppliedML2026/Final_project_data/data/ML_data/NBI/FDM data/Arrivals/Nuuk Arrival_ 217537_OY-GRM_01_07_25_21_15.csv,0.07128687243678308
2025.0,7.0,2.0,11.0,47.0,26.0,0.1100000000000001,0.03840572873934308,0.07050000000000003,/Users/rasmus/Desktop/Fysik/AppliedML2026/Final_project_data/data/ML_data/NBI/FDM data/Arrivals/Nuuk Arrival_ 217539_OY-GRM_02_07_25_49_11.csv,0.05606915373001456
2025.0,7.0,2.0,18.0,34.0,38.0,0.1399999999999999,0.04598563796537536,0.10199999999999994,/Users/rasmus/Desktop/Fysik/AppliedML2026/Final_project_data/data/ML_data/NBI/FDM data/Arrivals/Nuuk Arrival_ 217541_OY-GRM_02_07_25_35_18.csv,0.06284902544988266
2025.0,7.0,3.0,0.0,24.0,55.0,0.1200000000000001,0.03566064239366989,0.07000000000000006,/Users/rasmus/Desktop/Fysik/AppliedML2026/Final_project_data/data/ML_data/NBI/FDM data/Arrivals/Nuuk Arrival_ 217545_OY-GRM_03_07_25_25_00.csv,0.05865151319446077
2025.0,7.0,3.0,12.0,4.0,54.0,0.10000000000000009,0.03519067828820355,0.07000000000000006,/Users/rasmus/Desktop/Fysik/AppliedML2026/Final_project_data/data/ML_data/NBI/FDM data/Arrivals/Nuuk Arrival_ 217547_OY-GRM_03_07_25_05_12.csv,0.0495363114679137
2025.0,7.0,3.0,15.0,4.0,0.0,0.1499999999999999,0.04234880225734349,0.08500000000000008,/Users/rasmus/Desktop/Fysik/AppliedML2026/Final_project_data/data/ML_data/NBI/FDM data/Arrivals/Nuuk Arrival_ 217549_OY-GRM_03_07_25_05_15.csv,0.06239276514834993
2025.0,7.0,3.0,18.0,49.0,46.0,0.14,0.047218214159661695,0.09000000000000008,/Users/rasmus/Desktop/Fysik/AppliedML2026/Final_project_data/data/ML_data/NBI/FDM data/Arrivals/Nuuk Arrival_ 217551_OY-GRM_03_07_25_51_18.csv,0.0646529195009785
2025.0,7.0,3.0,23.0,9.0,48.0,0.1499999999999999,0.05637082492666419,0.11000000000000008,/Users/rasmus/Desktop/Fysik/AppliedML2026/Final_project_data/data/ML_data/NBI/FDM data/Arrivals/Nuuk Arrival_ 217553_OY-GRM_03_07_25_10_23.csv,0.06991591588556675
2025.0,7.0,1.0,11.0,59.0,52.0,0.3600000000000001,0.10076603149597724,0.20599999999999963,/Users/rasmus/Desktop/Fysik/AppliedML2026/Final_project_data/data/ML_data/NBI/FDM data/Arrivals/Nuuk Arrival_ 217554_OY-GRO_01_07_25_01_12.csv,0.09831073186585482
2025.0,7.0,1.0,15.0,57.0,49.0,0.4099999999999999,0.08813728960083705,0.1644999999999998,/Users/rasmus/Desktop/Fysik/AppliedML2026/Final_project_data/data/ML_data/NBI/FDM data/Arrivals/Nuuk Arrival_ 217556_OY-GRO_01_07_25_58_15.csv,0.13376752221671745
2025.0,7.0,1.0,21.0,23.0,51.0,0.3500000000000001,0.10909829982355475,0.1979999999999998,/Users/rasmus/Desktop/Fysik/AppliedML2026/Final_project_data/data/ML_data/NBI/FDM data/Arrivals/Nuuk Arrival_ 217558_OY-GRO_01_07_25_24_21.csv,0.0844308677473555
2025.0,7.0,2.0,13.0,27.0,52.0,0.18999999999999995,0.06765121666728857,0.11900000000000016,/Users/rasmus/Desktop/Fysik/AppliedML2026/Final_project_data/data/ML_data/NBI/FDM data/Arrivals/Nuuk Arrival_ 217561_OY-GRO_02_07_25_29_13.csv,0.08435513898799656
2025.0,7.0,2.0,16.0,43.0,16.0,0.25,0.0782127954960718,0.1399999999999999,/Users/rasmus/Desktop/Fysik/AppliedML2026/Final_project_data/data/ML_data/NBI/FDM data/Arrivals/Nuuk Arrival_ 217563_OY-GRO_02_07_25_45_16.csv,0.07198484689028782
2025.0,7.0,2.0,22.0,48.0,56.0,0.19999999999999996,0.0731142233438366,0.1100000000000001,/Users/rasmus/Desktop/Fysik/AppliedML2026/Final_project_data/data/ML_data/NBI/FDM data/Arrivals/Nuuk Arrival_ 217565_OY-GRO_02_07_25_49_22.csv,0.10383553429254448
2025.0,7.0,3.0,20.0,14.0,21.0,0.19999999999999996,0.0758045086351186,0.1399999999999999,/Users/rasmus/Desktop/Fysik/AppliedML2026/Final_project_data/data/ML_data/NBI/FDM data/Arrivals/Nuuk Arrival_ 217569_OY-GRO_03_07_25_16_20.csv,0.09571592585112709
2025.0,7.0,2.0,11.0,34.0,32.0,0.1100000000000001,0.03822644714410776,0.07000000000000006,/Users/rasmus/Desktop/Fysik/AppliedML2026/Final_project_data/data/ML_data/NBI/FDM data/Arrivals/Nuuk Arrival_ 217576_OY-GRP_02_07_25_35_11.csv,0.040073461953532036
2025.0,7.0,3.0,14.0,39.0,37.0,0.09000000000000008,0.03135055251278906,0.06000000000000005,/Users/rasmus/Desktop/Fysik/AppliedML2026/Final_project_data/data/ML_data/NBI/FDM data/Arrivals/Nuuk Arrival_ 217583_OY-GRP_03_07_25_40_14.csv,0.05493311441037668
2025.0,7.0,3.0,22.0,48.0,41.0,0.1299999999999999,0.03967332356558658,0.0875,/Users/rasmus/Desktop/Fysik/AppliedML2026/Final_project_data/data/ML_data/NBI/FDM data/Arrivals/Nuuk Arrival_ 217587_OY-GRP_03_07_25_50_22.csv,0.05556527692723221
2025.0,7.0,4.0,13.0,14.0,50.0,0.1399999999999999,0.05438165445336575,0.10000000000000009,/Users/rasmus/Desktop/Fysik/AppliedML2026/Final_project_data/data/ML_data/NBI/FDM data/Arrivals/Nuuk Arrival_ 217685_OY-GRJ_04_07_25_15_13.csv,0.058056767351396026
2025.0,7.0,4.0,13.0,46.0,37.0,0.30000000000000004,0.05280417833846108,0.0965,/Users/rasmus/Desktop/Fysik/AppliedML2026/Final_project_data/data/ML_data/NBI/FDM data/Arrivals/Nuuk Arrival_ 217686_OY-GRP_04_07_25_47_13.csv,0.09107204646354898
2025.0,7.0,4.0,13.0,54.0,10.0,0.45999999999999996,0.09669012148010124,0.16699999999999982,/Users/rasmus/Desktop/Fysik/AppliedML2026/Final_project_data/data/ML_data/NBI/FDM data/Arrivals/Nuuk Arrival_ 217687_OY-GRO_04_07_25_56_13.csv,0.13721724173212135
2025.0,7.0,4.0,13.0,10.0,51.0,0.15999999999999992,0.05746893570815954,0.1200000000000001,/Users/rasmus/Desktop/Fysik/AppliedML2026/Final_project_data/data/ML_data/NBI/FDM data/Arrivals/Nuuk Arrival_ 217695_OY-GRH_04_07_25_11_13.csv,0.07377062601847634
2025.0,7.0,4.0,18.0,6.0,15.0,0.27,0.05706237909440572,0.1100000000000001,/Users/rasmus/Desktop/Fysik/AppliedML2026/Final_project_data/data/ML_data/NBI/FDM data/Arrivals/Nuuk Arrival_ 217696_OY-GRJ_04_07_25_08_18.csv,0.08156212940072712
2025.0,7.0,4.0,16.0,45.0,36.0,0.19999999999999996,0.04978134006012514,0.09999999999999998,/Users/rasmus/Desktop/Fysik/AppliedML2026/Final_project_data/data/ML_data/NBI/FDM data/Arrivals/Nuuk Arrival_ 217708_OY-GRP_04_07_25_47_16.csv,0.04525291246932649
2025.0,7.0,4.0,18.0,2.0,1.0,0.22999999999999998,0.060754888384269436,0.12699999999999984,/Users/rasmus/Desktop/Fysik/AppliedML2026/Final_project_data/data/ML_data/NBI/FDM data/Arrivals/Nuuk Arrival_ 217718_OY-GRM_04_07_25_04_18.csv,0.06757711644237768
2025.0,7.0,4.0,16.0,18.0,40.0,0.25,0.08404622606602888,0.15999999999999992,/Users/rasmus/Desktop/Fysik/AppliedML2026/Final_project_data/data/ML_data/NBI/FDM data/Arrivals/Nuuk Arrival_ 217720_OY-GRO_04_07_25_19_16.csv,0.10056092680559382
2025.0,7.0,4.0,22.0,16.0,25.0,0.15999999999999992,0.04688974993160713,0.10650000000000015,/Users/rasmus/Desktop/Fysik/AppliedML2026/Final_project_data/data/ML_data/NBI/FDM data/Arrivals/Nuuk Arrival_ 217729_OY-GRM_04_07_25_18_22.csv,0.08170795846299479
2025.0,7.0,5.0,0.0,0.0,9.0,0.1399999999999999,0.06625806802908892,0.1100000000000001,/Users/rasmus/Desktop/Fysik/AppliedML2026/Final_project_data/data/ML_data/NBI/FDM data/Arrivals/Nuuk Arrival_ 217732_OY-GRO_05_07_25_02_00.csv,0.08175165645620484
2025.0,7.0,5.0,11.0,15.0,13.0,0.24,0.08966708936888634,0.16999999999999993,/Users/rasmus/Desktop/Fysik/AppliedML2026/Final_project_data/data/ML_data/NBI/FDM data/Arrivals/Nuuk Arrival_ 217737_OY-GRJ_05_07_25_16_11.csv,0.07270291799999698
2025.0,7.0,5.0,13.0,13.0,0.0,0.16999999999999993,0.06527077426078798,0.12749999999999995,/Users/rasmus/Desktop/Fysik/AppliedML2026/Final_project_data/data/ML_data/NBI/FDM data/Arrivals/Nuuk Arrival_ 217740_OY-GRP_05_07_25_15_13.csv,0.06086675533295583
2025.0,7.0,5.0,14.0,13.0,17.0,0.1399999999999999,0.055463085436656415,0.11550000000000002,/Users/rasmus/Desktop/Fysik/AppliedML2026/Final_project_data/data/ML_data/NBI/FDM data/Arrivals/Nuuk Arrival_ 217741_OY-GRJ_05_07_25_15_14.csv,0.0718795288428261
2025.0,7.0,5.0,14.0,22.0,55.0,0.28,0.08257419154812594,0.1499999999999999,/Users/rasmus/Desktop/Fysik/AppliedML2026/Final_project_data/data/ML_data/NBI/FDM data/Arrivals/Nuuk Arrival_ 217742_OY-GRO_05_07_25_24_14.csv,0.09351173426070361
2025.0,7.0,5.0,18.0,44.0,31.0,0.3500000000000001,0.09108029665057205,0.18999999999999995,/Users/rasmus/Desktop/Fysik/AppliedML2026/Final_project_data/data/ML_data/NBI/FDM data/Arrivals/Nuuk Arrival_ 217770_OY-GRJ_05_07_25_46_18.csv,0.06426507605223852
2025.0,7.0,5.0,19.0,16.0,37.0,0.24,0.08354931361105278,0.16000000000000003,/Users/rasmus/Desktop/Fysik/AppliedML2026/Final_project_data/data/ML_data/NBI/FDM data/Arrivals/Nuuk Arrival_ 217771_OY-GRP_05_07_25_19_19.csv,0.07498147919467998
2025.0,7.0,5.0,20.0,60.0,45.0,0.29000000000000004,0.0991597350804473,0.19999999999999996,/Users/rasmus/Desktop/Fysik/AppliedML2026/Final_project_data/data/ML_data/NBI/FDM data/Arrivals/Nuuk Arrival_ 217777_OY-GRH_05_07_25_02_21.csv,0.09629996994042268
2025.0,7.0,5.0,19.0,60.0,53.0,0.29000000000000004,0.08839844859659991,0.1689999999999997,/Users/rasmus/Desktop/Fysik/AppliedML2026/Final_project_data/data/ML_data/NBI/FDM data/Arrivals/Nuuk Arrival_ 217778_OY-GRO_05_07_25_03_20.csv,0.09690670302362521
2025.0,6.0,30.0,10.0,38.0,17.0,0.010000000000000009,0.009166603640180652,0.010000000000000009,/Users/rasmus/Desktop/Fysik/AppliedML2026/Final_project_data/data/ML_data/NBI/FDM data/Arrivals/Nuuk Arrival_ 217780_OY-GRR_30_06_25_45_10.csv,0.009166603640180652
2025.0,7.0,1.0,13.0,54.0,48.0,0.21999999999999997,0.080156097709407,0.15000000000000002,/Users/rasmus/Desktop/Fysik/AppliedML2026/Final_project_data/data/ML_data/NBI/FDM data/Arrivals/Nuuk Arrival_ 217782_OY-GRR_01_07_25_42_13.csv,0.06494341428369417
2025.0,7.0,1.0,20.0,45.0,12.0,0.62,0.125338139138919,0.22349999999999992,/Users/rasmus/Desktop/Fysik/AppliedML2026/Final_project_data/data/ML_data/NBI/FDM data/Arrivals/Nuuk Arrival_ 217785_OY-GRR_01_07_25_39_20.csv,0.04823553323709266
2025.0,7.0,2.0,12.0,27.0,18.0,0.18999999999999995,0.04113469936760805,0.08000000000000007,/Users/rasmus/Desktop/Fysik/AppliedML2026/Final_project_data/data/ML_data/NBI/FDM data/Arrivals/Nuuk Arrival_ 217787_OY-GRR_02_07_25_20_12.csv,0.0786947084806669
2025.0,7.0,2.0,17.0,10.0,36.0,0.1299999999999999,0.03492849839314598,0.07999999999999996,/Users/rasmus/Desktop/Fysik/AppliedML2026/Final_project_data/data/ML_data/NBI/FDM data/Arrivals/Nuuk Arrival_ 217789_OY-GRR_02_07_25_05_17.csv,0.04264014327112212
2025.0,7.0,2.0,21.0,27.0,49.0,0.1200000000000001,0.03709645251221238,0.07000000000000006,/Users/rasmus/Desktop/Fysik/AppliedML2026/Final_project_data/data/ML_data/NBI/FDM data/Arrivals/Nuuk Arrival_ 217791_OY-GRR_02_07_25_20_21.csv,0.05398412465054629
2025.0,7.0,3.0,14.0,7.0,36.0,0.3600000000000001,0.0666726187819115,0.14499999999999993,/Users/rasmus/Desktop/Fysik/AppliedML2026/Final_project_data/data/ML_data/NBI/FDM data/Arrivals/Nuuk Arrival_ 217794_OY-GRR_03_07_25_58_13.csv,0.06304760106459248
2025.0,7.0,3.0,19.0,28.0,17.0,0.24,0.07027527204775617,0.1399999999999999,/Users/rasmus/Desktop/Fysik/AppliedML2026/Final_project_data/data/ML_data/NBI/FDM data/Arrivals/Nuuk Arrival_ 217796_OY-GRR_03_07_25_16_19.csv,0.0758287544405155
2025.0,7.0,4.0,17.0,54.0,48.0,0.18000000000000005,0.06547457392930198,0.1299999999999999,/Users/rasmus/Desktop/Fysik/AppliedML2026/Final_project_data/data/ML_data/NBI/FDM data/Arrivals/Nuuk Arrival_ 217799_OY-GRR_04_07_25_52_17.csv,0.07201190377787749
2025.0,7.0,5.0,14.0,24.0,21.0,0.26,0.06524020350217699,0.1299999999999999,/Users/rasmus/Desktop/Fysik/AppliedML2026/Final_project_data/data/ML_data/NBI/FDM data/Arrivals/Nuuk Arrival_ 217801_OY-GRR_05_07_25_14_14.csv,0.0697853852894716
2025.0,7.0,5.0,19.0,54.0,33.0,0.31999999999999995,0.08927054816248621,0.18250000000000002,/Users/rasmus/Desktop/Fysik/AppliedML2026/Final_project_data/data/ML_data/NBI/FDM data/Arrivals/Nuuk Arrival_ 217803_OY-GRR_05_07_25_50_19.csv,0.11248931573196698
2025.0,7.0,8.0,18.0,58.0,35.0,0.32000000000000006,0.11388253057089472,0.23249999999999998,/Users/rasmus/Desktop/Fysik/AppliedML2026/Final_project_data/data/ML_data/NBI/FDM data/Arrivals/Nuuk Arrival_ 217921_OY-GRM_08_07_25_00_19.csv,0.15223820344524333
2025.0,7.0,8.0,19.0,44.0,39.0,0.3400000000000001,0.11385528187169902,0.22199999999999986,/Users/rasmus/Desktop/Fysik/AppliedML2026/Final_project_data/data/ML_data/NBI/FDM data/Arrivals/Nuuk Arrival_ 217923_OY-GRH_08_07_25_45_19.csv,0.15420302016682888
2025.0,7.0,8.0,20.0,25.0,58.0,0.28,0.10046174388030041,0.19999999999999996,/Users/rasmus/Desktop/Fysik/AppliedML2026/Final_project_data/data/ML_data/NBI/FDM data/Arrivals/Nuuk Arrival_ 217925_OY-GRJ_08_07_25_26_20.csv,0.152542553961938
2025.0,7.0,8.0,20.0,58.0,29.0,0.24,0.10731383956695252,0.21999999999999997,/Users/rasmus/Desktop/Fysik/AppliedML2026/Final_project_data/data/ML_data/NBI/FDM data/Arrivals/Nuuk Arrival_ 217927_OY-GRO_08_07_25_00_21.csv,0.11118677978968541
2025.0,7.0,8.0,20.0,6.0,27.0,0.44999999999999996,0.116940155635265,0.24199999999999988,/Users/rasmus/Desktop/Fysik/AppliedML2026/Final_project_data/data/ML_data/NBI/FDM data/Arrivals/Nuuk Arrival_ 217928_OY-GRP_08_07_25_08_20.csv,0.1590806923126332
2025.0,7.0,8.0,23.0,42.0,30.0,0.29000000000000004,0.08680370799067419,0.19999999999999996,/Users/rasmus/Desktop/Fysik/AppliedML2026/Final_project_data/data/ML_data/NBI/FDM data/Arrivals/Nuuk Arrival_ 217939_OY-GRH_08_07_25_43_23.csv,0.0992916085548611
2025.0,7.0,9.0,11.0,52.0,27.0,0.21999999999999997,0.053810235097738496,0.10000000000000009,/Users/rasmus/Desktop/Fysik/AppliedML2026/Final_project_data/data/ML_data/NBI/FDM data/Arrivals/Nuuk Arrival_ 217944_OY-GRJ_09_07_25_55_11.csv,0.06855654600401047
2025.0,7.0,9.0,12.0,7.0,36.0,0.18999999999999995,0.038819382329507074,0.07850000000000001,/Users/rasmus/Desktop/Fysik/AppliedML2026/Final_project_data/data/ML_data/NBI/FDM data/Arrivals/Nuuk Arrival_ 217946_OY-GRP_09_07_25_08_12.csv,0.06869315832017045
2025.0,7.0,9.0,14.0,43.0,37.0,0.1100000000000001,0.03882193783343201,0.08000000000000007,/Users/rasmus/Desktop/Fysik/AppliedML2026/Final_project_data/data/ML_data/NBI/FDM data/Arrivals/Nuuk Arrival_ 217951_OY-GRM_09_07_25_45_14.csv,0.053443895816079924
2025.0,7.0,9.0,15.0,19.0,18.0,0.15999999999999992,0.07764083444653158,0.13,/Users/rasmus/Desktop/Fysik/AppliedML2026/Final_project_data/data/ML_data/NBI/FDM data/Arrivals/Nuuk Arrival_ 217954_OY-GRO_09_07_25_21_15.csv,0.09391485505499118
2025.0,7.0,9.0,21.0,45.0,9.0,0.17999999999999994,0.051896023729295186,0.10000000000000006,/Users/rasmus/Desktop/Fysik/AppliedML2026/Final_project_data/data/ML_data/NBI/FDM data/Arrivals/Nuuk Arrival_ 217970_OY-GRM_09_07_25_47_21.csv,0.06772269661172418
2025.0,7.0,9.0,21.0,42.0,12.0,0.22999999999999998,0.07492853738253348,0.1399999999999999,/Users/rasmus/Desktop/Fysik/AppliedML2026/Final_project_data/data/ML_data/NBI/FDM data/Arrivals/Nuuk Arrival_ 217971_OY-GRO_09_07_25_43_21.csv,0.10229714503520095
2025.0,7.0,9.0,16.0,37.0,44.0,0.24,0.05707619738290483,0.1100000000000001,/Users/rasmus/Desktop/Fysik/AppliedML2026/Final_project_data/data/ML_data/NBI/FDM data/Arrivals/Nuuk Arrival_ 217972_OY-GRJ_09_07_25_38_16.csv,0.07275202500863569
2025.0,7.0,9.0,23.0,29.0,19.0,0.24,0.07505255429390977,0.1459999999999999,/Users/rasmus/Desktop/Fysik/AppliedML2026/Final_project_data/data/ML_data/NBI/FDM data/Arrivals/Nuuk Arrival_ 217974_OY-GRP_09_07_25_31_23.csv,0.07187952884282611
2025.0,7.0,9.0,23.0,14.0,27.0,0.3700000000000001,0.1159655121145938,0.24299999999999983,/Users/rasmus/Desktop/Fysik/AppliedML2026/Final_project_data/data/ML_data/NBI/FDM data/Arrivals/Nuuk Arrival_ 217976_OY-GRJ_09_07_25_17_23.csv,0.0716293880384946
2025.0,7.0,10.0,11.0,36.0,16.0,0.18999999999999995,0.06478448659185547,0.1299999999999999,/Users/rasmus/Desktop/Fysik/AppliedML2026/Final_project_data/data/ML_data/NBI/FDM data/Arrivals/Nuuk Arrival_ 217981_OY-GRO_10_07_25_37_11.csv,0.10826921179274474
2025.0,7.0,10.0,12.0,60.0,33.0,0.1100000000000001,0.03958416949766846,0.08000000000000007,/Users/rasmus/Desktop/Fysik/AppliedML2026/Final_project_data/data/ML_data/NBI/FDM data/Arrivals/Nuuk Arrival_ 217984_OY-GRP_10_07_25_01_13.csv,0.051478150704935034
2025.0,7.0,10.0,14.0,5.0,0.0,0.21999999999999997,0.07385929058144826,0.1299999999999999,/Users/rasmus/Desktop/Fysik/AppliedML2026/Final_project_data/data/ML_data/NBI/FDM data/Arrivals/Nuuk Arrival_ 217988_OY-GRO_10_07_25_07_14.csv,0.07000000000000002
2025.0,7.0,10.0,14.0,40.0,31.0,0.26,0.0668380635018196,0.1299999999999999,/Users/rasmus/Desktop/Fysik/AppliedML2026/Final_project_data/data/ML_data/NBI/FDM data/Arrivals/Nuuk Arrival_ 217989_OY-GRM_10_07_25_42_14.csv,0.09894442884771233
2025.0,7.0,10.0,15.0,26.0,32.0,0.25,0.05308500746932246,0.09000000000000008,/Users/rasmus/Desktop/Fysik/AppliedML2026/Final_project_data/data/ML_data/NBI/FDM data/Arrivals/Nuuk Arrival_ 217991_OY-GRJ_10_07_25_28_15.csv,0.0875912222898061
2025.0,7.0,10.0,15.0,43.0,39.0,0.18999999999999995,0.04218684308797864,0.08000000000000007,/Users/rasmus/Desktop/Fysik/AppliedML2026/Final_project_data/data/ML_data/NBI/FDM data/Arrivals/Nuuk Arrival_ 217996_OY-GRP_10_07_25_45_15.csv,0.0557831937583566
2025.0,7.0,10.0,19.0,58.0,15.0,0.22999999999999998,0.05346115634828002,0.1200000000000001,/Users/rasmus/Desktop/Fysik/AppliedML2026/Final_project_data/data/ML_data/NBI/FDM data/Arrivals/Nuuk Arrival_ 218004_OY-GRJ_10_07_25_59_19.csv,0.10495420246652643
2025.0,7.0,10.0,18.0,44.0,40.0,0.22999999999999998,0.04108527716834829,0.07000000000000006,/Users/rasmus/Desktop/Fysik/AppliedML2026/Final_project_data/data/ML_data/NBI/FDM data/Arrivals/Nuuk Arrival_ 218007_OY-GRP_10_07_25_45_18.csv,0.06881347337293084
2025.0,7.0,10.0,22.0,45.0,46.0,0.21999999999999997,0.04533949826688408,0.07199999999999995,/Users/rasmus/Desktop/Fysik/AppliedML2026/Final_project_data/data/ML_data/NBI/FDM data/Arrivals/Nuuk Arrival_ 218036_OY-GRM_10_07_25_46_22.csv,0.08085480814398113
2025.0,7.0,10.0,23.0,8.0,52.0,0.09000000000000008,0.035679597921854024,0.07599999999999994,/Users/rasmus/Desktop/Fysik/AppliedML2026/Final_project_data/data/ML_data/NBI/FDM data/Arrivals/Nuuk Arrival_ 218037_OY-GRP_10_07_25_09_23.csv,0.057677262995626546
2025.0,7.0,11.0,12.0,21.0,19.0,0.15999999999999992,0.04032162364455746,0.08000000000000007,/Users/rasmus/Desktop/Fysik/AppliedML2026/Final_project_data/data/ML_data/NBI/FDM data/Arrivals/Nuuk Arrival_ 218045_OY-GRM_11_07_25_23_12.csv,0.06512807894193305
2025.0,7.0,11.0,12.0,57.0,5.0,0.1100000000000001,0.03840851045294099,0.08000000000000007,/Users/rasmus/Desktop/Fysik/AppliedML2026/Final_project_data/data/ML_data/NBI/FDM data/Arrivals/Nuuk Arrival_ 218048_OY-GRP_11_07_25_59_12.csv,0.05310367218940706
2025.0,7.0,11.0,14.0,54.0,4.0,0.16000000000000003,0.05727278947103157,0.1299999999999999,/Users/rasmus/Desktop/Fysik/AppliedML2026/Final_project_data/data/ML_data/NBI/FDM data/Arrivals/Nuuk Arrival_ 218053_OY-GRH_11_07_25_56_14.csv,0.07025463889106748
2025.0,7.0,11.0,14.0,37.0,18.0,0.17999999999999994,0.06377481392176937,0.1100000000000001,/Users/rasmus/Desktop/Fysik/AppliedML2026/Final_project_data/data/ML_data/NBI/FDM data/Arrivals/Nuuk Arrival_ 218054_OY-GRO_11_07_25_39_14.csv,0.09613977919080711
2025.0,7.0,11.0,15.0,10.0,4.0,0.1399999999999999,0.038956290796129375,0.07649999999999992,/Users/rasmus/Desktop/Fysik/AppliedML2026/Final_project_data/data/ML_data/NBI/FDM data/Arrivals/Nuuk Arrival_ 218056_OY-GRP_11_07_25_11_15.csv,0.04595394113547125
2025.0,7.0,11.0,16.0,26.0,48.0,0.10000000000000009,0.04452166009732549,0.08000000000000007,/Users/rasmus/Desktop/Fysik/AppliedML2026/Final_project_data/data/ML_data/NBI/FDM data/Arrivals/Nuuk Arrival_ 218058_OY-GRJ_11_07_25_27_16.csv,0.05010515258722877
2025.0,7.0,11.0,20.0,59.0,20.0,0.1200000000000001,0.04191974424140682,0.08000000000000007,/Users/rasmus/Desktop/Fysik/AppliedML2026/Final_project_data/data/ML_data/NBI/FDM data/Arrivals/Nuuk Arrival_ 218086_OY-GRJ_11_07_25_01_21.csv,0.05190134873006678
2025.0,7.0,11.0,23.0,29.0,25.0,0.10999999999999999,0.03733653832396753,0.07999999999999999,/Users/rasmus/Desktop/Fysik/AppliedML2026/Final_project_data/data/ML_data/NBI/FDM data/Arrivals/Nuuk Arrival_ 218101_OY-GRP_11_07_25_31_23.csv,0.05179143694836506
2025.0,7.0,12.0,0.0,18.0,30.0,0.20999999999999996,0.0583166052362532,0.1100000000000001,/Users/rasmus/Desktop/Fysik/AppliedML2026/Final_project_data/data/ML_data/NBI/FDM data/Arrivals/Nuuk Arrival_ 218102_OY-GRM_12_07_25_19_00.csv,0.08497677701336374
2025.0,7.0,12.0,11.0,5.0,1.0,0.45999999999999996,0.08595669966248978,0.16750000000000004,/Users/rasmus/Desktop/Fysik/AppliedML2026/Final_project_data/data/ML_data/NBI/FDM data/Arrivals/Nuuk Arrival_ 218119_OY-GRP_12_07_25_07_11.csv,0.15345233477408887
2025.0,7.0,12.0,14.0,10.0,54.0,0.20999999999999996,0.06670106639375804,0.1399999999999999,/Users/rasmus/Desktop/Fysik/AppliedML2026/Final_project_data/data/ML_data/NBI/FDM data/Arrivals/Nuuk Arrival_ 218130_OY-GRP_12_07_25_12_14.csv,0.046073064503322075
2025.0,7.0,12.0,14.0,49.0,54.0,0.22999999999999998,0.07567552916422665,0.1499999999999999,/Users/rasmus/Desktop/Fysik/AppliedML2026/Final_project_data/data/ML_data/NBI/FDM data/Arrivals/Nuuk Arrival_ 218131_OY-GRO_12_07_25_51_14.csv,0.09607288899580362
2025.0,7.0,12.0,14.0,46.0,8.0,0.21999999999999997,0.057538569871876076,0.1150000000000001,/Users/rasmus/Desktop/Fysik/AppliedML2026/Final_project_data/data/ML_data/NBI/FDM data/Arrivals/Nuuk Arrival_ 218132_OY-GRM_12_07_25_48_14.csv,0.0846315543990538
2025.0,7.0,12.0,14.0,52.0,34.0,0.16999999999999993,0.047874531881990354,0.1100000000000001,/Users/rasmus/Desktop/Fysik/AppliedML2026/Final_project_data/data/ML_data/NBI/FDM data/Arrivals/Nuuk Arrival_ 218133_OY-GRH_12_07_25_54_14.csv,0.0711470643238691
2025.0,7.0,12.0,13.0,53.0,17.0,0.26,0.07605634688331125,0.1394999999999998,/Users/rasmus/Desktop/Fysik/AppliedML2026/Final_project_data/data/ML_data/NBI/FDM data/Arrivals/Nuuk Arrival_ 218137_OY-GRJ_12_07_25_55_13.csv,0.07207022718889422
2025.0,7.0,12.0,17.0,55.0,39.0,0.48,0.1317395272129934,0.27,/Users/rasmus/Desktop/Fysik/AppliedML2026/Final_project_data/data/ML_data/NBI/FDM data/Arrivals/Nuuk Arrival_ 218158_OY-GRM_12_07_25_56_17.csv,0.08457175032113831
2025.0,7.0,13.0,9.0,11.0,56.0,0.29000000000000004,0.060375635742444554,0.1299999999999999,/Users/rasmus/Desktop/Fysik/AppliedML2026/Final_project_data/data/ML_data/NBI/FDM data/Arrivals/Nuuk Arrival_ 218163_OY-GRP_13_07_25_12_09.csv,0.09886859966642594
2025.0,7.0,13.0,13.0,30.0,26.0,0.1499999999999999,0.04256545761316544,0.08550000000000005,/Users/rasmus/Desktop/Fysik/AppliedML2026/Final_project_data/data/ML_data/NBI/FDM data/Arrivals/Nuuk Arrival_ 218168_OY-GRJ_13_07_25_32_13.csv,0.07166389806390862
2025.0,7.0,13.0,11.0,32.0,55.0,0.31000000000000005,0.0830443474076571,0.1399999999999999,/Users/rasmus/Desktop/Fysik/AppliedML2026/Final_project_data/data/ML_data/NBI/FDM data/Arrivals/Nuuk Arrival_ 218170_OY-GRO_13_07_25_33_11.csv,0.09298469683853278
2025.0,7.0,13.0,15.0,46.0,49.0,0.1200000000000001,0.028177393726911307,0.06000000000000005,/Users/rasmus/Desktop/Fysik/AppliedML2026/Final_project_data/data/ML_data/NBI/FDM data/Arrivals/Nuuk Arrival_ 218172_OY-GRP_13_07_25_47_15.csv,0.05206833117271107
2025.0,7.0,13.0,13.0,32.0,10.0,0.1499999999999999,0.03640325329409039,0.06000000000000005,/Users/rasmus/Desktop/Fysik/AppliedML2026/Final_project_data/data/ML_data/NBI/FDM data/Arrivals/Nuuk Arrival_ 218174_OY-GRM_13_07_25_34_13.csv,0.06262764742685316
2025.0,7.0,13.0,16.0,24.0,14.0,0.26,0.07354596528028585,0.1299999999999999,/Users/rasmus/Desktop/Fysik/AppliedML2026/Final_project_data/data/ML_data/NBI/FDM data/Arrivals/Nuuk Arrival_ 218175_OY-GRO_13_07_25_26_16.csv,0.12516655570345722
2025.0,7.0,13.0,17.0,14.0,8.0,0.18999999999999995,0.050370887200567184,0.13199999999999987,/Users/rasmus/Desktop/Fysik/AppliedML2026/Final_project_data/data/ML_data/NBI/FDM data/Arrivals/Nuuk Arrival_ 218176_OY-GRJ_13_07_25_16_17.csv,0.06819090848492926
2025.0,7.0,13.0,17.0,58.0,49.0,0.18999999999999995,0.04182232828116035,0.08000000000000007,/Users/rasmus/Desktop/Fysik/AppliedML2026/Final_project_data/data/ML_data/NBI/FDM data/Arrivals/Nuuk Arrival_ 218177_OY-GRM_13_07_25_59_17.csv,0.07794228634059948
2025.0,7.0,13.0,20.0,13.0,43.0,0.1100000000000001,0.02687936011143125,0.050000000000000044,/Users/rasmus/Desktop/Fysik/AppliedML2026/Final_project_data/data/ML_data/NBI/FDM data/Arrivals/Nuuk Arrival_ 218184_OY-GRP_13_07_25_14_20.csv,0.05731156414385661
2025.0,7.0,14.0,11.0,37.0,54.0,0.20999999999999996,0.06679251687185865,0.1299999999999999,/Users/rasmus/Desktop/Fysik/AppliedML2026/Final_project_data/data/ML_data/NBI/FDM data/Arrivals/Nuuk Arrival_ 218189_OY-GRH_14_07_25_39_11.csv,0.0678232998312527
2025.0,7.0,14.0,11.0,52.0,51.0,0.3400000000000001,0.08259123122589854,0.17949999999999983,/Users/rasmus/Desktop/Fysik/AppliedML2026/Final_project_data/data/ML_data/NBI/FDM data/Arrivals/Nuuk Arrival_ 218192_OY-GRJ_14_07_25_53_11.csv,0.08734650402108766
2025.0,7.0,14.0,12.0,40.0,48.0,0.25,0.08536945157614256,0.16999999999999993,/Users/rasmus/Desktop/Fysik/AppliedML2026/Final_project_data/data/ML_data/NBI/FDM data/Arrivals/Nuuk Arrival_ 218193_OY-GRO_14_07_25_42_12.csv,0.09058145505565694
2025.0,7.0,14.0,13.0,53.0,38.0,0.3500000000000001,0.11491133705868793,0.22549999999999995,/Users/rasmus/Desktop/Fysik/AppliedML2026/Final_project_data/data/ML_data/NBI/FDM data/Arrivals/Nuuk Arrival_ 218195_OY-GRM_14_07_25_54_13.csv,0.14774055884310422
2025.0,7.0,14.0,16.0,23.0,50.0,0.16999999999999993,0.05888732066780653,0.11699999999999991,/Users/rasmus/Desktop/Fysik/AppliedML2026/Final_project_data/data/ML_data/NBI/FDM data/Arrivals/Nuuk Arrival_ 218210_OY-GRJ_14_07_25_24_16.csv,0.07705090593408467
2025.0,7.0,14.0,17.0,54.0,6.0,0.26,0.09001255405223015,0.16999999999999993,/Users/rasmus/Desktop/Fysik/AppliedML2026/Final_project_data/data/ML_data/NBI/FDM data/Arrivals/Nuuk Arrival_ 218212_OY-GRO_14_07_25_57_17.csv,0.09065418808958481
2025.0,7.0,14.0,19.0,45.0,19.0,0.30000000000000004,0.08140556290353744,0.15699999999999986,/Users/rasmus/Desktop/Fysik/AppliedML2026/Final_project_data/data/ML_data/NBI/FDM data/Arrivals/Nuuk Arrival_ 218229_OY-GRP_14_07_25_47_19.csv,0.06307889796454164
2025.0,7.0,14.0,22.0,13.0,16.0,0.18999999999999995,0.06212757894505285,0.1200000000000001,/Users/rasmus/Desktop/Fysik/AppliedML2026/Final_project_data/data/ML_data/NBI/FDM data/Arrivals/Nuuk Arrival_ 218243_OY-GRM_14_07_25_15_22.csv,0.05155902766086009
2025.0,7.0,8.0,21.0,31.0,36.0,0.31000000000000005,0.10632385388407395,0.22599999999999992,/Users/rasmus/Desktop/Fysik/AppliedML2026/Final_project_data/data/ML_data/NBI/FDM data/Arrivals/Nuuk Arrival_ 218247_OY-GRR_08_07_25_17_21.csv,0.13275918047351754
2025.0,7.0,9.0,13.0,34.0,6.0,0.1499999999999999,0.05384018417593654,0.10000000000000009,/Users/rasmus/Desktop/Fysik/AppliedML2026/Final_project_data/data/ML_data/NBI/FDM data/Arrivals/Nuuk Arrival_ 218250_OY-GRR_09_07_25_26_13.csv,0.07558108228915487
2025.0,7.0,9.0,18.0,27.0,59.0,0.5,0.08890299947419111,0.16699999999999982,/Users/rasmus/Desktop/Fysik/AppliedML2026/Final_project_data/data/ML_data/NBI/FDM data/Arrivals/Nuuk Arrival_ 218253_OY-GRR_09_07_25_20_18.csv,0.09385272150200726
2025.0,7.0,9.0,21.0,31.0,3.0,0.3500000000000001,0.09093199355001734,0.16000000000000003,/Users/rasmus/Desktop/Fysik/AppliedML2026/Final_project_data/data/ML_data/NBI/FDM data/Arrivals/Nuuk Arrival_ 218255_OY-GRR_09_07_25_24_21.csv,0.09139937720710221
2025.0,7.0,10.0,14.0,51.0,28.0,0.55,0.10844968111217909,0.21999999999999997,/Users/rasmus/Desktop/Fysik/AppliedML2026/Final_project_data/data/ML_data/NBI/FDM data/Arrivals/Nuuk Arrival_ 218257_OY-GRR_10_07_25_38_14.csv,0.09549869109050661
2025.0,7.0,10.0,18.0,4.0,54.0,0.1499999999999999,0.04321699125729758,0.10000000000000009,/Users/rasmus/Desktop/Fysik/AppliedML2026/Final_project_data/data/ML_data/NBI/FDM data/Arrivals/Nuuk Arrival_ 218259_OY-GRR_10_07_25_59_17.csv,0.0558457697592217
2025.0,7.0,10.0,22.0,15.0,7.0,0.17999999999999994,0.03664969304100651,0.07000000000000006,/Users/rasmus/Desktop/Fysik/AppliedML2026/Final_project_data/data/ML_data/NBI/FDM data/Arrivals/Nuuk Arrival_ 218261_OY-GRR_10_07_25_08_22.csv,0.06349212549600149
2025.0,7.0,11.0,12.0,0.0,59.0,0.1200000000000001,0.03500948038480664,0.07399999999999998,/Users/rasmus/Desktop/Fysik/AppliedML2026/Final_project_data/data/ML_data/NBI/FDM data/Arrivals/Nuuk Arrival_ 218264_OY-GRR_11_07_25_56_11.csv,0.047819103574478175
2025.0,7.0,11.0,17.0,35.0,13.0,0.27,0.08217375038614981,0.21199999999999986,/Users/rasmus/Desktop/Fysik/AppliedML2026/Final_project_data/data/ML_data/NBI/FDM data/Arrivals/Nuuk Arrival_ 218267_OY-GRR_11_07_25_33_17.csv,0.06863753427324673
2025.0,7.0,11.0,21.0,58.0,8.0,0.14,0.04097618355883843,0.08799999999999997,/Users/rasmus/Desktop/Fysik/AppliedML2026/Final_project_data/data/ML_data/NBI/FDM data/Arrivals/Nuuk Arrival_ 218269_OY-GRR_11_07_25_51_21.csv,0.06373774391990987
2025.0,7.0,12.0,13.0,50.0,13.0,0.26,0.08712333895390026,0.1779999999999999,/Users/rasmus/Desktop/Fysik/AppliedML2026/Final_project_data/data/ML_data/NBI/FDM data/Arrivals/Nuuk Arrival_ 218273_OY-GRR_12_07_25_47_13.csv,0.08901166734241597
2025.0,7.0,13.0,0.0,36.0,7.0,0.3400000000000001,0.12313774086691072,0.24849999999999994,/Users/rasmus/Desktop/Fysik/AppliedML2026/Final_project_data/data/ML_data/NBI/FDM data/Arrivals/Nuuk Arrival_ 218276_OY-GRR_12_07_25_24_23.csv,0.114868345692385
2025.0,7.0,13.0,13.0,53.0,42.0,0.42000000000000004,0.07959159144389205,0.1589999999999997,/Users/rasmus/Desktop/Fysik/AppliedML2026/Final_project_data/data/ML_data/NBI/FDM data/Arrivals/Nuuk Arrival_ 218279_OY-GRR_13_07_25_47_13.csv,0.05797509043642033
2025.0,7.0,13.0,18.0,24.0,19.0,0.13,0.03824612343031396,0.07000000000000006,/Users/rasmus/Desktop/Fysik/AppliedML2026/Final_project_data/data/ML_data/NBI/FDM data/Arrivals/Nuuk Arrival_ 218281_OY-GRR_13_07_25_15_18.csv,0.05172040216394301
2025.0,7.0,14.0,13.0,14.0,29.0,0.26,0.10034129792052755,0.19999999999999996,/Users/rasmus/Desktop/Fysik/AppliedML2026/Final_project_data/data/ML_data/NBI/FDM data/Arrivals/Nuuk Arrival_ 218284_OY-GRR_14_07_25_04_13.csv,0.11450120661281028
2025.0,7.0,14.0,15.0,36.0,8.0,0.3700000000000001,0.09389224368741826,0.16749999999999993,/Users/rasmus/Desktop/Fysik/AppliedML2026/Final_project_data/data/ML_data/NBI/FDM data/Arrivals/Nuuk Arrival_ 218285_OY-GRR_14_07_25_16_15.csv,0.10931605554537721
2025.0,7.0,14.0,22.0,10.0,57.0,0.44999999999999996,0.10235387530266593,0.1934999999999999,/Users/rasmus/Desktop/Fysik/AppliedML2026/Final_project_data/data/ML_data/NBI/FDM data/Arrivals/Nuuk Arrival_ 218289_OY-GRR_14_07_25_06_22.csv,0.05491620410847981
2025.0,7.0,15.0,0.0,8.0,28.0,0.20999999999999996,0.06839208636587629,0.125,/Users/rasmus/Desktop/Fysik/AppliedML2026/Final_project_data/data/ML_data/NBI/FDM data/Arrivals/Nuuk Arrival_ 218290_OY-GRO_15_07_25_10_00.csv,0.10988630487917954
2025.0,7.0,15.0,13.0,24.0,55.0,0.1299999999999999,0.030090771765685014,0.050000000000000044,/Users/rasmus/Desktop/Fysik/AppliedML2026/Final_project_data/data/ML_data/NBI/FDM data/Arrivals/Nuuk Arrival_ 218303_OY-GRP_15_07_25_25_13.csv,0.0537354631505117
2025.0,7.0,15.0,10.0,52.0,13.0,0.1499999999999999,0.06011892975000237,0.09449999999999997,/Users/rasmus/Desktop/Fysik/AppliedML2026/Final_project_data/data/ML_data/NBI/FDM data/Arrivals/Nuuk Arrival_ 218307_OY-GRO_15_07_25_54_10.csv,0.08437268515343105
2025.0,7.0,15.0,14.0,15.0,49.0,0.18000000000000005,0.048081295985258656,0.09000000000000008,/Users/rasmus/Desktop/Fysik/AppliedML2026/Final_project_data/data/ML_data/NBI/FDM data/Arrivals/Nuuk Arrival_ 218308_OY-GRM_15_07_25_16_14.csv,0.04702245326555299
2025.0,7.0,15.0,17.0,3.0,48.0,0.3899999999999999,0.06997234476747272,0.1299999999999999,/Users/rasmus/Desktop/Fysik/AppliedML2026/Final_project_data/data/ML_data/NBI/FDM data/Arrivals/Nuuk Arrival_ 218331_OY-GRM_15_07_25_06_17.csv,0.06775624761532398
2025.0,7.0,15.0,17.0,52.0,43.0,0.1299999999999999,0.04236859732414667,0.08000000000000007,/Users/rasmus/Desktop/Fysik/AppliedML2026/Final_project_data/data/ML_data/NBI/FDM data/Arrivals/Nuuk Arrival_ 218343_OY-GRP_15_07_25_53_17.csv,0.05694608979427073
2025.0,7.0,15.0,19.0,58.0,1.0,0.16999999999999993,0.07214568594171106,0.13099999999999984,/Users/rasmus/Desktop/Fysik/AppliedML2026/Final_project_data/data/ML_data/NBI/FDM data/Arrivals/Nuuk Arrival_ 218344_OY-GRO_15_07_25_59_19.csv,0.09055385138137417
2025.0,7.0,15.0,22.0,54.0,36.0,0.1499999999999999,0.032463836945436066,0.06000000000000005,/Users/rasmus/Desktop/Fysik/AppliedML2026/Final_project_data/data/ML_data/NBI/FDM data/Arrivals/Nuuk Arrival_ 218348_OY-GRP_15_07_25_55_22.csv,0.05739725119240857
2025.0,7.0,16.0,11.0,49.0,36.0,0.27,0.05782310481443971,0.12,/Users/rasmus/Desktop/Fysik/AppliedML2026/Final_project_data/data/ML_data/NBI/FDM data/Arrivals/Nuuk Arrival_ 218354_OY-GRJ_16_07_25_50_11.csv,0.11390054140930733
2025.0,7.0,16.0,12.0,13.0,36.0,0.32000000000000006,0.07394877316515525,0.1299999999999999,/Users/rasmus/Desktop/Fysik/AppliedML2026/Final_project_data/data/ML_data/NBI/FDM data/Arrivals/Nuuk Arrival_ 218356_OY-GRO_16_07_25_14_12.csv,0.12795088343356045
2025.0,7.0,16.0,11.0,55.0,15.0,0.1499999999999999,0.046182383004777935,0.10000000000000009,/Users/rasmus/Desktop/Fysik/AppliedML2026/Final_project_data/data/ML_data/NBI/FDM data/Arrivals/Nuuk Arrival_ 218360_OY-GRH_16_07_25_57_11.csv,0.055827114081480805
2025.0,7.0,16.0,15.0,14.0,15.0,0.1499999999999999,0.05062522994796933,0.10000000000000009,/Users/rasmus/Desktop/Fysik/AppliedML2026/Final_project_data/data/ML_data/NBI/FDM data/Arrivals/Nuuk Arrival_ 218364_OY-GRP_16_07_25_16_15.csv,0.06562202374203345
2025.0,7.0,16.0,16.0,8.0,3.0,0.17999999999999994,0.05391937750079274,0.12199999999999996,/Users/rasmus/Desktop/Fysik/AppliedML2026/Final_project_data/data/ML_data/NBI/FDM data/Arrivals/Nuuk Arrival_ 218367_OY-GRJ_16_07_25_10_16.csv,0.07545694136393284
2025.0,7.0,16.0,16.0,58.0,48.0,0.26,0.06621445266327135,0.12399999999999972,/Users/rasmus/Desktop/Fysik/AppliedML2026/Final_project_data/data/ML_data/NBI/FDM data/Arrivals/Nuuk Arrival_ 218382_OY-GRM_16_07_25_00_17.csv,0.055136195008360936
2025.0,7.0,16.0,16.0,54.0,45.0,0.24,0.08213903340829229,0.15999999999999992,/Users/rasmus/Desktop/Fysik/AppliedML2026/Final_project_data/data/ML_data/NBI/FDM data/Arrivals/Nuuk Arrival_ 218384_OY-GRO_16_07_25_56_16.csv,0.09087537253477057
2025.0,7.0,16.0,21.0,30.0,5.0,0.10000000000000009,0.036238205628449836,0.07000000000000006,/Users/rasmus/Desktop/Fysik/AppliedML2026/Final_project_data/data/ML_data/NBI/FDM data/Arrivals/Nuuk Arrival_ 218394_OY-GRM_16_07_25_31_21.csv,0.056188458397991865
2025.0,7.0,16.0,22.0,19.0,6.0,0.26,0.07181606484493093,0.1399999999999999,/Users/rasmus/Desktop/Fysik/AppliedML2026/Final_project_data/data/ML_data/NBI/FDM data/Arrivals/Nuuk Arrival_ 218395_OY-GRO_16_07_25_20_22.csv,0.11401754250991379
2025.0,7.0,16.0,16.0,30.0,23.0,0.15999999999999992,0.037510415220309165,0.06999999999999995,/Users/rasmus/Desktop/Fysik/AppliedML2026/Final_project_data/data/ML_data/NBI/FDM data/Arrivals/Nuuk Arrival_ 218397_OY-GRG_16_07_25_32_16.csv,0.03677473252630064
2025.0,7.0,17.0,11.0,51.0,29.0,0.1100000000000001,0.03546191153634168,0.07000000000000003,/Users/rasmus/Desktop/Fysik/AppliedML2026/Final_project_data/data/ML_data/NBI/FDM data/Arrivals/Nuuk Arrival_ 218406_OY-GRJ_17_07_25_53_11.csv,0.05356520110324215
2025.0,7.0,17.0,13.0,53.0,7.0,0.16999999999999993,0.052321123841140904,0.10000000000000009,/Users/rasmus/Desktop/Fysik/AppliedML2026/Final_project_data/data/ML_data/NBI/FDM data/Arrivals/Nuuk Arrival_ 218410_OY-GRM_17_07_25_55_13.csv,0.07377572190671636
2025.0,7.0,17.0,11.0,6.0,9.0,0.20999999999999996,0.06870887199560982,0.1200000000000001,/Users/rasmus/Desktop/Fysik/AppliedML2026/Final_project_data/data/ML_data/NBI/FDM data/Arrivals/Nuuk Arrival_ 218411_OY-GRO_17_07_25_07_11.csv,0.10344080432788602
2025.0,7.0,17.0,14.0,30.0,34.0,0.19999999999999996,0.06297958853016247,0.1399999999999999,/Users/rasmus/Desktop/Fysik/AppliedML2026/Final_project_data/data/ML_data/NBI/FDM data/Arrivals/Nuuk Arrival_ 218413_OY-GRH_17_07_25_31_14.csv,0.09255628917943211
2025.0,7.0,17.0,17.0,4.0,59.0,0.1200000000000001,0.049301426253513546,0.09000000000000008,/Users/rasmus/Desktop/Fysik/AppliedML2026/Final_project_data/data/ML_data/NBI/FDM data/Arrivals/Nuuk Arrival_ 218429_OY-GRJ_17_07_25_05_17.csv,0.057391201416245034
2025.0,7.0,17.0,18.0,15.0,21.0,0.16999999999999993,0.061022157481555074,0.10000000000000009,/Users/rasmus/Desktop/Fysik/AppliedML2026/Final_project_data/data/ML_data/NBI/FDM data/Arrivals/Nuuk Arrival_ 218431_OY-GRO_17_07_25_17_18.csv,0.08855318552523486
2025.0,7.0,17.0,19.0,2.0,28.0,0.08000000000000007,0.036358352885704354,0.07350000000000001,/Users/rasmus/Desktop/Fysik/AppliedML2026/Final_project_data/data/ML_data/NBI/FDM data/Arrivals/Nuuk Arrival_ 218434_OY-GRM_17_07_25_04_19.csv,0.039131189606246355
2025.0,7.0,17.0,20.0,9.0,54.0,0.22999999999999998,0.06256324233953513,0.11400000000000002,/Users/rasmus/Desktop/Fysik/AppliedML2026/Final_project_data/data/ML_data/NBI/FDM data/Arrivals/Nuuk Arrival_ 218445_OY-GRH_17_07_25_10_20.csv,0.06387487769068531
2025.0,7.0,17.0,19.0,50.0,10.0,0.1200000000000001,0.029270798776544357,0.06000000000000005,/Users/rasmus/Desktop/Fysik/AppliedML2026/Final_project_data/data/ML_data/NBI/FDM data/Arrivals/Nuuk Arrival_ 218448_OY-GRP_17_07_25_52_19.csv,0.05263078946776312
2025.0,7.0,17.0,21.0,19.0,1.0,0.1200000000000001,0.039967659339814374,0.08000000000000007,/Users/rasmus/Desktop/Fysik/AppliedML2026/Final_project_data/data/ML_data/NBI/FDM data/Arrivals/Nuuk Arrival_ 218449_OY-GRJ_17_07_25_20_21.csv,0.05882176467941102
2025.0,7.0,17.0,22.0,20.0,1.0,0.1499999999999999,0.061004413459506905,0.1100000000000001,/Users/rasmus/Desktop/Fysik/AppliedML2026/Final_project_data/data/ML_data/NBI/FDM data/Arrivals/Nuuk Arrival_ 218450_OY-GRO_17_07_25_22_22.csv,0.07609204951898725
2025.0,7.0,18.0,14.0,20.0,33.0,0.26,0.05748949483868096,0.10000000000000009,/Users/rasmus/Desktop/Fysik/AppliedML2026/Final_project_data/data/ML_data/NBI/FDM data/Arrivals/Nuuk Arrival_ 218454_OY-GRJ_18_07_25_22_14.csv,0.053577870761109224
2025.0,7.0,18.0,12.0,52.0,1.0,0.26,0.07622490551304376,0.1399999999999999,/Users/rasmus/Desktop/Fysik/AppliedML2026/Final_project_data/data/ML_data/NBI/FDM data/Arrivals/Nuuk Arrival_ 218456_OY-GRO_18_07_25_54_12.csv,0.11743285822322555
2025.0,7.0,18.0,17.0,11.0,27.0,0.13,0.034332033505025096,0.07000000000000006,/Users/rasmus/Desktop/Fysik/AppliedML2026/Final_project_data/data/ML_data/NBI/FDM data/Arrivals/Nuuk Arrival_ 218457_OY-GRM_18_07_25_13_17.csv,0.05151549430847149
2025.0,7.0,18.0,16.0,52.0,24.0,0.17999999999999994,0.07261853294740699,0.1299999999999999,/Users/rasmus/Desktop/Fysik/AppliedML2026/Final_project_data/data/ML_data/NBI/FDM data/Arrivals/Nuuk Arrival_ 218458_OY-GRO_18_07_25_54_16.csv,0.09168022228318788
2025.0,7.0,18.0,19.0,9.0,39.0,0.1399999999999999,0.04051470648346651,0.07500000000000007,/Users/rasmus/Desktop/Fysik/AppliedML2026/Final_project_data/data/ML_data/NBI/FDM data/Arrivals/Nuuk Arrival_ 218487_OY-GRJ_18_07_25_10_19.csv,0.06809919235938115
2025.0,7.0,18.0,22.0,17.0,2.0,0.1200000000000001,0.02719968766088241,0.050000000000000044,/Users/rasmus/Desktop/Fysik/AppliedML2026/Final_project_data/data/ML_data/NBI/FDM data/Arrivals/Nuuk Arrival_ 218499_OY-GRP_18_07_25_18_22.csv,0.05179143694836508
2025.0,7.0,18.0,22.0,42.0,56.0,0.19999999999999996,0.0634817793207822,0.1100000000000001,/Users/rasmus/Desktop/Fysik/AppliedML2026/Final_project_data/data/ML_data/NBI/FDM data/Arrivals/Nuuk Arrival_ 218500_OY-GRO_18_07_25_44_22.csv,0.09568176419778225
2025.0,7.0,19.0,11.0,23.0,29.0,0.21999999999999997,0.04362198640412572,0.08000000000000007,/Users/rasmus/Desktop/Fysik/AppliedML2026/Final_project_data/data/ML_data/NBI/FDM data/Arrivals/Nuuk Arrival_ 218503_OY-GRJ_19_07_25_25_11.csv,0.07729812416870155
2025.0,7.0,19.0,14.0,13.0,57.0,0.1399999999999999,0.04952776998815919,0.10000000000000009,/Users/rasmus/Desktop/Fysik/AppliedML2026/Final_project_data/data/ML_data/NBI/FDM data/Arrivals/Nuuk Arrival_ 218507_OY-GRJ_19_07_25_14_14.csv,0.05419870847169705
2025.0,7.0,19.0,14.0,20.0,58.0,0.16999999999999993,0.05418662635919013,0.09800000000000006,/Users/rasmus/Desktop/Fysik/AppliedML2026/Final_project_data/data/ML_data/NBI/FDM data/Arrivals/Nuuk Arrival_ 218509_OY-GRM_19_07_25_21_14.csv,0.06501281924871948
2025.0,7.0,19.0,14.0,25.0,57.0,0.18999999999999995,0.07869074284633956,0.1399999999999999,/Users/rasmus/Desktop/Fysik/AppliedML2026/Final_project_data/data/ML_data/NBI/FDM data/Arrivals/Nuuk Arrival_ 218510_OY-GRO_19_07_25_26_14.csv,0.10082988974836114
2025.0,7.0,19.0,17.0,58.0,27.0,0.15999999999999992,0.04836676816053647,0.08999999999999997,/Users/rasmus/Desktop/Fysik/AppliedML2026/Final_project_data/data/ML_data/NBI/FDM data/Arrivals/Nuuk Arrival_ 218517_OY-GRP_19_07_25_00_18.csv,0.06101001739241041
2025.0,7.0,19.0,18.0,57.0,6.0,0.18999999999999995,0.05994756618766023,0.10100000000000003,/Users/rasmus/Desktop/Fysik/AppliedML2026/Final_project_data/data/ML_data/NBI/FDM data/Arrivals/Nuuk Arrival_ 218528_OY-GRO_19_07_25_59_18.csv,0.08476859256655314
2025.0,7.0,19.0,18.0,50.0,51.0,0.15999999999999992,0.04119796994116008,0.08000000000000007,/Users/rasmus/Desktop/Fysik/AppliedML2026/Final_project_data/data/ML_data/NBI/FDM data/Arrivals/Nuuk Arrival_ 218529_OY-GRJ_19_07_25_51_18.csv,0.06276056794587578
2025.0,7.0,19.0,18.0,52.0,36.0,0.1100000000000001,0.03852477664882156,0.08000000000000007,/Users/rasmus/Desktop/Fysik/AppliedML2026/Final_project_data/data/ML_data/NBI/FDM data/Arrivals/Nuuk Arrival_ 218531_OY-GRM_19_07_25_53_18.csv,0.05110542736229057
2025.0,7.0,20.0,10.0,37.0,38.0,0.15999999999999992,0.0653850135734482,0.1200000000000001,/Users/rasmus/Desktop/Fysik/AppliedML2026/Final_project_data/data/ML_data/NBI/FDM data/Arrivals/Nuuk Arrival_ 218536_OY-GRO_20_07_25_38_10.csv,0.08531454406237794
2025.0,7.0,20.0,11.0,17.0,16.0,0.15999999999999992,0.052526339996640026,0.1100000000000001,/Users/rasmus/Desktop/Fysik/AppliedML2026/Final_project_data/data/ML_data/NBI/FDM data/Arrivals/Nuuk Arrival_ 218537_OY-GRM_20_07_25_19_11.csv,0.058223706512038564
2025.0,7.0,20.0,11.0,25.0,39.0,0.15999999999999992,0.05226853738148794,0.1100000000000001,/Users/rasmus/Desktop/Fysik/AppliedML2026/Final_project_data/data/ML_data/NBI/FDM data/Arrivals/Nuuk Arrival_ 218538_OY-GRJ_20_07_25_27_11.csv,0.07966596931354487
2025.0,7.0,20.0,11.0,39.0,46.0,0.1200000000000001,0.04014536692367995,0.07000000000000006,/Users/rasmus/Desktop/Fysik/AppliedML2026/Final_project_data/data/ML_data/NBI/FDM data/Arrivals/Nuuk Arrival_ 218541_OY-GRP_20_07_25_40_11.csv,0.06157035886617111
2025.0,7.0,20.0,13.0,33.0,1.0,0.18999999999999995,0.08234005742936586,0.1399999999999999,/Users/rasmus/Desktop/Fysik/AppliedML2026/Final_project_data/data/ML_data/NBI/FDM data/Arrivals/Nuuk Arrival_ 218542_OY-GRO_20_07_25_37_13.csv,0.09029363862681905
2025.0,7.0,20.0,15.0,40.0,43.0,0.18999999999999995,0.05688712137481783,0.10900000000000001,/Users/rasmus/Desktop/Fysik/AppliedML2026/Final_project_data/data/ML_data/NBI/FDM data/Arrivals/Nuuk Arrival_ 218544_OY-GRJ_20_07_25_41_15.csv,0.09569918146637062
2025.0,7.0,20.0,19.0,9.0,27.0,0.17999999999999994,0.06676280946210048,0.1100000000000001,/Users/rasmus/Desktop/Fysik/AppliedML2026/Final_project_data/data/ML_data/NBI/FDM data/Arrivals/Nuuk Arrival_ 218548_OY-GRO_20_07_25_11_19.csv,0.08843671540473985
2025.0,7.0,20.0,18.0,54.0,39.0,0.16999999999999993,0.042361399752326175,0.09699999999999989,/Users/rasmus/Desktop/Fysik/AppliedML2026/Final_project_data/data/ML_data/NBI/FDM data/Arrivals/Nuuk Arrival_ 218549_OY-GRP_20_07_25_55_18.csv,0.05596051239372655
2025.0,7.0,21.0,11.0,13.0,26.0,0.16999999999999993,0.057234398725901976,0.1200000000000001,/Users/rasmus/Desktop/Fysik/AppliedML2026/Final_project_data/data/ML_data/NBI/FDM data/Arrivals/Nuuk Arrival_ 218555_OY-GRP_21_07_25_16_11.csv,0.07071067811865477
2025.0,7.0,21.0,13.0,50.0,11.0,0.21999999999999997,0.06396119513235055,0.1299999999999999,/Users/rasmus/Desktop/Fysik/AppliedML2026/Final_project_data/data/ML_data/NBI/FDM data/Arrivals/Nuuk Arrival_ 218561_OY-GRM_21_07_25_52_13.csv,0.08508166012066813
2025.0,7.0,21.0,12.0,11.0,40.0,0.27,0.07476998850543155,0.1499999999999999,/Users/rasmus/Desktop/Fysik/AppliedML2026/Final_project_data/data/ML_data/NBI/FDM data/Arrivals/Nuuk Arrival_ 218563_OY-GRJ_21_07_25_12_12.csv,0.09252026804976304
2025.0,7.0,21.0,15.0,48.0,2.0,0.1399999999999999,0.047641336774874116,0.09100000000000003,/Users/rasmus/Desktop/Fysik/AppliedML2026/Final_project_data/data/ML_data/NBI/FDM data/Arrivals/Nuuk Arrival_ 218570_OY-GRM_21_07_25_49_15.csv,0.07529429440024506
2025.0,7.0,21.0,19.0,55.0,58.0,0.17999999999999994,0.049293250667850175,0.1035,/Users/rasmus/Desktop/Fysik/AppliedML2026/Final_project_data/data/ML_data/NBI/FDM data/Arrivals/Nuuk Arrival_ 218582_OY-GRP_21_07_25_56_19.csv,0.055052422569485865
2025.0,7.0,21.0,21.0,55.0,15.0,0.15999999999999992,0.0439095522692706,0.07850000000000001,/Users/rasmus/Desktop/Fysik/AppliedML2026/Final_project_data/data/ML_data/NBI/FDM data/Arrivals/Nuuk Arrival_ 218601_OY-GRM_21_07_25_57_21.csv,0.06480740698407862
2025.0,7.0,15.0,14.0,27.0,30.0,0.44999999999999996,0.09256191621467943,0.19249999999999995,/Users/rasmus/Desktop/Fysik/AppliedML2026/Final_project_data/data/ML_data/NBI/FDM data/Arrivals/Nuuk Arrival_ 218612_OY-GRR_15_07_25_18_14.csv,0.06798692684790379
2025.0,7.0,15.0,20.0,3.0,39.0,0.16999999999999993,0.052971129816716284,0.09000000000000008,/Users/rasmus/Desktop/Fysik/AppliedML2026/Final_project_data/data/ML_data/NBI/FDM data/Arrivals/Nuuk Arrival_ 218615_OY-GRR_15_07_25_48_19.csv,0.03986086914367136
2025.0,7.0,16.0,11.0,14.0,36.0,0.17999999999999994,0.04921290595321062,0.09000000000000008,/Users/rasmus/Desktop/Fysik/AppliedML2026/Final_project_data/data/ML_data/NBI/FDM data/Arrivals/Nuuk Arrival_ 218617_OY-GRR_16_07_25_07_11.csv,0.06855654600401044
2025.0,7.0,16.0,17.0,28.0,33.0,0.1100000000000001,0.042588979069841354,0.09000000000000008,/Users/rasmus/Desktop/Fysik/AppliedML2026/Final_project_data/data/ML_data/NBI/FDM data/Arrivals/Nuuk Arrival_ 218621_OY-GRR_16_07_25_22_17.csv,0.04778423728943821
2025.0,7.0,17.0,14.0,46.0,7.0,0.20999999999999996,0.05099517245988291,0.09999999999999998,/Users/rasmus/Desktop/Fysik/AppliedML2026/Final_project_data/data/ML_data/NBI/FDM data/Arrivals/Nuuk Arrival_ 218624_OY-GRR_17_07_25_41_14.csv,0.08635910338141607
2025.0,7.0,18.0,14.0,0.0,52.0,0.4,0.06544278891283331,0.1125000000000001,/Users/rasmus/Desktop/Fysik/AppliedML2026/Final_project_data/data/ML_data/NBI/FDM data/Arrivals/Nuuk Arrival_ 218627_OY-GRR_18_07_25_50_13.csv,0.046833036772489324
2025.0,7.0,18.0,15.0,57.0,0.0,0.36,0.05917369954259455,0.09500000000000008,/Users/rasmus/Desktop/Fysik/AppliedML2026/Final_project_data/data/ML_data/NBI/FDM data/Arrivals/Nuuk Arrival_ 218629_OY-GRR_18_07_25_51_15.csv,0.052829055366427805
2025.0,7.0,18.0,21.0,30.0,55.0,0.13,0.03300943261417008,0.06750000000000006,/Users/rasmus/Desktop/Fysik/AppliedML2026/Final_project_data/data/ML_data/NBI/FDM data/Arrivals/Nuuk Arrival_ 218633_OY-GRR_18_07_25_24_21.csv,0.06055300708194987
2025.0,7.0,19.0,11.0,18.0,20.0,0.16999999999999993,0.05286775955154523,0.10050000000000006,/Users/rasmus/Desktop/Fysik/AppliedML2026/Final_project_data/data/ML_data/NBI/FDM data/Arrivals/Nuuk Arrival_ 218634_OY-GRR_19_07_25_03_11.csv,0.06765927710061481
2025.0,7.0,19.0,19.0,19.0,9.0,0.1399999999999999,0.0584807660688538,0.1200000000000001,/Users/rasmus/Desktop/Fysik/AppliedML2026/Final_project_data/data/ML_data/NBI/FDM data/Arrivals/Nuuk Arrival_ 218635_OY-GRR_19_07_25_58_17.csv,0.05373546315051174
2025.0,7.0,21.0,12.0,1.0,14.0,0.29000000000000004,0.10151530496854719,0.20449999999999985,/Users/rasmus/Desktop/Fysik/AppliedML2026/Final_project_data/data/ML_data/NBI/FDM data/Arrivals/Nuuk Arrival_ 218638_OY-GRR_21_07_25_49_11.csv,0.05787918451395114
2025.0,7.0,21.0,16.0,43.0,31.0,0.16999999999999993,0.05081812424543846,0.09199999999999997,/Users/rasmus/Desktop/Fysik/AppliedML2026/Final_project_data/data/ML_data/NBI/FDM data/Arrivals/Nuuk Arrival_ 218640_OY-GRR_21_07_25_33_16.csv,0.07067699834626606
2025.0,7.0,21.0,21.0,0.0,31.0,0.1399999999999999,0.04381115697773978,0.09799999999999992,/Users/rasmus/Desktop/Fysik/AppliedML2026/Final_project_data/data/ML_data/NBI/FDM data/Arrivals/Nuuk Arrival_ 218642_OY-GRR_21_07_25_47_20.csv,0.0699553428981661
2025.0,7.0,22.0,11.0,6.0,30.0,0.22999999999999998,0.0541733492877231,0.1100000000000001,/Users/rasmus/Desktop/Fysik/AppliedML2026/Final_project_data/data/ML_data/NBI/FDM data/Arrivals/Nuuk Arrival_ 218647_OY-GRM_22_07_25_08_11.csv,0.08938679992034619
2025.0,7.0,22.0,14.0,10.0,41.0,0.21999999999999997,0.04508085474530103,0.07000000000000003,/Users/rasmus/Desktop/Fysik/AppliedML2026/Final_project_data/data/ML_data/NBI/FDM data/Arrivals/Nuuk Arrival_ 218653_OY-GRM_22_07_25_11_14.csv,0.09124143795447333
2025.0,7.0,22.0,14.0,26.0,50.0,0.18999999999999995,0.0683145590697307,0.1100000000000001,/Users/rasmus/Desktop/Fysik/AppliedML2026/Final_project_data/data/ML_data/NBI/FDM data/Arrivals/Nuuk Arrival_ 218654_OY-GRO_22_07_25_28_14.csv,0.09640409742329423
2025.0,7.0,22.0,17.0,40.0,31.0,0.24,0.08183316361150086,0.1654999999999999,/Users/rasmus/Desktop/Fysik/AppliedML2026/Final_project_data/data/ML_data/NBI/FDM data/Arrivals/Nuuk Arrival_ 218672_OY-GRO_22_07_25_41_17.csv,0.09433981132056608
2025.0,7.0,22.0,18.0,60.0,49.0,0.18999999999999995,0.05780963607382863,0.1100000000000001,/Users/rasmus/Desktop/Fysik/AppliedML2026/Final_project_data/data/ML_data/NBI/FDM data/Arrivals/Nuuk Arrival_ 218691_OY-GRM_22_07_25_02_19.csv,0.046115796281390065
2025.0,7.0,22.0,21.0,12.0,3.0,0.22999999999999998,0.07301540933255118,0.13449999999999984,/Users/rasmus/Desktop/Fysik/AppliedML2026/Final_project_data/data/ML_data/NBI/FDM data/Arrivals/Nuuk Arrival_ 218695_OY-GRJ_22_07_25_13_21.csv,0.10074720839804945
2025.0,7.0,22.0,22.0,19.0,11.0,0.19999999999999996,0.07343974554977091,0.1399999999999999,/Users/rasmus/Desktop/Fysik/AppliedML2026/Final_project_data/data/ML_data/NBI/FDM data/Arrivals/Nuuk Arrival_ 218698_OY-GRO_22_07_25_20_22.csv,0.10366951538930153
2025.0,7.0,23.0,11.0,44.0,27.0,0.18999999999999995,0.05442522634916549,0.11000000000000001,/Users/rasmus/Desktop/Fysik/AppliedML2026/Final_project_data/data/ML_data/NBI/FDM data/Arrivals/Nuuk Arrival_ 218703_OY-GRJ_23_07_25_46_11.csv,0.07960841664045329
2025.0,7.0,23.0,12.0,4.0,35.0,0.16999999999999993,0.036169171337257396,0.0635,/Users/rasmus/Desktop/Fysik/AppliedML2026/Final_project_data/data/ML_data/NBI/FDM data/Arrivals/Nuuk Arrival_ 218707_OY-GRP_23_07_25_05_12.csv,0.06565459858828987
2025.0,7.0,23.0,12.0,21.0,58.0,0.21999999999999997,0.07043768799377405,0.1299999999999999,/Users/rasmus/Desktop/Fysik/AppliedML2026/Final_project_data/data/ML_data/NBI/FDM data/Arrivals/Nuuk Arrival_ 218708_OY-GRO_23_07_25_22_12.csv,0.09530137953448771
2025.0,7.0,23.0,13.0,29.0,4.0,0.16999999999999993,0.04641466349823431,0.08000000000000007,/Users/rasmus/Desktop/Fysik/AppliedML2026/Final_project_data/data/ML_data/NBI/FDM data/Arrivals/Nuuk Arrival_ 218709_OY-GRM_23_07_25_30_13.csv,0.056213877290220836
2025.0,7.0,23.0,14.0,55.0,6.0,0.32999999999999996,0.06911759095418725,0.1299999999999999,/Users/rasmus/Desktop/Fysik/AppliedML2026/Final_project_data/data/ML_data/NBI/FDM data/Arrivals/Nuuk Arrival_ 218715_OY-GRP_23_07_25_57_14.csv,0.0562887293570532
2025.0,7.0,23.0,16.0,54.0,48.0,0.24,0.06822484613122726,0.10000000000000009,/Users/rasmus/Desktop/Fysik/AppliedML2026/Final_project_data/data/ML_data/NBI/FDM data/Arrivals/Nuuk Arrival_ 218719_OY-GRO_23_07_25_55_16.csv,0.09993748045653343
2025.0,7.0,23.0,17.0,35.0,47.0,0.3799999999999999,0.05861953599270471,0.10000000000000009,/Users/rasmus/Desktop/Fysik/AppliedML2026/Final_project_data/data/ML_data/NBI/FDM data/Arrivals/Nuuk Arrival_ 218721_OY-GRM_23_07_25_37_17.csv,0.1272230886502693
2025.0,7.0,23.0,21.0,19.0,13.0,0.18999999999999995,0.049268534938963326,0.09199999999999997,/Users/rasmus/Desktop/Fysik/AppliedML2026/Final_project_data/data/ML_data/NBI/FDM data/Arrivals/Nuuk Arrival_ 218749_OY-GRM_23_07_25_21_21.csv,0.07851564100453452
2025.0,7.0,23.0,23.0,4.0,50.0,0.1299999999999999,0.05932086915446693,0.09000000000000008,/Users/rasmus/Desktop/Fysik/AppliedML2026/Final_project_data/data/ML_data/NBI/FDM data/Arrivals/Nuuk Arrival_ 218753_OY-GRO_23_07_25_05_23.csv,0.07172478263783344
2025.0,7.0,24.0,0.0,54.0,46.0,0.1499999999999999,0.04385290096535149,0.08000000000000007,/Users/rasmus/Desktop/Fysik/AppliedML2026/Final_project_data/data/ML_data/NBI/FDM data/Arrivals/Nuuk Arrival_ 218754_OY-GRM_24_07_25_55_00.csv,0.05037951208671282
2025.0,7.0,24.0,11.0,2.0,53.0,0.16999999999999993,0.04587687325875643,0.0865,/Users/rasmus/Desktop/Fysik/AppliedML2026/Final_project_data/data/ML_data/NBI/FDM data/Arrivals/Nuuk Arrival_ 218759_OY-GRM_24_07_25_04_11.csv,0.08778524933039716
2025.0,7.0,24.0,13.0,22.0,8.0,0.1499999999999999,0.04903876018008615,0.10999999999999999,/Users/rasmus/Desktop/Fysik/AppliedML2026/Final_project_data/data/ML_data/NBI/FDM data/Arrivals/Nuuk Arrival_ 218764_OY-GRG_24_07_25_24_13.csv,0.06219927652312367
2025.0,7.0,24.0,14.0,39.0,24.0,0.1499999999999999,0.06270230416315198,0.1100000000000001,/Users/rasmus/Desktop/Fysik/AppliedML2026/Final_project_data/data/ML_data/NBI/FDM data/Arrivals/Nuuk Arrival_ 218765_OY-GRO_24_07_25_41_14.csv,0.08034647195462634
2025.0,7.0,24.0,14.0,56.0,0.0,0.18999999999999995,0.04662944944512597,0.08850000000000002,/Users/rasmus/Desktop/Fysik/AppliedML2026/Final_project_data/data/ML_data/NBI/FDM data/Arrivals/Nuuk Arrival_ 218768_OY-GRJ_24_07_25_58_14.csv,0.048989794855663606
2025.0,7.0,24.0,14.0,3.0,41.0,0.09000000000000008,0.03244560665643886,0.06000000000000005,/Users/rasmus/Desktop/Fysik/AppliedML2026/Final_project_data/data/ML_data/NBI/FDM data/Arrivals/Nuuk Arrival_ 218788_OY-GRM_24_07_25_05_14.csv,0.04772607021092121
2025.0,7.0,24.0,19.0,29.0,3.0,0.18000000000000005,0.04467513591020226,0.08000000000000007,/Users/rasmus/Desktop/Fysik/AppliedML2026/Final_project_data/data/ML_data/NBI/FDM data/Arrivals/Nuuk Arrival_ 218790_OY-GRP_24_07_25_31_19.csv,0.060000000000000026
2025.0,7.0,24.0,20.0,35.0,5.0,0.18999999999999995,0.06989788470128613,0.1499999999999999,/Users/rasmus/Desktop/Fysik/AppliedML2026/Final_project_data/data/ML_data/NBI/FDM data/Arrivals/Nuuk Arrival_ 219784_OY-GRM_24_07_25_36_20.csv,0.07653197277702216
2025.0,7.0,24.0,21.0,43.0,14.0,0.19999999999999996,0.07886138248254862,0.14999999999999994,/Users/rasmus/Desktop/Fysik/AppliedML2026/Final_project_data/data/ML_data/NBI/FDM data/Arrivals/Nuuk Arrival_ 219795_OY-GRO_24_07_25_45_21.csv,0.08628704737939842
2025.0,7.0,25.0,13.0,53.0,48.0,0.15999999999999992,0.04893119960804118,0.1100000000000001,/Users/rasmus/Desktop/Fysik/AppliedML2026/Final_project_data/data/ML_data/NBI/FDM data/Arrivals/Nuuk Arrival_ 219805_OY-GRM_25_07_25_54_13.csv,0.07067531393633848
2025.0,7.0,25.0,14.0,23.0,14.0,0.20999999999999996,0.07360466737119009,0.1299999999999999,/Users/rasmus/Desktop/Fysik/AppliedML2026/Final_project_data/data/ML_data/NBI/FDM data/Arrivals/Nuuk Arrival_ 219807_OY-GRO_25_07_25_25_14.csv,0.11644741302407709
2025.0,7.0,25.0,16.0,27.0,13.0,0.16999999999999993,0.06533732101365484,0.1299999999999999,/Users/rasmus/Desktop/Fysik/AppliedML2026/Final_project_data/data/ML_data/NBI/FDM data/Arrivals/Nuuk Arrival_ 219814_OY-GRO_25_07_25_29_16.csv,0.09514694517676639
2025.0,7.0,25.0,16.0,36.0,12.0,0.4099999999999999,0.06205187170914909,0.1100000000000001,/Users/rasmus/Desktop/Fysik/AppliedML2026/Final_project_data/data/ML_data/NBI/FDM data/Arrivals/Nuuk Arrival_ 219815_OY-GRJ_25_07_25_38_16.csv,0.13900747074555714
2025.0,7.0,25.0,16.0,11.0,22.0,0.21999999999999997,0.051977970350037754,0.09199999999999997,/Users/rasmus/Desktop/Fysik/AppliedML2026/Final_project_data/data/ML_data/NBI/FDM data/Arrivals/Nuuk Arrival_ 219816_OY-GRP_25_07_25_13_16.csv,0.06962082176712234
2025.0,7.0,25.0,21.0,13.0,5.0,0.21999999999999997,0.05858657152997064,0.1100000000000001,/Users/rasmus/Desktop/Fysik/AppliedML2026/Final_project_data/data/ML_data/NBI/FDM data/Arrivals/Nuuk Arrival_ 219833_OY-GRJ_25_07_25_17_21.csv,0.09976639380740054
2025.0,7.0,25.0,21.0,37.0,42.0,0.22999999999999998,0.07049883311151664,0.1200000000000001,/Users/rasmus/Desktop/Fysik/AppliedML2026/Final_project_data/data/ML_data/NBI/FDM data/Arrivals/Nuuk Arrival_ 219835_OY-GRO_25_07_25_38_21.csv,0.1041209703690291
2025.0,7.0,25.0,21.0,25.0,25.0,0.14,0.07082843120291929,0.1284999999999999,/Users/rasmus/Desktop/Fysik/AppliedML2026/Final_project_data/data/ML_data/NBI/FDM data/Arrivals/Nuuk Arrival_ 219836_OY-GRP_25_07_25_25_21.csv,0.07022285952594072
2025.0,7.0,25.0,22.0,29.0,27.0,0.1299999999999999,0.03667308623823866,0.08000000000000007,/Users/rasmus/Desktop/Fysik/AppliedML2026/Final_project_data/data/ML_data/NBI/FDM data/Arrivals/Nuuk Arrival_ 219837_OY-GRM_25_07_25_31_22.csv,0.06888725967444596
2025.0,7.0,26.0,12.0,57.0,40.0,0.17999999999999994,0.059529404498953324,0.1100000000000001,/Users/rasmus/Desktop/Fysik/AppliedML2026/Final_project_data/data/ML_data/NBI/FDM data/Arrivals/Nuuk Arrival_ 219844_OY-GRJ_26_07_25_58_12.csv,0.0681909084849293
2025.0,7.0,26.0,14.0,20.0,33.0,0.17999999999999994,0.04339871283646636,0.08799999999999981,/Users/rasmus/Desktop/Fysik/AppliedML2026/Final_project_data/data/ML_data/NBI/FDM data/Arrivals/Nuuk Arrival_ 219858_OY-GRP_26_07_25_22_14.csv,0.047559486560567125
2025.0,7.0,26.0,14.0,43.0,58.0,0.3500000000000001,0.08084376466811952,0.1399999999999999,/Users/rasmus/Desktop/Fysik/AppliedML2026/Final_project_data/data/ML_data/NBI/FDM data/Arrivals/Nuuk Arrival_ 219859_OY-GRO_26_07_25_45_14.csv,0.12433351732100145
2025.0,7.0,26.0,14.0,8.0,51.0,0.22999999999999998,0.04097626208006357,0.07650000000000012,/Users/rasmus/Desktop/Fysik/AppliedML2026/Final_project_data/data/ML_data/NBI/FDM data/Arrivals/Nuuk Arrival_ 219863_OY-GRM_26_07_25_10_14.csv,0.0878208403512515
2025.0,7.0,26.0,17.0,54.0,35.0,0.20999999999999996,0.05024937810560449,0.09000000000000008,/Users/rasmus/Desktop/Fysik/AppliedML2026/Final_project_data/data/ML_data/NBI/FDM data/Arrivals/Nuuk Arrival_ 219870_OY-GRJ_26_07_25_57_17.csv,0.05486826328388278
2025.0,7.0,26.0,18.0,38.0,10.0,0.18999999999999995,0.07272539481396759,0.1299999999999999,/Users/rasmus/Desktop/Fysik/AppliedML2026/Final_project_data/data/ML_data/NBI/FDM data/Arrivals/Nuuk Arrival_ 219875_OY-GRO_26_07_25_40_18.csv,0.091583295420071
2025.0,7.0,26.0,18.0,45.0,50.0,0.18999999999999995,0.05010423916804543,0.10300000000000006,/Users/rasmus/Desktop/Fysik/AppliedML2026/Final_project_data/data/ML_data/NBI/FDM data/Arrivals/Nuuk Arrival_ 219876_OY-GRP_26_07_25_46_18.csv,0.07695597587076798
2025.0,7.0,26.0,19.0,21.0,24.0,0.24,0.04720536470246698,0.08699999999999997,/Users/rasmus/Desktop/Fysik/AppliedML2026/Final_project_data/data/ML_data/NBI/FDM data/Arrivals/Nuuk Arrival_ 219877_OY-GRM_26_07_25_23_19.csv,0.08043631020876084
2025.0,7.0,26.0,21.0,42.0,53.0,0.1499999999999999,0.03830769733091184,0.06899999999999998,/Users/rasmus/Desktop/Fysik/AppliedML2026/Final_project_data/data/ML_data/NBI/FDM data/Arrivals/Nuuk Arrival_ 219883_OY-GRJ_26_07_25_43_21.csv,0.06658328118479395
2025.0,7.0,26.0,22.0,25.0,40.0,0.10000000000000009,0.027217641337926424,0.050000000000000044,/Users/rasmus/Desktop/Fysik/AppliedML2026/Final_project_data/data/ML_data/NBI/FDM data/Arrivals/Nuuk Arrival_ 219884_OY-GRP_26_07_25_26_22.csv,0.03736085295243319
2025.0,7.0,27.0,11.0,42.0,52.0,0.18999999999999995,0.04228678331359285,0.07399999999999998,/Users/rasmus/Desktop/Fysik/AppliedML2026/Final_project_data/data/ML_data/NBI/FDM data/Arrivals/Nuuk Arrival_ 219887_OY-GRP_27_07_25_43_11.csv,0.06623820649745885
2025.0,7.0,27.0,13.0,16.0,41.0,0.32999999999999996,0.06761946937115682,0.11000000000000008,/Users/rasmus/Desktop/Fysik/AppliedML2026/Final_project_data/data/ML_data/NBI/FDM data/Arrivals/Nuuk Arrival_ 219890_OY-GRJ_27_07_25_18_13.csv,0.048720470138601084
2025.0,7.0,27.0,17.0,10.0,48.0,0.1499999999999999,0.04999310297258602,0.09799999999999992,/Users/rasmus/Desktop/Fysik/AppliedML2026/Final_project_data/data/ML_data/NBI/FDM data/Arrivals/Nuuk Arrival_ 219896_OY-GRJ_27_07_25_12_17.csv,0.05636420031299196
2025.0,7.0,27.0,16.0,10.0,50.0,0.1299999999999999,0.04413374684546363,0.08000000000000007,/Users/rasmus/Desktop/Fysik/AppliedML2026/Final_project_data/data/ML_data/NBI/FDM data/Arrivals/Nuuk Arrival_ 219897_OY-GRP_27_07_25_11_16.csv,0.05562773089426214
2025.0,7.0,27.0,17.0,60.0,53.0,0.16999999999999993,0.04582575694955842,0.08000000000000007,/Users/rasmus/Desktop/Fysik/AppliedML2026/Final_project_data/data/ML_data/NBI/FDM data/Arrivals/Nuuk Arrival_ 219900_OY-GRM_27_07_25_01_18.csv,0.061200118835297586
2025.0,7.0,27.0,19.0,4.0,29.0,0.1499999999999999,0.05737641484209737,0.125,/Users/rasmus/Desktop/Fysik/AppliedML2026/Final_project_data/data/ML_data/NBI/FDM data/Arrivals/Nuuk Arrival_ 219901_OY-GRP_27_07_25_06_19.csv,0.06511528238439886
2025.0,7.0,27.0,19.0,59.0,59.0,0.24,0.06933463540444033,0.12250000000000005,/Users/rasmus/Desktop/Fysik/AppliedML2026/Final_project_data/data/ML_data/NBI/FDM data/Arrivals/Nuuk Arrival_ 219903_OY-GRO_27_07_25_00_20.csv,0.09451631252505216
2025.0,7.0,28.0,11.0,35.0,4.0,0.1299999999999999,0.04194591111728844,0.09000000000000002,/Users/rasmus/Desktop/Fysik/AppliedML2026/Final_project_data/data/ML_data/NBI/FDM data/Arrivals/Nuuk Arrival_ 219909_OY-GRJ_28_07_25_36_11.csv,0.055075705472861045
2025.0,7.0,28.0,11.0,48.0,48.0,0.1399999999999999,0.03742789678337697,0.08000000000000007,/Users/rasmus/Desktop/Fysik/AppliedML2026/Final_project_data/data/ML_data/NBI/FDM data/Arrivals/Nuuk Arrival_ 219911_OY-GRP_28_07_25_49_11.csv,0.053311398998318334
2025.0,7.0,28.0,12.0,58.0,4.0,0.16999999999999993,0.03545810196986249,0.07000000000000006,/Users/rasmus/Desktop/Fysik/AppliedML2026/Final_project_data/data/ML_data/NBI/FDM data/Arrivals/Nuuk Arrival_ 219915_OY-GRM_28_07_25_01_13.csv,0.055595944914256984
2025.0,7.0,28.0,12.0,24.0,7.0,0.24,0.0778762215464576,0.12799999999999992,/Users/rasmus/Desktop/Fysik/AppliedML2026/Final_project_data/data/ML_data/NBI/FDM data/Arrivals/Nuuk Arrival_ 219916_OY-GRO_28_07_25_25_12.csv,0.11202678251204042
2025.0,7.0,28.0,16.0,53.0,43.0,0.19999999999999996,0.06432924192091978,0.1100000000000001,/Users/rasmus/Desktop/Fysik/AppliedML2026/Final_project_data/data/ML_data/NBI/FDM data/Arrivals/Nuuk Arrival_ 219926_OY-GRM_28_07_25_55_16.csv,0.06587867636800242
2025.0,7.0,28.0,17.0,2.0,48.0,0.4099999999999999,0.06664146810596111,0.12999999999999995,/Users/rasmus/Desktop/Fysik/AppliedML2026/Final_project_data/data/ML_data/NBI/FDM data/Arrivals/Nuuk Arrival_ 219929_OY-GRJ_28_07_25_03_17.csv,0.11602801385872293
2025.0,7.0,28.0,19.0,57.0,24.0,0.25,0.06631695216405757,0.11199999999999999,/Users/rasmus/Desktop/Fysik/AppliedML2026/Final_project_data/data/ML_data/NBI/FDM data/Arrivals/Nuuk Arrival_ 219955_OY-GRO_28_07_25_59_19.csv,0.10831089511217237
2025.0,7.0,28.0,19.0,49.0,55.0,0.10000000000000009,0.03656010423089693,0.07000000000000006,/Users/rasmus/Desktop/Fysik/AppliedML2026/Final_project_data/data/ML_data/NBI/FDM data/Arrivals/Nuuk Arrival_ 219957_OY-GRP_28_07_25_51_19.csv,0.04461475305855893
2025.0,7.0,28.0,22.0,28.0,56.0,0.1399999999999999,0.047042996059571636,0.09000000000000008,/Users/rasmus/Desktop/Fysik/AppliedML2026/Final_project_data/data/ML_data/NBI/FDM data/Arrivals/Nuuk Arrival_ 219960_OY-GRJ_28_07_25_29_22.csv,0.0572033410057684
2025.0,7.0,22.0,14.0,4.0,41.0,0.17999999999999994,0.054194095619356925,0.1200000000000001,/Users/rasmus/Desktop/Fysik/AppliedML2026/Final_project_data/data/ML_data/NBI/FDM data/Arrivals/Nuuk Arrival_ 219962_OY-GRR_22_07_25_53_13.csv,0.0449444101084885
2025.0,7.0,23.0,12.0,10.0,25.0,0.45999999999999996,0.0826878027720699,0.13099999999999995,/Users/rasmus/Desktop/Fysik/AppliedML2026/Final_project_data/data/ML_data/NBI/FDM data/Arrivals/Nuuk Arrival_ 219966_OY-GRR_23_07_25_03_12.csv,0.05049752469181042
2025.0,7.0,23.0,17.0,43.0,22.0,0.20999999999999996,0.04941322360124533,0.10250000000000009,/Users/rasmus/Desktop/Fysik/AppliedML2026/Final_project_data/data/ML_data/NBI/FDM data/Arrivals/Nuuk Arrival_ 219970_OY-GRR_23_07_25_39_17.csv,0.0897527467855751
2025.0,7.0,23.0,22.0,23.0,17.0,0.1100000000000001,0.03744625778662301,0.07550000000000004,/Users/rasmus/Desktop/Fysik/AppliedML2026/Final_project_data/data/ML_data/NBI/FDM data/Arrivals/Nuuk Arrival_ 219973_OY-GRR_23_07_25_14_22.csv,0.05196152422706637
2025.0,7.0,24.0,13.0,25.0,13.0,0.33000000000000007,0.0913671668799765,0.17999999999999994,/Users/rasmus/Desktop/Fysik/AppliedML2026/Final_project_data/data/ML_data/NBI/FDM data/Arrivals/Nuuk Arrival_ 219975_OY-GRR_24_07_25_13_13.csv,0.08780142885563375
2025.0,7.0,24.0,20.0,6.0,1.0,0.15000000000000002,0.05118035337342419,0.10299999999999992,/Users/rasmus/Desktop/Fysik/AppliedML2026/Final_project_data/data/ML_data/NBI/FDM data/Arrivals/Nuuk Arrival_ 219977_OY-GRR_24_07_25_59_19.csv,0.07085938633363223
2025.0,7.0,25.0,13.0,36.0,15.0,0.4099999999999999,0.1154800569984118,0.25,/Users/rasmus/Desktop/Fysik/AppliedML2026/Final_project_data/data/ML_data/NBI/FDM data/Arrivals/Nuuk Arrival_ 219979_OY-GRR_25_07_25_19_13.csv,0.10608744249224533
2025.0,7.0,25.0,21.0,44.0,7.0,0.1499999999999999,0.04706435767585554,0.09000000000000001,/Users/rasmus/Desktop/Fysik/AppliedML2026/Final_project_data/data/ML_data/NBI/FDM data/Arrivals/Nuuk Arrival_ 219981_OY-GRR_25_07_25_33_21.csv,0.0724255103223619
2025.0,7.0,26.0,14.0,14.0,58.0,0.39,0.0620483682299543,0.1175000000000001,/Users/rasmus/Desktop/Fysik/AppliedML2026/Final_project_data/data/ML_data/NBI/FDM data/Arrivals/Nuuk Arrival_ 219983_OY-GRR_26_07_25_11_14.csv,0.0649615270756469
2025.0,7.0,26.0,18.0,19.0,40.0,0.1200000000000001,0.041920062818019126,0.08500000000000008,/Users/rasmus/Desktop/Fysik/AppliedML2026/Final_project_data/data/ML_data/NBI/FDM data/Arrivals/Nuuk Arrival_ 219985_OY-GRR_26_07_25_12_18.csv,0.06092425383935662
2025.0,7.0,26.0,22.0,49.0,55.0,0.1499999999999999,0.045291327512296316,0.09300000000000005,/Users/rasmus/Desktop/Fysik/AppliedML2026/Final_project_data/data/ML_data/NBI/FDM data/Arrivals/Nuuk Arrival_ 219988_OY-GRR_26_07_25_44_22.csv,0.06296257391725434
2025.0,7.0,27.0,9.0,18.0,8.0,0.17999999999999994,0.04072513456534988,0.07000000000000006,/Users/rasmus/Desktop/Fysik/AppliedML2026/Final_project_data/data/ML_data/NBI/FDM data/Arrivals/Nuuk Arrival_ 219989_OY-GRR_27_07_25_13_09.csv,0.08722576072086352
2025.0,7.0,27.0,13.0,36.0,44.0,0.10000000000000009,0.03236779910041232,0.07000000000000006,/Users/rasmus/Desktop/Fysik/AppliedML2026/Final_project_data/data/ML_data/NBI/FDM data/Arrivals/Nuuk Arrival_ 219991_OY-GRR_27_07_25_29_13.csv,0.053049841793220455
2025.0,7.0,27.0,18.0,11.0,53.0,0.1100000000000001,0.03916631205513231,0.07100000000000001,/Users/rasmus/Desktop/Fysik/AppliedML2026/Final_project_data/data/ML_data/NBI/FDM data/Arrivals/Nuuk Arrival_ 219993_OY-GRR_27_07_25_04_18.csv,0.06151922776348376
2025.0,7.0,28.0,12.0,5.0,13.0,0.1299999999999999,0.03659705264492052,0.06949999999999984,/Users/rasmus/Desktop/Fysik/AppliedML2026/Final_project_data/data/ML_data/NBI/FDM data/Arrivals/Nuuk Arrival_ 219996_OY-GRR_28_07_25_59_11.csv,0.056975028268126796
2025.0,7.0,28.0,15.0,9.0,0.0,0.13,0.05274488100195236,0.10599999999999997,/Users/rasmus/Desktop/Fysik/AppliedML2026/Final_project_data/data/ML_data/NBI/FDM data/Arrivals/Nuuk Arrival_ 219998_OY-GRR_28_07_25_03_15.csv,0.06223124032772666
2025.0,7.0,28.0,21.0,12.0,4.0,0.1200000000000001,0.03306363385193992,0.06899999999999998,/Users/rasmus/Desktop/Fysik/AppliedML2026/Final_project_data/data/ML_data/NBI/FDM data/Arrivals/Nuuk Arrival_ 220002_OY-GRR_28_07_25_05_21.csv,0.0428174419288838
2025.0,7.0,29.0,10.0,45.0,19.0,0.15999999999999992,0.03730707951338705,0.08000000000000007,/Users/rasmus/Desktop/Fysik/AppliedML2026/Final_project_data/data/ML_data/NBI/FDM data/Arrivals/Nuuk Arrival_ 220006_OY-GRP_29_07_25_47_10.csv,0.06928203230275512
2025.0,7.0,29.0,14.0,16.0,0.0,0.21999999999999997,0.06415560793091676,0.12150000000000014,/Users/rasmus/Desktop/Fysik/AppliedML2026/Final_project_data/data/ML_data/NBI/FDM data/Arrivals/Nuuk Arrival_ 220013_OY-GRM_29_07_25_18_14.csv,0.0622271823419816
2025.0,7.0,29.0,13.0,58.0,50.0,0.16999999999999993,0.05141098550790784,0.10900000000000001,/Users/rasmus/Desktop/Fysik/AppliedML2026/Final_project_data/data/ML_data/NBI/FDM data/Arrivals/Nuuk Arrival_ 220023_OY-GRP_29_07_25_59_13.csv,0.04401704215414755
2025.0,7.0,29.0,18.0,14.0,28.0,0.19999999999999996,0.07390130924937617,0.1469999999999999,/Users/rasmus/Desktop/Fysik/AppliedML2026/Final_project_data/data/ML_data/NBI/FDM data/Arrivals/Nuuk Arrival_ 220028_OY-GRP_29_07_25_16_18.csv,0.059348312715882874
2025.0,7.0,29.0,15.0,28.0,4.0,0.35,0.10623900255422589,0.21399999999999988,/Users/rasmus/Desktop/Fysik/AppliedML2026/Final_project_data/data/ML_data/NBI/FDM data/Arrivals/Nuuk Arrival_ 220029_OY-GRJ_29_07_25_31_15.csv,0.060682393996747304
2025.0,7.0,29.0,19.0,4.0,39.0,0.26,0.0714000908470919,0.1399999999999999,/Users/rasmus/Desktop/Fysik/AppliedML2026/Final_project_data/data/ML_data/NBI/FDM data/Arrivals/Nuuk Arrival_ 220031_OY-GRJ_29_07_25_10_19.csv,0.07093130479555555
2025.0,7.0,29.0,19.0,53.0,56.0,0.18000000000000005,0.05982532714028284,0.13599999999999984,/Users/rasmus/Desktop/Fysik/AppliedML2026/Final_project_data/data/ML_data/NBI/FDM data/Arrivals/Nuuk Arrival_ 220042_OY-GRM_29_07_25_55_19.csv,0.06976149845485449
2000.0,0.0,0.0,0.0,0.0,0.0,0.31000000000000005,0.10940012384259078,0.2129999999999998,/Users/rasmus/Desktop/Fysik/AppliedML2026/Final_project_data/data/ML_data/NBI/FDM data/Arrivals/Nuuk Arrival_ 220046_OY-GRO_29_07_25_30_20.csv,0.09074570297648069
2025.0,7.0,29.0,22.0,20.0,33.0,0.19999999999999996,0.07669347927809463,0.1369999999999998,/Users/rasmus/Desktop/Fysik/AppliedML2026/Final_project_data/data/ML_data/NBI/FDM data/Arrivals/Nuuk Arrival_ 220049_OY-GRO_29_07_25_21_22.csv,0.08048764420434494
2025.0,7.0,29.0,22.0,36.0,31.0,0.22999999999999998,0.0597864416456705,0.1100000000000001,/Users/rasmus/Desktop/Fysik/AppliedML2026/Final_project_data/data/ML_data/NBI/FDM data/Arrivals/Nuuk Arrival_ 220050_OY-GRP_29_07_25_38_22.csv,0.06633249580710801
2025.0,7.0,29.0,23.0,24.0,17.0,0.19999999999999996,0.05598087412426265,0.10000000000000006,/Users/rasmus/Desktop/Fysik/AppliedML2026/Final_project_data/data/ML_data/NBI/FDM data/Arrivals/Nuuk Arrival_ 220051_OY-GRJ_29_07_25_26_23.csv,0.07673483755190762
2025.0,7.0,30.0,14.0,38.0,2.0,0.17999999999999994,0.06578776712300173,0.1100000000000001,/Users/rasmus/Desktop/Fysik/AppliedML2026/Final_project_data/data/ML_data/NBI/FDM data/Arrivals/Nuuk Arrival_ 220061_OY-GRO_30_07_25_40_14.csv,0.08698658900466597
2025.0,7.0,30.0,17.0,31.0,59.0,0.15999999999999992,0.0461849634346248,0.08999999999999998,/Users/rasmus/Desktop/Fysik/AppliedML2026/Final_project_data/data/ML_data/NBI/FDM data/Arrivals/Nuuk Arrival_ 220066_OY-GRJ_30_07_25_32_17.csv,0.0757957782465488
2025.0,7.0,30.0,19.0,10.0,5.0,0.1499999999999999,0.052110992655634174,0.11000000000000001,/Users/rasmus/Desktop/Fysik/AppliedML2026/Final_project_data/data/ML_data/NBI/FDM data/Arrivals/Nuuk Arrival_ 220073_OY-GRM_30_07_25_12_19.csv,0.06826419266350406
2025.0,7.0,30.0,15.0,19.0,56.0,0.14,0.04573720467947177,0.09499999999999997,/Users/rasmus/Desktop/Fysik/AppliedML2026/Final_project_data/data/ML_data/NBI/FDM data/Arrivals/Nuuk Arrival_ 220077_OY-GRP_30_07_25_20_15.csv,0.04224470836229536
2025.0,7.0,30.0,21.0,46.0,2.0,0.19999999999999996,0.07235868860415981,0.1399999999999999,/Users/rasmus/Desktop/Fysik/AppliedML2026/Final_project_data/data/ML_data/NBI/FDM data/Arrivals/Nuuk Arrival_ 220091_OY-GRO_30_07_25_49_21.csv,0.08236631912569477
2025.0,7.0,30.0,22.0,3.0,12.0,0.15999999999999992,0.052012527628476524,0.11449999999999994,/Users/rasmus/Desktop/Fysik/AppliedML2026/Final_project_data/data/ML_data/NBI/FDM data/Arrivals/Nuuk Arrival_ 220092_OY-GRJ_30_07_25_05_22.csv,0.06962633185050414
2025.0,7.0,31.0,11.0,45.0,36.0,0.1399999999999999,0.03441114621931368,0.050000000000000044,/Users/rasmus/Desktop/Fysik/AppliedML2026/Final_project_data/data/ML_data/NBI/FDM data/Arrivals/Nuuk Arrival_ 220098_OY-GRM_31_07_25_46_11.csv,0.05015764621355563
2025.0,7.0,31.0,14.0,14.0,23.0,0.3799999999999999,0.07403432366869493,0.1299999999999999,/Users/rasmus/Desktop/Fysik/AppliedML2026/Final_project_data/data/ML_data/NBI/FDM data/Arrivals/Nuuk Arrival_ 220109_OY-GRO_31_07_25_16_14.csv,0.12592160259463028
2025.0,7.0,31.0,15.0,19.0,59.0,0.17999999999999994,0.0425723943315864,0.08000000000000007,/Users/rasmus/Desktop/Fysik/AppliedML2026/Final_project_data/data/ML_data/NBI/FDM data/Arrivals/Nuuk Arrival_ 220110_OY-GRJ_31_07_25_21_15.csv,0.07756717518813398
2025.0,7.0,31.0,15.0,28.0,24.0,0.19999999999999996,0.042574699552866,0.08000000000000007,/Users/rasmus/Desktop/Fysik/AppliedML2026/Final_project_data/data/ML_data/NBI/FDM data/Arrivals/Nuuk Arrival_ 220111_OY-GRM_31_07_25_30_15.csv,0.07224956747275378
2025.0,7.0,31.0,19.0,50.0,32.0,0.12,0.037682887362833574,0.08000000000000007,/Users/rasmus/Desktop/Fysik/AppliedML2026/Final_project_data/data/ML_data/NBI/FDM data/Arrivals/Nuuk Arrival_ 220122_OY-GRM_31_07_25_52_19.csv,0.05924969464722564
2025.0,7.0,31.0,21.0,55.0,45.0,0.16999999999999993,0.06305399631754445,0.1100000000000001,/Users/rasmus/Desktop/Fysik/AppliedML2026/Final_project_data/data/ML_data/NBI/FDM data/Arrivals/Nuuk Arrival_ 220139_OY-GRO_31_07_25_56_21.csv,0.08179797730328725
2025.0,8.0,1.0,12.0,11.0,13.0,0.27,0.07552438403767135,0.1299999999999999,/Users/rasmus/Desktop/Fysik/AppliedML2026/Final_project_data/data/ML_data/NBI/FDM data/Arrivals/Nuuk Arrival_ 220149_OY-GRO_01_08_25_14_12.csv,0.0882509789980692
2025.0,8.0,1.0,12.0,17.0,51.0,0.17999999999999994,0.044070419045686274,0.08149999999999985,/Users/rasmus/Desktop/Fysik/AppliedML2026/Final_project_data/data/ML_data/NBI/FDM data/Arrivals/Nuuk Arrival_ 220150_OY-GRP_01_08_25_20_12.csv,0.06344288770224761
2025.0,8.0,1.0,12.0,13.0,22.0,0.17999999999999994,0.04311125005908327,0.08000000000000003,/Users/rasmus/Desktop/Fysik/AppliedML2026/Final_project_data/data/ML_data/NBI/FDM data/Arrivals/Nuuk Arrival_ 220151_OY-GRJ_01_08_25_16_12.csv,0.05986094998689326
2025.0,8.0,1.0,12.0,27.0,16.0,0.1200000000000001,0.05458937625582477,0.10000000000000009,/Users/rasmus/Desktop/Fysik/AppliedML2026/Final_project_data/data/ML_data/NBI/FDM data/Arrivals/Nuuk Arrival_ 220152_OY-GRM_01_08_25_29_12.csv,0.055298234482143376
2025.0,8.0,1.0,16.0,34.0,0.0,0.1399999999999999,0.04639803635691688,0.09000000000000008,/Users/rasmus/Desktop/Fysik/AppliedML2026/Final_project_data/data/ML_data/NBI/FDM data/Arrivals/Nuuk Arrival_ 220159_OY-GRJ_01_08_25_35_16.csv,0.06025308940302314
2025.0,8.0,1.0,17.0,24.0,59.0,0.30000000000000004,0.06761364461609513,0.1100000000000001,/Users/rasmus/Desktop/Fysik/AppliedML2026/Final_project_data/data/ML_data/NBI/FDM data/Arrivals/Nuuk Arrival_ 220161_OY-GRO_01_08_25_26_17.csv,0.10549881515922348
2025.0,8.0,1.0,20.0,30.0,3.0,0.29000000000000004,0.059257796841314395,0.1100000000000001,/Users/rasmus/Desktop/Fysik/AppliedML2026/Final_project_data/data/ML_data/NBI/FDM data/Arrivals/Nuuk Arrival_ 220184_OY-GRJ_01_08_25_32_20.csv,0.06757711644237764
2025.0,8.0,1.0,20.0,46.0,17.0,0.21999999999999997,0.047375568011839675,0.09000000000000008,/Users/rasmus/Desktop/Fysik/AppliedML2026/Final_project_data/data/ML_data/NBI/FDM data/Arrivals/Nuuk Arrival_ 220185_OY-GRM_01_08_25_47_20.csv,0.08986100377805716
2025.0,8.0,2.0,13.0,43.0,9.0,0.18999999999999995,0.06698162779104777,0.13849999999999985,/Users/rasmus/Desktop/Fysik/AppliedML2026/Final_project_data/data/ML_data/NBI/FDM data/Arrivals/Nuuk Arrival_ 220205_OY-GRJ_02_08_25_44_13.csv,0.08433127952238334
2025.0,8.0,2.0,14.0,14.0,36.0,0.3700000000000001,0.08711162594137285,0.16699999999999982,/Users/rasmus/Desktop/Fysik/AppliedML2026/Final_project_data/data/ML_data/NBI/FDM data/Arrivals/Nuuk Arrival_ 220208_OY-GRO_02_08_25_16_14.csv,0.1392838827718412
2025.0,8.0,2.0,14.0,27.0,7.0,0.20999999999999996,0.07808167497870212,0.14899999999999983,/Users/rasmus/Desktop/Fysik/AppliedML2026/Final_project_data/data/ML_data/NBI/FDM data/Arrivals/Nuuk Arrival_ 220209_OY-GRM_02_08_25_29_14.csv,0.07791020472312987
2025.0,8.0,2.0,14.0,47.0,36.0,0.26,0.07508876982141481,0.1499999999999999,/Users/rasmus/Desktop/Fysik/AppliedML2026/Final_project_data/data/ML_data/NBI/FDM data/Arrivals/Nuuk Arrival_ 220211_OY-GRP_02_08_25_51_14.csv,0.09516433155337141
2025.0,8.0,2.0,18.0,21.0,29.0,0.21999999999999997,0.09055385138137417,0.17999999999999994,/Users/rasmus/Desktop/Fysik/AppliedML2026/Final_project_data/data/ML_data/NBI/FDM data/Arrivals/Nuuk Arrival_ 220225_OY-GRO_02_08_25_23_18.csv,0.08345481341632098
2025.0,8.0,2.0,19.0,4.0,45.0,0.1499999999999999,0.05644213218610978,0.11000000000000001,/Users/rasmus/Desktop/Fysik/AppliedML2026/Final_project_data/data/ML_data/NBI/FDM data/Arrivals/Nuuk Arrival_ 220242_OY-GRM_02_08_25_05_19.csv,0.07122308103927603
2025.0,8.0,2.0,19.0,56.0,33.0,0.15999999999999992,0.05595452699209504,0.1100000000000001,/Users/rasmus/Desktop/Fysik/AppliedML2026/Final_project_data/data/ML_data/NBI/FDM data/Arrivals/Nuuk Arrival_ 220243_OY-GRP_02_08_25_57_19.csv,0.06664215235560926
2025.0,8.0,2.0,20.0,12.0,55.0,0.22999999999999998,0.06862368779303393,0.1399999999999999,/Users/rasmus/Desktop/Fysik/AppliedML2026/Final_project_data/data/ML_data/NBI/FDM data/Arrivals/Nuuk Arrival_ 220245_OY-GRJ_02_08_25_14_20.csv,0.0737864787372622
2025.0,8.0,2.0,22.0,24.0,44.0,0.19999999999999996,0.06605598275056439,0.11899999999999977,/Users/rasmus/Desktop/Fysik/AppliedML2026/Final_project_data/data/ML_data/NBI/FDM data/Arrivals/Nuuk Arrival_ 220248_OY-GRO_02_08_25_25_22.csv,0.09855201672213514
2025.0,8.0,3.0,14.0,44.0,3.0,0.19999999999999996,0.06539818863640706,0.1100000000000001,/Users/rasmus/Desktop/Fysik/AppliedML2026/Final_project_data/data/ML_data/NBI/FDM data/Arrivals/Nuuk Arrival_ 220259_OY-GRO_03_08_25_46_14.csv,0.09553940431977677
2025.0,8.0,3.0,18.0,12.0,59.0,0.14,0.05303060340934457,0.0915,/Users/rasmus/Desktop/Fysik/AppliedML2026/Final_project_data/data/ML_data/NBI/FDM data/Arrivals/Nuuk Arrival_ 220263_OY-GRJ_03_08_25_13_18.csv,0.06698880503487135
2025.0,8.0,3.0,19.0,41.0,5.0,0.15000000000000002,0.03609657827222637,0.07299999999999995,/Users/rasmus/Desktop/Fysik/AppliedML2026/Final_project_data/data/ML_data/NBI/FDM data/Arrivals/Nuuk Arrival_ 220266_OY-GRP_03_08_25_43_19.csv,0.06318905872741853
2025.0,8.0,3.0,18.0,42.0,46.0,0.20999999999999996,0.07496665925596528,0.1399999999999999,/Users/rasmus/Desktop/Fysik/AppliedML2026/Final_project_data/data/ML_data/NBI/FDM data/Arrivals/Nuuk Arrival_ 220267_OY-GRO_03_08_25_43_18.csv,0.10416333327999829
2025.0,8.0,3.0,19.0,50.0,21.0,0.24,0.05253185661668511,0.10000000000000009,/Users/rasmus/Desktop/Fysik/AppliedML2026/Final_project_data/data/ML_data/NBI/FDM data/Arrivals/Nuuk Arrival_ 220268_OY-GRM_03_08_25_51_19.csv,0.0845732320474237
2025.0,8.0,4.0,11.0,28.0,50.0,0.16999999999999993,0.0661142477080395,0.09000000000000008,/Users/rasmus/Desktop/Fysik/AppliedML2026/Final_project_data/data/ML_data/NBI/FDM data/Arrivals/Nuuk Arrival_ 220274_OY-GRO_04_08_25_29_11.csv,0.08100558475750158
2025.0,8.0,4.0,11.0,51.0,45.0,0.1299999999999999,0.03298257823896915,0.06000000000000005,/Users/rasmus/Desktop/Fysik/AppliedML2026/Final_project_data/data/ML_data/NBI/FDM data/Arrivals/Nuuk Arrival_ 220276_OY-GRJ_04_08_25_52_11.csv,0.05157518783291051
2025.0,8.0,4.0,12.0,12.0,34.0,0.09000000000000008,0.02334223239289921,0.040000000000000036,/Users/rasmus/Desktop/Fysik/AppliedML2026/Final_project_data/data/ML_data/NBI/FDM data/Arrivals/Nuuk Arrival_ 220279_OY-GRP_04_08_25_13_12.csv,0.044415394546567705
2025.0,8.0,4.0,12.0,18.0,33.0,0.19999999999999996,0.05260179799723937,0.10000000000000009,/Users/rasmus/Desktop/Fysik/AppliedML2026/Final_project_data/data/ML_data/NBI/FDM data/Arrivals/Nuuk Arrival_ 220281_OY-GRM_04_08_25_20_12.csv,0.0729221986697023
2025.0,8.0,4.0,15.0,18.0,43.0,0.33000000000000007,0.047671033894048025,0.08000000000000007,/Users/rasmus/Desktop/Fysik/AppliedML2026/Final_project_data/data/ML_data/NBI/FDM data/Arrivals/Nuuk Arrival_ 220284_OY-GRM_04_08_25_20_15.csv,0.10341058939973222
2025.0,8.0,4.0,18.0,17.0,3.0,0.08000000000000007,0.0294101558132096,0.050000000000000044,/Users/rasmus/Desktop/Fysik/AppliedML2026/Final_project_data/data/ML_data/NBI/FDM data/Arrivals/Nuuk Arrival_ 220293_OY-GRM_04_08_25_19_18.csv,0.038035071534922464
2025.0,8.0,4.0,16.0,49.0,11.0,0.1299999999999999,0.036432729104474204,0.08000000000000007,/Users/rasmus/Desktop/Fysik/AppliedML2026/Final_project_data/data/ML_data/NBI/FDM data/Arrivals/Nuuk Arrival_ 220295_OY-GRJ_04_08_25_51_16.csv,0.05830951894845302
2025.0,8.0,4.0,20.0,39.0,0.0,0.1100000000000001,0.038278158149319966,0.07000000000000006,/Users/rasmus/Desktop/Fysik/AppliedML2026/Final_project_data/data/ML_data/NBI/FDM data/Arrivals/Nuuk Arrival_ 220310_OY-GRJ_04_08_25_40_20.csv,0.05629165124598856
2025.0,8.0,4.0,20.0,46.0,1.0,0.17999999999999994,0.04595650117230426,0.09000000000000008,/Users/rasmus/Desktop/Fysik/AppliedML2026/Final_project_data/data/ML_data/NBI/FDM data/Arrivals/Nuuk Arrival_ 220311_OY-GRM_04_08_25_47_20.csv,0.0848528137423857
2025.0,8.0,4.0,21.0,0.0,26.0,0.41999999999999993,0.052288535159161896,0.09250000000000005,/Users/rasmus/Desktop/Fysik/AppliedML2026/Final_project_data/data/ML_data/NBI/FDM data/Arrivals/Nuuk Arrival_ 220314_OY-GRP_04_08_25_03_21.csv,0.12198360545581523
2025.0,8.0,4.0,23.0,58.0,18.0,0.16999999999999993,0.06732036281839252,0.1100000000000001,/Users/rasmus/Desktop/Fysik/AppliedML2026/Final_project_data/data/ML_data/NBI/FDM data/Arrivals/Nuuk Arrival_ 220316_OY-GRO_05_08_25_00_00.csv,0.07431505414602936
2025.0,7.0,29.0,13.0,54.0,31.0,0.3899999999999999,0.08934564694543981,0.18000000000000005,/Users/rasmus/Desktop/Fysik/AppliedML2026/Final_project_data/data/ML_data/NBI/FDM data/Arrivals/Nuuk Arrival_ 220318_OY-GRR_29_07_25_39_13.csv,0.07314369419163898
2025.0,7.0,30.0,22.0,13.0,1.0,0.20999999999999996,0.04731047716943893,0.09000000000000008,/Users/rasmus/Desktop/Fysik/AppliedML2026/Final_project_data/data/ML_data/NBI/FDM data/Arrivals/Nuuk Arrival_ 220322_OY-GRR_30_07_25_07_22.csv,0.050284902590851596
2025.0,7.0,31.0,13.0,50.0,9.0,0.14,0.03794733192202057,0.07550000000000004,/Users/rasmus/Desktop/Fysik/AppliedML2026/Final_project_data/data/ML_data/NBI/FDM data/Arrivals/Nuuk Arrival_ 220324_OY-GRR_31_07_25_39_13.csv,0.0545762899854088
2025.0,7.0,31.0,18.0,6.0,23.0,0.24,0.048971064289176726,0.08999999999999997,/Users/rasmus/Desktop/Fysik/AppliedML2026/Final_project_data/data/ML_data/NBI/FDM data/Arrivals/Nuuk Arrival_ 220326_OY-GRR_31_07_25_58_17.csv,0.04023369234857774
2025.0,7.0,31.0,22.0,1.0,58.0,0.4,0.08117016995933958,0.12350000000000001,/Users/rasmus/Desktop/Fysik/AppliedML2026/Final_project_data/data/ML_data/NBI/FDM data/Arrivals/Nuuk Arrival_ 220328_OY-GRR_31_07_25_53_21.csv,0.06910137480542633
2025.0,8.0,1.0,11.0,44.0,42.0,0.32000000000000006,0.06759944555519729,0.13349999999999984,/Users/rasmus/Desktop/Fysik/AppliedML2026/Final_project_data/data/ML_data/NBI/FDM data/Arrivals/Nuuk Arrival_ 220330_OY-GRR_01_08_25_38_11.csv,0.06490377492873588
2025.0,8.0,1.0,16.0,27.0,7.0,0.17999999999999994,0.04764207638065818,0.08750000000000008,/Users/rasmus/Desktop/Fysik/AppliedML2026/Final_project_data/data/ML_data/NBI/FDM data/Arrivals/Nuuk Arrival_ 220332_OY-GRR_01_08_25_15_16.csv,0.06708203932499371
2025.0,8.0,1.0,22.0,24.0,18.0,0.10000000000000009,0.04110320771193569,0.07600000000000001,/Users/rasmus/Desktop/Fysik/AppliedML2026/Final_project_data/data/ML_data/NBI/FDM data/Arrivals/Nuuk Arrival_ 220337_OY-GRR_01_08_25_19_22.csv,0.05525342683011248
2025.0,8.0,2.0,14.0,7.0,52.0,0.17999999999999994,0.04448489912318564,0.09000000000000008,/Users/rasmus/Desktop/Fysik/AppliedML2026/Final_project_data/data/ML_data/NBI/FDM data/Arrivals/Nuuk Arrival_ 220340_OY-GRR_02_08_25_55_13.csv,0.07602631123499286
2025.0,8.0,2.0,17.0,48.0,8.0,0.1499999999999999,0.045184805705753214,0.09850000000000003,/Users/rasmus/Desktop/Fysik/AppliedML2026/Final_project_data/data/ML_data/NBI/FDM data/Arrivals/Nuuk Arrival_ 220342_OY-GRR_02_08_25_41_17.csv,0.066332495807108
2025.0,8.0,2.0,21.0,57.0,31.0,0.10000000000000009,0.034246167668806414,0.07800000000000004,/Users/rasmus/Desktop/Fysik/AppliedML2026/Final_project_data/data/ML_data/NBI/FDM data/Arrivals/Nuuk Arrival_ 220344_OY-GRR_02_08_25_51_21.csv,0.05281546822864047
2025.0,8.0,3.0,13.0,51.0,20.0,0.28,0.0509277563184985,0.0865,/Users/rasmus/Desktop/Fysik/AppliedML2026/Final_project_data/data/ML_data/NBI/FDM data/Arrivals/Nuuk Arrival_ 220346_OY-GRR_03_08_25_40_13.csv,0.06587867636800242
2025.0,8.0,3.0,18.0,14.0,56.0,0.21999999999999997,0.04866742769572397,0.09000000000000008,/Users/rasmus/Desktop/Fysik/AppliedML2026/Final_project_data/data/ML_data/NBI/FDM data/Arrivals/Nuuk Arrival_ 220348_OY-GRR_03_08_25_08_18.csv,0.07002645002928327
2025.0,8.0,4.0,14.0,16.0,2.0,0.18999999999999995,0.04419531430425193,0.09000000000000007,/Users/rasmus/Desktop/Fysik/AppliedML2026/Final_project_data/data/ML_data/NBI/FDM data/Arrivals/Nuuk Arrival_ 220350_OY-GRR_04_08_25_43_13.csv,0.07940568718860594
2025.0,8.0,4.0,17.0,51.0,29.0,0.16000000000000003,0.043935214012259374,0.08000000000000007,/Users/rasmus/Desktop/Fysik/AppliedML2026/Final_project_data/data/ML_data/NBI/FDM data/Arrivals/Nuuk Arrival_ 220352_OY-GRR_04_08_25_42_17.csv,0.0673609679265374
2025.0,8.0,4.0,23.0,10.0,25.0,0.3700000000000001,0.06881268186304897,0.1299999999999999,/Users/rasmus/Desktop/Fysik/AppliedML2026/Final_project_data/data/ML_data/NBI/FDM data/Arrivals/Nuuk Arrival_ 220356_OY-GRR_04_08_25_05_23.csv,0.06378675411086539
2025.0,8.0,5.0,13.0,20.0,35.0,0.25,0.07811424237861701,0.1399999999999999,/Users/rasmus/Desktop/Fysik/AppliedML2026/Final_project_data/data/ML_data/NBI/FDM data/Arrivals/Nuuk Arrival_ 220367_OY-GRO_05_08_25_22_13.csv,0.11827933040053959
2025.0,8.0,5.0,14.0,34.0,31.0,0.18999999999999995,0.04691205325650054,0.09300000000000003,/Users/rasmus/Desktop/Fysik/AppliedML2026/Final_project_data/data/ML_data/NBI/FDM data/Arrivals/Nuuk Arrival_ 220376_OY-GRP_05_08_25_36_14.csv,0.04957715942691865
2025.0,8.0,5.0,15.0,2.0,0.0,0.20999999999999996,0.051026500014244615,0.09300000000000003,/Users/rasmus/Desktop/Fysik/AppliedML2026/Final_project_data/data/ML_data/NBI/FDM data/Arrivals/Nuuk Arrival_ 220378_OY-GRM_05_08_25_04_15.csv,0.07502380574571933
2025.0,8.0,5.0,19.0,59.0,1.0,0.22999999999999998,0.06555547773570891,0.1399999999999999,/Users/rasmus/Desktop/Fysik/AppliedML2026/Final_project_data/data/ML_data/NBI/FDM data/Arrivals/Nuuk Arrival_ 220397_OY-GRJ_05_08_25_01_20.csv,0.06189709201569978
2025.0,8.0,5.0,18.0,2.0,35.0,0.24,0.07563683119061866,0.13599999999999984,/Users/rasmus/Desktop/Fysik/AppliedML2026/Final_project_data/data/ML_data/NBI/FDM data/Arrivals/Nuuk Arrival_ 220398_OY-GRO_05_08_25_04_18.csv,0.10580380165402589
2025.0,8.0,5.0,20.0,10.0,46.0,0.16999999999999993,0.05241971086296189,0.09300000000000005,/Users/rasmus/Desktop/Fysik/AppliedML2026/Final_project_data/data/ML_data/NBI/FDM data/Arrivals/Nuuk Arrival_ 220400_OY-GRM_05_08_25_11_20.csv,0.07874007874011812
2025.0,8.0,5.0,20.0,13.0,53.0,0.21999999999999997,0.06029721544104783,0.13099999999999995,/Users/rasmus/Desktop/Fysik/AppliedML2026/Final_project_data/data/ML_data/NBI/FDM data/Arrivals/Nuuk Arrival_ 220401_OY-GRP_05_08_25_15_20.csv,0.056815490845367175
2025.0,8.0,5.0,21.0,48.0,22.0,0.26,0.08753570700005801,0.1499999999999999,/Users/rasmus/Desktop/Fysik/AppliedML2026/Final_project_data/data/ML_data/NBI/FDM data/Arrivals/Nuuk Arrival_ 220410_OY-GRO_05_08_25_50_21.csv,0.10475078650171213
2025.0,8.0,5.0,23.0,14.0,21.0,0.21999999999999997,0.0682955760960087,0.15999999999999992,/Users/rasmus/Desktop/Fysik/AppliedML2026/Final_project_data/data/ML_data/NBI/FDM data/Arrivals/Nuuk Arrival_ 220412_OY-GRP_05_08_25_15_23.csv,0.07239596998858595
2025.0,8.0,6.0,12.0,11.0,57.0,0.1299999999999999,0.04370956778314648,0.09000000000000008,/Users/rasmus/Desktop/Fysik/AppliedML2026/Final_project_data/data/ML_data/NBI/FDM data/Arrivals/Nuuk Arrival_ 220417_OY-GRJ_06_08_25_12_12.csv,0.06294075358254352
2025.0,8.0,6.0,11.0,54.0,12.0,0.33000000000000007,0.08033117293512369,0.1339999999999998,/Users/rasmus/Desktop/Fysik/AppliedML2026/Final_project_data/data/ML_data/NBI/FDM data/Arrivals/Nuuk Arrival_ 220420_OY-GRO_06_08_25_56_11.csv,0.12759310326189266
2025.0,8.0,6.0,13.0,28.0,31.0,0.1399999999999999,0.041010779777651336,0.08150000000000013,/Users/rasmus/Desktop/Fysik/AppliedML2026/Final_project_data/data/ML_data/NBI/FDM data/Arrivals/Nuuk Arrival_ 220423_OY-GRM_06_08_25_29_13.csv,0.05423261445466406
2025.0,8.0,6.0,15.0,38.0,6.0,0.1499999999999999,0.04049225409272045,0.08000000000000004,/Users/rasmus/Desktop/Fysik/AppliedML2026/Final_project_data/data/ML_data/NBI/FDM data/Arrivals/Nuuk Arrival_ 220441_OY-GRP_06_08_25_39_15.csv,0.04266145801540312
2025.0,8.0,6.0,21.0,27.0,19.0,0.16999999999999993,0.05554223401193139,0.1075000000000001,/Users/rasmus/Desktop/Fysik/AppliedML2026/Final_project_data/data/ML_data/NBI/FDM data/Arrivals/Nuuk Arrival_ 220457_OY-GRJ_06_08_25_30_21.csv,0.0579655069847578
2025.0,8.0,6.0,21.0,60.0,54.0,0.1499999999999999,0.047627944031120854,0.11300000000000007,/Users/rasmus/Desktop/Fysik/AppliedML2026/Final_project_data/data/ML_data/NBI/FDM data/Arrivals/Nuuk Arrival_ 220459_OY-GRP_06_08_25_01_22.csv,0.07710022337480255
2025.0,8.0,6.0,17.0,42.0,11.0,0.1499999999999999,0.056256986098159295,0.1100000000000001,/Users/rasmus/Desktop/Fysik/AppliedML2026/Final_project_data/data/ML_data/NBI/FDM data/Arrivals/Nuuk Arrival_ 220460_OY-GRM_06_08_25_44_17.csv,0.0721411659601296
2025.0,8.0,6.0,22.0,6.0,22.0,0.1499999999999999,0.04751218167383403,0.09000000000000004,/Users/rasmus/Desktop/Fysik/AppliedML2026/Final_project_data/data/ML_data/NBI/FDM data/Arrivals/Nuuk Arrival_ 220462_OY-GRM_06_08_25_08_22.csv,0.07392364900593681
2025.0,8.0,7.0,11.0,32.0,26.0,0.10999999999999999,0.04239482785165463,0.08000000000000007,/Users/rasmus/Desktop/Fysik/AppliedML2026/Final_project_data/data/ML_data/NBI/FDM data/Arrivals/Nuuk Arrival_ 220466_OY-GRM_07_08_25_34_11.csv,0.05984829305684656
2025.0,8.0,7.0,14.0,52.0,56.0,0.1399999999999999,0.035470858717852036,0.07000000000000006,/Users/rasmus/Desktop/Fysik/AppliedML2026/Final_project_data/data/ML_data/NBI/FDM data/Arrivals/Nuuk Arrival_ 220476_OY-GRP_07_08_25_53_14.csv,0.055412888710967945
2025.0,8.0,7.0,19.0,9.0,59.0,0.1299999999999999,0.04648845523985754,0.08549999999999991,/Users/rasmus/Desktop/Fysik/AppliedML2026/Final_project_data/data/ML_data/NBI/FDM data/Arrivals/Nuuk Arrival_ 220507_OY-GRJ_07_08_25_11_19.csv,0.04913538149119955
2025.0,8.0,7.0,20.0,26.0,15.0,0.10000000000000009,0.03295198527150277,0.06999999999999995,/Users/rasmus/Desktop/Fysik/AppliedML2026/Final_project_data/data/ML_data/NBI/FDM data/Arrivals/Nuuk Arrival_ 220519_OY-GRM_07_08_25_28_20.csv,0.05139237755337108
2025.0,8.0,7.0,22.0,28.0,18.0,0.1399999999999999,0.03387503107742419,0.06000000000000005,/Users/rasmus/Desktop/Fysik/AppliedML2026/Final_project_data/data/ML_data/NBI/FDM data/Arrivals/Nuuk Arrival_ 220538_OY-GRP_07_08_25_30_22.csv,0.06460582824697986
2025.0,8.0,7.0,23.0,12.0,7.0,0.15999999999999992,0.04136811277683553,0.08000000000000007,/Users/rasmus/Desktop/Fysik/AppliedML2026/Final_project_data/data/ML_data/NBI/FDM data/Arrivals/Nuuk Arrival_ 220540_OY-GRJ_07_08_25_14_23.csv,0.07289261508090744
2025.0,8.0,8.0,12.0,25.0,27.0,0.42999999999999994,0.0897662019609427,0.15999999999999992,/Users/rasmus/Desktop/Fysik/AppliedML2026/Final_project_data/data/ML_data/NBI/FDM data/Arrivals/Nuuk Arrival_ 220547_OY-GRJ_08_08_25_27_12.csv,0.07214403582252597
2025.0,8.0,8.0,12.0,33.0,57.0,0.27,0.09553853641488605,0.2034999999999999,/Users/rasmus/Desktop/Fysik/AppliedML2026/Final_project_data/data/ML_data/NBI/FDM data/Arrivals/Nuuk Arrival_ 220549_OY-GRP_08_08_25_35_12.csv,0.07992643676605164
2025.0,8.0,8.0,16.0,26.0,3.0,0.3799999999999999,0.07353398110269561,0.13999999999999993,/Users/rasmus/Desktop/Fysik/AppliedML2026/Final_project_data/data/ML_data/NBI/FDM data/Arrivals/Nuuk Arrival_ 220560_OY-GRM_08_08_25_28_16.csv,0.11502173707608487
2025.0,8.0,8.0,18.0,2.0,39.0,0.33000000000000007,0.09866188051454661,0.1804999999999999,/Users/rasmus/Desktop/Fysik/AppliedML2026/Final_project_data/data/ML_data/NBI/FDM data/Arrivals/Nuuk Arrival_ 220567_OY-GRJ_08_08_25_03_18.csv,0.07885905147793755
2025.0,8.0,8.0,20.0,55.0,44.0,0.1200000000000001,0.035750874115187764,0.06000000000000005,/Users/rasmus/Desktop/Fysik/AppliedML2026/Final_project_data/data/ML_data/NBI/FDM data/Arrivals/Nuuk Arrival_ 220615_OY-GRM_08_08_25_56_20.csv,0.05547772325697751
2025.0,8.0,8.0,22.0,53.0,26.0,0.18999999999999995,0.048645006256175655,0.09000000000000008,/Users/rasmus/Desktop/Fysik/AppliedML2026/Final_project_data/data/ML_data/NBI/FDM data/Arrivals/Nuuk Arrival_ 220619_OY-GRJ_08_08_25_55_22.csv,0.057608593109014575
2025.0,8.0,9.0,13.0,34.0,25.0,0.26,0.0668713626383095,0.15999999999999992,/Users/rasmus/Desktop/Fysik/AppliedML2026/Final_project_data/data/ML_data/NBI/FDM data/Arrivals/Nuuk Arrival_ 220628_OY-GRM_09_08_25_37_13.csv,0.062449979983983994
2025.0,8.0,9.0,15.0,0.0,25.0,0.21999999999999997,0.054671747731346594,0.1100000000000001,/Users/rasmus/Desktop/Fysik/AppliedML2026/Final_project_data/data/ML_data/NBI/FDM data/Arrivals/Nuuk Arrival_ 220633_OY-GRH_09_08_25_02_15.csv,0.08679477710861026
2025.0,8.0,9.0,15.0,60.0,41.0,0.18999999999999995,0.056427882826355476,0.1100000000000001,/Users/rasmus/Desktop/Fysik/AppliedML2026/Final_project_data/data/ML_data/NBI/FDM data/Arrivals/Nuuk Arrival_ 220645_OY-GRJ_09_08_25_04_16.csv,0.059953685828683184
2025.0,8.0,9.0,16.0,58.0,58.0,0.1299999999999999,0.033117970952339475,0.07000000000000006,/Users/rasmus/Desktop/Fysik/AppliedML2026/Final_project_data/data/ML_data/NBI/FDM data/Arrivals/Nuuk Arrival_ 220651_OY-GRM_09_08_25_00_17.csv,0.05333333333333335
2025.0,8.0,9.0,19.0,12.0,11.0,0.1499999999999999,0.05183721418241485,0.10399999999999994,/Users/rasmus/Desktop/Fysik/AppliedML2026/Final_project_data/data/ML_data/NBI/FDM data/Arrivals/Nuuk Arrival_ 220663_OY-GRH_09_08_25_13_19.csv,0.05007686399618403
2025.0,8.0,9.0,21.0,33.0,15.0,0.1399999999999999,0.041433838897456145,0.08000000000000007,/Users/rasmus/Desktop/Fysik/AppliedML2026/Final_project_data/data/ML_data/NBI/FDM data/Arrivals/Nuuk Arrival_ 220667_OY-GRM_09_08_25_36_21.csv,0.0656640290104282
2025.0,8.0,9.0,20.0,38.0,18.0,0.16999999999999993,0.039547950693309075,0.08000000000000007,/Users/rasmus/Desktop/Fysik/AppliedML2026/Final_project_data/data/ML_data/NBI/FDM data/Arrivals/Nuuk Arrival_ 220668_OY-GRJ_09_08_25_46_20.csv,0.06471657665635326
2025.0,8.0,9.0,22.0,25.0,5.0,0.10000000000000009,0.032491925009757366,0.06000000000000005,/Users/rasmus/Desktop/Fysik/AppliedML2026/Final_project_data/data/ML_data/NBI/FDM data/Arrivals/Nuuk Arrival_ 220669_OY-GRP_09_08_25_27_22.csv,0.036742346141747706
2025.0,8.0,10.0,12.0,44.0,26.0,0.1299999999999999,0.04051031067910775,0.08600000000000002,/Users/rasmus/Desktop/Fysik/AppliedML2026/Final_project_data/data/ML_data/NBI/FDM data/Arrivals/Nuuk Arrival_ 220677_OY-GRP_10_08_25_46_12.csv,0.06480740698407864
2025.0,8.0,10.0,15.0,43.0,17.0,0.1399999999999999,0.039151586370522316,0.07999999999999999,/Users/rasmus/Desktop/Fysik/AppliedML2026/Final_project_data/data/ML_data/NBI/FDM data/Arrivals/Nuuk Arrival_ 220682_OY-GRJ_10_08_25_45_15.csv,0.05251566182427972
2025.0,8.0,10.0,17.0,17.0,28.0,0.1100000000000001,0.03273577867828655,0.06000000000000005,/Users/rasmus/Desktop/Fysik/AppliedML2026/Final_project_data/data/ML_data/NBI/FDM data/Arrivals/Nuuk Arrival_ 220684_OY-GRM_10_08_25_19_17.csv,0.0439007144278169
2025.0,8.0,10.0,18.0,3.0,39.0,0.17999999999999994,0.05465476060822934,0.1299999999999999,/Users/rasmus/Desktop/Fysik/AppliedML2026/Final_project_data/data/ML_data/NBI/FDM data/Arrivals/Nuuk Arrival_ 220686_OY-GRP_10_08_25_04_18.csv,0.0643816744112795
2025.0,8.0,10.0,12.0,19.0,55.0,0.18999999999999995,0.05068420748999526,0.11000000000000001,/Users/rasmus/Desktop/Fysik/AppliedML2026/Final_project_data/data/ML_data/NBI/FDM data/Arrivals/Nuuk Arrival_ 220687_OY-GRH_10_08_25_21_12.csv,0.0585946527708232
2025.0,8.0,10.0,18.0,6.0,29.0,0.19999999999999996,0.05999448098237348,0.125,/Users/rasmus/Desktop/Fysik/AppliedML2026/Final_project_data/data/ML_data/NBI/FDM data/Arrivals/Nuuk Arrival_ 220689_OY-GRH_10_08_25_08_18.csv,0.0794583939155352
2025.0,8.0,10.0,19.0,57.0,15.0,0.24,0.05262348115842178,0.08900000000000013,/Users/rasmus/Desktop/Fysik/AppliedML2026/Final_project_data/data/ML_data/NBI/FDM data/Arrivals/Nuuk Arrival_ 220693_OY-GRJ_10_08_25_59_19.csv,0.07559761901012495
2025.0,8.0,11.0,12.0,3.0,15.0,0.1399999999999999,0.0456891672062427,0.07649999999999998,/Users/rasmus/Desktop/Fysik/AppliedML2026/Final_project_data/data/ML_data/NBI/FDM data/Arrivals/Nuuk Arrival_ 220699_OY-GRM_11_08_25_05_12.csv,0.0677097879528166
2025.0,8.0,11.0,12.0,28.0,26.0,0.1299999999999999,0.0349650738734733,0.06399999999999997,/Users/rasmus/Desktop/Fysik/AppliedML2026/Final_project_data/data/ML_data/NBI/FDM data/Arrivals/Nuuk Arrival_ 220700_OY-GRJ_11_08_25_30_12.csv,0.06480740698407861
2025.0,8.0,11.0,13.0,16.0,36.0,0.18000000000000005,0.05529466520379702,0.14049999999999999,/Users/rasmus/Desktop/Fysik/AppliedML2026/Final_project_data/data/ML_data/NBI/FDM data/Arrivals/Nuuk Arrival_ 220701_OY-GRP_11_08_25_17_13.csv,0.05934831271588286
2025.0,8.0,11.0,16.0,58.0,32.0,0.22999999999999998,0.056196659296874875,0.12849999999999986,/Users/rasmus/Desktop/Fysik/AppliedML2026/Final_project_data/data/ML_data/NBI/FDM data/Arrivals/Nuuk Arrival_ 220710_OY-GRH_11_08_25_00_17.csv,0.08621678104251708
2025.0,8.0,11.0,19.0,52.0,25.0,0.18999999999999995,0.04915248098066489,0.11,/Users/rasmus/Desktop/Fysik/AppliedML2026/Final_project_data/data/ML_data/NBI/FDM data/Arrivals/Nuuk Arrival_ 220727_OY-GRJ_11_08_25_54_19.csv,0.06666145812986694
2025.0,8.0,11.0,23.0,33.0,10.0,0.18999999999999995,0.0353877602849015,0.050000000000000044,/Users/rasmus/Desktop/Fysik/AppliedML2026/Final_project_data/data/ML_data/NBI/FDM data/Arrivals/Nuuk Arrival_ 220741_OY-GRP_11_08_25_34_23.csv,0.07667184247539267
2025.0,8.0,11.0,23.0,40.0,28.0,0.18999999999999995,0.048437861380270925,0.09000000000000008,/Users/rasmus/Desktop/Fysik/AppliedML2026/Final_project_data/data/ML_data/NBI/FDM data/Arrivals/Nuuk Arrival_ 220742_OY-GRJ_11_08_25_42_23.csv,0.07688800105271534
2025.0,8.0,11.0,23.0,43.0,0.0,0.09000000000000008,0.034364987719369015,0.06800000000000003,/Users/rasmus/Desktop/Fysik/AppliedML2026/Final_project_data/data/ML_data/NBI/FDM data/Arrivals/Nuuk Arrival_ 220743_OY-GRH_11_08_25_44_23.csv,0.05086747487343956
2025.0,8.0,11.0,23.0,28.0,4.0,0.3400000000000001,0.0466666666666667,0.07000000000000006,/Users/rasmus/Desktop/Fysik/AppliedML2026/Final_project_data/data/ML_data/NBI/FDM data/Arrivals/Nuuk Arrival_ 220744_OY-GRM_11_08_25_30_23.csv,0.08544003745317534
2025.0,8.0,12.0,12.0,2.0,56.0,0.1499999999999999,0.04862392121462148,0.10449999999999998,/Users/rasmus/Desktop/Fysik/AppliedML2026/Final_project_data/data/ML_data/NBI/FDM data/Arrivals/Nuuk Arrival_ 220750_OY-GRH_12_08_25_03_12.csv,0.07443117626371361
2025.0,8.0,12.0,12.0,59.0,56.0,0.10000000000000009,0.042712515430011574,0.08999999999999998,/Users/rasmus/Desktop/Fysik/AppliedML2026/Final_project_data/data/ML_data/NBI/FDM data/Arrivals/Nuuk Arrival_ 220752_OY-GRJ_12_08_25_00_13.csv,0.06219927652312369
2025.0,8.0,12.0,15.0,1.0,37.0,0.1299999999999999,0.03886072889177457,0.08000000000000007,/Users/rasmus/Desktop/Fysik/AppliedML2026/Final_project_data/data/ML_data/NBI/FDM data/Arrivals/Nuuk Arrival_ 220778_OY-GRM_12_08_25_02_15.csv,0.05341003256830475
2025.0,8.0,12.0,19.0,31.0,42.0,0.09000000000000008,0.03260728897221676,0.06250000000000006,/Users/rasmus/Desktop/Fysik/AppliedML2026/Final_project_data/data/ML_data/NBI/FDM data/Arrivals/Nuuk Arrival_ 220782_OY-GRH_12_08_25_32_19.csv,0.04062019202317984
2025.0,8.0,12.0,16.0,20.0,15.0,0.10000000000000009,0.03937003937005908,0.08000000000000007,/Users/rasmus/Desktop/Fysik/AppliedML2026/Final_project_data/data/ML_data/NBI/FDM data/Arrivals/Nuuk Arrival_ 220785_OY-GRP_12_08_25_22_16.csv,0.047958315233127234
2025.0,8.0,12.0,18.0,15.0,40.0,0.08000000000000007,0.03520615974812545,0.0635,/Users/rasmus/Desktop/Fysik/AppliedML2026/Final_project_data/data/ML_data/NBI/FDM data/Arrivals/Nuuk Arrival_ 220788_OY-GRJ_12_08_25_16_18.csv,0.04690415759823434
2025.0,8.0,12.0,21.0,59.0,53.0,0.08000000000000007,0.027628487713469492,0.06000000000000005,/Users/rasmus/Desktop/Fysik/AppliedML2026/Final_project_data/data/ML_data/NBI/FDM data/Arrivals/Nuuk Arrival_ 220801_OY-GRP_12_08_25_00_22.csv,0.036380343755449976
2025.0,8.0,12.0,22.0,16.0,38.0,0.31000000000000005,0.04795831523312722,0.07600000000000001,/Users/rasmus/Desktop/Fysik/AppliedML2026/Final_project_data/data/ML_data/NBI/FDM data/Arrivals/Nuuk Arrival_ 220802_OY-GRJ_12_08_25_17_22.csv,0.0943086297592051
2025.0,8.0,12.0,23.0,58.0,21.0,0.1399999999999999,0.046386680609104135,0.08000000000000007,/Users/rasmus/Desktop/Fysik/AppliedML2026/Final_project_data/data/ML_data/NBI/FDM data/Arrivals/Nuuk Arrival_ 220804_OY-GRM_13_08_25_00_00.csv,0.06333849308187207
2025.0,8.0,13.0,0.0,2.0,40.0,0.15999999999999992,0.048547530782708626,0.09949999999999987,/Users/rasmus/Desktop/Fysik/AppliedML2026/Final_project_data/data/ML_data/NBI/FDM data/Arrivals/Nuuk Arrival_ 220805_OY-GRH_13_08_25_03_00.csv,0.07681145747868609
2025.0,8.0,13.0,11.0,58.0,41.0,0.20999999999999996,0.06867221429277653,0.1175000000000001,/Users/rasmus/Desktop/Fysik/AppliedML2026/Final_project_data/data/ML_data/NBI/FDM data/Arrivals/Nuuk Arrival_ 220814_OY-GRO_13_08_25_59_11.csv,0.08786952049248337
2025.0,8.0,13.0,12.0,6.0,31.0,0.1399999999999999,0.041472882706655466,0.09000000000000008,/Users/rasmus/Desktop/Fysik/AppliedML2026/Final_project_data/data/ML_data/NBI/FDM data/Arrivals/Nuuk Arrival_ 220815_OY-GRM_13_08_25_07_12.csv,0.062449979983984
2025.0,8.0,13.0,12.0,27.0,24.0,0.17999999999999994,0.05271991381799766,0.1050000000000001,/Users/rasmus/Desktop/Fysik/AppliedML2026/Final_project_data/data/ML_data/NBI/FDM data/Arrivals/Nuuk Arrival_ 220816_OY-GRJ_13_08_25_29_12.csv,0.06319903201045746
2025.0,8.0,13.0,13.0,5.0,7.0,0.17999999999999994,0.050116980273273784,0.1100000000000001,/Users/rasmus/Desktop/Fysik/AppliedML2026/Final_project_data/data/ML_data/NBI/FDM data/Arrivals/Nuuk Arrival_ 220817_OY-GRH_13_08_25_06_13.csv,0.05781744669956594
2025.0,8.0,13.0,12.0,12.0,12.0,0.1100000000000001,0.03861229196653695,0.08000000000000007,/Users/rasmus/Desktop/Fysik/AppliedML2026/Final_project_data/data/ML_data/NBI/FDM data/Arrivals/Nuuk Arrival_ 220821_OY-GRP_13_08_25_14_12.csv,0.04183300132670381
2025.0,8.0,13.0,16.0,17.0,30.0,0.1399999999999999,0.05940545121104453,0.1100000000000001,/Users/rasmus/Desktop/Fysik/AppliedML2026/Final_project_data/data/ML_data/NBI/FDM data/Arrivals/Nuuk Arrival_ 220828_OY-GRO_13_08_25_19_16.csv,0.07754031209635413
2025.0,8.0,13.0,17.0,12.0,5.0,0.18999999999999995,0.04703721930556698,0.09000000000000008,/Users/rasmus/Desktop/Fysik/AppliedML2026/Final_project_data/data/ML_data/NBI/FDM data/Arrivals/Nuuk Arrival_ 220831_OY-GRM_13_08_25_15_17.csv,0.058111299046941664
2025.0,8.0,13.0,17.0,35.0,39.0,0.1100000000000001,0.04381353864074782,0.08000000000000007,/Users/rasmus/Desktop/Fysik/AppliedML2026/Final_project_data/data/ML_data/NBI/FDM data/Arrivals/Nuuk Arrival_ 220832_OY-GRJ_13_08_25_36_17.csv,0.060827625302982254
2025.0,8.0,13.0,19.0,1.0,45.0,0.24,0.0647595433091711,0.11600000000000005,/Users/rasmus/Desktop/Fysik/AppliedML2026/Final_project_data/data/ML_data/NBI/FDM data/Arrivals/Nuuk Arrival_ 220844_OY-GRO_13_08_25_10_19.csv,0.11922367933546471
2025.0,8.0,13.0,20.0,28.0,8.0,0.3899999999999999,0.0609995569323741,0.1100000000000001,/Users/rasmus/Desktop/Fysik/AppliedML2026/Final_project_data/data/ML_data/NBI/FDM data/Arrivals/Nuuk Arrival_ 220855_OY-GRP_13_08_25_30_20.csv,0.10290772565750349
2025.0,8.0,13.0,21.0,58.0,35.0,0.16999999999999993,0.053247479918274644,0.10899999999999987,/Users/rasmus/Desktop/Fysik/AppliedML2026/Final_project_data/data/ML_data/NBI/FDM data/Arrivals/Nuuk Arrival_ 220858_OY-GRJ_13_08_25_00_22.csv,0.08512434344036872
2025.0,8.0,13.0,23.0,4.0,12.0,0.1100000000000001,0.037105954398881244,0.07649999999999998,/Users/rasmus/Desktop/Fysik/AppliedML2026/Final_project_data/data/ML_data/NBI/FDM data/Arrivals/Nuuk Arrival_ 220861_OY-GRM_13_08_25_06_23.csv,0.05374838498865705
2025.0,8.0,14.0,0.0,35.0,26.0,0.27,0.051268394512234056,0.11250000000000002,/Users/rasmus/Desktop/Fysik/AppliedML2026/Final_project_data/data/ML_data/NBI/FDM data/Arrivals/Nuuk Arrival_ 220862_OY-GRP_14_08_25_37_00.csv,0.08512965889470846
2025.0,8.0,13.0,17.0,60.0,38.0,0.20999999999999996,0.059067757702489454,0.1100000000000001,/Users/rasmus/Desktop/Fysik/AppliedML2026/Final_project_data/data/ML_data/NBI/FDM data/Arrivals/Nuuk Arrival_ 220863_OY-GRH_13_08_25_01_18.csv,0.08831760866327847
2025.0,8.0,5.0,14.0,18.0,25.0,0.36,0.08144691522703608,0.1759999999999999,/Users/rasmus/Desktop/Fysik/AppliedML2026/Final_project_data/data/ML_data/NBI/FDM data/Arrivals/Nuuk Arrival_ 220903_OY-GRR_05_08_25_06_14.csv,0.04964580427743058
2025.0,8.0,5.0,19.0,43.0,52.0,0.17999999999999994,0.061393042692612275,0.1200000000000001,/Users/rasmus/Desktop/Fysik/AppliedML2026/Final_project_data/data/ML_data/NBI/FDM data/Arrivals/Nuuk Arrival_ 220905_OY-GRR_05_08_25_27_19.csv,0.07283543093852059
2025.0,8.0,5.0,22.0,10.0,35.0,0.4099999999999999,0.10176566218523811,0.20449999999999985,/Users/rasmus/Desktop/Fysik/AppliedML2026/Final_project_data/data/ML_data/NBI/FDM data/Arrivals/Nuuk Arrival_ 220907_OY-GRR_05_08_25_07_22.csv,0.08175165645620484
2025.0,8.0,6.0,12.0,1.0,38.0,0.29000000000000004,0.07505984667266696,0.15699999999999967,/Users/rasmus/Desktop/Fysik/AppliedML2026/Final_project_data/data/ML_data/NBI/FDM data/Arrivals/Nuuk Arrival_ 220910_OY-GRR_06_08_25_00_12.csv,0.04400413203738531
2025.0,8.0,6.0,16.0,11.0,9.0,0.1499999999999999,0.056810659038530435,0.10999999999999999,/Users/rasmus/Desktop/Fysik/AppliedML2026/Final_project_data/data/ML_data/NBI/FDM data/Arrivals/Nuuk Arrival_ 220913_OY-GRR_06_08_25_02_16.csv,0.08234075540095562
2025.0,8.0,6.0,20.0,26.0,15.0,0.15999999999999992,0.05782834639740985,0.12949999999999978,/Users/rasmus/Desktop/Fysik/AppliedML2026/Final_project_data/data/ML_data/NBI/FDM data/Arrivals/Nuuk Arrival_ 220915_OY-GRR_06_08_25_19_20.csv,0.06306962642808167
2025.0,8.0,7.0,14.0,2.0,5.0,0.1499999999999999,0.0492160768674447,0.11000000000000004,/Users/rasmus/Desktop/Fysik/AppliedML2026/Final_project_data/data/ML_data/NBI/FDM data/Arrivals/Nuuk Arrival_ 220917_OY-GRR_07_08_25_58_13.csv,0.0537897140105182
2025.0,8.0,7.0,17.0,48.0,39.0,0.14,0.04136557881996955,0.08000000000000007,/Users/rasmus/Desktop/Fysik/AppliedML2026/Final_project_data/data/ML_data/NBI/FDM data/Arrivals/Nuuk Arrival_ 220919_OY-GRR_07_08_25_43_17.csv,0.053072277760302225
2025.0,8.0,7.0,22.0,45.0,5.0,0.17999999999999994,0.04980872504801837,0.10100000000000003,/Users/rasmus/Desktop/Fysik/AppliedML2026/Final_project_data/data/ML_data/NBI/FDM data/Arrivals/Nuuk Arrival_ 220922_OY-GRR_07_08_25_32_22.csv,0.038963852712248837
2025.0,8.0,8.0,12.0,36.0,59.0,0.31000000000000005,0.09777951387347623,0.20049999999999993,/Users/rasmus/Desktop/Fysik/AppliedML2026/Final_project_data/data/ML_data/NBI/FDM data/Arrivals/Nuuk Arrival_ 220925_OY-GRR_08_08_25_24_12.csv,0.10788883167408943
2025.0,8.0,15.0,13.0,7.0,14.0,0.1399999999999999,0.05071805820978787,0.10449999999999993,/Users/rasmus/Desktop/Fysik/AppliedML2026/Final_project_data/data/ML_data/NBI/FDM data/Arrivals/Nuuk Arrival_ 220933_OY-GRH_15_08_25_09_13.csv,0.07545694136393284
2025.0,8.0,15.0,12.0,34.0,37.0,0.25,0.06107846193542121,0.1100000000000001,/Users/rasmus/Desktop/Fysik/AppliedML2026/Final_project_data/data/ML_data/NBI/FDM data/Arrivals/Nuuk Arrival_ 220935_OY-GRJ_15_08_25_35_12.csv,0.047403152042131295
2025.0,8.0,15.0,13.0,18.0,37.0,0.16999999999999993,0.045358318412175844,0.09000000000000008,/Users/rasmus/Desktop/Fysik/AppliedML2026/Final_project_data/data/ML_data/NBI/FDM data/Arrivals/Nuuk Arrival_ 220938_OY-GRP_15_08_25_19_13.csv,0.05724046285832513
2025.0,8.0,15.0,13.0,55.0,14.0,0.17999999999999994,0.061979259203612413,0.1299999999999999,/Users/rasmus/Desktop/Fysik/AppliedML2026/Final_project_data/data/ML_data/NBI/FDM data/Arrivals/Nuuk Arrival_ 220942_OY-GRM_15_08_25_57_13.csv,0.04918381460447759
2025.0,8.0,15.0,18.0,50.0,33.0,0.1100000000000001,0.03308538736576706,0.07,/Users/rasmus/Desktop/Fysik/AppliedML2026/Final_project_data/data/ML_data/NBI/FDM data/Arrivals/Nuuk Arrival_ 220959_OY-GRP_15_08_25_52_18.csv,0.05879747322073341
2025.0,8.0,15.0,19.0,42.0,22.0,0.25,0.05607171031141914,0.12199999999999986,/Users/rasmus/Desktop/Fysik/AppliedML2026/Final_project_data/data/ML_data/NBI/FDM data/Arrivals/Nuuk Arrival_ 220960_OY-GRJ_15_08_25_44_19.csv,0.08842369591913697
2025.0,8.0,15.0,19.0,55.0,2.0,0.19999999999999996,0.06710889362523874,0.1100000000000001,/Users/rasmus/Desktop/Fysik/AppliedML2026/Final_project_data/data/ML_data/NBI/FDM data/Arrivals/Nuuk Arrival_ 220965_OY-GRO_15_08_25_56_19.csv,0.10405126941400893
2025.0,8.0,15.0,22.0,47.0,47.0,0.22999999999999998,0.070939462976593,0.1594999999999997,/Users/rasmus/Desktop/Fysik/AppliedML2026/Final_project_data/data/ML_data/NBI/FDM data/Arrivals/Nuuk Arrival_ 220999_OY-GRH_15_08_25_48_22.csv,0.07250000000000001
2025.0,8.0,15.0,23.0,34.0,41.0,0.21999999999999997,0.07217158626549423,0.1200000000000001,/Users/rasmus/Desktop/Fysik/AppliedML2026/Final_project_data/data/ML_data/NBI/FDM data/Arrivals/Nuuk Arrival_ 221001_OY-GRO_15_08_25_35_23.csv,0.0976488306005098
2025.0,8.0,16.0,0.0,24.0,6.0,0.1399999999999999,0.03618488350668721,0.06000000000000005,/Users/rasmus/Desktop/Fysik/AppliedML2026/Final_project_data/data/ML_data/NBI/FDM data/Arrivals/Nuuk Arrival_ 221002_OY-GRP_16_08_25_25_00.csv,0.05882176467941096
2025.0,8.0,16.0,12.0,7.0,55.0,0.24,0.052983171808087925,0.08399999999999985,/Users/rasmus/Desktop/Fysik/AppliedML2026/Final_project_data/data/ML_data/NBI/FDM data/Arrivals/Nuuk Arrival_ 221008_OY-GRH_16_08_25_08_12.csv,0.11335784048754635
2025.0,8.0,16.0,14.0,16.0,47.0,0.1200000000000001,0.047489937014561966,0.10000000000000009,/Users/rasmus/Desktop/Fysik/AppliedML2026/Final_project_data/data/ML_data/NBI/FDM data/Arrivals/Nuuk Arrival_ 221013_OY-GRM_16_08_25_18_14.csv,0.061984717980788626
2025.0,8.0,16.0,14.0,46.0,17.0,0.1399999999999999,0.044377956071394595,0.09000000000000008,/Users/rasmus/Desktop/Fysik/AppliedML2026/Final_project_data/data/ML_data/NBI/FDM data/Arrivals/Nuuk Arrival_ 221018_OY-GRP_16_08_25_48_14.csv,0.0690812725868757
2025.0,8.0,16.0,15.0,15.0,2.0,0.24,0.06926683720830704,0.14299999999999996,/Users/rasmus/Desktop/Fysik/AppliedML2026/Final_project_data/data/ML_data/NBI/FDM data/Arrivals/Nuuk Arrival_ 221019_OY-GRH_16_08_25_16_15.csv,0.10222524150130437
2025.0,8.0,16.0,18.0,30.0,20.0,0.20999999999999996,0.06184568609764865,0.1299999999999999,/Users/rasmus/Desktop/Fysik/AppliedML2026/Final_project_data/data/ML_data/NBI/FDM data/Arrivals/Nuuk Arrival_ 221032_OY-GRH_16_08_25_34_18.csv,0.05356520110324211
2025.0,8.0,16.0,19.0,6.0,47.0,0.1499999999999999,0.05144914892758806,0.10350000000000004,/Users/rasmus/Desktop/Fysik/AppliedML2026/Final_project_data/data/ML_data/NBI/FDM data/Arrivals/Nuuk Arrival_ 221033_OY-GRP_16_08_25_08_19.csv,0.04394598957811739
2025.0,8.0,16.0,19.0,25.0,43.0,0.15999999999999992,0.06841432218855555,0.12999999999999992,/Users/rasmus/Desktop/Fysik/AppliedML2026/Final_project_data/data/ML_data/NBI/FDM data/Arrivals/Nuuk Arrival_ 221037_OY-GRM_16_08_25_27_19.csv,0.0592104919160547
2025.0,8.0,17.0,11.0,52.0,16.0,0.1499999999999999,0.03714358649483268,0.06000000000000005,/Users/rasmus/Desktop/Fysik/AppliedML2026/Final_project_data/data/ML_data/NBI/FDM data/Arrivals/Nuuk Arrival_ 221061_OY-GRM_17_08_25_54_11.csv,0.05761944116355175
2025.0,8.0,17.0,14.0,42.0,54.0,0.16999999999999993,0.038391575162765354,0.06999999999999995,/Users/rasmus/Desktop/Fysik/AppliedML2026/Final_project_data/data/ML_data/NBI/FDM data/Arrivals/Nuuk Arrival_ 221063_OY-GRP_17_08_25_43_14.csv,0.0676264248155507
2025.0,8.0,17.0,12.0,38.0,0.0,0.16999999999999993,0.03919229562090028,0.07000000000000006,/Users/rasmus/Desktop/Fysik/AppliedML2026/Final_project_data/data/ML_data/NBI/FDM data/Arrivals/Nuuk Arrival_ 221065_OY-GRH_17_08_25_39_12.csv,0.0640800280898815
2025.0,8.0,17.0,17.0,9.0,52.0,0.17999999999999994,0.061637598496267675,0.12849999999999986,/Users/rasmus/Desktop/Fysik/AppliedML2026/Final_project_data/data/ML_data/NBI/FDM data/Arrivals/Nuuk Arrival_ 221068_OY-GRH_17_08_25_10_17.csv,0.07505553499465138
2025.0,8.0,17.0,16.0,15.0,2.0,0.1399999999999999,0.04066378372811139,0.08000000000000007,/Users/rasmus/Desktop/Fysik/AppliedML2026/Final_project_data/data/ML_data/NBI/FDM data/Arrivals/Nuuk Arrival_ 221070_OY-GRM_17_08_25_17_16.csv,0.060610924844670684
2025.0,8.0,17.0,18.0,16.0,9.0,0.1100000000000001,0.03421885784999466,0.07449999999999984,/Users/rasmus/Desktop/Fysik/AppliedML2026/Final_project_data/data/ML_data/NBI/FDM data/Arrivals/Nuuk Arrival_ 221071_OY-GRP_17_08_25_19_18.csv,0.04267379326447264
2025.0,8.0,17.0,19.0,53.0,15.0,0.17999999999999994,0.05757650357082187,0.1200000000000001,/Users/rasmus/Desktop/Fysik/AppliedML2026/Final_project_data/data/ML_data/NBI/FDM data/Arrivals/Nuuk Arrival_ 221076_OY-GRM_17_08_25_54_19.csv,0.06894814104706636
2025.0,8.0,18.0,12.0,30.0,13.0,0.5700000000000001,0.1290372132744603,0.24699999999999975,/Users/rasmus/Desktop/Fysik/AppliedML2026/Final_project_data/data/ML_data/NBI/FDM data/Arrivals/Nuuk Arrival_ 221082_OY-GRH_18_08_25_31_12.csv,0.142828568570857
2025.0,8.0,18.0,13.0,28.0,41.0,0.21999999999999997,0.056404041780740675,0.1339999999999998,/Users/rasmus/Desktop/Fysik/AppliedML2026/Final_project_data/data/ML_data/NBI/FDM data/Arrivals/Nuuk Arrival_ 221085_OY-GRM_18_08_25_29_13.csv,0.07991662321861868
2025.0,8.0,18.0,13.0,13.0,16.0,0.17999999999999994,0.05517894025037518,0.1100000000000001,/Users/rasmus/Desktop/Fysik/AppliedML2026/Final_project_data/data/ML_data/NBI/FDM data/Arrivals/Nuuk Arrival_ 221087_OY-GRP_18_08_25_15_13.csv,0.07151423434733617
2025.0,8.0,18.0,15.0,53.0,14.0,0.14,0.035870958500112814,0.07399999999999994,/Users/rasmus/Desktop/Fysik/AppliedML2026/Final_project_data/data/ML_data/NBI/FDM data/Arrivals/Nuuk Arrival_ 221092_OY-GRP_18_08_25_55_15.csv,0.054050241178264666
2025.0,8.0,18.0,19.0,12.0,2.0,0.3799999999999999,0.09248983150616523,0.2189999999999999,/Users/rasmus/Desktop/Fysik/AppliedML2026/Final_project_data/data/ML_data/NBI/FDM data/Arrivals/Nuuk Arrival_ 221105_OY-GRH_18_08_25_13_19.csv,0.10554619841567009
2025.0,8.0,18.0,21.0,34.0,32.0,0.3899999999999999,0.08712833152222162,0.16,/Users/rasmus/Desktop/Fysik/AppliedML2026/Final_project_data/data/ML_data/NBI/FDM data/Arrivals/Nuuk Arrival_ 221107_OY-GRM_18_08_25_35_21.csv,0.141502921959502
2025.0,8.0,18.0,22.0,37.0,36.0,0.64,0.17527499402199895,0.32500000000000007,/Users/rasmus/Desktop/Fysik/AppliedML2026/Final_project_data/data/ML_data/NBI/FDM data/Arrivals/Nuuk Arrival_ 221125_OY-GRP_18_08_25_38_22.csv,0.08370334521391605
2025.0,8.0,16.0,19.0,1.0,6.0,0.19999999999999996,0.08758567234428247,0.15049999999999975,/Users/rasmus/Desktop/Fysik/AppliedML2026/Final_project_data/data/ML_data/NBI/FDM data/Arrivals/Nuuk Arrival_ 221132_OY-GRO_16_08_25_03_19.csv,0.08931108883131643
2025.0,8.0,19.0,11.0,0.0,14.0,0.27,0.08374444049088461,0.19999999999999996,/Users/rasmus/Desktop/Fysik/AppliedML2026/Final_project_data/data/ML_data/NBI/FDM data/Arrivals/Nuuk Arrival_ 221134_OY-GRH_19_08_25_01_11.csv,0.0999285459001295
2025.0,8.0,19.0,11.0,5.0,54.0,0.18999999999999995,0.051422084450465165,0.09850000000000003,/Users/rasmus/Desktop/Fysik/AppliedML2026/Final_project_data/data/ML_data/NBI/FDM data/Arrivals/Nuuk Arrival_ 221136_OY-GRP_19_08_25_06_11.csv,0.08612886750783284
2025.0,8.0,19.0,15.0,23.0,50.0,0.1399999999999999,0.04223826223295863,0.08000000000000007,/Users/rasmus/Desktop/Fysik/AppliedML2026/Final_project_data/data/ML_data/NBI/FDM data/Arrivals/Nuuk Arrival_ 221140_OY-GRP_19_08_25_24_15.csv,0.06398784606817491
2025.0,8.0,19.0,16.0,12.0,28.0,0.27,0.0696162953009464,0.13449999999999984,/Users/rasmus/Desktop/Fysik/AppliedML2026/Final_project_data/data/ML_data/NBI/FDM data/Arrivals/Nuuk Arrival_ 221160_OY-GRH_19_08_25_14_16.csv,0.06860515043833566
2025.0,8.0,19.0,14.0,4.0,57.0,0.1299999999999999,0.05184009025824701,0.10100000000000002,/Users/rasmus/Desktop/Fysik/AppliedML2026/Final_project_data/data/ML_data/NBI/FDM data/Arrivals/Nuuk Arrival_ 221162_OY-GRM_19_08_25_05_14.csv,0.05950553832131172
2025.0,8.0,19.0,19.0,56.0,33.0,0.1100000000000001,0.02634018431474075,0.043999999999999956,/Users/rasmus/Desktop/Fysik/AppliedML2026/Final_project_data/data/ML_data/NBI/FDM data/Arrivals/Nuuk Arrival_ 221170_OY-GRP_19_08_25_57_19.csv,0.043042206947917674
2025.0,8.0,19.0,20.0,7.0,21.0,0.1200000000000001,0.038357480317355294,0.07649999999999998,/Users/rasmus/Desktop/Fysik/AppliedML2026/Final_project_data/data/ML_data/NBI/FDM data/Arrivals/Nuuk Arrival_ 221171_OY-GRH_19_08_25_09_20.csv,0.05634713834792328
2025.0,8.0,20.0,11.0,46.0,18.0,0.27,0.07533550687750917,0.15349999999999997,/Users/rasmus/Desktop/Fysik/AppliedML2026/Final_project_data/data/ML_data/NBI/FDM data/Arrivals/Nuuk Arrival_ 221189_OY-GRH_20_08_25_48_11.csv,0.07237057413065068
2025.0,8.0,20.0,12.0,6.0,32.0,0.15999999999999992,0.05848619427381921,0.1100000000000001,/Users/rasmus/Desktop/Fysik/AppliedML2026/Final_project_data/data/ML_data/NBI/FDM data/Arrivals/Nuuk Arrival_ 221192_OY-GRM_20_08_25_08_12.csv,0.05104464277037853
2025.0,8.0,20.0,12.0,25.0,36.0,0.25,0.055866814097737805,0.09000000000000004,/Users/rasmus/Desktop/Fysik/AppliedML2026/Final_project_data/data/ML_data/NBI/FDM data/Arrivals/Nuuk Arrival_ 221193_OY-GRJ_20_08_25_26_12.csv,0.06324555320336762
2025.0,8.0,20.0,16.0,55.0,53.0,0.16999999999999993,0.05834678933829143,0.12,/Users/rasmus/Desktop/Fysik/AppliedML2026/Final_project_data/data/ML_data/NBI/FDM data/Arrivals/Nuuk Arrival_ 221210_OY-GRJ_20_08_25_56_16.csv,0.05930148958219071
2025.0,8.0,20.0,17.0,44.0,28.0,0.18999999999999995,0.05855153993092608,0.12199999999999997,/Users/rasmus/Desktop/Fysik/AppliedML2026/Final_project_data/data/ML_data/NBI/FDM data/Arrivals/Nuuk Arrival_ 221212_OY-GRH_20_08_25_46_17.csv,0.06557438524302002
2025.0,8.0,20.0,17.0,51.0,6.0,0.1299999999999999,0.050903344118808924,0.1100000000000001,/Users/rasmus/Desktop/Fysik/AppliedML2026/Final_project_data/data/ML_data/NBI/FDM data/Arrivals/Nuuk Arrival_ 221214_OY-GRM_20_08_25_52_17.csv,0.06528782428600301
2025.0,8.0,20.0,19.0,36.0,3.0,0.15000000000000002,0.03402096034174018,0.06000000000000005,/Users/rasmus/Desktop/Fysik/AppliedML2026/Final_project_data/data/ML_data/NBI/FDM data/Arrivals/Nuuk Arrival_ 221216_OY-GRP_20_08_25_37_19.csv,0.0608276253029822
2025.0,8.0,20.0,23.0,28.0,35.0,0.15999999999999992,0.05239909102154728,0.10400000000000015,/Users/rasmus/Desktop/Fysik/AppliedML2026/Final_project_data/data/ML_data/NBI/FDM data/Arrivals/Nuuk Arrival_ 221227_OY-GRM_20_08_25_31_23.csv,0.06506407098647715
2025.0,8.0,21.0,16.0,43.0,36.0,0.24,0.0653425042154252,0.1299999999999999,/Users/rasmus/Desktop/Fysik/AppliedML2026/Final_project_data/data/ML_data/NBI/FDM data/Arrivals/Nuuk Arrival_ 221239_OY-GRM_21_08_25_46_16.csv,0.06130524719249844
2025.0,8.0,21.0,14.0,56.0,59.0,0.25,0.047367597789927586,0.09799999999999992,/Users/rasmus/Desktop/Fysik/AppliedML2026/Final_project_data/data/ML_data/NBI/FDM data/Arrivals/Nuuk Arrival_ 221241_OY-GRJ_21_08_25_57_14.csv,0.0878635305459552
2025.0,8.0,21.0,19.0,30.0,35.0,0.18999999999999995,0.05490407845802809,0.1100000000000001,/Users/rasmus/Desktop/Fysik/AppliedML2026/Final_project_data/data/ML_data/NBI/FDM data/Arrivals/Nuuk Arrival_ 221255_OY-GRH_21_08_25_31_19.csv,0.054037024344425234
2025.0,8.0,21.0,20.0,6.0,45.0,0.19999999999999996,0.05670288697504167,0.11450000000000002,/Users/rasmus/Desktop/Fysik/AppliedML2026/Final_project_data/data/ML_data/NBI/FDM data/Arrivals/Nuuk Arrival_ 221257_OY-GRP_21_08_25_07_20.csv,0.08714212528966687
2025.0,8.0,22.0,12.0,14.0,56.0,0.19999999999999996,0.04301823080762602,0.1,/Users/rasmus/Desktop/Fysik/AppliedML2026/Final_project_data/data/ML_data/NBI/FDM data/Arrivals/Nuuk Arrival_ 221272_OY-GRJ_22_08_25_16_12.csv,0.07770753849184481
2025.0,8.0,22.0,12.0,26.0,48.0,0.1399999999999999,0.052514250245749905,0.09000000000000008,/Users/rasmus/Desktop/Fysik/AppliedML2026/Final_project_data/data/ML_data/NBI/FDM data/Arrivals/Nuuk Arrival_ 221273_OY-GRP_22_08_25_28_12.csv,0.06178711078229451
2025.0,8.0,22.0,11.0,50.0,35.0,0.1399999999999999,0.05400171266819479,0.1100000000000001,/Users/rasmus/Desktop/Fysik/AppliedML2026/Final_project_data/data/ML_data/NBI/FDM data/Arrivals/Nuuk Arrival_ 221275_OY-GRH_22_08_25_52_11.csv,0.08049844718999245
2025.0,8.0,22.0,16.0,44.0,26.0,0.21999999999999997,0.04842636453374225,0.08000000000000007,/Users/rasmus/Desktop/Fysik/AppliedML2026/Final_project_data/data/ML_data/NBI/FDM data/Arrivals/Nuuk Arrival_ 221285_OY-GRH_22_08_25_46_16.csv,0.06059231445842433
2025.0,8.0,22.0,16.0,55.0,26.0,0.24,0.06456842979044687,0.12699999999999984,/Users/rasmus/Desktop/Fysik/AppliedML2026/Final_project_data/data/ML_data/NBI/FDM data/Arrivals/Nuuk Arrival_ 221286_OY-GRJ_22_08_25_58_16.csv,0.08388303545034384
2025.0,8.0,22.0,20.0,3.0,16.0,0.14,0.04836088822803076,0.1029999999999999,/Users/rasmus/Desktop/Fysik/AppliedML2026/Final_project_data/data/ML_data/NBI/FDM data/Arrivals/Nuuk Arrival_ 221294_OY-GRP_22_08_25_04_20.csv,0.06851363110402793
2025.0,8.0,22.0,22.0,29.0,17.0,0.1100000000000001,0.036709931185158196,0.06000000000000005,/Users/rasmus/Desktop/Fysik/AppliedML2026/Final_project_data/data/ML_data/NBI/FDM data/Arrivals/Nuuk Arrival_ 221314_OY-GRH_22_08_25_31_22.csv,0.04658957217333211
2025.0,8.0,16.0,14.0,49.0,9.0,0.15999999999999992,0.053153562484741124,0.10000000000000009,/Users/rasmus/Desktop/Fysik/AppliedML2026/Final_project_data/data/ML_data/NBI/FDM data/Arrivals/Nuuk Arrival_ 221316_OY-GRR_16_08_25_34_14.csv,0.07155417527999326
2025.0,8.0,16.0,20.0,9.0,41.0,0.1299999999999999,0.05404067668749262,0.1100000000000001,/Users/rasmus/Desktop/Fysik/AppliedML2026/Final_project_data/data/ML_data/NBI/FDM data/Arrivals/Nuuk Arrival_ 221319_OY-GRR_16_08_25_56_19.csv,0.04627284809246388
2025.0,8.0,17.0,12.0,24.0,41.0,0.15999999999999992,0.03897496143741031,0.08800000000000005,/Users/rasmus/Desktop/Fysik/AppliedML2026/Final_project_data/data/ML_data/NBI/FDM data/Arrivals/Nuuk Arrival_ 221321_OY-GRR_17_08_25_13_12.csv,0.05460082416960389
2025.0,8.0,17.0,16.0,51.0,23.0,0.3799999999999999,0.0806062554709784,0.1499999999999999,/Users/rasmus/Desktop/Fysik/AppliedML2026/Final_project_data/data/ML_data/NBI/FDM data/Arrivals/Nuuk Arrival_ 221323_OY-GRR_17_08_25_41_16.csv,0.05907622195096773
2025.0,8.0,18.0,13.0,35.0,39.0,0.37,0.07874550590893872,0.1419999999999998,/Users/rasmus/Desktop/Fysik/AppliedML2026/Final_project_data/data/ML_data/NBI/FDM data/Arrivals/Nuuk Arrival_ 221326_OY-GRR_18_08_25_34_13.csv,0.05612486080160914
2025.0,8.0,18.0,18.0,3.0,21.0,0.26,0.07326336988919749,0.14999999999999994,/Users/rasmus/Desktop/Fysik/AppliedML2026/Final_project_data/data/ML_data/NBI/FDM data/Arrivals/Nuuk Arrival_ 221328_OY-GRR_18_08_25_52_17.csv,0.05377421934967231
2025.0,8.0,19.0,13.0,38.0,35.0,0.35,0.06404353834033226,0.12699999999999984,/Users/rasmus/Desktop/Fysik/AppliedML2026/Final_project_data/data/ML_data/NBI/FDM data/Arrivals/Nuuk Arrival_ 221332_OY-GRR_19_08_25_21_13.csv,0.06159004248523734
2025.0,8.0,19.0,17.0,10.0,8.0,0.36,0.06334429729659967,0.10000000000000009,/Users/rasmus/Desktop/Fysik/AppliedML2026/Final_project_data/data/ML_data/NBI/FDM data/Arrivals/Nuuk Arrival_ 221334_OY-GRR_19_08_25_06_17.csv,0.046127841676993526
2025.0,8.0,19.0,21.0,7.0,37.0,0.1200000000000001,0.03940675782126047,0.07999999999999996,/Users/rasmus/Desktop/Fysik/AppliedML2026/Final_project_data/data/ML_data/NBI/FDM data/Arrivals/Nuuk Arrival_ 221336_OY-GRR_19_08_25_03_21.csv,0.06280481227138929
2025.0,8.0,20.0,14.0,15.0,32.0,0.6100000000000001,0.07777899876941495,0.09399999999999986,/Users/rasmus/Desktop/Fysik/AppliedML2026/Final_project_data/data/ML_data/NBI/FDM data/Arrivals/Nuuk Arrival_ 221338_OY-GRR_20_08_25_07_14.csv,0.04949747468305837
2025.0,8.0,20.0,21.0,52.0,49.0,0.17999999999999994,0.049427919904190265,0.09000000000000008,/Users/rasmus/Desktop/Fysik/AppliedML2026/Final_project_data/data/ML_data/NBI/FDM data/Arrivals/Nuuk Arrival_ 221341_OY-GRR_20_08_25_40_21.csv,0.05196152422706636
2025.0,8.0,21.0,16.0,52.0,0.0,0.16999999999999993,0.05699343601022622,0.1100000000000001,/Users/rasmus/Desktop/Fysik/AppliedML2026/Final_project_data/data/ML_data/NBI/FDM data/Arrivals/Nuuk Arrival_ 221343_OY-GRR_21_08_25_06_16.csv,0.08031189202104502
2025.0,8.0,22.0,11.0,9.0,46.0,0.18999999999999995,0.04688545205109032,0.09000000000000008,/Users/rasmus/Desktop/Fysik/AppliedML2026/Final_project_data/data/ML_data/NBI/FDM data/Arrivals/Nuuk Arrival_ 221345_OY-GRR_22_08_25_02_11.csv,0.08306623862918075
2025.0,8.0,22.0,14.0,23.0,0.0,0.3700000000000001,0.06303087787953665,0.12749999999999995,/Users/rasmus/Desktop/Fysik/AppliedML2026/Final_project_data/data/ML_data/NBI/FDM data/Arrivals/Nuuk Arrival_ 221347_OY-GRR_22_08_25_16_14.csv,0.05427848419174807
2025.0,8.0,22.0,21.0,23.0,28.0,0.14,0.0390948729491361,0.07000000000000006,/Users/rasmus/Desktop/Fysik/AppliedML2026/Final_project_data/data/ML_data/NBI/FDM data/Arrivals/Nuuk Arrival_ 221352_OY-GRR_22_08_25_18_21.csv,0.04123105625617664
2025.0,8.0,21.0,19.0,14.0,30.0,0.15999999999999992,0.045181830966245354,0.08999999999999997,/Users/rasmus/Desktop/Fysik/AppliedML2026/Final_project_data/data/ML_data/NBI/FDM data/Arrivals/Nuuk Arrival_ 221353_OY-GRK_21_08_25_16_19.csv,0.06579826566639796
2025.0,8.0,23.0,13.0,8.0,52.0,0.19999999999999996,0.0493923471845188,0.09000000000000008,/Users/rasmus/Desktop/Fysik/AppliedML2026/Final_project_data/data/ML_data/NBI/FDM data/Arrivals/Nuuk Arrival_ 221359_OY-GRJ_23_08_25_09_13.csv,0.09210501253098734
2025.0,8.0,23.0,13.0,53.0,36.0,0.1499999999999999,0.042341638740812655,0.08000000000000007,/Users/rasmus/Desktop/Fysik/AppliedML2026/Final_project_data/data/ML_data/NBI/FDM data/Arrivals/Nuuk Arrival_ 221361_OY-GRM_23_08_25_55_13.csv,0.06552671211040578
2025.0,8.0,23.0,14.0,0.0,13.0,0.20999999999999996,0.05846289804449654,0.11700000000000006,/Users/rasmus/Desktop/Fysik/AppliedML2026/Final_project_data/data/ML_data/NBI/FDM data/Arrivals/Nuuk Arrival_ 221362_OY-GRP_23_08_25_01_14.csv,0.07739169002037961
2025.0,8.0,23.0,14.0,8.0,54.0,0.17999999999999994,0.056031552572822156,0.10750000000000001,/Users/rasmus/Desktop/Fysik/AppliedML2026/Final_project_data/data/ML_data/NBI/FDM data/Arrivals/Nuuk Arrival_ 221373_OY-GRK_23_08_25_09_14.csv,0.08514693182963201
2025.0,8.0,23.0,14.0,4.0,34.0,0.20999999999999996,0.048894761216500555,0.08000000000000007,/Users/rasmus/Desktop/Fysik/AppliedML2026/Final_project_data/data/ML_data/NBI/FDM data/Arrivals/Nuuk Arrival_ 221375_OY-GRH_23_08_25_05_14.csv,0.09742518497116988
2025.0,8.0,23.0,17.0,49.0,4.0,0.17999999999999994,0.06201887989487264,0.1200000000000001,/Users/rasmus/Desktop/Fysik/AppliedML2026/Final_project_data/data/ML_data/NBI/FDM data/Arrivals/Nuuk Arrival_ 221380_OY-GRK_23_08_25_51_17.csv,0.06545697353693793
2025.0,8.0,23.0,18.0,39.0,52.0,0.15999999999999992,0.057679127250939835,0.11799999999999984,/Users/rasmus/Desktop/Fysik/AppliedML2026/Final_project_data/data/ML_data/NBI/FDM data/Arrivals/Nuuk Arrival_ 221381_OY-GRJ_23_08_25_40_18.csv,0.08315218406202998
2025.0,8.0,23.0,18.0,54.0,34.0,0.28,0.07483314773547883,0.15799999999999992,/Users/rasmus/Desktop/Fysik/AppliedML2026/Final_project_data/data/ML_data/NBI/FDM data/Arrivals/Nuuk Arrival_ 221382_OY-GRP_23_08_25_55_18.csv,0.10898129691338362
2025.0,8.0,23.0,19.0,18.0,19.0,0.25,0.08112662116975158,0.15999999999999992,/Users/rasmus/Desktop/Fysik/AppliedML2026/Final_project_data/data/ML_data/NBI/FDM data/Arrivals/Nuuk Arrival_ 221390_OY-GRH_23_08_25_20_19.csv,0.0721572357194112
2025.0,8.0,24.0,11.0,12.0,21.0,0.1399999999999999,0.0517968280148994,0.1100000000000001,/Users/rasmus/Desktop/Fysik/AppliedML2026/Final_project_data/data/ML_data/NBI/FDM data/Arrivals/Nuuk Arrival_ 221394_OY-GRP_24_08_25_14_11.csv,0.041065358105873605
2025.0,8.0,24.0,12.0,3.0,49.0,0.15999999999999992,0.04887751005330561,0.09500000000000008,/Users/rasmus/Desktop/Fysik/AppliedML2026/Final_project_data/data/ML_data/NBI/FDM data/Arrivals/Nuuk Arrival_ 221396_OY-GRJ_24_08_25_04_12.csv,0.0793725393319377
2025.0,8.0,24.0,15.0,14.0,36.0,0.19999999999999996,0.06868965883427602,0.1299999999999999,/Users/rasmus/Desktop/Fysik/AppliedML2026/Final_project_data/data/ML_data/NBI/FDM data/Arrivals/Nuuk Arrival_ 221399_OY-GRJ_24_08_25_15_15.csv,0.08194745032876019
2025.0,8.0,24.0,15.0,25.0,9.0,0.13,0.04536468390118627,0.0965,/Users/rasmus/Desktop/Fysik/AppliedML2026/Final_project_data/data/ML_data/NBI/FDM data/Arrivals/Nuuk Arrival_ 221401_OY-GRP_24_08_25_26_15.csv,0.032249030993194226
2025.0,8.0,25.0,11.0,27.0,45.0,0.1499999999999999,0.05219978465710542,0.10199999999999998,/Users/rasmus/Desktop/Fysik/AppliedML2026/Final_project_data/data/ML_data/NBI/FDM data/Arrivals/Nuuk Arrival_ 221404_OY-GRJ_25_08_25_29_11.csv,0.07604823031033223
2025.0,8.0,25.0,12.0,44.0,22.0,0.16999999999999993,0.035728444398412246,0.06300000000000003,/Users/rasmus/Desktop/Fysik/AppliedML2026/Final_project_data/data/ML_data/NBI/FDM data/Arrivals/Nuuk Arrival_ 221407_OY-GRK_25_08_25_46_12.csv,0.06655382607112743
2025.0,8.0,25.0,11.0,39.0,52.0,0.1299999999999999,0.03882734893358141,0.08000000000000007,/Users/rasmus/Desktop/Fysik/AppliedML2026/Final_project_data/data/ML_data/NBI/FDM data/Arrivals/Nuuk Arrival_ 221412_OY-GRM_25_08_25_40_11.csv,0.07141428428542852
2025.0,8.0,25.0,11.0,33.0,50.0,0.18999999999999995,0.05719640348333604,0.10449999999999998,/Users/rasmus/Desktop/Fysik/AppliedML2026/Final_project_data/data/ML_data/NBI/FDM data/Arrivals/Nuuk Arrival_ 221416_OY-GRH_25_08_25_34_11.csv,0.05046450898073487
2025.0,8.0,25.0,16.0,57.0,15.0,0.16000000000000003,0.04796884510815435,0.10000000000000009,/Users/rasmus/Desktop/Fysik/AppliedML2026/Final_project_data/data/ML_data/NBI/FDM data/Arrivals/Nuuk Arrival_ 221421_OY-GRH_25_08_25_58_16.csv,0.0721110255092798
2025.0,8.0,25.0,17.0,56.0,22.0,0.15999999999999992,0.05331041174104739,0.1100000000000001,/Users/rasmus/Desktop/Fysik/AppliedML2026/Final_project_data/data/ML_data/NBI/FDM data/Arrivals/Nuuk Arrival_ 221430_OY-GRJ_25_08_25_58_17.csv,0.05954371961386483
2025.0,8.0,25.0,20.0,27.0,12.0,0.19999999999999996,0.04351518618334788,0.08049999999999989,/Users/rasmus/Desktop/Fysik/AppliedML2026/Final_project_data/data/ML_data/NBI/FDM data/Arrivals/Nuuk Arrival_ 221436_OY-GRP_25_08_25_29_20.csv,0.07918704588058655
2025.0,8.0,25.0,21.0,30.0,31.0,0.1499999999999999,0.052763942360719976,0.1200000000000001,/Users/rasmus/Desktop/Fysik/AppliedML2026/Final_project_data/data/ML_data/NBI/FDM data/Arrivals/Nuuk Arrival_ 221443_OY-GRJ_25_08_25_32_21.csv,0.05916079783099617
2025.0,8.0,25.0,20.0,60.0,51.0,0.20999999999999996,0.04827457698011135,0.10000000000000009,/Users/rasmus/Desktop/Fysik/AppliedML2026/Final_project_data/data/ML_data/NBI/FDM data/Arrivals/Nuuk Arrival_ 221461_OY-GRK_25_08_25_01_21.csv,0.08765962882830267
2025.0,8.0,25.0,22.0,52.0,10.0,0.15999999999999992,0.04261861276304235,0.09000000000000008,/Users/rasmus/Desktop/Fysik/AppliedML2026/Final_project_data/data/ML_data/NBI/FDM data/Arrivals/Nuuk Arrival_ 221462_OY-GRH_25_08_25_53_22.csv,0.07219764539096829
2025.0,8.0,26.0,13.0,42.0,35.0,0.20999999999999996,0.07466429723471184,0.16899999999999984,/Users/rasmus/Desktop/Fysik/AppliedML2026/Final_project_data/data/ML_data/NBI/FDM data/Arrivals/Nuuk Arrival_ 221468_OY-GRH_26_08_25_44_13.csv,0.07243387789333569
2025.0,8.0,26.0,14.0,31.0,55.0,0.15999999999999992,0.05366139631565189,0.1100000000000001,/Users/rasmus/Desktop/Fysik/AppliedML2026/Final_project_data/data/ML_data/NBI/FDM data/Arrivals/Nuuk Arrival_ 221469_OY-GRP_26_08_25_33_14.csv,0.07270946751741941
2025.0,8.0,26.0,18.0,44.0,30.0,0.15999999999999992,0.04739302998100189,0.08999999999999997,/Users/rasmus/Desktop/Fysik/AppliedML2026/Final_project_data/data/ML_data/NBI/FDM data/Arrivals/Nuuk Arrival_ 221488_OY-GRK_26_08_25_45_18.csv,0.05684408500451036
2025.0,8.0,26.0,14.0,35.0,18.0,0.24,0.0727721751336609,0.13299999999999987,/Users/rasmus/Desktop/Fysik/AppliedML2026/Final_project_data/data/ML_data/NBI/FDM data/Arrivals/Nuuk Arrival_ 221489_OY-GRM_26_08_25_36_14.csv,0.09374166629626339
2025.0,8.0,26.0,19.0,5.0,52.0,0.1399999999999999,0.04974937185533103,0.10649999999999994,/Users/rasmus/Desktop/Fysik/AppliedML2026/Final_project_data/data/ML_data/NBI/FDM data/Arrivals/Nuuk Arrival_ 221492_OY-GRJ_26_08_25_07_19.csv,0.06664215235560925
2025.0,8.0,26.0,18.0,7.0,38.0,0.1100000000000001,0.043714271125114314,0.08000000000000007,/Users/rasmus/Desktop/Fysik/AppliedML2026/Final_project_data/data/ML_data/NBI/FDM data/Arrivals/Nuuk Arrival_ 221493_OY-GRH_26_08_25_08_18.csv,0.058991524815010556
2025.0,8.0,26.0,18.0,39.0,57.0,0.15999999999999992,0.050188002714178205,0.1100000000000001,/Users/rasmus/Desktop/Fysik/AppliedML2026/Final_project_data/data/ML_data/NBI/FDM data/Arrivals/Nuuk Arrival_ 221494_OY-GRP_26_08_25_43_18.csv,0.04993746088859549
2025.0,8.0,27.0,10.0,24.0,34.0,0.28,0.08761859753237539,0.1499999999999999,/Users/rasmus/Desktop/Fysik/AppliedML2026/Final_project_data/data/ML_data/NBI/FDM data/Arrivals/Nuuk Arrival_ 221510_OY-GRO_27_08_25_27_10.csv,0.10406728592598159
2025.0,8.0,27.0,14.0,16.0,29.0,0.1499999999999999,0.06035949992146418,0.1100000000000001,/Users/rasmus/Desktop/Fysik/AppliedML2026/Final_project_data/data/ML_data/NBI/FDM data/Arrivals/Nuuk Arrival_ 221517_OY-GRO_27_08_25_18_14.csv,0.08152949664709952
2025.0,8.0,27.0,14.0,44.0,32.0,0.17999999999999994,0.0693008563846954,0.13299999999999987,/Users/rasmus/Desktop/Fysik/AppliedML2026/Final_project_data/data/ML_data/NBI/FDM data/Arrivals/Nuuk Arrival_ 221522_OY-GRM_27_08_25_46_14.csv,0.050166389810974744
2025.0,8.0,27.0,17.0,12.0,31.0,0.16000000000000003,0.06161033463091511,0.1200000000000001,/Users/rasmus/Desktop/Fysik/AppliedML2026/Final_project_data/data/ML_data/NBI/FDM data/Arrivals/Nuuk Arrival_ 221530_OY-GRJ_27_08_25_13_17.csv,0.06786665125775092
2025.0,8.0,27.0,17.0,13.0,6.0,0.20999999999999996,0.061359247591192545,0.12000000000000002,/Users/rasmus/Desktop/Fysik/AppliedML2026/Final_project_data/data/ML_data/NBI/FDM data/Arrivals/Nuuk Arrival_ 221532_OY-GRH_27_08_25_15_17.csv,0.07758865896508334
2025.0,8.0,27.0,17.0,19.0,52.0,0.21999999999999997,0.07858287865180495,0.14399999999999982,/Users/rasmus/Desktop/Fysik/AppliedML2026/Final_project_data/data/ML_data/NBI/FDM data/Arrivals/Nuuk Arrival_ 221533_OY-GRO_27_08_25_20_17.csv,0.08429857650043684
2025.0,8.0,27.0,17.0,48.0,21.0,0.26,0.05043962573370114,0.08999999999999997,/Users/rasmus/Desktop/Fysik/AppliedML2026/Final_project_data/data/ML_data/NBI/FDM data/Arrivals/Nuuk Arrival_ 221537_OY-GRM_27_08_25_50_17.csv,0.09545214042184236
2025.0,8.0,27.0,15.0,0.0,2.0,0.1499999999999999,0.06276482356322753,0.1100000000000001,/Users/rasmus/Desktop/Fysik/AppliedML2026/Final_project_data/data/ML_data/NBI/FDM data/Arrivals/Nuuk Arrival_ 221542_OY-GRK_27_08_25_01_15.csv,0.05686240703077331
2025.0,8.0,27.0,20.0,36.0,30.0,0.10999999999999999,0.03534523609039436,0.07000000000000006,/Users/rasmus/Desktop/Fysik/AppliedML2026/Final_project_data/data/ML_data/NBI/FDM data/Arrivals/Nuuk Arrival_ 221547_OY-GRP_27_08_25_38_20.csv,0.04721664711418936
2025.0,8.0,27.0,21.0,14.0,0.0,0.24,0.07109159302294576,0.1299999999999999,/Users/rasmus/Desktop/Fysik/AppliedML2026/Final_project_data/data/ML_data/NBI/FDM data/Arrivals/Nuuk Arrival_ 221549_OY-GRJ_27_08_25_16_21.csv,0.0632455532033676
2025.0,8.0,27.0,21.0,4.0,6.0,0.16999999999999993,0.04730321326255129,0.09799999999999986,/Users/rasmus/Desktop/Fysik/AppliedML2026/Final_project_data/data/ML_data/NBI/FDM data/Arrivals/Nuuk Arrival_ 221550_OY-GRK_27_08_25_06_21.csv,0.0635239649081121
2025.0,8.0,27.0,22.0,25.0,25.0,0.10000000000000009,0.03955022355798057,0.07000000000000006,/Users/rasmus/Desktop/Fysik/AppliedML2026/Final_project_data/data/ML_data/NBI/FDM data/Arrivals/Nuuk Arrival_ 221554_OY-GRH_27_08_25_27_22.csv,0.047749345545253334
2025.0,8.0,28.0,13.0,58.0,46.0,0.3700000000000001,0.06741385687804517,0.10000000000000009,/Users/rasmus/Desktop/Fysik/AppliedML2026/Final_project_data/data/ML_data/NBI/FDM data/Arrivals/Nuuk Arrival_ 221561_OY-GRO_28_08_25_59_13.csv,0.1242477363978918
2025.0,8.0,28.0,12.0,22.0,0.0,0.1200000000000001,0.039242833740697196,0.07000000000000006,/Users/rasmus/Desktop/Fysik/AppliedML2026/Final_project_data/data/ML_data/NBI/FDM data/Arrivals/Nuuk Arrival_ 221565_OY-GRJ_28_08_25_23_12.csv,0.05161671932897053
2025.0,8.0,28.0,14.0,50.0,14.0,0.1499999999999999,0.04196837544884395,0.08100000000000002,/Users/rasmus/Desktop/Fysik/AppliedML2026/Final_project_data/data/ML_data/NBI/FDM data/Arrivals/Nuuk Arrival_ 221567_OY-GRJ_28_08_25_52_14.csv,0.0637377439199098
2025.0,8.0,28.0,14.0,56.0,18.0,0.19999999999999996,0.04355852537383888,0.08000000000000007,/Users/rasmus/Desktop/Fysik/AppliedML2026/Final_project_data/data/ML_data/NBI/FDM data/Arrivals/Nuuk Arrival_ 221571_OY-GRH_28_08_25_58_14.csv,0.048628241612800945
2025.0,8.0,28.0,17.0,16.0,22.0,0.1200000000000001,0.03859849414161131,0.08000000000000003,/Users/rasmus/Desktop/Fysik/AppliedML2026/Final_project_data/data/ML_data/NBI/FDM data/Arrivals/Nuuk Arrival_ 221574_OY-GRK_28_08_25_18_17.csv,0.04519797719873254
2025.0,8.0,28.0,18.0,51.0,55.0,0.15999999999999992,0.04864519647598227,0.09000000000000008,/Users/rasmus/Desktop/Fysik/AppliedML2026/Final_project_data/data/ML_data/NBI/FDM data/Arrivals/Nuuk Arrival_ 221576_OY-GRJ_28_08_25_52_18.csv,0.059739015726742624
2025.0,8.0,28.0,19.0,25.0,37.0,0.16999999999999993,0.0608724448782415,0.09000000000000008,/Users/rasmus/Desktop/Fysik/AppliedML2026/Final_project_data/data/ML_data/NBI/FDM data/Arrivals/Nuuk Arrival_ 221577_OY-GRO_28_08_25_26_19.csv,0.08225975119502045
2025.0,8.0,28.0,19.0,29.0,52.0,0.1299999999999999,0.04271742924219515,0.09399999999999996,/Users/rasmus/Desktop/Fysik/AppliedML2026/Final_project_data/data/ML_data/NBI/FDM data/Arrivals/Nuuk Arrival_ 221578_OY-GRP_28_08_25_30_19.csv,0.0617960354715414
2025.0,8.0,28.0,19.0,44.0,31.0,0.25,0.04626844746443555,0.08000000000000007,/Users/rasmus/Desktop/Fysik/AppliedML2026/Final_project_data/data/ML_data/NBI/FDM data/Arrivals/Nuuk Arrival_ 221579_OY-GRK_28_08_25_46_19.csv,0.09501461875826152
2025.0,8.0,28.0,20.0,21.0,21.0,0.26,0.059602241438271614,0.1100000000000001,/Users/rasmus/Desktop/Fysik/AppliedML2026/Final_project_data/data/ML_data/NBI/FDM data/Arrivals/Nuuk Arrival_ 221589_OY-GRH_28_08_25_23_20.csv,0.06423913656538881
2025.0,8.0,28.0,22.0,54.0,7.0,0.29000000000000004,0.050899472517119584,0.09100000000000003,/Users/rasmus/Desktop/Fysik/AppliedML2026/Final_project_data/data/ML_data/NBI/FDM data/Arrivals/Nuuk Arrival_ 221604_OY-GRJ_28_08_25_56_22.csv,0.08823264701911647
2025.0,8.0,29.0,10.0,38.0,14.0,0.15999999999999992,0.03797183778955505,0.07000000000000006,/Users/rasmus/Desktop/Fysik/AppliedML2026/Final_project_data/data/ML_data/NBI/FDM data/Arrivals/Nuuk Arrival_ 221608_OY-GRJ_29_08_25_40_10.csv,0.04854121959736904
2025.0,8.0,29.0,11.0,24.0,11.0,0.18999999999999995,0.047587832162344884,0.09399999999999996,/Users/rasmus/Desktop/Fysik/AppliedML2026/Final_project_data/data/ML_data/NBI/FDM data/Arrivals/Nuuk Arrival_ 221610_OY-GRP_29_08_25_26_11.csv,0.0658669988572543
2025.0,8.0,29.0,11.0,41.0,57.0,0.24,0.05737436868339541,0.12549999999999992,/Users/rasmus/Desktop/Fysik/AppliedML2026/Final_project_data/data/ML_data/NBI/FDM data/Arrivals/Nuuk Arrival_ 221612_OY-GRH_29_08_25_42_11.csv,0.05112077203381555
2025.0,8.0,29.0,12.0,32.0,50.0,0.26,0.07062301763213628,0.11400000000000002,/Users/rasmus/Desktop/Fysik/AppliedML2026/Final_project_data/data/ML_data/NBI/FDM data/Arrivals/Nuuk Arrival_ 221614_OY-GRO_29_08_25_33_12.csv,0.10378549306829248
2025.0,8.0,29.0,17.0,40.0,35.0,0.1499999999999999,0.04356533190886876,0.09000000000000008,/Users/rasmus/Desktop/Fysik/AppliedML2026/Final_project_data/data/ML_data/NBI/FDM data/Arrivals/Nuuk Arrival_ 221627_OY-GRP_29_08_25_41_17.csv,0.05661504356524631
2025.0,8.0,29.0,17.0,52.0,48.0,0.15999999999999992,0.04075959442652892,0.08999999999999998,/Users/rasmus/Desktop/Fysik/AppliedML2026/Final_project_data/data/ML_data/NBI/FDM data/Arrivals/Nuuk Arrival_ 221631_OY-GRJ_29_08_25_53_17.csv,0.06698474842633308
2025.0,8.0,29.0,19.0,2.0,18.0,0.1399999999999999,0.03748901647935231,0.07000000000000006,/Users/rasmus/Desktop/Fysik/AppliedML2026/Final_project_data/data/ML_data/NBI/FDM data/Arrivals/Nuuk Arrival_ 221635_OY-GRM_29_08_25_04_19.csv,0.05853474002226103
2025.0,8.0,29.0,21.0,38.0,54.0,0.17999999999999994,0.04389041078873587,0.09000000000000008,/Users/rasmus/Desktop/Fysik/AppliedML2026/Final_project_data/data/ML_data/NBI/FDM data/Arrivals/Nuuk Arrival_ 221659_OY-GRK_29_08_25_42_21.csv,0.0593384582844798
2025.0,8.0,29.0,17.0,0.0,1.0,0.1399999999999999,0.05032942327761793,0.10149999999999999,/Users/rasmus/Desktop/Fysik/AppliedML2026/Final_project_data/data/ML_data/NBI/FDM data/Arrivals/Nuuk Arrival_ 221660_OY-GRH_29_08_25_01_17.csv,0.07623975340988452
2025.0,8.0,29.0,22.0,22.0,42.0,0.16999999999999993,0.051095687007508106,0.10550000000000001,/Users/rasmus/Desktop/Fysik/AppliedML2026/Final_project_data/data/ML_data/NBI/FDM data/Arrivals/Nuuk Arrival_ 221664_OY-GRH_29_08_25_23_22.csv,0.05372770855589012
2025.0,9.0,1.0,12.0,2.0,53.0,0.17999999999999994,0.04702556229086401,0.10000000000000009,/Users/rasmus/Desktop/Fysik/AppliedML2026/Final_project_data/data/ML_data/NBI/FDM data/Arrivals/Nuuk Arrival_ 221731_OY-GRJ_01_09_25_03_12.csv,0.07137537701787953
2025.0,9.0,1.0,11.0,58.0,1.0,0.1100000000000001,0.0383007722186169,0.08000000000000007,/Users/rasmus/Desktop/Fysik/AppliedML2026/Final_project_data/data/ML_data/NBI/FDM data/Arrivals/Nuuk Arrival_ 221732_OY-GRM_01_09_25_59_11.csv,0.06144102863722259
2025.0,9.0,1.0,14.0,35.0,39.0,0.21999999999999997,0.039029641087711585,0.07000000000000006,/Users/rasmus/Desktop/Fysik/AppliedML2026/Final_project_data/data/ML_data/NBI/FDM data/Arrivals/Nuuk Arrival_ 221736_OY-GRP_01_09_25_37_14.csv,0.0918785430155848
2025.0,9.0,1.0,11.0,29.0,5.0,0.18999999999999995,0.06344288770224765,0.10000000000000009,/Users/rasmus/Desktop/Fysik/AppliedML2026/Final_project_data/data/ML_data/NBI/FDM data/Arrivals/Nuuk Arrival_ 221737_OY-GRO_01_09_25_30_11.csv,0.0912870929175277
2025.0,9.0,1.0,17.0,36.0,23.0,0.1399999999999999,0.043498929443666776,0.09000000000000001,/Users/rasmus/Desktop/Fysik/AppliedML2026/Final_project_data/data/ML_data/NBI/FDM data/Arrivals/Nuuk Arrival_ 221751_OY-GRM_01_09_25_38_17.csv,0.06259111006224073
2025.0,9.0,1.0,18.0,28.0,0.0,0.18999999999999995,0.054313902456001095,0.10000000000000009,/Users/rasmus/Desktop/Fysik/AppliedML2026/Final_project_data/data/ML_data/NBI/FDM data/Arrivals/Nuuk Arrival_ 221763_OY-GRH_01_09_25_31_18.csv,0.0470678724331642
2025.0,9.0,1.0,18.0,39.0,15.0,0.20999999999999996,0.06571825384844679,0.1299999999999999,/Users/rasmus/Desktop/Fysik/AppliedML2026/Final_project_data/data/ML_data/NBI/FDM data/Arrivals/Nuuk Arrival_ 221781_OY-GRJ_01_09_25_42_18.csv,0.046043457732885394
2025.0,9.0,1.0,21.0,4.0,58.0,0.20999999999999996,0.07910577461371437,0.14,/Users/rasmus/Desktop/Fysik/AppliedML2026/Final_project_data/data/ML_data/NBI/FDM data/Arrivals/Nuuk Arrival_ 221783_OY-GRO_01_09_25_06_21.csv,0.09345230512584125
2025.0,9.0,1.0,21.0,52.0,42.0,0.16999999999999993,0.061367140441167124,0.1200000000000001,/Users/rasmus/Desktop/Fysik/AppliedML2026/Final_project_data/data/ML_data/NBI/FDM data/Arrivals/Nuuk Arrival_ 221785_OY-GRM_01_09_25_53_21.csv,0.06776183783418713
2025.0,9.0,2.0,0.0,3.0,51.0,0.26,0.08776532512090401,0.20999999999999996,/Users/rasmus/Desktop/Fysik/AppliedML2026/Final_project_data/data/ML_data/NBI/FDM data/Arrivals/Nuuk Arrival_ 221787_OY-GRH_02_09_25_04_00.csv,0.09914338991937831
2025.0,9.0,1.0,22.0,56.0,30.0,0.21999999999999997,0.07909792337022183,0.15999999999999992,/Users/rasmus/Desktop/Fysik/AppliedML2026/Final_project_data/data/ML_data/NBI/FDM data/Arrivals/Nuuk Arrival_ 221788_OY-GRJ_01_09_25_57_22.csv,0.09658042129633612
2025.0,9.0,2.0,16.0,23.0,7.0,0.22999999999999998,0.07372673995171662,0.1399999999999999,/Users/rasmus/Desktop/Fysik/AppliedML2026/Final_project_data/data/ML_data/NBI/FDM data/Arrivals/Nuuk Arrival_ 221816_OY-GRK_02_09_25_26_16.csv,0.10632758605157722
2025.0,9.0,2.0,20.0,21.0,21.0,0.19999999999999996,0.05084520527374101,0.09600000000000003,/Users/rasmus/Desktop/Fysik/AppliedML2026/Final_project_data/data/ML_data/NBI/FDM data/Arrivals/Nuuk Arrival_ 221818_OY-GRM_02_09_25_23_20.csv,0.06905202254953739
2025.0,9.0,2.0,22.0,11.0,57.0,0.20999999999999996,0.06857275130999356,0.13999999999999993,/Users/rasmus/Desktop/Fysik/AppliedML2026/Final_project_data/data/ML_data/NBI/FDM data/Arrivals/Nuuk Arrival_ 221820_OY-GRH_02_09_25_13_22.csv,0.09113863066779093
2025.0,9.0,2.0,22.0,33.0,28.0,0.17999999999999994,0.06559242992834867,0.1200000000000001,/Users/rasmus/Desktop/Fysik/AppliedML2026/Final_project_data/data/ML_data/NBI/FDM data/Arrivals/Nuuk Arrival_ 221821_OY-GRP_02_09_25_36_22.csv,0.06276941930590091
2025.0,9.0,3.0,12.0,4.0,55.0,0.18999999999999995,0.05374971867893374,0.10000000000000009,/Users/rasmus/Desktop/Fysik/AppliedML2026/Final_project_data/data/ML_data/NBI/FDM data/Arrivals/Nuuk Arrival_ 221829_OY-GRH_03_09_25_06_12.csv,0.08170067319184098
2025.0,9.0,3.0,12.0,34.0,48.0,0.1299999999999999,0.04261119906449816,0.0804999999999999,/Users/rasmus/Desktop/Fysik/AppliedML2026/Final_project_data/data/ML_data/NBI/FDM data/Arrivals/Nuuk Arrival_ 221830_OY-GRJ_03_09_25_36_12.csv,0.06397916327472047
2025.0,9.0,3.0,12.0,44.0,17.0,0.20999999999999996,0.0527967802048572,0.11850000000000005,/Users/rasmus/Desktop/Fysik/AppliedML2026/Final_project_data/data/ML_data/NBI/FDM data/Arrivals/Nuuk Arrival_ 221831_OY-GRM_03_09_25_46_12.csv,0.08657214818927195
2025.0,9.0,3.0,11.0,57.0,55.0,0.1100000000000001,0.03901031288362345,0.08000000000000007,/Users/rasmus/Desktop/Fysik/AppliedML2026/Final_project_data/data/ML_data/NBI/FDM data/Arrivals/Nuuk Arrival_ 221833_OY-GRK_03_09_25_59_11.csv,0.052964735040352484
2025.0,9.0,3.0,17.0,22.0,51.0,0.1499999999999999,0.05404721007999577,0.10600000000000004,/Users/rasmus/Desktop/Fysik/AppliedML2026/Final_project_data/data/ML_data/NBI/FDM data/Arrivals/Nuuk Arrival_ 221847_OY-GRJ_03_09_25_23_17.csv,0.07339391437078875
2025.0,9.0,3.0,17.0,38.0,33.0,0.1299999999999999,0.03907940634144795,0.07000000000000006,/Users/rasmus/Desktop/Fysik/AppliedML2026/Final_project_data/data/ML_data/NBI/FDM data/Arrivals/Nuuk Arrival_ 221848_OY-GRM_03_09_25_39_17.csv,0.05836665714829545
2025.0,9.0,3.0,18.0,31.0,39.0,0.19999999999999996,0.0687703793748812,0.1100000000000001,/Users/rasmus/Desktop/Fysik/AppliedML2026/Final_project_data/data/ML_data/NBI/FDM data/Arrivals/Nuuk Arrival_ 221853_OY-GRO_03_09_25_32_18.csv,0.0750238057457194
2025.0,9.0,3.0,19.0,12.0,16.0,0.09000000000000008,0.02991137351387808,0.07000000000000006,/Users/rasmus/Desktop/Fysik/AppliedML2026/Final_project_data/data/ML_data/NBI/FDM data/Arrivals/Nuuk Arrival_ 221856_OY-GRP_03_09_25_14_19.csv,0.04222953153106646
2025.0,9.0,3.0,19.0,25.0,39.0,0.18999999999999995,0.05965497126250482,0.13599999999999984,/Users/rasmus/Desktop/Fysik/AppliedML2026/Final_project_data/data/ML_data/NBI/FDM data/Arrivals/Nuuk Arrival_ 221872_OY-GRH_03_09_25_26_19.csv,0.06609652033201147
2025.0,9.0,3.0,23.0,12.0,30.0,0.1499999999999999,0.04811218773549645,0.10000000000000009,/Users/rasmus/Desktop/Fysik/AppliedML2026/Final_project_data/data/ML_data/NBI/FDM data/Arrivals/Nuuk Arrival_ 221874_OY-GRJ_03_09_25_14_23.csv,0.06319903201045746
2025.0,9.0,3.0,23.0,9.0,25.0,0.15999999999999992,0.042917775849535475,0.09000000000000008,/Users/rasmus/Desktop/Fysik/AppliedML2026/Final_project_data/data/ML_data/NBI/FDM data/Arrivals/Nuuk Arrival_ 221875_OY-GRM_03_09_25_11_23.csv,0.07193747284969082
2025.0,9.0,4.0,12.0,3.0,53.0,0.17999999999999994,0.07652466332095521,0.1399999999999999,/Users/rasmus/Desktop/Fysik/AppliedML2026/Final_project_data/data/ML_data/NBI/FDM data/Arrivals/Nuuk Arrival_ 221889_OY-GRO_04_09_25_05_12.csv,0.09242351033778094
2025.0,9.0,4.0,14.0,3.0,42.0,0.16999999999999993,0.050866960777549625,0.1100000000000001,/Users/rasmus/Desktop/Fysik/AppliedML2026/Final_project_data/data/ML_data/NBI/FDM data/Arrivals/Nuuk Arrival_ 221891_OY-GRK_04_09_25_06_14.csv,0.07058199615920609
2025.0,9.0,4.0,15.0,4.0,56.0,0.1499999999999999,0.04320787141356604,0.09000000000000007,/Users/rasmus/Desktop/Fysik/AppliedML2026/Final_project_data/data/ML_data/NBI/FDM data/Arrivals/Nuuk Arrival_ 221892_OY-GRM_04_09_25_08_15.csv,0.0724338778933357
2025.0,9.0,4.0,13.0,43.0,39.0,0.1499999999999999,0.045849470150084407,0.09000000000000008,/Users/rasmus/Desktop/Fysik/AppliedML2026/Final_project_data/data/ML_data/NBI/FDM data/Arrivals/Nuuk Arrival_ 221893_OY-GRH_04_09_25_44_13.csv,0.0754036755451237
2025.0,9.0,4.0,14.0,15.0,59.0,0.17999999999999994,0.07814733757094196,0.1399999999999999,/Users/rasmus/Desktop/Fysik/AppliedML2026/Final_project_data/data/ML_data/NBI/FDM data/Arrivals/Nuuk Arrival_ 221896_OY-GRJ_04_09_25_17_14.csv,0.07280109889280517
2025.0,9.0,4.0,18.0,6.0,32.0,0.21999999999999997,0.05428923860740203,0.09000000000000008,/Users/rasmus/Desktop/Fysik/AppliedML2026/Final_project_data/data/ML_data/NBI/FDM data/Arrivals/Nuuk Arrival_ 221902_OY-GRH_04_09_25_07_18.csv,0.06148944934663494
2025.0,9.0,4.0,19.0,14.0,36.0,0.1399999999999999,0.04515010642392491,0.08000000000000007,/Users/rasmus/Desktop/Fysik/AppliedML2026/Final_project_data/data/ML_data/NBI/FDM data/Arrivals/Nuuk Arrival_ 221903_OY-GRP_04_09_25_15_19.csv,0.06850790708621404
2025.0,9.0,4.0,19.0,54.0,36.0,0.29000000000000004,0.06426654401199185,0.12749999999999995,/Users/rasmus/Desktop/Fysik/AppliedML2026/Final_project_data/data/ML_data/NBI/FDM data/Arrivals/Nuuk Arrival_ 221904_OY-GRJ_04_09_25_55_19.csv,0.06618156843109721
2025.0,9.0,4.0,20.0,42.0,54.0,0.16999999999999993,0.054420018940996934,0.10000000000000009,/Users/rasmus/Desktop/Fysik/AppliedML2026/Final_project_data/data/ML_data/NBI/FDM data/Arrivals/Nuuk Arrival_ 221908_OY-GRM_04_09_25_44_20.csv,0.09680613912055668
2025.0,9.0,4.0,21.0,59.0,51.0,0.29000000000000004,0.0893961222126926,0.19699999999999984,/Users/rasmus/Desktop/Fysik/AppliedML2026/Final_project_data/data/ML_data/NBI/FDM data/Arrivals/Nuuk Arrival_ 221919_OY-GRH_04_09_25_00_22.csv,0.0922788416452256
2025.0,9.0,4.0,23.0,5.0,45.0,0.15999999999999992,0.06464304606263016,0.1100000000000001,/Users/rasmus/Desktop/Fysik/AppliedML2026/Final_project_data/data/ML_data/NBI/FDM data/Arrivals/Nuuk Arrival_ 221937_OY-GRO_04_09_25_09_23.csv,0.07742379766224625
2025.0,9.0,5.0,11.0,34.0,3.0,0.26,0.07354224322429621,0.1299999999999999,/Users/rasmus/Desktop/Fysik/AppliedML2026/Final_project_data/data/ML_data/NBI/FDM data/Arrivals/Nuuk Arrival_ 221946_OY-GRO_05_09_25_36_11.csv,0.10353431720308814
2025.0,9.0,5.0,11.0,56.0,44.0,0.1399999999999999,0.038753514194009846,0.07000000000000006,/Users/rasmus/Desktop/Fysik/AppliedML2026/Final_project_data/data/ML_data/NBI/FDM data/Arrivals/Nuuk Arrival_ 221949_OY-GRK_05_09_25_57_11.csv,0.07015289424840981
2025.0,9.0,5.0,12.0,41.0,11.0,0.17999999999999994,0.05838742081211424,0.12699999999999984,/Users/rasmus/Desktop/Fysik/AppliedML2026/Final_project_data/data/ML_data/NBI/FDM data/Arrivals/Nuuk Arrival_ 221950_OY-GRH_05_09_25_44_12.csv,0.08631338250816036
2025.0,9.0,5.0,12.0,36.0,19.0,0.26,0.053444387179650645,0.09199999999999997,/Users/rasmus/Desktop/Fysik/AppliedML2026/Final_project_data/data/ML_data/NBI/FDM data/Arrivals/Nuuk Arrival_ 221956_OY-GRM_05_09_25_38_12.csv,0.08669871202426636
2025.0,9.0,5.0,12.0,21.0,8.0,0.22999999999999998,0.054115139063501176,0.09000000000000008,/Users/rasmus/Desktop/Fysik/AppliedML2026/Final_project_data/data/ML_data/NBI/FDM data/Arrivals/Nuuk Arrival_ 221958_OY-GRP_05_09_25_23_12.csv,0.06629659188252511
2025.0,9.0,5.0,16.0,14.0,11.0,0.1499999999999999,0.0638683541878658,0.10250000000000009,/Users/rasmus/Desktop/Fysik/AppliedML2026/Final_project_data/data/ML_data/NBI/FDM data/Arrivals/Nuuk Arrival_ 221960_OY-GRO_05_09_25_15_16.csv,0.0809938269252664
2025.0,9.0,5.0,17.0,38.0,12.0,0.26,0.06862024383574916,0.14899999999999994,/Users/rasmus/Desktop/Fysik/AppliedML2026/Final_project_data/data/ML_data/NBI/FDM data/Arrivals/Nuuk Arrival_ 221965_OY-GRH_05_09_25_40_17.csv,0.10812450735568277
2025.0,9.0,5.0,11.0,60.0,58.0,0.15999999999999992,0.04800085033260414,0.09000000000000008,/Users/rasmus/Desktop/Fysik/AppliedML2026/Final_project_data/data/ML_data/NBI/FDM data/Arrivals/Nuuk Arrival_ 222000_OY-GRJ_05_09_25_01_12.csv,0.06767569726275452
2025.0,9.0,5.0,20.0,53.0,17.0,0.24,0.0946665976249403,0.18249999999999994,/Users/rasmus/Desktop/Fysik/AppliedML2026/Final_project_data/data/ML_data/NBI/FDM data/Arrivals/Nuuk Arrival_ 222001_OY-GRM_05_09_25_55_20.csv,0.09527737285304304
2025.0,9.0,5.0,21.0,16.0,31.0,0.1100000000000001,0.03766373190525509,0.07199999999999986,/Users/rasmus/Desktop/Fysik/AppliedML2026/Final_project_data/data/ML_data/NBI/FDM data/Arrivals/Nuuk Arrival_ 222004_OY-GRP_05_09_25_18_21.csv,0.05139237755337108
2025.0,9.0,5.0,22.0,6.0,53.0,0.27,0.07482317463651601,0.1299999999999999,/Users/rasmus/Desktop/Fysik/AppliedML2026/Final_project_data/data/ML_data/NBI/FDM data/Arrivals/Nuuk Arrival_ 222005_OY-GRO_05_09_25_08_22.csv,0.13028814220795384
2025.0,9.0,5.0,16.0,9.0,40.0,0.25,0.04770943802006557,0.07000000000000003,/Users/rasmus/Desktop/Fysik/AppliedML2026/Final_project_data/data/ML_data/NBI/FDM data/Arrivals/Nuuk Arrival_ 222016_OY-GRJ_05_09_25_10_16.csv,0.09974968671630004
2025.0,9.0,5.0,20.0,38.0,12.0,0.21999999999999997,0.06630570639475622,0.1419999999999998,/Users/rasmus/Desktop/Fysik/AppliedML2026/Final_project_data/data/ML_data/NBI/FDM data/Arrivals/Nuuk Arrival_ 222019_OY-GRJ_05_09_25_41_20.csv,0.09565563234854496
2025.0,9.0,6.0,11.0,16.0,20.0,0.32000000000000006,0.06285838425053764,0.12549999999999978,/Users/rasmus/Desktop/Fysik/AppliedML2026/Final_project_data/data/ML_data/NBI/FDM data/Arrivals/Nuuk Arrival_ 222022_OY-GRP_06_09_25_19_11.csv,0.09024965373894797
2025.0,9.0,6.0,14.0,10.0,37.0,0.15999999999999992,0.05180498378706114,0.10000000000000009,/Users/rasmus/Desktop/Fysik/AppliedML2026/Final_project_data/data/ML_data/NBI/FDM data/Arrivals/Nuuk Arrival_ 222029_OY-GRM_06_09_25_13_14.csv,0.05431390245600109
2025.0,9.0,6.0,14.0,12.0,28.0,0.25,0.0883201587999617,0.15999999999999992,/Users/rasmus/Desktop/Fysik/AppliedML2026/Final_project_data/data/ML_data/NBI/FDM data/Arrivals/Nuuk Arrival_ 222030_OY-GRO_06_09_25_16_14.csv,0.10836099511889825
2025.0,9.0,6.0,14.0,23.0,58.0,0.16999999999999993,0.05915591234456555,0.1200000000000001,/Users/rasmus/Desktop/Fysik/AppliedML2026/Final_project_data/data/ML_data/NBI/FDM data/Arrivals/Nuuk Arrival_ 222031_OY-GRJ_06_09_25_25_14.csv,0.0724568837309472
2025.0,9.0,6.0,14.0,31.0,26.0,0.3700000000000001,0.07818247885555946,0.1524999999999999,/Users/rasmus/Desktop/Fysik/AppliedML2026/Final_project_data/data/ML_data/NBI/FDM data/Arrivals/Nuuk Arrival_ 222032_OY-GRP_06_09_25_34_14.csv,0.08532291603080615
2025.0,9.0,6.0,18.0,15.0,25.0,0.15999999999999992,0.05781650362658622,0.1100000000000001,/Users/rasmus/Desktop/Fysik/AppliedML2026/Final_project_data/data/ML_data/NBI/FDM data/Arrivals/Nuuk Arrival_ 222037_OY-GRM_06_09_25_17_18.csv,0.05380741673076399
2025.0,9.0,6.0,18.0,28.0,33.0,0.27,0.0851197870724575,0.16099999999999987,/Users/rasmus/Desktop/Fysik/AppliedML2026/Final_project_data/data/ML_data/NBI/FDM data/Arrivals/Nuuk Arrival_ 222040_OY-GRO_06_09_25_30_18.csv,0.1143459662602927
2025.0,9.0,6.0,18.0,34.0,30.0,0.15999999999999992,0.06312474019295038,0.125,/Users/rasmus/Desktop/Fysik/AppliedML2026/Final_project_data/data/ML_data/NBI/FDM data/Arrivals/Nuuk Arrival_ 222041_OY-GRH_06_09_25_35_18.csv,0.07994316162692773
2025.0,9.0,6.0,20.0,10.0,3.0,0.1399999999999999,0.06259601320823255,0.1100000000000001,/Users/rasmus/Desktop/Fysik/AppliedML2026/Final_project_data/data/ML_data/NBI/FDM data/Arrivals/Nuuk Arrival_ 222065_OY-GRJ_06_09_25_12_20.csv,0.05656854249492382
2025.0,9.0,1.0,11.0,55.0,27.0,0.26,0.06034912432440666,0.12100000000000002,/Users/rasmus/Desktop/Fysik/AppliedML2026/Final_project_data/data/ML_data/NBI/FDM data/Arrivals/Nuuk Arrival_ 222068_OY-GRR_01_09_25_43_11.csv,0.047572659109375484
2025.0,9.0,1.0,17.0,43.0,33.0,0.22999999999999998,0.06188635762300543,0.1200000000000001,/Users/rasmus/Desktop/Fysik/AppliedML2026/Final_project_data/data/ML_data/NBI/FDM data/Arrivals/Nuuk Arrival_ 222070_OY-GRR_01_09_25_27_17.csv,0.050526638285864525
2025.0,9.0,1.0,21.0,37.0,54.0,0.20999999999999996,0.06579254164861978,0.12849999999999986,/Users/rasmus/Desktop/Fysik/AppliedML2026/Final_project_data/data/ML_data/NBI/FDM data/Arrivals/Nuuk Arrival_ 222072_OY-GRR_01_09_25_33_21.csv,0.05104784376387682
2025.0,9.0,3.0,10.0,11.0,26.0,0.33000000000000007,0.05780916399102122,0.10100000000000002,/Users/rasmus/Desktop/Fysik/AppliedML2026/Final_project_data/data/ML_data/NBI/FDM data/Arrivals/Nuuk Arrival_ 222074_OY-GRR_03_09_25_06_10.csv,0.06279217421667403
2025.0,9.0,3.0,15.0,0.0,50.0,0.3400000000000001,0.07826456711535193,0.17000000000000004,/Users/rasmus/Desktop/Fysik/AppliedML2026/Final_project_data/data/ML_data/NBI/FDM data/Arrivals/Nuuk Arrival_ 222076_OY-GRR_03_09_25_51_14.csv,0.06908492797077577
2025.0,9.0,3.0,21.0,30.0,3.0,0.3600000000000001,0.0717812118376484,0.16299999999999984,/Users/rasmus/Desktop/Fysik/AppliedML2026/Final_project_data/data/ML_data/NBI/FDM data/Arrivals/Nuuk Arrival_ 222078_OY-GRR_03_09_25_52_20.csv,0.04527692569068708
2025.0,9.0,4.0,11.0,10.0,8.0,0.21999999999999997,0.05128841906806967,0.10000000000000009,/Users/rasmus/Desktop/Fysik/AppliedML2026/Final_project_data/data/ML_data/NBI/FDM data/Arrivals/Nuuk Arrival_ 222080_OY-GRR_04_09_25_07_11.csv,0.06228964600958976
2025.0,9.0,4.0,14.0,27.0,36.0,0.20999999999999996,0.08251042973159668,0.16149999999999998,/Users/rasmus/Desktop/Fysik/AppliedML2026/Final_project_data/data/ML_data/NBI/FDM data/Arrivals/Nuuk Arrival_ 222082_OY-GRR_04_09_25_20_14.csv,0.05038314736557789
2025.0,9.0,4.0,17.0,40.0,57.0,0.45999999999999996,0.09490002654158737,0.1839999999999999,/Users/rasmus/Desktop/Fysik/AppliedML2026/Final_project_data/data/ML_data/NBI/FDM data/Arrivals/Nuuk Arrival_ 222084_OY-GRR_04_09_25_35_17.csv,0.06833739825307959
2025.0,9.0,6.0,13.0,44.0,3.0,0.1200000000000001,0.04316082880178677,0.08000000000000007,/Users/rasmus/Desktop/Fysik/AppliedML2026/Final_project_data/data/ML_data/NBI/FDM data/Arrivals/Nuuk Arrival_ 222087_OY-GRR_06_09_25_28_13.csv,0.04708148963941849
2025.0,9.0,6.0,17.0,31.0,36.0,0.16999999999999993,0.05791240069144221,0.1125000000000001,/Users/rasmus/Desktop/Fysik/AppliedML2026/Final_project_data/data/ML_data/NBI/FDM data/Arrivals/Nuuk Arrival_ 222089_OY-GRR_06_09_25_24_17.csv,0.07111359122659225
2025.0,9.0,7.0,11.0,25.0,25.0,0.32000000000000006,0.08031981528410488,0.19300000000000006,/Users/rasmus/Desktop/Fysik/AppliedML2026/Final_project_data/data/ML_data/NBI/FDM data/Arrivals/Nuuk Arrival_ 222090_OY-GRJ_07_09_25_29_11.csv,0.10954451150103325
2025.0,9.0,7.0,15.0,59.0,27.0,0.09000000000000008,0.029751033039915612,0.050000000000000044,/Users/rasmus/Desktop/Fysik/AppliedML2026/Final_project_data/data/ML_data/NBI/FDM data/Arrivals/Nuuk Arrival_ 222094_OY-GRP_07_09_25_01_16.csv,0.03800584750330463
2025.0,9.0,7.0,16.0,2.0,30.0,0.21999999999999997,0.0657238630044241,0.1100000000000001,/Users/rasmus/Desktop/Fysik/AppliedML2026/Final_project_data/data/ML_data/NBI/FDM data/Arrivals/Nuuk Arrival_ 222095_OY-GRO_07_09_25_04_16.csv,0.0948306761699881
2025.0,9.0,6.0,10.0,18.0,9.0,0.14,0.05048818281314538,0.10000000000000009,/Users/rasmus/Desktop/Fysik/AppliedML2026/Final_project_data/data/ML_data/NBI/FDM data/Arrivals/Nuuk Arrival_ 222097_OY-GRK_06_09_25_20_10.csv,0.06511528238439886
2025.0,9.0,6.0,15.0,6.0,52.0,0.24,0.054976804013982486,0.10000000000000009,/Users/rasmus/Desktop/Fysik/AppliedML2026/Final_project_data/data/ML_data/NBI/FDM data/Arrivals/Nuuk Arrival_ 222100_OY-GRK_06_09_25_07_15.csv,0.0863397096042456
2025.0,9.0,8.0,11.0,29.0,15.0,0.17999999999999994,0.0413994328883653,0.08000000000000007,/Users/rasmus/Desktop/Fysik/AppliedML2026/Final_project_data/data/ML_data/NBI/FDM data/Arrivals/Nuuk Arrival_ 222104_OY-GRP_08_09_25_31_11.csv,0.053452248382484885
2025.0,9.0,8.0,11.0,53.0,52.0,0.1399999999999999,0.049952919010274696,0.09800000000000006,/Users/rasmus/Desktop/Fysik/AppliedML2026/Final_project_data/data/ML_data/NBI/FDM data/Arrivals/Nuuk Arrival_ 222106_OY-GRJ_08_09_25_54_11.csv,0.05230405611149379
2025.0,9.0,8.0,11.0,48.0,17.0,0.1399999999999999,0.045394329616047044,0.1100000000000001,/Users/rasmus/Desktop/Fysik/AppliedML2026/Final_project_data/data/ML_data/NBI/FDM data/Arrivals/Nuuk Arrival_ 222109_OY-GRK_08_09_25_50_11.csv,0.0563154381269344
2025.0,9.0,8.0,12.0,37.0,57.0,0.25,0.06331079592560772,0.1279999999999998,/Users/rasmus/Desktop/Fysik/AppliedML2026/Final_project_data/data/ML_data/NBI/FDM data/Arrivals/Nuuk Arrival_ 222110_OY-GRH_08_09_25_38_12.csv,0.09714094726923163
2025.0,9.0,8.0,15.0,39.0,40.0,0.18999999999999995,0.04937707198786942,0.10799999999999998,/Users/rasmus/Desktop/Fysik/AppliedML2026/Final_project_data/data/ML_data/NBI/FDM data/Arrivals/Nuuk Arrival_ 222120_OY-GRP_08_09_25_40_15.csv,0.06861262498762388
2025.0,9.0,8.0,18.0,34.0,33.0,0.25,0.07409035383215183,0.1339999999999998,/Users/rasmus/Desktop/Fysik/AppliedML2026/Final_project_data/data/ML_data/NBI/FDM data/Arrivals/Nuuk Arrival_ 222139_OY-GRO_08_09_25_36_18.csv,0.0976387901058454
2025.0,9.0,8.0,21.0,38.0,5.0,0.1499999999999999,0.04026762324102931,0.08000000000000007,/Users/rasmus/Desktop/Fysik/AppliedML2026/Final_project_data/data/ML_data/NBI/FDM data/Arrivals/Nuuk Arrival_ 222142_OY-GRJ_08_09_25_40_21.csv,0.07071067811865478
2025.0,9.0,8.0,21.0,58.0,29.0,0.1499999999999999,0.037429060627261986,0.07000000000000003,/Users/rasmus/Desktop/Fysik/AppliedML2026/Final_project_data/data/ML_data/NBI/FDM data/Arrivals/Nuuk Arrival_ 222144_OY-GRP_08_09_25_00_22.csv,0.07125852775477316
2025.0,9.0,8.0,20.0,31.0,40.0,0.21999999999999997,0.05954371961386478,0.1299999999999999,/Users/rasmus/Desktop/Fysik/AppliedML2026/Final_project_data/data/ML_data/NBI/FDM data/Arrivals/Nuuk Arrival_ 222145_OY-GRH_08_09_25_32_20.csv,0.08156796756897486
2025.0,9.0,9.0,11.0,50.0,22.0,0.14,0.04587818318446901,0.09000000000000007,/Users/rasmus/Desktop/Fysik/AppliedML2026/Final_project_data/data/ML_data/NBI/FDM data/Arrivals/Nuuk Arrival_ 222154_OY-GRH_09_09_25_52_11.csv,0.052915026221291864
2025.0,9.0,9.0,14.0,42.0,38.0,0.29000000000000004,0.073265661416909,0.1244999999999999,/Users/rasmus/Desktop/Fysik/AppliedML2026/Final_project_data/data/ML_data/NBI/FDM data/Arrivals/Nuuk Arrival_ 222159_OY-GRO_09_09_25_43_14.csv,0.1077342409202695
2025.0,9.0,9.0,14.0,38.0,44.0,0.16000000000000003,0.04246702574777366,0.07250000000000006,/Users/rasmus/Desktop/Fysik/AppliedML2026/Final_project_data/data/ML_data/NBI/FDM data/Arrivals/Nuuk Arrival_ 222161_OY-GRJ_09_09_25_39_14.csv,0.05995096035143077
2025.0,9.0,9.0,14.0,28.0,0.0,0.16999999999999993,0.04771567577102641,0.10000000000000009,/Users/rasmus/Desktop/Fysik/AppliedML2026/Final_project_data/data/ML_data/NBI/FDM data/Arrivals/Nuuk Arrival_ 222171_OY-GRK_09_09_25_29_14.csv,0.07390222230446432
2025.0,9.0,9.0,14.0,35.0,19.0,0.19999999999999996,0.04808364625355526,0.10650000000000001,/Users/rasmus/Desktop/Fysik/AppliedML2026/Final_project_data/data/ML_data/NBI/FDM data/Arrivals/Nuuk Arrival_ 222187_OY-GRH_09_09_25_37_14.csv,0.07348469228349534
2025.0,9.0,9.0,18.0,16.0,11.0,0.19999999999999996,0.05595452699209504,0.10000000000000009,/Users/rasmus/Desktop/Fysik/AppliedML2026/Final_project_data/data/ML_data/NBI/FDM data/Arrivals/Nuuk Arrival_ 222189_OY-GRH_09_09_25_18_18.csv,0.07950741205339645
2025.0,9.0,9.0,19.0,48.0,27.0,0.19999999999999996,0.028915585954829133,0.050000000000000044,/Users/rasmus/Desktop/Fysik/AppliedML2026/Final_project_data/data/ML_data/NBI/FDM data/Arrivals/Nuuk Arrival_ 222192_OY-GRP_09_09_25_50_19.csv,0.06427106060093633
2025.0,9.0,9.0,20.0,0.0,0.0,0.16999999999999993,0.07366549738233742,0.1299999999999999,/Users/rasmus/Desktop/Fysik/AppliedML2026/Final_project_data/data/ML_data/NBI/FDM data/Arrivals/Nuuk Arrival_ 222203_OY-GRO_09_09_25_01_20.csv,0.07699206308300732
2025.0,9.0,10.0,11.0,28.0,15.0,0.1100000000000001,0.03305642558909349,0.06549999999999997,/Users/rasmus/Desktop/Fysik/AppliedML2026/Final_project_data/data/ML_data/NBI/FDM data/Arrivals/Nuuk Arrival_ 222208_OY-GRP_10_09_25_30_11.csv,0.06457553716385181
2025.0,9.0,10.0,11.0,35.0,8.0,0.1399999999999999,0.04010949924674407,0.08000000000000007,/Users/rasmus/Desktop/Fysik/AppliedML2026/Final_project_data/data/ML_data/NBI/FDM data/Arrivals/Nuuk Arrival_ 222209_OY-GRK_10_09_25_37_11.csv,0.056457948953181084
2025.0,9.0,10.0,11.0,49.0,47.0,0.1200000000000001,0.04143811189131474,0.08000000000000007,/Users/rasmus/Desktop/Fysik/AppliedML2026/Final_project_data/data/ML_data/NBI/FDM data/Arrivals/Nuuk Arrival_ 222210_OY-GRJ_10_09_25_50_11.csv,0.058934992435168254
2025.0,9.0,10.0,12.0,2.0,50.0,0.17999999999999994,0.047666999665836526,0.08999999999999997,/Users/rasmus/Desktop/Fysik/AppliedML2026/Final_project_data/data/ML_data/NBI/FDM data/Arrivals/Nuuk Arrival_ 222211_OY-GRM_10_09_25_04_12.csv,0.06375504593640367
2025.0,9.0,10.0,17.0,58.0,16.0,0.09000000000000008,0.03536182568245498,0.066,/Users/rasmus/Desktop/Fysik/AppliedML2026/Final_project_data/data/ML_data/NBI/FDM data/Arrivals/Nuuk Arrival_ 222229_OY-GRM_10_09_25_00_18.csv,0.05368256869616232
2025.0,9.0,10.0,19.0,28.0,35.0,0.21999999999999997,0.07276396494553193,0.1200000000000001,/Users/rasmus/Desktop/Fysik/AppliedML2026/Final_project_data/data/ML_data/NBI/FDM data/Arrivals/Nuuk Arrival_ 222242_OY-GRO_10_09_25_30_19.csv,0.09657466886646143
2025.0,9.0,10.0,20.0,9.0,16.0,0.10000000000000009,0.03182898226694555,0.06000000000000005,/Users/rasmus/Desktop/Fysik/AppliedML2026/Final_project_data/data/ML_data/NBI/FDM data/Arrivals/Nuuk Arrival_ 222244_OY-GRP_10_09_25_11_20.csv,0.04748205402618403
2025.0,9.0,10.0,16.0,2.0,34.0,0.1499999999999999,0.055926047350740166,0.1100000000000001,/Users/rasmus/Desktop/Fysik/AppliedML2026/Final_project_data/data/ML_data/NBI/FDM data/Arrivals/Nuuk Arrival_ 222247_OY-GRK_10_09_25_04_16.csv,0.04984591642868435
2025.0,9.0,10.0,20.0,3.0,6.0,0.20999999999999996,0.05052621646951848,0.09999999999999999,/Users/rasmus/Desktop/Fysik/AppliedML2026/Final_project_data/data/ML_data/NBI/FDM data/Arrivals/Nuuk Arrival_ 222249_OY-GRK_10_09_25_05_20.csv,0.0791498950242699
2025.0,9.0,11.0,11.0,8.0,19.0,0.1100000000000001,0.03540072046123234,0.06000000000000005,/Users/rasmus/Desktop/Fysik/AppliedML2026/Final_project_data/data/ML_data/NBI/FDM data/Arrivals/Nuuk Arrival_ 222254_OY-GRM_11_09_25_10_11.csv,0.06244997998398404
2025.0,9.0,11.0,13.0,30.0,42.0,0.1399999999999999,0.03971134787995088,0.08000000000000007,/Users/rasmus/Desktop/Fysik/AppliedML2026/Final_project_data/data/ML_data/NBI/FDM data/Arrivals/Nuuk Arrival_ 222260_OY-GRP_11_09_25_31_13.csv,0.06528782428600297
2025.0,9.0,11.0,14.0,22.0,10.0,0.20999999999999996,0.046496740774541065,0.08399999999999999,/Users/rasmus/Desktop/Fysik/AppliedML2026/Final_project_data/data/ML_data/NBI/FDM data/Arrivals/Nuuk Arrival_ 222262_OY-GRJ_11_09_25_24_14.csv,0.07585073060513876
2025.0,9.0,11.0,14.0,27.0,20.0,0.17999999999999994,0.04941903863199231,0.09,/Users/rasmus/Desktop/Fysik/AppliedML2026/Final_project_data/data/ML_data/NBI/FDM data/Arrivals/Nuuk Arrival_ 222263_OY-GRM_11_09_25_29_14.csv,0.07505553499465138
2025.0,9.0,11.0,18.0,4.0,25.0,0.28,0.04711290872175377,0.07699999999999996,/Users/rasmus/Desktop/Fysik/AppliedML2026/Final_project_data/data/ML_data/NBI/FDM data/Arrivals/Nuuk Arrival_ 222285_OY-GRJ_11_09_25_06_18.csv,0.10324727599312249
2025.0,9.0,11.0,14.0,16.0,16.0,0.1299999999999999,0.04414791571001357,0.09000000000000008,/Users/rasmus/Desktop/Fysik/AppliedML2026/Final_project_data/data/ML_data/NBI/FDM data/Arrivals/Nuuk Arrival_ 222286_OY-GRK_11_09_25_18_14.csv,0.05567764362830023
2025.0,9.0,11.0,18.0,53.0,24.0,0.21999999999999997,0.07125623467734009,0.1200000000000001,/Users/rasmus/Desktop/Fysik/AppliedML2026/Final_project_data/data/ML_data/NBI/FDM data/Arrivals/Nuuk Arrival_ 222289_OY-GRO_11_09_25_55_18.csv,0.10751744044572492
2025.0,9.0,11.0,19.0,41.0,12.0,0.1399999999999999,0.05049271792156567,0.10000000000000009,/Users/rasmus/Desktop/Fysik/AppliedML2026/Final_project_data/data/ML_data/NBI/FDM data/Arrivals/Nuuk Arrival_ 222306_OY-GRM_11_09_25_42_19.csv,0.06408327915038889
2025.0,9.0,11.0,20.0,12.0,4.0,0.18999999999999995,0.04340257807761868,0.09500000000000008,/Users/rasmus/Desktop/Fysik/AppliedML2026/Final_project_data/data/ML_data/NBI/FDM data/Arrivals/Nuuk Arrival_ 222308_OY-GRK_11_09_25_13_20.csv,0.06924593850905628
2025.0,9.0,11.0,21.0,52.0,9.0,0.3500000000000001,0.05838485427566992,0.10949999999999988,/Users/rasmus/Desktop/Fysik/AppliedML2026/Final_project_data/data/ML_data/NBI/FDM data/Arrivals/Nuuk Arrival_ 222310_OY-GRP_11_09_25_55_21.csv,0.10770329614269011
2025.0,9.0,12.0,12.0,50.0,25.0,0.30000000000000004,0.04699145370502469,0.08000000000000007,/Users/rasmus/Desktop/Fysik/AppliedML2026/Final_project_data/data/ML_data/NBI/FDM data/Arrivals/Nuuk Arrival_ 222316_OY-GRJ_12_09_25_53_12.csv,0.08479667558622916
2025.0,9.0,12.0,12.0,44.0,35.0,0.16999999999999993,0.04178645455684341,0.07000000000000006,/Users/rasmus/Desktop/Fysik/AppliedML2026/Final_project_data/data/ML_data/NBI/FDM data/Arrivals/Nuuk Arrival_ 222317_OY-GRM_12_09_25_46_12.csv,0.06341177044980645
2025.0,9.0,12.0,12.0,59.0,0.0,0.18999999999999995,0.07405950395852164,0.13149999999999995,/Users/rasmus/Desktop/Fysik/AppliedML2026/Final_project_data/data/ML_data/NBI/FDM data/Arrivals/Nuuk Arrival_ 222318_OY-GRO_12_09_25_01_13.csv,0.09235026490796562
2025.0,9.0,12.0,12.0,38.0,54.0,0.1399999999999999,0.033484815614130685,0.07000000000000006,/Users/rasmus/Desktop/Fysik/AppliedML2026/Final_project_data/data/ML_data/NBI/FDM data/Arrivals/Nuuk Arrival_ 222323_OY-GRP_12_09_25_40_12.csv,0.05744562646538031
2025.0,9.0,12.0,15.0,20.0,29.0,0.10000000000000009,0.0349386613820793,0.08000000000000007,/Users/rasmus/Desktop/Fysik/AppliedML2026/Final_project_data/data/ML_data/NBI/FDM data/Arrivals/Nuuk Arrival_ 222324_OY-GRP_12_09_25_23_15.csv,0.058594652770823194
2025.0,9.0,12.0,17.0,9.0,17.0,0.31000000000000005,0.08379628978551608,0.1554999999999999,/Users/rasmus/Desktop/Fysik/AppliedML2026/Final_project_data/data/ML_data/NBI/FDM data/Arrivals/Nuuk Arrival_ 222338_OY-GRH_12_09_25_11_17.csv,0.10752459468204686
2025.0,9.0,12.0,16.0,59.0,51.0,0.1100000000000001,0.04189079504709146,0.08000000000000007,/Users/rasmus/Desktop/Fysik/AppliedML2026/Final_project_data/data/ML_data/NBI/FDM data/Arrivals/Nuuk Arrival_ 222342_OY-GRM_12_09_25_00_17.csv,0.06137317546507329
2025.0,9.0,12.0,21.0,4.0,34.0,0.19999999999999996,0.08447815776746642,0.1499999999999999,/Users/rasmus/Desktop/Fysik/AppliedML2026/Final_project_data/data/ML_data/NBI/FDM data/Arrivals/Nuuk Arrival_ 222357_OY-GRO_12_09_25_05_21.csv,0.10399175791516228
2025.0,9.0,12.0,21.0,54.0,35.0,0.18000000000000005,0.06488828484780217,0.14,/Users/rasmus/Desktop/Fysik/AppliedML2026/Final_project_data/data/ML_data/NBI/FDM data/Arrivals/Nuuk Arrival_ 222368_OY-GRP_12_09_25_55_21.csv,0.06656763477847176
2025.0,9.0,13.0,13.0,47.0,18.0,0.15999999999999992,0.04015258666421555,0.07000000000000006,/Users/rasmus/Desktop/Fysik/AppliedML2026/Final_project_data/data/ML_data/NBI/FDM data/Arrivals/Nuuk Arrival_ 222372_OY-GRM_13_09_25_49_13.csv,0.06039552175136041
2025.0,9.0,13.0,14.0,22.0,21.0,0.10000000000000009,0.038527959584239255,0.08000000000000007,/Users/rasmus/Desktop/Fysik/AppliedML2026/Final_project_data/data/ML_data/NBI/FDM data/Arrivals/Nuuk Arrival_ 222374_OY-GRJ_13_09_25_24_14.csv,0.05725881092523171
2025.0,9.0,13.0,14.0,43.0,51.0,0.26,0.08116722744976074,0.1399999999999999,/Users/rasmus/Desktop/Fysik/AppliedML2026/Final_project_data/data/ML_data/NBI/FDM data/Arrivals/Nuuk Arrival_ 222401_OY-GRO_13_09_25_44_14.csv,0.1026827638895643
2025.0,9.0,13.0,18.0,54.0,49.0,0.17999999999999994,0.03997640813713973,0.08000000000000007,/Users/rasmus/Desktop/Fysik/AppliedML2026/Final_project_data/data/ML_data/NBI/FDM data/Arrivals/Nuuk Arrival_ 222402_OY-GRM_13_09_25_55_18.csv,0.07741662181555932
2025.0,9.0,13.0,19.0,14.0,47.0,0.09000000000000008,0.03234754451830368,0.06000000000000005,/Users/rasmus/Desktop/Fysik/AppliedML2026/Final_project_data/data/ML_data/NBI/FDM data/Arrivals/Nuuk Arrival_ 222407_OY-GRP_13_09_25_15_19.csv,0.04075673086879165
2025.0,9.0,13.0,18.0,45.0,38.0,0.20999999999999996,0.08429218477292605,0.16999999999999993,/Users/rasmus/Desktop/Fysik/AppliedML2026/Final_project_data/data/ML_data/NBI/FDM data/Arrivals/Nuuk Arrival_ 222408_OY-GRO_13_09_25_46_18.csv,0.10808493392317207
2025.0,9.0,14.0,11.0,47.0,11.0,0.27,0.0752894676366348,0.1299999999999999,/Users/rasmus/Desktop/Fysik/AppliedML2026/Final_project_data/data/ML_data/NBI/FDM data/Arrivals/Nuuk Arrival_ 222410_OY-GRO_14_09_25_49_11.csv,0.10578030858439831
2025.0,9.0,8.0,12.0,32.0,15.0,0.20999999999999996,0.06583297488739419,0.14899999999999983,/Users/rasmus/Desktop/Fysik/AppliedML2026/Final_project_data/data/ML_data/NBI/FDM data/Arrivals/Nuuk Arrival_ 222413_OY-GRR_08_09_25_20_12.csv,0.06088240030309801
2025.0,9.0,8.0,16.0,21.0,54.0,0.1499999999999999,0.05376267787150205,0.1100000000000001,/Users/rasmus/Desktop/Fysik/AppliedML2026/Final_project_data/data/ML_data/NBI/FDM data/Arrivals/Nuuk Arrival_ 222416_OY-GRR_08_09_25_15_16.csv,0.051269595556932494
2025.0,9.0,9.0,13.0,39.0,8.0,0.31000000000000005,0.07054000891085044,0.1544999999999998,/Users/rasmus/Desktop/Fysik/AppliedML2026/Final_project_data/data/ML_data/NBI/FDM data/Arrivals/Nuuk Arrival_ 222418_OY-GRR_09_09_25_29_13.csv,0.05159010042186836
2025.0,9.0,9.0,19.0,53.0,17.0,0.43999999999999995,0.0806798840943577,0.16099999999999998,/Users/rasmus/Desktop/Fysik/AppliedML2026/Final_project_data/data/ML_data/NBI/FDM data/Arrivals/Nuuk Arrival_ 222420_OY-GRR_09_09_25_18_19.csv,0.06060803027102379
2025.0,9.0,10.0,15.0,58.0,49.0,0.45999999999999996,0.10212344040567754,0.27,/Users/rasmus/Desktop/Fysik/AppliedML2026/Final_project_data/data/ML_data/NBI/FDM data/Arrivals/Nuuk Arrival_ 222422_OY-GRR_10_09_25_49_15.csv,0.061711695271912066
2025.0,9.0,10.0,21.0,33.0,40.0,0.33999999999999997,0.0729403917721841,0.12399999999999993,/Users/rasmus/Desktop/Fysik/AppliedML2026/Final_project_data/data/ML_data/NBI/FDM data/Arrivals/Nuuk Arrival_ 222424_OY-GRR_10_09_25_25_21.csv,0.03840572873934308
2025.0,9.0,11.0,14.0,5.0,58.0,0.3700000000000001,0.08501855879633474,0.16799999999999976,/Users/rasmus/Desktop/Fysik/AppliedML2026/Final_project_data/data/ML_data/NBI/FDM data/Arrivals/Nuuk Arrival_ 222427_OY-GRR_11_09_25_54_13.csv,0.051079261046836945
2025.0,9.0,11.0,18.0,0.0,50.0,0.25,0.047322686099991323,0.08000000000000007,/Users/rasmus/Desktop/Fysik/AppliedML2026/Final_project_data/data/ML_data/NBI/FDM data/Arrivals/Nuuk Arrival_ 222429_OY-GRR_11_09_25_54_17.csv,0.08204419540710972
2025.0,9.0,12.0,14.0,1.0,35.0,0.35,0.07179764592787367,0.15400000000000003,/Users/rasmus/Desktop/Fysik/AppliedML2026/Final_project_data/data/ML_data/NBI/FDM data/Arrivals/Nuuk Arrival_ 222432_OY-GRR_12_09_25_50_13.csv,0.09655165571973495
2025.0,9.0,12.0,17.0,41.0,10.0,0.1200000000000001,0.03386595126180953,0.07000000000000006,/Users/rasmus/Desktop/Fysik/AppliedML2026/Final_project_data/data/ML_data/NBI/FDM data/Arrivals/Nuuk Arrival_ 222434_OY-GRR_12_09_25_33_17.csv,0.05517019122678483
2025.0,9.0,12.0,23.0,39.0,17.0,0.45999999999999996,0.0747552641261009,0.11000000000000008,/Users/rasmus/Desktop/Fysik/AppliedML2026/Final_project_data/data/ML_data/NBI/FDM data/Arrivals/Nuuk Arrival_ 222438_OY-GRR_12_09_25_30_23.csv,0.06113509630318746
2025.0,9.0,13.0,14.0,14.0,27.0,0.25,0.057837029239229724,0.10950000000000013,/Users/rasmus/Desktop/Fysik/AppliedML2026/Final_project_data/data/ML_data/NBI/FDM data/Arrivals/Nuuk Arrival_ 222440_OY-GRR_13_09_25_06_14.csv,0.0662786326266403
2025.0,9.0,13.0,19.0,56.0,35.0,0.1299999999999999,0.029184313216710025,0.06000000000000005,/Users/rasmus/Desktop/Fysik/AppliedML2026/Final_project_data/data/ML_data/NBI/FDM data/Arrivals/Nuuk Arrival_ 222443_OY-GRR_13_09_25_42_19.csv,0.04555216789572149
2025.0,9.0,14.0,14.0,8.0,0.0,0.16000000000000003,0.036569134352642106,0.06750000000000006,/Users/rasmus/Desktop/Fysik/AppliedML2026/Final_project_data/data/ML_data/NBI/FDM data/Arrivals/Nuuk Arrival_ 222445_OY-GRP_14_09_25_10_14.csv,0.05907176723453031
2025.0,9.0,14.0,15.0,50.0,6.0,0.1399999999999999,0.0675047891021381,0.1100000000000001,/Users/rasmus/Desktop/Fysik/AppliedML2026/Final_project_data/data/ML_data/NBI/FDM data/Arrivals/Nuuk Arrival_ 222446_OY-GRO_14_09_25_52_15.csv,0.09501879513323365
2025.0,9.0,14.0,18.0,7.0,48.0,0.1299999999999999,0.04346134936801768,0.08999999999999997,/Users/rasmus/Desktop/Fysik/AppliedML2026/Final_project_data/data/ML_data/NBI/FDM data/Arrivals/Nuuk Arrival_ 222448_OY-GRP_14_09_25_09_18.csv,0.06434283176858166
2025.0,9.0,15.0,11.0,36.0,49.0,0.20999999999999996,0.07126743729816322,0.11800000000000008,/Users/rasmus/Desktop/Fysik/AppliedML2026/Final_project_data/data/ML_data/NBI/FDM data/Arrivals/Nuuk Arrival_ 222452_OY-GRO_15_09_25_37_11.csv,0.1058300524425836
2025.0,9.0,15.0,11.0,51.0,42.0,0.16999999999999993,0.05327024777721252,0.10350000000000004,/Users/rasmus/Desktop/Fysik/AppliedML2026/Final_project_data/data/ML_data/NBI/FDM data/Arrivals/Nuuk Arrival_ 222454_OY-GRJ_15_09_25_52_11.csv,0.05903063090138364
2025.0,9.0,13.0,14.0,37.0,38.0,0.10000000000000009,0.026002296109864525,0.050000000000000044,/Users/rasmus/Desktop/Fysik/AppliedML2026/Final_project_data/data/ML_data/NBI/FDM data/Arrivals/Nuuk Arrival_ 222457_OY-GRK_13_09_25_38_14.csv,0.05470701182533321
2025.0,9.0,13.0,17.0,57.0,47.0,0.09000000000000008,0.030945550869940407,0.050000000000000044,/Users/rasmus/Desktop/Fysik/AppliedML2026/Final_project_data/data/ML_data/NBI/FDM data/Arrivals/Nuuk Arrival_ 222459_OY-GRK_13_09_25_58_17.csv,0.04533823502911818
2025.0,9.0,15.0,12.0,8.0,31.0,0.1299999999999999,0.044080488097278506,0.08000000000000007,/Users/rasmus/Desktop/Fysik/AppliedML2026/Final_project_data/data/ML_data/NBI/FDM data/Arrivals/Nuuk Arrival_ 222460_OY-GRM_15_09_25_10_12.csv,0.05206833117271108
2025.0,9.0,15.0,11.0,47.0,39.0,0.18999999999999995,0.04213328464781352,0.08000000000000007,/Users/rasmus/Desktop/Fysik/AppliedML2026/Final_project_data/data/ML_data/NBI/FDM data/Arrivals/Nuuk Arrival_ 222463_OY-GRK_15_09_25_48_11.csv,0.058611382150970136
2025.0,9.0,15.0,16.0,4.0,31.0,0.29000000000000004,0.07792016250071568,0.1299999999999999,/Users/rasmus/Desktop/Fysik/AppliedML2026/Final_project_data/data/ML_data/NBI/FDM data/Arrivals/Nuuk Arrival_ 222469_OY-GRO_15_09_25_05_16.csv,0.11219730519989178
2025.0,9.0,15.0,16.0,46.0,35.0,0.18999999999999995,0.05086173304017933,0.1069999999999999,/Users/rasmus/Desktop/Fysik/AppliedML2026/Final_project_data/data/ML_data/NBI/FDM data/Arrivals/Nuuk Arrival_ 222473_OY-GRH_15_09_25_47_16.csv,0.08286535263104036
2025.0,9.0,15.0,17.0,18.0,50.0,0.15999999999999992,0.0400325954148888,0.08000000000000007,/Users/rasmus/Desktop/Fysik/AppliedML2026/Final_project_data/data/ML_data/NBI/FDM data/Arrivals/Nuuk Arrival_ 222496_OY-GRK_15_09_25_19_17.csv,0.062024663026327
2025.0,9.0,15.0,21.0,12.0,22.0,0.1299999999999999,0.04732483111052423,0.1100000000000001,/Users/rasmus/Desktop/Fysik/AppliedML2026/Final_project_data/data/ML_data/NBI/FDM data/Arrivals/Nuuk Arrival_ 222509_OY-GRM_15_09_25_14_21.csv,0.07053367989832944
2025.0,9.0,15.0,21.0,43.0,56.0,0.20999999999999996,0.07832510088452765,0.1499999999999999,/Users/rasmus/Desktop/Fysik/AppliedML2026/Final_project_data/data/ML_data/NBI/FDM data/Arrivals/Nuuk Arrival_ 222510_OY-GRO_15_09_25_44_21.csv,0.09787017640002206
2025.0,9.0,15.0,21.0,33.0,59.0,0.1499999999999999,0.04285013948380465,0.08100000000000002,/Users/rasmus/Desktop/Fysik/AppliedML2026/Final_project_data/data/ML_data/NBI/FDM data/Arrivals/Nuuk Arrival_ 222511_OY-GRP_15_09_25_34_21.csv,0.06851814972768355
2025.0,9.0,16.0,13.0,17.0,7.0,0.20999999999999996,0.07801534821958518,0.1399999999999999,/Users/rasmus/Desktop/Fysik/AppliedML2026/Final_project_data/data/ML_data/NBI/FDM data/Arrivals/Nuuk Arrival_ 222520_OY-GRO_16_09_25_19_13.csv,0.09893881386437221
2025.0,9.0,16.0,14.0,53.0,43.0,0.16999999999999993,0.047374742185927535,0.08000000000000007,/Users/rasmus/Desktop/Fysik/AppliedML2026/Final_project_data/data/ML_data/NBI/FDM data/Arrivals/Nuuk Arrival_ 222523_OY-GRM_16_09_25_55_14.csv,0.0764852927038918
2025.0,9.0,16.0,15.0,15.0,50.0,0.29000000000000004,0.051754916950676584,0.09350000000000003,/Users/rasmus/Desktop/Fysik/AppliedML2026/Final_project_data/data/ML_data/NBI/FDM data/Arrivals/Nuuk Arrival_ 222525_OY-GRP_16_09_25_17_15.csv,0.09078092569801345
2025.0,9.0,16.0,15.0,58.0,53.0,0.32000000000000006,0.09683162518704126,0.1554999999999999,/Users/rasmus/Desktop/Fysik/AppliedML2026/Final_project_data/data/ML_data/NBI/FDM data/Arrivals/Nuuk Arrival_ 222556_OY-GRO_16_09_25_59_15.csv,0.10377490433255414
2025.0,9.0,16.0,14.0,45.0,11.0,0.22999999999999998,0.05871063596581293,0.1399999999999999,/Users/rasmus/Desktop/Fysik/AppliedML2026/Final_project_data/data/ML_data/NBI/FDM data/Arrivals/Nuuk Arrival_ 222558_OY-GRJ_16_09_25_47_14.csv,0.07684399781375252
2025.0,9.0,16.0,18.0,53.0,5.0,0.1499999999999999,0.07068448412697304,0.1100000000000001,/Users/rasmus/Desktop/Fysik/AppliedML2026/Final_project_data/data/ML_data/NBI/FDM data/Arrivals/Nuuk Arrival_ 222561_OY-GRO_16_09_25_55_18.csv,0.07758252135015738
2025.0,9.0,16.0,20.0,21.0,54.0,0.1299999999999999,0.041272851559615686,0.08000000000000007,/Users/rasmus/Desktop/Fysik/AppliedML2026/Final_project_data/data/ML_data/NBI/FDM data/Arrivals/Nuuk Arrival_ 222562_OY-GRM_16_09_25_22_20.csv,0.04839530207734937
2025.0,9.0,16.0,19.0,13.0,59.0,0.13,0.04083267922029724,0.08000000000000007,/Users/rasmus/Desktop/Fysik/AppliedML2026/Final_project_data/data/ML_data/NBI/FDM data/Arrivals/Nuuk Arrival_ 222565_OY-GRP_16_09_25_15_19.csv,0.06276941930590088
2025.0,9.0,17.0,11.0,15.0,39.0,0.19999999999999996,0.06657651562249585,0.13499999999999995,/Users/rasmus/Desktop/Fysik/AppliedML2026/Final_project_data/data/ML_data/NBI/FDM data/Arrivals/Nuuk Arrival_ 222568_OY-GRM_17_09_25_16_11.csv,0.07236602866858978
2025.0,9.0,17.0,12.0,1.0,51.0,0.16999999999999993,0.04768876964233826,0.0865,/Users/rasmus/Desktop/Fysik/AppliedML2026/Final_project_data/data/ML_data/NBI/FDM data/Arrivals/Nuuk Arrival_ 222571_OY-GRJ_17_09_25_02_12.csv,0.05084289527554469
2025.0,9.0,17.0,14.0,29.0,22.0,0.18999999999999995,0.06193791837383687,0.13199999999999978,/Users/rasmus/Desktop/Fysik/AppliedML2026/Final_project_data/data/ML_data/NBI/FDM data/Arrivals/Nuuk Arrival_ 222573_OY-GRP_17_09_25_32_14.csv,0.0512231346542705
2025.0,9.0,17.0,19.0,6.0,41.0,0.3799999999999999,0.10872053641681359,0.21999999999999997,/Users/rasmus/Desktop/Fysik/AppliedML2026/Final_project_data/data/ML_data/NBI/FDM data/Arrivals/Nuuk Arrival_ 222604_OY-GRO_17_09_25_07_19.csv,0.0975584289481105
2025.0,9.0,17.0,18.0,59.0,38.0,0.22999999999999998,0.071683396381381,0.1499999999999999,/Users/rasmus/Desktop/Fysik/AppliedML2026/Final_project_data/data/ML_data/NBI/FDM data/Arrivals/Nuuk Arrival_ 222605_OY-GRM_17_09_25_01_19.csv,0.06075908711186066
2025.0,9.0,17.0,20.0,39.0,23.0,0.32000000000000006,0.07474029108259556,0.1399999999999999,/Users/rasmus/Desktop/Fysik/AppliedML2026/Final_project_data/data/ML_data/NBI/FDM data/Arrivals/Nuuk Arrival_ 222608_OY-GRP_17_09_25_41_20.csv,0.059329587896765346
2025.0,9.0,18.0,11.0,16.0,24.0,0.19999999999999996,0.05298899981489074,0.1100000000000001,/Users/rasmus/Desktop/Fysik/AppliedML2026/Final_project_data/data/ML_data/NBI/FDM data/Arrivals/Nuuk Arrival_ 222614_OY-GRM_18_09_25_20_11.csv,0.055876848714134085
2025.0,9.0,18.0,14.0,8.0,46.0,0.16999999999999993,0.06999028115233084,0.1100000000000001,/Users/rasmus/Desktop/Fysik/AppliedML2026/Final_project_data/data/ML_data/NBI/FDM data/Arrivals/Nuuk Arrival_ 222627_OY-GRO_18_09_25_10_14.csv,0.08673828112064888
2025.0,9.0,18.0,14.0,21.0,0.0,0.19999999999999996,0.057982298183625575,0.1100000000000001,/Users/rasmus/Desktop/Fysik/AppliedML2026/Final_project_data/data/ML_data/NBI/FDM data/Arrivals/Nuuk Arrival_ 222628_OY-GRJ_18_09_25_22_14.csv,0.10467637200984212
2025.0,9.0,18.0,14.0,25.0,9.0,0.16999999999999993,0.05262791055796318,0.10449999999999998,/Users/rasmus/Desktop/Fysik/AppliedML2026/Final_project_data/data/ML_data/NBI/FDM data/Arrivals/Nuuk Arrival_ 222629_OY-GRM_18_09_25_27_14.csv,0.07695597587076801
2025.0,9.0,18.0,14.0,49.0,57.0,0.18999999999999995,0.05659105733859936,0.10000000000000009,/Users/rasmus/Desktop/Fysik/AppliedML2026/Final_project_data/data/ML_data/NBI/FDM data/Arrivals/Nuuk Arrival_ 222631_OY-GRH_18_09_25_51_14.csv,0.06536223850375865
2025.0,9.0,18.0,18.0,12.0,58.0,0.15999999999999992,0.05623151670615318,0.1100000000000001,/Users/rasmus/Desktop/Fysik/AppliedML2026/Final_project_data/data/ML_data/NBI/FDM data/Arrivals/Nuuk Arrival_ 222637_OY-GRM_18_09_25_13_18.csv,0.06561450417319897
2025.0,9.0,18.0,19.0,7.0,7.0,0.1499999999999999,0.0664233147139516,0.1100000000000001,/Users/rasmus/Desktop/Fysik/AppliedML2026/Final_project_data/data/ML_data/NBI/FDM data/Arrivals/Nuuk Arrival_ 222644_OY-GRO_18_09_25_09_19.csv,0.08452070752188486
2025.0,9.0,18.0,19.0,29.0,5.0,0.09000000000000008,0.03137858162210947,0.061999999999999944,/Users/rasmus/Desktop/Fysik/AppliedML2026/Final_project_data/data/ML_data/NBI/FDM data/Arrivals/Nuuk Arrival_ 222653_OY-GRP_18_09_25_31_19.csv,0.04731689855526135
2025.0,9.0,19.0,12.0,13.0,49.0,0.18999999999999995,0.06639343518220849,0.1324999999999999,/Users/rasmus/Desktop/Fysik/AppliedML2026/Final_project_data/data/ML_data/NBI/FDM data/Arrivals/Nuuk Arrival_ 222665_OY-GRJ_19_09_25_15_12.csv,0.08899438184514798
2025.0,9.0,19.0,13.0,33.0,58.0,0.1399999999999999,0.05234500931320963,0.1100000000000001,/Users/rasmus/Desktop/Fysik/AppliedML2026/Final_project_data/data/ML_data/NBI/FDM data/Arrivals/Nuuk Arrival_ 222667_OY-GRM_19_09_25_34_13.csv,0.07374592557193609
2025.0,9.0,19.0,11.0,57.0,57.0,0.20999999999999996,0.055764053203023474,0.1100000000000001,/Users/rasmus/Desktop/Fysik/AppliedML2026/Final_project_data/data/ML_data/NBI/FDM data/Arrivals/Nuuk Arrival_ 222668_OY-GRP_19_09_25_59_11.csv,0.08093207028119326
2025.0,9.0,19.0,17.0,51.0,44.0,0.28,0.05035062249054312,0.0965,/Users/rasmus/Desktop/Fysik/AppliedML2026/Final_project_data/data/ML_data/NBI/FDM data/Arrivals/Nuuk Arrival_ 222685_OY-GRP_19_09_25_52_17.csv,0.10313825672368136
2025.0,9.0,19.0,21.0,24.0,20.0,0.15999999999999992,0.07040315173047945,0.1100000000000001,/Users/rasmus/Desktop/Fysik/AppliedML2026/Final_project_data/data/ML_data/NBI/FDM data/Arrivals/Nuuk Arrival_ 222689_OY-GRO_19_09_25_26_21.csv,0.09124143795447336
2025.0,9.0,19.0,21.0,51.0,51.0,0.1399999999999999,0.046568702663877304,0.10000000000000009,/Users/rasmus/Desktop/Fysik/AppliedML2026/Final_project_data/data/ML_data/NBI/FDM data/Arrivals/Nuuk Arrival_ 222690_OY-GRM_19_09_25_52_21.csv,0.0688748865697796
2025.0,9.0,20.0,14.0,9.0,29.0,0.15999999999999992,0.045407660918650006,0.08199999999999996,/Users/rasmus/Desktop/Fysik/AppliedML2026/Final_project_data/data/ML_data/NBI/FDM data/Arrivals/Nuuk Arrival_ 222697_OY-GRP_20_09_25_11_14.csv,0.05865151319446073
2025.0,9.0,20.0,14.0,28.0,16.0,0.19999999999999996,0.08375878449800073,0.15999999999999992,/Users/rasmus/Desktop/Fysik/AppliedML2026/Final_project_data/data/ML_data/NBI/FDM data/Arrivals/Nuuk Arrival_ 222698_OY-GRO_20_09_25_29_14.csv,0.10943034314119644
2025.0,9.0,20.0,14.0,24.0,10.0,0.16999999999999993,0.0419083604977772,0.07000000000000006,/Users/rasmus/Desktop/Fysik/AppliedML2026/Final_project_data/data/ML_data/NBI/FDM data/Arrivals/Nuuk Arrival_ 222700_OY-GRM_20_09_25_25_14.csv,0.07523297149521613
2025.0,9.0,20.0,17.0,54.0,31.0,0.25,0.05768852660360566,0.1100000000000001,/Users/rasmus/Desktop/Fysik/AppliedML2026/Final_project_data/data/ML_data/NBI/FDM data/Arrivals/Nuuk Arrival_ 222707_OY-GRM_20_09_25_56_17.csv,0.07348469228349537
2025.0,9.0,20.0,18.0,55.0,54.0,0.1299999999999999,0.04666551085022669,0.0889999999999999,/Users/rasmus/Desktop/Fysik/AppliedML2026/Final_project_data/data/ML_data/NBI/FDM data/Arrivals/Nuuk Arrival_ 222708_OY-GRP_20_09_25_56_18.csv,0.06736810475634254
2025.0,9.0,20.0,20.0,20.0,39.0,0.21999999999999997,0.07237511930723739,0.1344999999999998,/Users/rasmus/Desktop/Fysik/AppliedML2026/Final_project_data/data/ML_data/NBI/FDM data/Arrivals/Nuuk Arrival_ 222709_OY-GRO_20_09_25_22_20.csv,0.10787197799411874
2025.0,9.0,15.0,12.0,31.0,46.0,0.32000000000000006,0.06828527504432261,0.14999999999999997,/Users/rasmus/Desktop/Fysik/AppliedML2026/Final_project_data/data/ML_data/NBI/FDM data/Arrivals/Nuuk Arrival_ 222713_OY-GRR_15_09_25_24_12.csv,0.037573457465109004
2025.0,9.0,15.0,17.0,39.0,43.0,0.27,0.0655126839986417,0.15999999999999995,/Users/rasmus/Desktop/Fysik/AppliedML2026/Final_project_data/data/ML_data/NBI/FDM data/Arrivals/Nuuk Arrival_ 222715_OY-GRR_15_09_25_21_17.csv,0.05889330227310726
2025.0,9.0,16.0,19.0,8.0,19.0,0.18999999999999995,0.054358428138398376,0.10850000000000004,/Users/rasmus/Desktop/Fysik/AppliedML2026/Final_project_data/data/ML_data/NBI/FDM data/Arrivals/Nuuk Arrival_ 222718_OY-GRR_16_09_25_05_19.csv,0.0727606875108999
2025.0,9.0,17.0,11.0,43.0,25.0,0.37,0.052854207509544504,0.09000000000000008,/Users/rasmus/Desktop/Fysik/AppliedML2026/Final_project_data/data/ML_data/NBI/FDM data/Arrivals/Nuuk Arrival_ 222720_OY-GRR_17_09_25_35_11.csv,0.054518090779320474
2025.0,9.0,17.0,17.0,41.0,28.0,0.3500000000000001,0.09298797013553989,0.2109999999999999,/Users/rasmus/Desktop/Fysik/AppliedML2026/Final_project_data/data/ML_data/NBI/FDM data/Arrivals/Nuuk Arrival_ 222724_OY-GRR_17_09_25_35_17.csv,0.06152235366108811
2025.0,9.0,18.0,14.0,5.0,19.0,0.16999999999999993,0.06860092533283894,0.12000000000000002,/Users/rasmus/Desktop/Fysik/AppliedML2026/Final_project_data/data/ML_data/NBI/FDM data/Arrivals/Nuuk Arrival_ 222726_OY-GRR_18_09_25_51_13.csv,0.07715784686817886
2025.0,9.0,18.0,18.0,32.0,37.0,0.16999999999999993,0.04965622559901974,0.1100000000000001,/Users/rasmus/Desktop/Fysik/AppliedML2026/Final_project_data/data/ML_data/NBI/FDM data/Arrivals/Nuuk Arrival_ 222728_OY-GRR_18_09_25_25_18.csv,0.055845769759221744
2025.0,9.0,19.0,13.0,10.0,17.0,0.22999999999999998,0.06076381636558346,0.1050000000000001,/Users/rasmus/Desktop/Fysik/AppliedML2026/Final_project_data/data/ML_data/NBI/FDM data/Arrivals/Nuuk Arrival_ 222730_OY-GRR_19_09_25_59_12.csv,0.06345602151621758
2025.0,9.0,19.0,18.0,16.0,13.0,0.15999999999999992,0.038314488121336046,0.08000000000000007,/Users/rasmus/Desktop/Fysik/AppliedML2026/Final_project_data/data/ML_data/NBI/FDM data/Arrivals/Nuuk Arrival_ 222732_OY-GRR_19_09_25_07_18.csv,0.05800246300189083
2025.0,9.0,21.0,16.0,38.0,35.0,0.21999999999999997,0.0703808149959693,0.1399999999999999,/Users/rasmus/Desktop/Fysik/AppliedML2026/Final_project_data/data/ML_data/NBI/FDM data/Arrivals/Nuuk Arrival_ 222743_OY-GRM_21_09_25_40_16.csv,0.06304760106459252
2025.0,9.0,22.0,11.0,5.0,43.0,0.16999999999999993,0.06891109849507787,0.12100000000000002,/Users/rasmus/Desktop/Fysik/AppliedML2026/Final_project_data/data/ML_data/NBI/FDM data/Arrivals/Nuuk Arrival_ 222750_OY-GRO_22_09_25_06_11.csv,0.09222933372848359
2025.0,9.0,22.0,12.0,15.0,27.0,0.10000000000000009,0.034232321742059126,0.06000000000000005,/Users/rasmus/Desktop/Fysik/AppliedML2026/Final_project_data/data/ML_data/NBI/FDM data/Arrivals/Nuuk Arrival_ 222751_OY-GRM_22_09_25_17_12.csv,0.05169354139756945
2025.0,9.0,22.0,12.0,11.0,36.0,0.10000000000000009,0.03568688441161916,0.06999999999999995,/Users/rasmus/Desktop/Fysik/AppliedML2026/Final_project_data/data/ML_data/NBI/FDM data/Arrivals/Nuuk Arrival_ 222752_OY-GRJ_22_09_25_12_12.csv,0.05630797665778911
2025.0,9.0,22.0,12.0,22.0,42.0,0.1200000000000001,0.03053101467594647,0.06000000000000005,/Users/rasmus/Desktop/Fysik/AppliedML2026/Final_project_data/data/ML_data/NBI/FDM data/Arrivals/Nuuk Arrival_ 222753_OY-GRP_22_09_25_23_12.csv,0.04242640687119289
2025.0,9.0,22.0,17.0,6.0,20.0,0.10000000000000009,0.036449573777637384,0.07650000000000012,/Users/rasmus/Desktop/Fysik/AppliedML2026/Final_project_data/data/ML_data/NBI/FDM data/Arrivals/Nuuk Arrival_ 222762_OY-GRM_22_09_25_09_17.csv,0.05662743740155184
2025.0,9.0,22.0,17.0,29.0,15.0,0.25,0.06928203230275513,0.1100000000000001,/Users/rasmus/Desktop/Fysik/AppliedML2026/Final_project_data/data/ML_data/NBI/FDM data/Arrivals/Nuuk Arrival_ 222763_OY-GRO_22_09_25_31_17.csv,0.11765061269142067
2025.0,9.0,22.0,21.0,22.0,43.0,0.1299999999999999,0.047107647306807963,0.09300000000000005,/Users/rasmus/Desktop/Fysik/AppliedML2026/Final_project_data/data/ML_data/NBI/FDM data/Arrivals/Nuuk Arrival_ 222787_OY-GRJ_22_09_25_23_21.csv,0.06466028441750303
2025.0,9.0,22.0,20.0,39.0,44.0,0.1499999999999999,0.04258087966601106,0.081,/Users/rasmus/Desktop/Fysik/AppliedML2026/Final_project_data/data/ML_data/NBI/FDM data/Arrivals/Nuuk Arrival_ 222788_OY-GRP_22_09_25_40_20.csv,0.06923390306297438
2025.0,9.0,23.0,10.0,21.0,14.0,0.21999999999999997,0.0677724387068657,0.1100000000000001,/Users/rasmus/Desktop/Fysik/AppliedML2026/Final_project_data/data/ML_data/NBI/FDM data/Arrivals/Nuuk Arrival_ 222790_OY-GRO_23_09_25_23_10.csv,0.07497367959210055
2025.0,9.0,23.0,13.0,14.0,30.0,0.18999999999999995,0.08201244824212159,0.1424999999999999,/Users/rasmus/Desktop/Fysik/AppliedML2026/Final_project_data/data/ML_data/NBI/FDM data/Arrivals/Nuuk Arrival_ 222793_OY-GRO_23_09_25_15_13.csv,0.09250000000000003
2025.0,9.0,23.0,14.0,24.0,9.0,0.1200000000000001,0.04071581729227329,0.08000000000000007,/Users/rasmus/Desktop/Fysik/AppliedML2026/Final_project_data/data/ML_data/NBI/FDM data/Arrivals/Nuuk Arrival_ 222799_OY-GRM_23_09_25_26_14.csv,0.0646142399166005
2025.0,9.0,23.0,16.0,56.0,40.0,0.1399999999999999,0.06796684136712354,0.11150000000000002,/Users/rasmus/Desktop/Fysik/AppliedML2026/Final_project_data/data/ML_data/NBI/FDM data/Arrivals/Nuuk Arrival_ 222815_OY-GRO_23_09_25_57_16.csv,0.08272696053887152
2025.0,9.0,23.0,19.0,53.0,13.0,0.1299999999999999,0.043836951555489403,0.08000000000000007,/Users/rasmus/Desktop/Fysik/AppliedML2026/Final_project_data/data/ML_data/NBI/FDM data/Arrivals/Nuuk Arrival_ 222828_OY-GRM_23_09_25_55_19.csv,0.04816637831516922
2025.0,9.0,23.0,21.0,14.0,34.0,0.1100000000000001,0.02938449039650118,0.06000000000000005,/Users/rasmus/Desktop/Fysik/AppliedML2026/Final_project_data/data/ML_data/NBI/FDM data/Arrivals/Nuuk Arrival_ 222829_OY-GRP_23_09_25_16_21.csv,0.043858059826726366
2025.0,9.0,23.0,20.0,21.0,42.0,0.1200000000000001,0.039797104465143264,0.08000000000000004,/Users/rasmus/Desktop/Fysik/AppliedML2026/Final_project_data/data/ML_data/NBI/FDM data/Arrivals/Nuuk Arrival_ 222830_OY-GRJ_23_09_25_22_20.csv,0.07339391437078878
2025.0,9.0,24.0,14.0,10.0,20.0,0.1299999999999999,0.04576889409486174,0.09000000000000008,/Users/rasmus/Desktop/Fysik/AppliedML2026/Final_project_data/data/ML_data/NBI/FDM data/Arrivals/Nuuk Arrival_ 222836_OY-GRP_24_09_25_11_14.csv,0.04636809247747856
2025.0,8.0,23.0,19.0,21.0,22.0,0.17999999999999994,0.03377622437948525,0.06050000000000002,/Users/rasmus/Desktop/Fysik/AppliedML2026/Final_project_data/data/ML_data/NBI/FDM data/Arrivals/Nuuk Arrival_ 222840_OY-GRG_23_08_25_23_19.csv,0.05204393748143417
2025.0,8.0,24.0,10.0,51.0,53.0,0.17999999999999994,0.05158304770766083,0.09999999999999998,/Users/rasmus/Desktop/Fysik/AppliedML2026/Final_project_data/data/ML_data/NBI/FDM data/Arrivals/Nuuk Arrival_ 222846_OY-GRG_24_08_25_54_10.csv,0.04821825380496482
2025.0,9.0,24.0,15.0,38.0,40.0,0.1100000000000001,0.03193996384347644,0.06000000000000005,/Users/rasmus/Desktop/Fysik/AppliedML2026/Final_project_data/data/ML_data/NBI/FDM data/Arrivals/Nuuk Arrival_ 222868_OY-GRM_24_09_25_39_15.csv,0.04886957431897327
2025.0,9.0,24.0,18.0,48.0,21.0,0.20999999999999996,0.0927264697818169,0.15999999999999992,/Users/rasmus/Desktop/Fysik/AppliedML2026/Final_project_data/data/ML_data/NBI/FDM data/Arrivals/Nuuk Arrival_ 222889_OY-GRO_24_09_25_50_18.csv,0.08576453553512409
2025.0,9.0,24.0,17.0,33.0,1.0,0.1399999999999999,0.044228931109709636,0.09000000000000008,/Users/rasmus/Desktop/Fysik/AppliedML2026/Final_project_data/data/ML_data/NBI/FDM data/Arrivals/Nuuk Arrival_ 222891_OY-GRJ_24_09_25_35_17.csv,0.05797509043642034
2025.0,9.0,24.0,20.0,58.0,23.0,0.1100000000000001,0.03767768362223529,0.07400000000000012,/Users/rasmus/Desktop/Fysik/AppliedML2026/Final_project_data/data/ML_data/NBI/FDM data/Arrivals/Nuuk Arrival_ 222893_OY-GRP_24_09_25_00_21.csv,0.04841229182759275
2025.0,9.0,24.0,22.0,14.0,7.0,0.24,0.05766818737146803,0.1299999999999999,/Users/rasmus/Desktop/Fysik/AppliedML2026/Final_project_data/data/ML_data/NBI/FDM data/Arrivals/Nuuk Arrival_ 222894_OY-GRM_24_09_25_16_22.csv,0.05558776843874924
2025.0,9.0,26.0,10.0,47.0,11.0,0.1499999999999999,0.03737273486748611,0.07000000000000006,/Users/rasmus/Desktop/Fysik/AppliedML2026/Final_project_data/data/ML_data/NBI/FDM data/Arrivals/Nuuk Arrival_ 222926_OY-GRP_26_09_25_49_10.csv,0.06011892975000234
2025.0,9.0,26.0,11.0,53.0,29.0,0.1399999999999999,0.03822132343623639,0.07999999999999999,/Users/rasmus/Desktop/Fysik/AppliedML2026/Final_project_data/data/ML_data/NBI/FDM data/Arrivals/Nuuk Arrival_ 222929_OY-GRM_26_09_25_55_11.csv,0.05390964663211958
2025.0,9.0,26.0,12.0,26.0,5.0,0.1299999999999999,0.04547600715641995,0.09000000000000008,/Users/rasmus/Desktop/Fysik/AppliedML2026/Final_project_data/data/ML_data/NBI/FDM data/Arrivals/Nuuk Arrival_ 222930_OY-GRJ_26_09_25_28_12.csv,0.06578200914591104
2025.0,9.0,26.0,13.0,1.0,22.0,0.15999999999999992,0.0690431497089982,0.10300000000000006,/Users/rasmus/Desktop/Fysik/AppliedML2026/Final_project_data/data/ML_data/NBI/FDM data/Arrivals/Nuuk Arrival_ 222931_OY-GRO_26_09_25_03_13.csv,0.09416297927883689
2025.0,9.0,26.0,18.0,52.0,35.0,0.1100000000000001,0.04071476768559918,0.08000000000000007,/Users/rasmus/Desktop/Fysik/AppliedML2026/Final_project_data/data/ML_data/NBI/FDM data/Arrivals/Nuuk Arrival_ 222954_OY-GRJ_26_09_25_54_18.csv,0.04627284809246389
2025.0,9.0,26.0,21.0,41.0,48.0,0.16999999999999993,0.0734500868225307,0.1200000000000001,/Users/rasmus/Desktop/Fysik/AppliedML2026/Final_project_data/data/ML_data/NBI/FDM data/Arrivals/Nuuk Arrival_ 222972_OY-GRO_26_09_25_42_21.csv,0.07396910551999789
2025.0,9.0,26.0,21.0,37.0,2.0,0.1399999999999999,0.04106832286394399,0.08449999999999996,/Users/rasmus/Desktop/Fysik/AppliedML2026/Final_project_data/data/ML_data/NBI/FDM data/Arrivals/Nuuk Arrival_ 222974_OY-GRP_26_09_25_38_21.csv,0.04748684028233509
2025.0,9.0,26.0,21.0,15.0,6.0,0.20999999999999996,0.05185247578740114,0.09750000000000009,/Users/rasmus/Desktop/Fysik/AppliedML2026/Final_project_data/data/ML_data/NBI/FDM data/Arrivals/Nuuk Arrival_ 222975_OY-GRM_26_09_25_16_21.csv,0.0878635305459552
2025.0,9.0,27.0,14.0,6.0,30.0,0.18999999999999995,0.059870118905214764,0.1100000000000001,/Users/rasmus/Desktop/Fysik/AppliedML2026/Final_project_data/data/ML_data/NBI/FDM data/Arrivals/Nuuk Arrival_ 222982_OY-GRM_27_09_25_09_14.csv,0.05666666666666672
2025.0,9.0,27.0,18.0,19.0,38.0,0.27,0.09342424678658347,0.16599999999999987,/Users/rasmus/Desktop/Fysik/AppliedML2026/Final_project_data/data/ML_data/NBI/FDM data/Arrivals/Nuuk Arrival_ 222990_OY-GRO_27_09_25_20_18.csv,0.11816302298096479
2025.0,9.0,27.0,17.0,59.0,36.0,0.15000000000000002,0.04836158573916507,0.09999999999999998,/Users/rasmus/Desktop/Fysik/AppliedML2026/Final_project_data/data/ML_data/NBI/FDM data/Arrivals/Nuuk Arrival_ 222991_OY-GRP_27_09_25_00_18.csv,0.05955978862498281
2025.0,9.0,27.0,20.0,14.0,45.0,0.1399999999999999,0.04042597258272535,0.08000000000000007,/Users/rasmus/Desktop/Fysik/AppliedML2026/Final_project_data/data/ML_data/NBI/FDM data/Arrivals/Nuuk Arrival_ 222997_OY-GRM_27_09_25_15_20.csv,0.04620606020859173
2025.0,9.0,28.0,12.0,26.0,13.0,0.1299999999999999,0.03818813079129869,0.0745000000000001,/Users/rasmus/Desktop/Fysik/AppliedML2026/Final_project_data/data/ML_data/NBI/FDM data/Arrivals/Nuuk Arrival_ 223000_OY-GRP_28_09_25_27_12.csv,0.04982321688908166
2025.0,9.0,28.0,16.0,30.0,35.0,0.1299999999999999,0.040620192023179826,0.07149999999999998,/Users/rasmus/Desktop/Fysik/AppliedML2026/Final_project_data/data/ML_data/NBI/FDM data/Arrivals/Nuuk Arrival_ 223003_OY-GRP_28_09_25_31_16.csv,0.06500000000000003
2025.0,9.0,28.0,16.0,15.0,11.0,0.1499999999999999,0.04703932836147233,0.09000000000000008,/Users/rasmus/Desktop/Fysik/AppliedML2026/Final_project_data/data/ML_data/NBI/FDM data/Arrivals/Nuuk Arrival_ 223004_OY-GRJ_28_09_25_17_16.csv,0.07447250396054814
2025.0,9.0,22.0,11.0,16.0,47.0,0.1499999999999999,0.03972678972409147,0.08000000000000007,/Users/rasmus/Desktop/Fysik/AppliedML2026/Final_project_data/data/ML_data/NBI/FDM data/Arrivals/Nuuk Arrival_ 223006_OY-GRR_22_09_25_09_11.csv,0.053541261347363416
2025.0,9.0,22.0,15.0,47.0,56.0,0.1200000000000001,0.03237745079106588,0.06000000000000005,/Users/rasmus/Desktop/Fysik/AppliedML2026/Final_project_data/data/ML_data/NBI/FDM data/Arrivals/Nuuk Arrival_ 223008_OY-GRR_22_09_25_40_15.csv,0.037416573867739444
2025.0,9.0,22.0,21.0,43.0,56.0,0.4,0.06268407237323474,0.10100000000000003,/Users/rasmus/Desktop/Fysik/AppliedML2026/Final_project_data/data/ML_data/NBI/FDM data/Arrivals/Nuuk Arrival_ 223012_OY-GRR_22_09_25_33_21.csv,0.05734883511361757
2025.0,9.0,24.0,15.0,53.0,14.0,0.43000000000000005,0.07837488724597742,0.15949999999999992,/Users/rasmus/Desktop/Fysik/AppliedML2026/Final_project_data/data/ML_data/NBI/FDM data/Arrivals/Nuuk Arrival_ 223015_OY-GRR_24_09_25_24_15.csv,0.06548960901462836
2025.0,9.0,24.0,22.0,20.0,14.0,0.24,0.06987167725231222,0.14999999999999994,/Users/rasmus/Desktop/Fysik/AppliedML2026/Final_project_data/data/ML_data/NBI/FDM data/Arrivals/Nuuk Arrival_ 223019_OY-GRR_24_09_25_14_22.csv,0.06879922480183431
2025.0,9.0,26.0,11.0,33.0,51.0,0.1200000000000001,0.04411080039927194,0.09000000000000008,/Users/rasmus/Desktop/Fysik/AppliedML2026/Final_project_data/data/ML_data/NBI/FDM data/Arrivals/Nuuk Arrival_ 223021_OY-GRR_26_09_25_27_11.csv,0.045215533220835165
2025.0,9.0,26.0,16.0,13.0,5.0,0.1499999999999999,0.045049575866086544,0.08449999999999991,/Users/rasmus/Desktop/Fysik/AppliedML2026/Final_project_data/data/ML_data/NBI/FDM data/Arrivals/Nuuk Arrival_ 223023_OY-GRR_26_09_25_05_16.csv,0.06410219114110616
2025.0,9.0,26.0,22.0,9.0,33.0,0.53,0.10136031296063694,0.1949999999999999,/Users/rasmus/Desktop/Fysik/AppliedML2026/Final_project_data/data/ML_data/NBI/FDM data/Arrivals/Nuuk Arrival_ 223027_OY-GRR_26_09_25_55_21.csv,0.08057485769337538
2025.0,9.0,27.0,12.0,4.0,44.0,0.21999999999999997,0.06664082832618455,0.14099999999999996,/Users/rasmus/Desktop/Fysik/AppliedML2026/Final_project_data/data/ML_data/NBI/FDM data/Arrivals/Nuuk Arrival_ 223029_OY-GRR_27_09_25_54_11.csv,
2025.0,9.0,27.0,18.0,48.0,12.0,0.24,0.05444671197092113,0.10000000000000009,/Users/rasmus/Desktop/Fysik/AppliedML2026/Final_project_data/data/ML_data/NBI/FDM data/Arrivals/Nuuk Arrival_ 223033_OY-GRR_27_09_25_40_18.csv,0.08463155439905382
2025.0,9.0,29.0,15.0,58.0,4.0,0.20999999999999996,0.08499786868598189,0.15999999999999992,/Users/rasmus/Desktop/Fysik/AppliedML2026/Final_project_data/data/ML_data/NBI/FDM data/Arrivals/Nuuk Arrival_ 223038_OY-GRO_29_09_25_00_16.csv,0.09587652315508577
2025.0,9.0,29.0,12.0,12.0,8.0,0.17999999999999994,0.05277220537723775,0.0975,/Users/rasmus/Desktop/Fysik/AppliedML2026/Final_project_data/data/ML_data/NBI/FDM data/Arrivals/Nuuk Arrival_ 223040_OY-GRJ_29_09_25_13_12.csv,0.08044518985886333
2025.0,9.0,29.0,10.0,30.0,6.0,0.1399999999999999,0.05770615218501407,0.10550000000000007,/Users/rasmus/Desktop/Fysik/AppliedML2026/Final_project_data/data/ML_data/NBI/FDM data/Arrivals/Nuuk Arrival_ 223042_OY-GRM_29_09_25_31_10.csv,0.06032320356951291
2025.0,9.0,29.0,12.0,20.0,46.0,0.16999999999999993,0.06913856987218955,0.1100000000000001,/Users/rasmus/Desktop/Fysik/AppliedML2026/Final_project_data/data/ML_data/NBI/FDM data/Arrivals/Nuuk Arrival_ 223044_OY-GRO_29_09_25_22_12.csv,0.08615231988880061
2025.0,9.0,29.0,20.0,55.0,11.0,0.5700000000000001,0.06797374572235139,0.07399999999999998,/Users/rasmus/Desktop/Fysik/AppliedML2026/Final_project_data/data/ML_data/NBI/FDM data/Arrivals/Nuuk Arrival_ 223060_OY-GRP_29_09_25_56_20.csv,0.15709869509324387
2025.0,9.0,30.0,11.0,6.0,53.0,0.21999999999999997,0.07482366978626276,0.15999999999999992,/Users/rasmus/Desktop/Fysik/AppliedML2026/Final_project_data/data/ML_data/NBI/FDM data/Arrivals/Nuuk Arrival_ 223064_OY-GRM_30_09_25_08_11.csv,0.06774133810967194
2025.0,9.0,30.0,14.0,24.0,4.0,0.16999999999999993,0.08266020977697694,0.16999999999999993,/Users/rasmus/Desktop/Fysik/AppliedML2026/Final_project_data/data/ML_data/NBI/FDM data/Arrivals/Nuuk Arrival_ 223074_OY-GRM_30_09_25_25_14.csv,0.07237057413065066
2025.0,9.0,30.0,17.0,26.0,55.0,0.25,0.07095557678964369,0.13999999999999999,/Users/rasmus/Desktop/Fysik/AppliedML2026/Final_project_data/data/ML_data/NBI/FDM data/Arrivals/Nuuk Arrival_ 223079_OY-GRM_30_09_25_28_17.csv,0.10774549136316985
2025.0,9.0,30.0,18.0,20.0,35.0,0.6100000000000001,0.08147085368400166,0.11850000000000005,/Users/rasmus/Desktop/Fysik/AppliedML2026/Final_project_data/data/ML_data/NBI/FDM data/Arrivals/Nuuk Arrival_ 223081_OY-GRO_30_09_25_23_18.csv,0.06296257391725438
2025.0,9.0,30.0,18.0,52.0,20.0,0.3700000000000001,0.0793454080580868,0.15999999999999998,/Users/rasmus/Desktop/Fysik/AppliedML2026/Final_project_data/data/ML_data/NBI/FDM data/Arrivals/Nuuk Arrival_ 223085_OY-GRP_30_09_25_55_18.csv,0.11244998888394789
2025.0,10.0,1.0,15.0,45.0,53.0,0.27,0.06386369413502033,0.1499999999999999,/Users/rasmus/Desktop/Fysik/AppliedML2026/Final_project_data/data/ML_data/NBI/FDM data/Arrivals/Nuuk Arrival_ 223098_OY-GRP_01_10_25_46_15.csv,0.05859465277082314
2025.0,10.0,1.0,19.0,7.0,18.0,0.26,0.09666242372852973,0.17599999999999988,/Users/rasmus/Desktop/Fysik/AppliedML2026/Final_project_data/data/ML_data/NBI/FDM data/Arrivals/Nuuk Arrival_ 223115_OY-GRO_01_10_25_09_19.csv,0.1039917579151623
2025.0,10.0,1.0,20.0,42.0,34.0,0.15999999999999992,0.045941538938089596,0.08999999999999997,/Users/rasmus/Desktop/Fysik/AppliedML2026/Final_project_data/data/ML_data/NBI/FDM data/Arrivals/Nuuk Arrival_ 223118_OY-GRM_01_10_25_45_20.csv,0.07817777629149061
2025.0,10.0,1.0,21.0,26.0,47.0,0.14,0.04409057787772378,0.09000000000000008,/Users/rasmus/Desktop/Fysik/AppliedML2026/Final_project_data/data/ML_data/NBI/FDM data/Arrivals/Nuuk Arrival_ 223119_OY-GRP_01_10_25_28_21.csv,0.0651920240520265
2025.0,10.0,2.0,12.0,53.0,13.0,0.19999999999999996,0.06457383541172247,0.1200000000000001,/Users/rasmus/Desktop/Fysik/AppliedML2026/Final_project_data/data/ML_data/NBI/FDM data/Arrivals/Nuuk Arrival_ 223123_OY-GRM_02_10_25_56_12.csv,0.07530888773198403
2025.0,10.0,2.0,12.0,48.0,7.0,0.27,0.07229280738773397,0.1399999999999999,/Users/rasmus/Desktop/Fysik/AppliedML2026/Final_project_data/data/ML_data/NBI/FDM data/Arrivals/Nuuk Arrival_ 223134_OY-GRJ_02_10_25_50_12.csv,0.06678323142825603
2025.0,10.0,2.0,18.0,13.0,39.0,0.26,0.09863677551068907,0.16599999999999987,/Users/rasmus/Desktop/Fysik/AppliedML2026/Final_project_data/data/ML_data/NBI/FDM data/Arrivals/Nuuk Arrival_ 223138_OY-GRO_02_10_25_14_18.csv,0.09032620621620155
2025.0,10.0,2.0,17.0,42.0,45.0,0.24,0.07781156196387357,0.16349999999999987,/Users/rasmus/Desktop/Fysik/AppliedML2026/Final_project_data/data/ML_data/NBI/FDM data/Arrivals/Nuuk Arrival_ 223149_OY-GRM_02_10_25_44_17.csv,0.07907802054511315
2025.0,10.0,2.0,20.0,40.0,46.0,0.3799999999999999,0.1102159355426993,0.21900000000000003,/Users/rasmus/Desktop/Fysik/AppliedML2026/Final_project_data/data/ML_data/NBI/FDM data/Arrivals/Nuuk Arrival_ 223150_OY-GRO_02_10_25_42_20.csv,0.12308533625091173
2025.0,10.0,3.0,11.0,58.0,28.0,0.30000000000000004,0.0959969820397895,0.18349999999999989,/Users/rasmus/Desktop/Fysik/AppliedML2026/Final_project_data/data/ML_data/NBI/FDM data/Arrivals/Nuuk Arrival_ 223158_OY-GRM_03_10_25_03_12.csv,0.12812493902437574
2025.0,10.0,3.0,12.0,17.0,6.0,0.32999999999999996,0.0967701545411464,0.17999999999999994,/Users/rasmus/Desktop/Fysik/AppliedML2026/Final_project_data/data/ML_data/NBI/FDM data/Arrivals/Nuuk Arrival_ 223159_OY-GRJ_03_10_25_19_12.csv,0.10908712114635714
2025.0,10.0,3.0,12.0,39.0,7.0,0.28,0.0859580892263682,0.1625,/Users/rasmus/Desktop/Fysik/AppliedML2026/Final_project_data/data/ML_data/NBI/FDM data/Arrivals/Nuuk Arrival_ 223193_OY-GRP_03_10_25_41_12.csv,0.10839741694339401
2025.0,10.0,4.0,14.0,23.0,47.0,0.22999999999999998,0.07809768319419441,0.14399999999999982,/Users/rasmus/Desktop/Fysik/AppliedML2026/Final_project_data/data/ML_data/NBI/FDM data/Arrivals/Nuuk Arrival_ 223199_OY-GRO_04_10_25_25_14.csv,0.0948976056365784
2025.0,10.0,4.0,18.0,36.0,35.0,0.17000000000000004,0.049477267507411944,0.1100000000000001,/Users/rasmus/Desktop/Fysik/AppliedML2026/Final_project_data/data/ML_data/NBI/FDM data/Arrivals/Nuuk Arrival_ 223210_OY-GRM_04_10_25_37_18.csv,0.08175949721356775
2025.0,10.0,4.0,19.0,15.0,39.0,0.32000000000000006,0.07142282206826558,0.1399999999999999,/Users/rasmus/Desktop/Fysik/AppliedML2026/Final_project_data/data/ML_data/NBI/FDM data/Arrivals/Nuuk Arrival_ 223211_OY-GRP_04_10_25_17_19.csv,0.14203872711341792
2025.0,10.0,4.0,18.0,25.0,32.0,0.42999999999999994,0.10007006890968341,0.1809999999999996,/Users/rasmus/Desktop/Fysik/AppliedML2026/Final_project_data/data/ML_data/NBI/FDM data/Arrivals/Nuuk Arrival_ 223212_OY-GRO_04_10_25_27_18.csv,0.16482313753434819
2025.0,9.0,22.0,11.0,16.0,47.0,0.1499999999999999,0.03972678972409147,0.08000000000000007,/Users/rasmus/Desktop/Fysik/AppliedML2026/Final_project_data/data/ML_data/NBI/FDM data/Arrivals/Nuuk Arrival_ 223219_OY-GRR_22_09_25_09_11.csv,0.053541261347363416
2025.0,9.0,22.0,15.0,47.0,56.0,0.1200000000000001,0.03237745079106588,0.06000000000000005,/Users/rasmus/Desktop/Fysik/AppliedML2026/Final_project_data/data/ML_data/NBI/FDM data/Arrivals/Nuuk Arrival_ 223221_OY-GRR_22_09_25_40_15.csv,0.037416573867739444
2025.0,9.0,22.0,21.0,43.0,56.0,0.4,0.06268407237323474,0.10100000000000003,/Users/rasmus/Desktop/Fysik/AppliedML2026/Final_project_data/data/ML_data/NBI/FDM data/Arrivals/Nuuk Arrival_ 223225_OY-GRR_22_09_25_33_21.csv,0.05734883511361757
2025.0,9.0,24.0,15.0,53.0,14.0,0.43000000000000005,0.07837488724597742,0.15949999999999992,/Users/rasmus/Desktop/Fysik/AppliedML2026/Final_project_data/data/ML_data/NBI/FDM data/Arrivals/Nuuk Arrival_ 223228_OY-GRR_24_09_25_24_15.csv,0.06548960901462836
2025.0,9.0,24.0,22.0,20.0,14.0,0.24,0.06987167725231222,0.14999999999999994,/Users/rasmus/Desktop/Fysik/AppliedML2026/Final_project_data/data/ML_data/NBI/FDM data/Arrivals/Nuuk Arrival_ 223232_OY-GRR_24_09_25_14_22.csv,0.06879922480183431
2025.0,9.0,26.0,11.0,33.0,51.0,0.1200000000000001,0.04411080039927194,0.09000000000000008,/Users/rasmus/Desktop/Fysik/AppliedML2026/Final_project_data/data/ML_data/NBI/FDM data/Arrivals/Nuuk Arrival_ 223234_OY-GRR_26_09_25_27_11.csv,0.045215533220835165
2025.0,9.0,26.0,16.0,13.0,5.0,0.1499999999999999,0.045049575866086544,0.08449999999999991,/Users/rasmus/Desktop/Fysik/AppliedML2026/Final_project_data/data/ML_data/NBI/FDM data/Arrivals/Nuuk Arrival_ 223235_OY-GRR_26_09_25_05_16.csv,0.06410219114110616
2025.0,9.0,26.0,22.0,9.0,33.0,0.53,0.10136031296063694,0.1949999999999999,/Users/rasmus/Desktop/Fysik/AppliedML2026/Final_project_data/data/ML_data/NBI/FDM data/Arrivals/Nuuk Arrival_ 223239_OY-GRR_26_09_25_55_21.csv,0.08057485769337538
2025.0,9.0,27.0,12.0,4.0,44.0,0.21999999999999997,0.06664082832618455,0.14099999999999996,/Users/rasmus/Desktop/Fysik/AppliedML2026/Final_project_data/data/ML_data/NBI/FDM data/Arrivals/Nuuk Arrival_ 223241_OY-GRR_27_09_25_54_11.csv,
2025.0,9.0,27.0,18.0,48.0,12.0,0.24,0.05444671197092113,0.10000000000000009,/Users/rasmus/Desktop/Fysik/AppliedML2026/Final_project_data/data/ML_data/NBI/FDM data/Arrivals/Nuuk Arrival_ 223245_OY-GRR_27_09_25_40_18.csv,0.08463155439905382
2025.0,9.0,29.0,11.0,12.0,44.0,0.1100000000000001,0.04430904128099038,0.08100000000000002,/Users/rasmus/Desktop/Fysik/AppliedML2026/Final_project_data/data/ML_data/NBI/FDM data/Arrivals/Nuuk Arrival_ 223247_OY-GRR_29_09_25_05_11.csv,0.06614378277661481
2025.0,9.0,29.0,16.0,6.0,24.0,0.32000000000000006,0.07108076566501485,0.1399999999999999,/Users/rasmus/Desktop/Fysik/AppliedML2026/Final_project_data/data/ML_data/NBI/FDM data/Arrivals/Nuuk Arrival_ 223249_OY-GRR_29_09_25_02_16.csv,0.05962000884388949
2025.0,9.0,29.0,22.0,43.0,50.0,0.32999999999999996,0.07334466069412585,0.15000000000000002,/Users/rasmus/Desktop/Fysik/AppliedML2026/Final_project_data/data/ML_data/NBI/FDM data/Arrivals/Nuuk Arrival_ 223254_OY-GRR_29_09_25_33_22.csv,0.04715431487960258
2025.0,9.0,30.0,12.0,31.0,4.0,0.5700000000000001,0.09268144163779582,0.16749999999999995,/Users/rasmus/Desktop/Fysik/AppliedML2026/Final_project_data/data/ML_data/NBI/FDM data/Arrivals/Nuuk Arrival_ 223256_OY-GRR_30_09_25_25_12.csv,0.1533221846560122
2025.0,9.0,30.0,18.0,32.0,16.0,0.31000000000000005,0.08003419667127247,0.15999999999999992,/Users/rasmus/Desktop/Fysik/AppliedML2026/Final_project_data/data/ML_data/NBI/FDM data/Arrivals/Nuuk Arrival_ 223258_OY-GRR_30_09_25_24_18.csv,0.0958876657576168
2025.0,10.0,1.0,10.0,59.0,50.0,0.20999999999999996,0.05968385177049288,0.1100000000000001,/Users/rasmus/Desktop/Fysik/AppliedML2026/Final_project_data/data/ML_data/NBI/FDM data/Arrivals/Nuuk Arrival_ 223260_OY-GRR_01_10_25_53_10.csv,0.07066352194260726
2025.0,10.0,1.0,17.0,38.0,13.0,0.22999999999999998,0.08083934685535257,0.1499999999999999,/Users/rasmus/Desktop/Fysik/AppliedML2026/Final_project_data/data/ML_data/NBI/FDM data/Arrivals/Nuuk Arrival_ 223264_OY-GRR_01_10_25_31_17.csv,0.09473647660748209
2025.0,10.0,1.0,21.0,38.0,5.0,0.16000000000000003,0.042811800260511075,0.08000000000000007,/Users/rasmus/Desktop/Fysik/AppliedML2026/Final_project_data/data/ML_data/NBI/FDM data/Arrivals/Nuuk Arrival_ 223266_OY-GRR_01_10_25_27_21.csv,0.0512510162500869
2025.0,10.0,2.0,12.0,23.0,20.0,0.19999999999999996,0.04884811781288394,0.08000000000000007,/Users/rasmus/Desktop/Fysik/AppliedML2026/Final_project_data/data/ML_data/NBI/FDM data/Arrivals/Nuuk Arrival_ 223269_OY-GRR_02_10_25_17_12.csv,0.07038356451506385
2025.0,10.0,2.0,20.0,19.0,35.0,0.20999999999999996,0.06405761764519798,0.1299999999999999,/Users/rasmus/Desktop/Fysik/AppliedML2026/Final_project_data/data/ML_data/NBI/FDM data/Arrivals/Nuuk Arrival_ 223271_OY-GRR_02_10_25_49_19.csv,0.06271629240742266
2025.0,10.0,3.0,11.0,42.0,45.0,0.38,0.09874006279114876,0.19799999999999993,/Users/rasmus/Desktop/Fysik/AppliedML2026/Final_project_data/data/ML_data/NBI/FDM data/Arrivals/Nuuk Arrival_ 223273_OY-GRR_03_10_25_35_11.csv,0.09495261976375376
2025.0,10.0,4.0,12.0,13.0,37.0,0.26,0.06168796807648481,0.11000000000000004,/Users/rasmus/Desktop/Fysik/AppliedML2026/Final_project_data/data/ML_data/NBI/FDM data/Arrivals/Nuuk Arrival_ 223276_OY-GRR_04_10_25_10_12.csv,0.04082482904638634
2025.0,10.0,4.0,17.0,34.0,56.0,0.3500000000000001,0.06125596769280243,0.11599999999999998,/Users/rasmus/Desktop/Fysik/AppliedML2026/Final_project_data/data/ML_data/NBI/FDM data/Arrivals/Nuuk Arrival_ 223278_OY-GRR_04_10_25_20_17.csv,0.06953930029641
2025.0,10.0,5.0,16.0,18.0,4.0,0.14,0.045309393909768764,0.09100000000000003,/Users/rasmus/Desktop/Fysik/AppliedML2026/Final_project_data/data/ML_data/NBI/FDM data/Arrivals/Nuuk Arrival_ 223281_OY-GRP_05_10_25_20_16.csv,0.05507570547286101
2025.0,10.0,5.0,16.0,45.0,54.0,0.25,0.0826953722415223,0.15999999999999992,/Users/rasmus/Desktop/Fysik/AppliedML2026/Final_project_data/data/ML_data/NBI/FDM data/Arrivals/Nuuk Arrival_ 223282_OY-GRO_05_10_25_46_16.csv,0.12068258248100971
2025.0,10.0,5.0,17.0,4.0,46.0,0.31000000000000005,0.07769241347204445,0.15849999999999986,/Users/rasmus/Desktop/Fysik/AppliedML2026/Final_project_data/data/ML_data/NBI/FDM data/Arrivals/Nuuk Arrival_ 223285_OY-GRM_05_10_25_06_17.csv,0.08498868702996257
2025.0,10.0,6.0,12.0,20.0,49.0,0.15999999999999992,0.06294919877183715,0.12799999999999975,/Users/rasmus/Desktop/Fysik/AppliedML2026/Final_project_data/data/ML_data/NBI/FDM data/Arrivals/Nuuk Arrival_ 223298_OY-GRM_06_10_25_21_12.csv,0.05909032633745279
2025.0,10.0,6.0,12.0,14.0,32.0,0.17999999999999994,0.07412307851965387,0.1399999999999999,/Users/rasmus/Desktop/Fysik/AppliedML2026/Final_project_data/data/ML_data/NBI/FDM data/Arrivals/Nuuk Arrival_ 223299_OY-GRO_06_10_25_16_12.csv,0.10091885544641986
2025.0,10.0,6.0,18.0,24.0,54.0,0.1299999999999999,0.049750858575446574,0.10000000000000009,/Users/rasmus/Desktop/Fysik/AppliedML2026/Final_project_data/data/ML_data/NBI/FDM data/Arrivals/Nuuk Arrival_ 223309_OY-GRM_06_10_25_26_18.csv,0.05859465277082313
2025.0,10.0,6.0,17.0,36.0,34.0,0.29000000000000004,0.11153391777757479,0.2264999999999999,/Users/rasmus/Desktop/Fysik/AppliedML2026/Final_project_data/data/ML_data/NBI/FDM data/Arrivals/Nuuk Arrival_ 223329_OY-GRO_06_10_25_38_17.csv,0.11281745333846964
2025.0,10.0,6.0,21.0,24.0,26.0,0.1399999999999999,0.041325852525465494,0.08300000000000005,/Users/rasmus/Desktop/Fysik/AppliedML2026/Final_project_data/data/ML_data/NBI/FDM data/Arrivals/Nuuk Arrival_ 223331_OY-GRP_06_10_25_26_21.csv,0.053229064742237715
2025.0,10.0,8.0,11.0,49.0,55.0,0.26,0.06093588284567493,0.1200000000000001,/Users/rasmus/Desktop/Fysik/AppliedML2026/Final_project_data/data/ML_data/NBI/FDM data/Arrivals/Nuuk Arrival_ 223351_OY-GRP_08_10_25_58_11.csv,0.12165525060596438
2025.0,10.0,8.0,14.0,35.0,45.0,0.28,0.095383075199339,0.18999999999999995,/Users/rasmus/Desktop/Fysik/AppliedML2026/Final_project_data/data/ML_data/NBI/FDM data/Arrivals/Nuuk Arrival_ 223354_OY-GRM_08_10_25_37_14.csv,0.07554563426924722
2025.0,10.0,8.0,14.0,48.0,59.0,0.3799999999999999,0.11153632088783,0.21999999999999997,/Users/rasmus/Desktop/Fysik/AppliedML2026/Final_project_data/data/ML_data/NBI/FDM data/Arrivals/Nuuk Arrival_ 223355_OY-GRO_08_10_25_50_14.csv,0.13846907311932982
2025.0,10.0,9.0,12.0,51.0,9.0,0.22999999999999998,0.07651153245452709,0.1299999999999999,/Users/rasmus/Desktop/Fysik/AppliedML2026/Final_project_data/data/ML_data/NBI/FDM data/Arrivals/Nuuk Arrival_ 223380_OY-GRO_09_10_25_53_12.csv,0.07810249675906661
2025.0,10.0,9.0,14.0,55.0,29.0,0.1100000000000001,0.03801315561749646,0.08000000000000007,/Users/rasmus/Desktop/Fysik/AppliedML2026/Final_project_data/data/ML_data/NBI/FDM data/Arrivals/Nuuk Arrival_ 223384_OY-GRJ_09_10_25_57_14.csv,0.05989574275355475
2025.0,10.0,9.0,15.0,28.0,45.0,0.16999999999999993,0.03553634559724848,0.06000000000000005,/Users/rasmus/Desktop/Fysik/AppliedML2026/Final_project_data/data/ML_data/NBI/FDM data/Arrivals/Nuuk Arrival_ 223385_OY-GRM_09_10_25_29_15.csv,0.06403124237432849
2025.0,10.0,9.0,16.0,59.0,4.0,0.1499999999999999,0.03767024846012594,0.07750000000000007,/Users/rasmus/Desktop/Fysik/AppliedML2026/Final_project_data/data/ML_data/NBI/FDM data/Arrivals/Nuuk Arrival_ 223387_OY-GRP_09_10_25_01_17.csv,0.0668184546540321
2025.0,10.0,9.0,19.0,38.0,35.0,0.1499999999999999,0.04775610077561113,0.09000000000000008,/Users/rasmus/Desktop/Fysik/AppliedML2026/Final_project_data/data/ML_data/NBI/FDM data/Arrivals/Nuuk Arrival_ 223391_OY-GRJ_09_10_25_40_19.csv,0.05489119672826301
2025.0,10.0,9.0,19.0,36.0,2.0,0.10000000000000009,0.04034113790422141,0.08000000000000007,/Users/rasmus/Desktop/Fysik/AppliedML2026/Final_project_data/data/ML_data/NBI/FDM data/Arrivals/Nuuk Arrival_ 223392_OY-GRP_09_10_25_38_19.csv,0.0533853912601566
2025.0,10.0,9.0,20.0,57.0,13.0,0.19999999999999996,0.07302528539959507,0.1299999999999999,/Users/rasmus/Desktop/Fysik/AppliedML2026/Final_project_data/data/ML_data/NBI/FDM data/Arrivals/Nuuk Arrival_ 223393_OY-GRO_09_10_25_59_20.csv,0.08298020417975777
2025.0,10.0,9.0,20.0,42.0,19.0,0.22999999999999998,0.052330311851369084,0.10000000000000009,/Users/rasmus/Desktop/Fysik/AppliedML2026/Final_project_data/data/ML_data/NBI/FDM data/Arrivals/Nuuk Arrival_ 223395_OY-GRM_09_10_25_44_20.csv,0.0817516564562048
2025.0,10.0,10.0,10.0,43.0,38.0,0.15999999999999992,0.074424878233021,0.1399999999999999,/Users/rasmus/Desktop/Fysik/AppliedML2026/Final_project_data/data/ML_data/NBI/FDM data/Arrivals/Nuuk Arrival_ 223400_OY-GRO_10_10_25_44_10.csv,0.07888934916555414
2025.0,10.0,10.0,12.0,28.0,35.0,0.16999999999999993,0.05026246899500349,0.09000000000000008,/Users/rasmus/Desktop/Fysik/AppliedML2026/Final_project_data/data/ML_data/NBI/FDM data/Arrivals/Nuuk Arrival_ 223401_OY-GRM_10_10_25_30_12.csv,0.06633249580710802
2025.0,10.0,10.0,17.0,25.0,2.0,0.32000000000000006,0.10050880658937408,0.1909999999999999,/Users/rasmus/Desktop/Fysik/AppliedML2026/Final_project_data/data/ML_data/NBI/FDM data/Arrivals/Nuuk Arrival_ 223408_OY-GRO_10_10_25_26_17.csv,0.09685685313905258
2025.0,10.0,10.0,17.0,39.0,12.0,0.1299999999999999,0.048097838432258816,0.10000000000000009,/Users/rasmus/Desktop/Fysik/AppliedML2026/Final_project_data/data/ML_data/NBI/FDM data/Arrivals/Nuuk Arrival_ 223409_OY-GRM_10_10_25_40_17.csv,0.07611668673819166
2025.0,10.0,10.0,20.0,51.0,19.0,0.21999999999999997,0.05179939739121934,0.09699999999999998,/Users/rasmus/Desktop/Fysik/AppliedML2026/Final_project_data/data/ML_data/NBI/FDM data/Arrivals/Nuuk Arrival_ 223414_OY-GRJ_10_10_25_53_20.csv,0.0774135462490716
2025.0,10.0,10.0,22.0,30.0,52.0,0.20999999999999996,0.07392871259162133,0.1299999999999999,/Users/rasmus/Desktop/Fysik/AppliedML2026/Final_project_data/data/ML_data/NBI/FDM data/Arrivals/Nuuk Arrival_ 223423_OY-GRO_10_10_25_31_22.csv,0.10710475512986604
2025.0,10.0,10.0,18.0,46.0,26.0,0.25,0.057467025470207225,0.1100000000000001,/Users/rasmus/Desktop/Fysik/AppliedML2026/Final_project_data/data/ML_data/NBI/FDM data/Arrivals/Nuuk Arrival_ 223424_OY-GRP_10_10_25_48_18.csv,0.076466063214536
2025.0,10.0,11.0,12.0,42.0,34.0,0.3500000000000001,0.11764840978678316,0.25,/Users/rasmus/Desktop/Fysik/AppliedML2026/Final_project_data/data/ML_data/NBI/FDM data/Arrivals/Nuuk Arrival_ 223428_OY-GRO_11_10_25_46_12.csv,0.1831881402734416
2025.0,10.0,11.0,13.0,47.0,6.0,0.44999999999999996,0.1462096875288116,0.3144999999999999,/Users/rasmus/Desktop/Fysik/AppliedML2026/Final_project_data/data/ML_data/NBI/FDM data/Arrivals/Nuuk Arrival_ 223429_OY-GRM_11_10_25_49_13.csv,0.15476864454188818
2025.0,10.0,11.0,21.0,53.0,16.0,0.26,0.07465275418807515,0.15149999999999997,/Users/rasmus/Desktop/Fysik/AppliedML2026/Final_project_data/data/ML_data/NBI/FDM data/Arrivals/Nuuk Arrival_ 223444_OY-GRJ_11_10_25_56_21.csv,0.11182970246290196
2025.0,10.0,11.0,23.0,28.0,58.0,0.19999999999999996,0.07356411375199727,0.1299999999999999,/Users/rasmus/Desktop/Fysik/AppliedML2026/Final_project_data/data/ML_data/NBI/FDM data/Arrivals/Nuuk Arrival_ 223445_OY-GRO_11_10_25_30_23.csv,0.09831920802501748
2025.0,10.0,11.0,22.0,11.0,39.0,0.20999999999999996,0.07095659736541361,0.15999999999999992,/Users/rasmus/Desktop/Fysik/AppliedML2026/Final_project_data/data/ML_data/NBI/FDM data/Arrivals/Nuuk Arrival_ 223446_OY-GRM_11_10_25_13_22.csv,0.09239859306288166
2025.0,10.0,6.0,11.0,22.0,13.0,0.3600000000000001,0.07192863695051731,0.14999999999999994,/Users/rasmus/Desktop/Fysik/AppliedML2026/Final_project_data/data/ML_data/NBI/FDM data/Arrivals/Nuuk Arrival_ 223448_OY-GRR_06_10_25_15_11.csv,0.05156378117837916
2025.0,10.0,6.0,16.0,5.0,47.0,0.16999999999999993,0.03940434877907138,0.07000000000000002,/Users/rasmus/Desktop/Fysik/AppliedML2026/Final_project_data/data/ML_data/NBI/FDM data/Arrivals/Nuuk Arrival_ 223450_OY-GRR_06_10_25_59_15.csv,0.03421386028050795
2025.0,10.0,6.0,21.0,58.0,36.0,0.10000000000000009,0.03619025439637498,0.08000000000000007,/Users/rasmus/Desktop/Fysik/AppliedML2026/Final_project_data/data/ML_data/NBI/FDM data/Arrivals/Nuuk Arrival_ 223454_OY-GRR_06_10_25_52_21.csv,0.05284748946598265
2025.0,10.0,10.0,22.0,36.0,14.0,0.040000000000000036,0.01867490508320964,0.030000000000000027,/Users/rasmus/Desktop/Fysik/AppliedML2026/Final_project_data/data/ML_data/NBI/FDM data/Arrivals/Nuuk Arrival_ 223455_OY-GRR_10_10_25_14_22.csv,0.01867490508320964
2025.0,10.0,11.0,22.0,17.0,30.0,0.37,0.09917609306631028,0.19499999999999995,/Users/rasmus/Desktop/Fysik/AppliedML2026/Final_project_data/data/ML_data/NBI/FDM data/Arrivals/Nuuk Arrival_ 223458_OY-GRR_11_10_25_56_21.csv,0.14460472438959066
2025.0,10.0,12.0,13.0,57.0,45.0,0.24,0.06562557746725318,0.1299999999999999,/Users/rasmus/Desktop/Fysik/AppliedML2026/Final_project_data/data/ML_data/NBI/FDM data/Arrivals/Nuuk Arrival_ 223459_OY-GRP_12_10_25_58_13.csv,0.07468983484097035
2025.0,10.0,12.0,17.0,49.0,40.0,0.17000000000000004,0.05490996418380428,0.11449999999999999,/Users/rasmus/Desktop/Fysik/AppliedML2026/Final_project_data/data/ML_data/NBI/FDM data/Arrivals/Nuuk Arrival_ 223462_OY-GRJ_12_10_25_51_17.csv,0.07164728420068227
2025.0,10.0,12.0,18.0,9.0,58.0,0.15999999999999992,0.05292956132010226,0.11000000000000004,/Users/rasmus/Desktop/Fysik/AppliedML2026/Final_project_data/data/ML_data/NBI/FDM data/Arrivals/Nuuk Arrival_ 223463_OY-GRP_12_10_25_11_18.csv,0.04589389937671459
2025.0,10.0,12.0,20.0,52.0,50.0,0.24,0.06847332685964713,0.13349999999999992,/Users/rasmus/Desktop/Fysik/AppliedML2026/Final_project_data/data/ML_data/NBI/FDM data/Arrivals/Nuuk Arrival_ 223465_OY-GRJ_12_10_25_53_20.csv,0.08249777180591715
2025.0,10.0,13.0,10.0,49.0,26.0,0.16000000000000003,0.06072167003732041,0.11449999999999999,/Users/rasmus/Desktop/Fysik/AppliedML2026/Final_project_data/data/ML_data/NBI/FDM data/Arrivals/Nuuk Arrival_ 223470_OY-GRJ_13_10_25_51_10.csv,0.06919176251549027
2025.0,10.0,13.0,11.0,27.0,29.0,0.17999999999999994,0.08254587293263901,0.15999999999999992,/Users/rasmus/Desktop/Fysik/AppliedML2026/Final_project_data/data/ML_data/NBI/FDM data/Arrivals/Nuuk Arrival_ 223473_OY-GRO_13_10_25_29_11.csv,0.09110433579144304
2025.0,10.0,13.0,12.0,20.0,32.0,0.29000000000000004,0.06853971336161474,0.12549999999999997,/Users/rasmus/Desktop/Fysik/AppliedML2026/Final_project_data/data/ML_data/NBI/FDM data/Arrivals/Nuuk Arrival_ 223475_OY-GRP_13_10_25_21_12.csv,0.07063620660971628
2025.0,10.0,13.0,12.0,41.0,4.0,0.15999999999999992,0.049063297965049296,0.09000000000000008,/Users/rasmus/Desktop/Fysik/AppliedML2026/Final_project_data/data/ML_data/NBI/FDM data/Arrivals/Nuuk Arrival_ 223477_OY-GRM_13_10_25_42_12.csv,0.07047458170621994
2025.0,10.0,13.0,16.0,3.0,4.0,0.3799999999999999,0.11043633100618144,0.22499999999999998,/Users/rasmus/Desktop/Fysik/AppliedML2026/Final_project_data/data/ML_data/NBI/FDM data/Arrivals/Nuuk Arrival_ 223479_OY-GRO_13_10_25_05_16.csv,0.08891006692158095
2025.0,10.0,13.0,17.0,1.0,2.0,0.27,0.0903528436942433,0.17899999999999971,/Users/rasmus/Desktop/Fysik/AppliedML2026/Final_project_data/data/ML_data/NBI/FDM data/Arrivals/Nuuk Arrival_ 223481_OY-GRP_13_10_25_03_17.csv,0.09640921554553417
2025.0,10.0,14.0,12.0,56.0,33.0,0.5800000000000001,0.1435701549087796,0.25799999999999984,/Users/rasmus/Desktop/Fysik/AppliedML2026/Final_project_data/data/ML_data/NBI/FDM data/Arrivals/Nuuk Arrival_ 223486_OY-GRO_14_10_25_58_12.csv,0.16096583488430083
2025.0,10.0,14.0,14.0,10.0,16.0,0.24,0.0836297757616233,0.16099999999999998,/Users/rasmus/Desktop/Fysik/AppliedML2026/Final_project_data/data/ML_data/NBI/FDM data/Arrivals/Nuuk Arrival_ 223487_OY-GRM_14_10_25_11_14.csv,0.10481730137084559
2025.0,10.0,14.0,14.0,22.0,16.0,0.28,0.0981389321319526,0.21899999999999975,/Users/rasmus/Desktop/Fysik/AppliedML2026/Final_project_data/data/ML_data/NBI/FDM data/Arrivals/Nuuk Arrival_ 223488_OY-GRJ_14_10_25_24_14.csv,0.08430104783848583
2025.0,10.0,14.0,17.0,27.0,18.0,0.29000000000000004,0.0916695466614948,0.15999999999999992,/Users/rasmus/Desktop/Fysik/AppliedML2026/Final_project_data/data/ML_data/NBI/FDM data/Arrivals/Nuuk Arrival_ 223501_OY-GRO_14_10_25_29_17.csv,0.12133189428764629
2025.0,10.0,14.0,18.0,25.0,40.0,0.31000000000000005,0.10299545871604744,0.19699999999999984,/Users/rasmus/Desktop/Fysik/AppliedML2026/Final_project_data/data/ML_data/NBI/FDM data/Arrivals/Nuuk Arrival_ 223503_OY-GRP_14_10_25_26_18.csv,0.08640987597877145
2025.0,10.0,14.0,20.0,16.0,28.0,0.15999999999999992,0.052875965888057735,0.1100000000000001,/Users/rasmus/Desktop/Fysik/AppliedML2026/Final_project_data/data/ML_data/NBI/FDM data/Arrivals/Nuuk Arrival_ 223505_OY-GRJ_14_10_25_18_20.csv,0.053696678978623416
2025.0,10.0,14.0,20.0,38.0,32.0,0.15999999999999992,0.0621095805814208,0.1200000000000001,/Users/rasmus/Desktop/Fysik/AppliedML2026/Final_project_data/data/ML_data/NBI/FDM data/Arrivals/Nuuk Arrival_ 223508_OY-GRM_14_10_25_39_20.csv,0.04812265031857882
2025.0,10.0,14.0,23.0,21.0,56.0,0.18999999999999995,0.0719637956113203,0.1399999999999999,/Users/rasmus/Desktop/Fysik/AppliedML2026/Final_project_data/data/ML_data/NBI/FDM data/Arrivals/Nuuk Arrival_ 223509_OY-GRP_14_10_25_23_23.csv,0.07111887749987414
2025.0,10.0,16.0,13.0,18.0,33.0,0.15999999999999992,0.06753283468568284,0.1100000000000001,/Users/rasmus/Desktop/Fysik/AppliedML2026/Final_project_data/data/ML_data/NBI/FDM data/Arrivals/Nuuk Arrival_ 223535_OY-GRO_16_10_25_20_13.csv,0.07763160868271811
2025.0,10.0,16.0,14.0,1.0,42.0,0.17999999999999994,0.03964845520319804,0.08000000000000004,/Users/rasmus/Desktop/Fysik/AppliedML2026/Final_project_data/data/ML_data/NBI/FDM data/Arrivals/Nuuk Arrival_ 223537_OY-GRP_16_10_25_02_14.csv,0.06604922406811456
2025.0,10.0,16.0,17.0,45.0,14.0,0.5800000000000001,0.12264185925297137,0.23199999999999987,/Users/rasmus/Desktop/Fysik/AppliedML2026/Final_project_data/data/ML_data/NBI/FDM data/Arrivals/Nuuk Arrival_ 223543_OY-GRP_16_10_25_47_17.csv,0.0906228448019593
2025.0,10.0,16.0,19.0,29.0,18.0,0.25,0.07807465769321724,0.16150000000000006,/Users/rasmus/Desktop/Fysik/AppliedML2026/Final_project_data/data/ML_data/NBI/FDM data/Arrivals/Nuuk Arrival_ 223544_OY-GRM_16_10_25_31_19.csv,0.05261578710455242
2025.0,10.0,16.0,18.0,27.0,42.0,0.3500000000000001,0.10856318396344457,0.20699999999999985,/Users/rasmus/Desktop/Fysik/AppliedML2026/Final_project_data/data/ML_data/NBI/FDM data/Arrivals/Nuuk Arrival_ 223545_OY-GRO_16_10_25_28_18.csv,0.11140017953306897
2025.0,10.0,17.0,11.0,44.0,36.0,0.1200000000000001,0.040193331237519926,0.07599999999999994,/Users/rasmus/Desktop/Fysik/AppliedML2026/Final_project_data/data/ML_data/NBI/FDM data/Arrivals/Nuuk Arrival_ 223549_OY-GRM_17_10_25_45_11.csv,0.05276945503428464
2025.0,10.0,17.0,16.0,39.0,57.0,0.15000000000000002,0.0588273383530559,0.1100000000000001,/Users/rasmus/Desktop/Fysik/AppliedML2026/Final_project_data/data/ML_data/NBI/FDM data/Arrivals/Nuuk Arrival_ 223554_OY-GRM_17_10_25_40_16.csv,0.04866980583482951
2025.0,10.0,17.0,18.0,37.0,26.0,0.16999999999999993,0.0756761634891074,0.1299999999999999,/Users/rasmus/Desktop/Fysik/AppliedML2026/Final_project_data/data/ML_data/NBI/FDM data/Arrivals/Nuuk Arrival_ 223558_OY-GRO_17_10_25_40_18.csv,0.08132240363721019
2025.0,10.0,17.0,22.0,3.0,53.0,0.1399999999999999,0.04091803653996262,0.09000000000000008,/Users/rasmus/Desktop/Fysik/AppliedML2026/Final_project_data/data/ML_data/NBI/FDM data/Arrivals/Nuuk Arrival_ 223561_OY-GRP_17_10_25_05_22.csv,0.060827625302982226
2025.0,10.0,18.0,13.0,51.0,25.0,0.1100000000000001,0.04018277208473547,0.08000000000000007,/Users/rasmus/Desktop/Fysik/AppliedML2026/Final_project_data/data/ML_data/NBI/FDM data/Arrivals/Nuuk Arrival_ 223564_OY-GRJ_18_10_25_53_13.csv,0.057088448122986454
2025.0,10.0,18.0,15.0,1.0,11.0,0.15999999999999992,0.0725372603241834,0.1299999999999999,/Users/rasmus/Desktop/Fysik/AppliedML2026/Final_project_data/data/ML_data/NBI/FDM data/Arrivals/Nuuk Arrival_ 223567_OY-GRO_18_10_25_03_15.csv,0.09824938257551849
2025.0,10.0,18.0,17.0,48.0,28.0,0.22999999999999998,0.04868345448052636,0.09000000000000008,/Users/rasmus/Desktop/Fysik/AppliedML2026/Final_project_data/data/ML_data/NBI/FDM data/Arrivals/Nuuk Arrival_ 223570_OY-GRP_18_10_25_50_17.csv,0.04341658669218486
2025.0,10.0,18.0,18.0,50.0,52.0,0.18999999999999995,0.06667646986746474,0.1100000000000001,/Users/rasmus/Desktop/Fysik/AppliedML2026/Final_project_data/data/ML_data/NBI/FDM data/Arrivals/Nuuk Arrival_ 223571_OY-GRO_18_10_25_52_18.csv,0.09688481133111974
2025.0,10.0,13.0,17.0,56.0,13.0,0.44999999999999996,0.10891422171740334,0.20549999999999993,/Users/rasmus/Desktop/Fysik/AppliedML2026/Final_project_data/data/ML_data/NBI/FDM data/Arrivals/Nuuk Arrival_ 223582_OY-GRR_13_10_25_49_17.csv,0.16464246978572344
2025.0,10.0,14.0,13.0,20.0,30.0,0.3799999999999999,0.13624426593438713,0.26249999999999946,/Users/rasmus/Desktop/Fysik/AppliedML2026/Final_project_data/data/ML_data/NBI/FDM data/Arrivals/Nuuk Arrival_ 223584_OY-GRR_14_10_25_13_13.csv,0.07579877667518486
2025.0,10.0,14.0,18.0,38.0,8.0,0.5,0.10289753751089699,0.1984999999999999,/Users/rasmus/Desktop/Fysik/AppliedML2026/Final_project_data/data/ML_data/NBI/FDM data/Arrivals/Nuuk Arrival_ 223586_OY-GRR_14_10_25_28_18.csv,0.08552359741197581
2025.0,10.0,15.0,11.0,12.0,12.0,0.33000000000000007,0.07379992257061369,0.14449999999999985,/Users/rasmus/Desktop/Fysik/AppliedML2026/Final_project_data/data/ML_data/NBI/FDM data/Arrivals/Nuuk Arrival_ 223588_OY-GRR_15_10_25_05_11.csv,0.07017834423809102
2025.0,10.0,15.0,17.0,6.0,18.0,0.35,0.0801387685344754,0.16799999999999948,/Users/rasmus/Desktop/Fysik/AppliedML2026/Final_project_data/data/ML_data/NBI/FDM data/Arrivals/Nuuk Arrival_ 223591_OY-GRR_15_10_25_51_16.csv,0.04851116709927043
2025.0,10.0,16.0,13.0,54.0,58.0,0.39,0.09277874075908826,0.20499999999999946,/Users/rasmus/Desktop/Fysik/AppliedML2026/Final_project_data/data/ML_data/NBI/FDM data/Arrivals/Nuuk Arrival_ 223594_OY-GRR_16_10_25_44_13.csv,0.04827804087542529
2025.0,10.0,17.0,15.0,45.0,10.0,0.16000000000000003,0.052375237160569514,0.10100000000000003,/Users/rasmus/Desktop/Fysik/AppliedML2026/Final_project_data/data/ML_data/NBI/FDM data/Arrivals/Nuuk Arrival_ 223598_OY-GRR_17_10_25_30_15.csv,0.05501514942874074
2025.0,10.0,17.0,22.0,11.0,24.0,0.39,0.07718316772010818,0.15799999999999986,/Users/rasmus/Desktop/Fysik/AppliedML2026/Final_project_data/data/ML_data/NBI/FDM data/Arrivals/Nuuk Arrival_ 223602_OY-GRR_17_10_25_03_22.csv,0.0669825848013248
2025.0,10.0,18.0,13.0,38.0,28.0,0.1100000000000001,0.03708420277204429,0.07800000000000004,/Users/rasmus/Desktop/Fysik/AppliedML2026/Final_project_data/data/ML_data/NBI/FDM data/Arrivals/Nuuk Arrival_ 223605_OY-GRR_18_10_25_32_13.csv,0.047236109069228004
2025.0,10.0,18.0,18.0,44.0,6.0,0.5,0.07820454539376469,0.15,/Users/rasmus/Desktop/Fysik/AppliedML2026/Final_project_data/data/ML_data/NBI/FDM data/Arrivals/Nuuk Arrival_ 223608_OY-GRR_18_10_25_39_18.csv,0.08607167555783572
2025.0,10.0,19.0,13.0,15.0,6.0,0.1200000000000001,0.043146798660804606,0.10000000000000009,/Users/rasmus/Desktop/Fysik/AppliedML2026/Final_project_data/data/ML_data/NBI/FDM data/Arrivals/Nuuk Arrival_ 223612_OY-GRP_19_10_25_25_13.csv,0.05724441524658175
2025.0,10.0,19.0,16.0,43.0,14.0,0.21999999999999997,0.08776532512090401,0.15599999999999986,/Users/rasmus/Desktop/Fysik/AppliedML2026/Final_project_data/data/ML_data/NBI/FDM data/Arrivals/Nuuk Arrival_ 223618_OY-GRO_19_10_25_45_16.csv,0.09448424592106737
2025.0,10.0,19.0,17.0,42.0,19.0,0.15999999999999992,0.053026075716409146,0.10000000000000009,/Users/rasmus/Desktop/Fysik/AppliedML2026/Final_project_data/data/ML_data/NBI/FDM data/Arrivals/Nuuk Arrival_ 223619_OY-GRP_19_10_25_45_17.csv,0.06679154969837961
2025.0,10.0,20.0,10.0,42.0,57.0,0.21999999999999997,0.06523268375824373,0.10000000000000009,/Users/rasmus/Desktop/Fysik/AppliedML2026/Final_project_data/data/ML_data/NBI/FDM data/Arrivals/Nuuk Arrival_ 223620_OY-GRO_20_10_25_44_10.csv,0.09342257638161015
2025.0,10.0,20.0,13.0,5.0,0.0,0.1299999999999999,0.047948478638780476,0.10000000000000006,/Users/rasmus/Desktop/Fysik/AppliedML2026/Final_project_data/data/ML_data/NBI/FDM data/Arrivals/Nuuk Arrival_ 223622_OY-GRJ_20_10_25_06_13.csv,0.06226494259953254
2025.0,10.0,20.0,17.0,29.0,36.0,0.15999999999999992,0.06739370715954042,0.1100000000000001,/Users/rasmus/Desktop/Fysik/AppliedML2026/Final_project_data/data/ML_data/NBI/FDM data/Arrivals/Nuuk Arrival_ 223627_OY-GRO_20_10_25_31_17.csv,0.08031189202104509
2025.0,10.0,20.0,18.0,58.0,22.0,0.1499999999999999,0.0470360434191799,0.08000000000000007,/Users/rasmus/Desktop/Fysik/AppliedML2026/Final_project_data/data/ML_data/NBI/FDM data/Arrivals/Nuuk Arrival_ 223631_OY-GRM_20_10_25_00_19.csv,0.06958208581716037
2025.0,10.0,20.0,19.0,59.0,16.0,0.1399999999999999,0.03214110837319752,0.06000000000000005,/Users/rasmus/Desktop/Fysik/AppliedML2026/Final_project_data/data/ML_data/NBI/FDM data/Arrivals/Nuuk Arrival_ 223633_OY-GRP_20_10_25_01_20.csv,0.059382790347656166
2025.0,10.0,21.0,14.0,4.0,32.0,0.26,0.06524081265866973,0.11550000000000007,/Users/rasmus/Desktop/Fysik/AppliedML2026/Final_project_data/data/ML_data/NBI/FDM data/Arrivals/Nuuk Arrival_ 223672_OY-GRM_21_10_25_05_14.csv,0.10401048898155332
2025.0,10.0,22.0,11.0,29.0,52.0,0.27,0.07248597704018263,0.1399999999999999,/Users/rasmus/Desktop/Fysik/AppliedML2026/Final_project_data/data/ML_data/NBI/FDM data/Arrivals/Nuuk Arrival_ 223781_OY-GRJ_22_10_25_31_11.csv,0.13954471424144763
2025.0,10.0,22.0,16.0,24.0,22.0,0.22999999999999998,0.07334617247647729,0.16000000000000003,/Users/rasmus/Desktop/Fysik/AppliedML2026/Final_project_data/data/ML_data/NBI/FDM data/Arrivals/Nuuk Arrival_ 223786_OY-GRP_22_10_25_26_16.csv,0.07420411039827916
2025.0,10.0,22.0,19.0,34.0,34.0,0.20999999999999996,0.06180889080909678,0.15299999999999975,/Users/rasmus/Desktop/Fysik/AppliedML2026/Final_project_data/data/ML_data/NBI/FDM data/Arrivals/Nuuk Arrival_ 223791_OY-GRM_22_10_25_36_19.csv,0.088670739254841
2025.0,10.0,22.0,19.0,29.0,12.0,0.3600000000000001,0.08930285549745878,0.15649999999999983,/Users/rasmus/Desktop/Fysik/AppliedML2026/Final_project_data/data/ML_data/NBI/FDM data/Arrivals/Nuuk Arrival_ 223792_OY-GRO_22_10_25_31_19.csv,0.0914330356052997
2025.0,10.0,22.0,20.0,34.0,47.0,0.15999999999999992,0.053278480564183446,0.1035,/Users/rasmus/Desktop/Fysik/AppliedML2026/Final_project_data/data/ML_data/NBI/FDM data/Arrivals/Nuuk Arrival_ 223794_OY-GRP_22_10_25_35_20.csv,0.060442810435430115
2025.0,10.0,23.0,12.0,25.0,52.0,0.14,0.04838527412109033,0.09000000000000008,/Users/rasmus/Desktop/Fysik/AppliedML2026/Final_project_data/data/ML_data/NBI/FDM data/Arrivals/Nuuk Arrival_ 223800_OY-GRM_23_10_25_27_12.csv,0.04874618422184941
2025.0,10.0,23.0,14.0,23.0,24.0,0.19999999999999996,0.06601435250642174,0.11350000000000005,/Users/rasmus/Desktop/Fysik/AppliedML2026/Final_project_data/data/ML_data/NBI/FDM data/Arrivals/Nuuk Arrival_ 223811_OY-GRO_23_10_25_25_14.csv,0.09601136296387953
2025.0,10.0,23.0,14.0,33.0,15.0,0.19999999999999996,0.051115555362335655,0.12799999999999992,/Users/rasmus/Desktop/Fysik/AppliedML2026/Final_project_data/data/ML_data/NBI/FDM data/Arrivals/Nuuk Arrival_ 223812_OY-GRP_23_10_25_35_14.csv,0.08894442709417558
2025.0,10.0,23.0,18.0,30.0,33.0,0.1399999999999999,0.038306973809271914,0.07000000000000006,/Users/rasmus/Desktop/Fysik/AppliedML2026/Final_project_data/data/ML_data/NBI/FDM data/Arrivals/Nuuk Arrival_ 223817_OY-GRM_23_10_25_31_18.csv,0.05557189302262111
2025.0,10.0,23.0,18.0,58.0,27.0,0.15999999999999992,0.0636198240675695,0.10000000000000009,/Users/rasmus/Desktop/Fysik/AppliedML2026/Final_project_data/data/ML_data/NBI/FDM data/Arrivals/Nuuk Arrival_ 223818_OY-GRO_23_10_25_02_19.csv,0.0704450140180269
2025.0,10.0,23.0,20.0,50.0,54.0,0.18999999999999995,0.02799082418458075,0.045999999999999985,/Users/rasmus/Desktop/Fysik/AppliedML2026/Final_project_data/data/ML_data/NBI/FDM data/Arrivals/Nuuk Arrival_ 223826_OY-GRP_23_10_25_51_20.csv,0.07314369419163898
2025.0,9.0,17.0,13.0,12.0,19.0,0.1499999999999999,0.04702030509162072,0.10550000000000001,/Users/rasmus/Desktop/Fysik/AppliedML2026/Final_project_data/data/ML_data/NBI/FDM data/Arrivals/Nuuk Arrival_ 223829_OY-GRK_17_09_25_14_13.csv,0.0640869944461656
2025.0,9.0,17.0,20.0,53.0,22.0,0.19999999999999996,0.061175356496094443,0.1200000000000001,/Users/rasmus/Desktop/Fysik/AppliedML2026/Final_project_data/data/ML_data/NBI/FDM data/Arrivals/Nuuk Arrival_ 223830_OY-GRK_17_09_25_55_20.csv,0.051720402163943045
2025.0,9.0,18.0,14.0,34.0,45.0,0.1399999999999999,0.047364993644577025,0.09000000000000008,/Users/rasmus/Desktop/Fysik/AppliedML2026/Final_project_data/data/ML_data/NBI/FDM data/Arrivals/Nuuk Arrival_ 223832_OY-GRK_18_09_25_35_14.csv,0.06358346595505113
2025.0,9.0,18.0,19.0,53.0,28.0,0.1299999999999999,0.03642566771237948,0.08000000000000007,/Users/rasmus/Desktop/Fysik/AppliedML2026/Final_project_data/data/ML_data/NBI/FDM data/Arrivals/Nuuk Arrival_ 223835_OY-GRK_18_09_25_55_19.csv,0.054286819979893944
2025.0,10.0,24.0,10.0,21.0,45.0,0.31000000000000005,0.053999688763497734,0.07999999999999997,/Users/rasmus/Desktop/Fysik/AppliedML2026/Final_project_data/data/ML_data/NBI/FDM data/Arrivals/Nuuk Arrival_ 223836_OY-GRJ_24_10_25_22_10.csv,0.09997221836312549
2025.0,9.0,19.0,13.0,2.0,0.0,0.18000000000000005,0.05985447468264078,0.1299999999999999,/Users/rasmus/Desktop/Fysik/AppliedML2026/Final_project_data/data/ML_data/NBI/FDM data/Arrivals/Nuuk Arrival_ 223840_OY-GRK_19_09_25_04_13.csv,0.06811754546370564
2025.0,9.0,19.0,22.0,6.0,57.0,0.26,0.05438089327510223,0.09000000000000008,/Users/rasmus/Desktop/Fysik/AppliedML2026/Final_project_data/data/ML_data/NBI/FDM data/Arrivals/Nuuk Arrival_ 223843_OY-GRK_19_09_25_07_22.csv,0.0735332772093211
2025.0,9.0,20.0,14.0,15.0,52.0,0.18999999999999995,0.04327905871292634,0.08000000000000007,/Users/rasmus/Desktop/Fysik/AppliedML2026/Final_project_data/data/ML_data/NBI/FDM data/Arrivals/Nuuk Arrival_ 223844_OY-GRK_20_09_25_16_14.csv,0.07994316162692776
2025.0,9.0,22.0,13.0,24.0,47.0,0.18999999999999995,0.03083597157310183,0.050000000000000044,/Users/rasmus/Desktop/Fysik/AppliedML2026/Final_project_data/data/ML_data/NBI/FDM data/Arrivals/Nuuk Arrival_ 223859_OY-GRK_22_09_25_26_13.csv,0.06390782836488651
2025.0,10.0,24.0,17.0,50.0,30.0,0.1499999999999999,0.04820016404488155,0.09000000000000008,/Users/rasmus/Desktop/Fysik/AppliedML2026/Final_project_data/data/ML_data/NBI/FDM data/Arrivals/Nuuk Arrival_ 223872_OY-GRM_24_10_25_51_17.csv,0.05092887196865845
2025.0,10.0,24.0,20.0,46.0,38.0,0.3700000000000001,0.13595881729406153,0.29000000000000004,/Users/rasmus/Desktop/Fysik/AppliedML2026/Final_project_data/data/ML_data/NBI/FDM data/Arrivals/Nuuk Arrival_ 223891_OY-GRO_24_10_25_47_20.csv,0.18140477476541877
2025.0,10.0,25.0,17.0,50.0,6.0,0.26,0.07775617484980038,0.1625,/Users/rasmus/Desktop/Fysik/AppliedML2026/Final_project_data/data/ML_data/NBI/FDM data/Arrivals/Nuuk Arrival_ 223918_OY-GRP_25_10_25_53_17.csv,0.0885171967340079
2025.0,9.0,26.0,13.0,24.0,11.0,0.21999999999999997,0.0445255462835063,0.08000000000000007,/Users/rasmus/Desktop/Fysik/AppliedML2026/Final_project_data/data/ML_data/NBI/FDM data/Arrivals/Nuuk Arrival_ 223922_OY-GRK_26_09_25_25_13.csv,0.09341987329938278
2025.0,9.0,27.0,11.0,44.0,38.0,0.21999999999999997,0.053936394163724165,0.10649999999999987,/Users/rasmus/Desktop/Fysik/AppliedML2026/Final_project_data/data/ML_data/NBI/FDM data/Arrivals/Nuuk Arrival_ 223926_OY-GRK_27_09_25_47_11.csv,0.05099019513592788
2025.0,9.0,27.0,17.0,1.0,8.0,0.1299999999999999,0.03076466555099612,0.05099999999999999,/Users/rasmus/Desktop/Fysik/AppliedML2026/Final_project_data/data/ML_data/NBI/FDM data/Arrivals/Nuuk Arrival_ 223928_OY-GRK_27_09_25_02_17.csv,0.05561774297230457
2025.0,9.0,29.0,10.0,12.0,16.0,0.09000000000000008,0.03001571915224449,0.06000000000000005,/Users/rasmus/Desktop/Fysik/AppliedML2026/Final_project_data/data/ML_data/NBI/FDM data/Arrivals/Nuuk Arrival_ 223930_OY-GRK_29_09_25_14_10.csv,0.04959838707054902
2025.0,10.0,10.0,13.0,28.0,54.0,0.1499999999999999,0.043082450730844137,0.09000000000000008,/Users/rasmus/Desktop/Fysik/AppliedML2026/Final_project_data/data/ML_data/NBI/FDM data/Arrivals/Nuuk Arrival_ 223934_OY-GRK_10_10_25_29_13.csv,0.048595662991037236
2025.0,9.0,29.0,23.0,22.0,15.0,0.1200000000000001,0.041691507746564174,0.08000000000000007,/Users/rasmus/Desktop/Fysik/AppliedML2026/Final_project_data/data/ML_data/NBI/FDM data/Arrivals/Nuuk Arrival_ 223935_OY-GRK_29_09_25_24_23.csv,0.052153619241621235
2025.0,10.0,11.0,14.0,38.0,1.0,0.51,0.13279840611493296,0.2644999999999999,/Users/rasmus/Desktop/Fysik/AppliedML2026/Final_project_data/data/ML_data/NBI/FDM data/Arrivals/Nuuk Arrival_ 223939_OY-GRK_11_10_25_41_14.csv,0.15129074290546957
2025.0,10.0,13.0,13.0,59.0,49.0,0.3799999999999999,0.10189309785177064,0.2314999999999999,/Users/rasmus/Desktop/Fysik/AppliedML2026/Final_project_data/data/ML_data/NBI/FDM data/Arrivals/Nuuk Arrival_ 223942_OY-GRK_13_10_25_00_14.csv,0.0928439551074813
2025.0,10.0,25.0,19.0,53.0,13.0,0.3500000000000001,0.1330054178463065,0.2525,/Users/rasmus/Desktop/Fysik/AppliedML2026/Final_project_data/data/ML_data/NBI/FDM data/Arrivals/Nuuk Arrival_ 223943_OY-GRO_25_10_25_55_19.csv,0.14355188210937136
2025.0,10.0,17.0,13.0,46.0,35.0,0.18999999999999995,0.05938861253868518,0.12999999999999992,/Users/rasmus/Desktop/Fysik/AppliedML2026/Final_project_data/data/ML_data/NBI/FDM data/Arrivals/Nuuk Arrival_ 223946_OY-GRK_17_10_25_47_13.csv,0.08731023378205398
2025.0,10.0,26.0,15.0,0.0,32.0,0.21999999999999997,0.07465635558056281,0.1399999999999999,/Users/rasmus/Desktop/Fysik/AppliedML2026/Final_project_data/data/ML_data/NBI/FDM data/Arrivals/Nuuk Arrival_ 223947_OY-GRO_26_10_25_02_15.csv,0.0977606406338607
2025.0,10.0,20.0,21.0,31.0,34.0,0.43000000000000005,0.07965836142838081,0.1664999999999999,/Users/rasmus/Desktop/Fysik/AppliedML2026/Final_project_data/data/ML_data/NBI/FDM data/Arrivals/Nuuk Arrival_ 223953_OY-GRR_20_10_25_24_21.csv,0.030138568866708567
2025.0,10.0,21.0,11.0,31.0,23.0,0.33000000000000007,0.07711684995517225,0.1519999999999999,/Users/rasmus/Desktop/Fysik/AppliedML2026/Final_project_data/data/ML_data/NBI/FDM data/Arrivals/Nuuk Arrival_ 223956_OY-GRR_21_10_25_25_11.csv,0.0638226709981127
2025.0,10.0,22.0,18.0,16.0,5.0,0.32999999999999996,0.09039930253218266,0.19149999999999986,/Users/rasmus/Desktop/Fysik/AppliedML2026/Final_project_data/data/ML_data/NBI/FDM data/Arrivals/Nuuk Arrival_ 223961_OY-GRR_22_10_25_12_18.csv,0.06884765791223404
2025.0,10.0,23.0,14.0,7.0,52.0,0.3500000000000001,0.0842614977317636,0.19599999999999992,/Users/rasmus/Desktop/Fysik/AppliedML2026/Final_project_data/data/ML_data/NBI/FDM data/Arrivals/Nuuk Arrival_ 223963_OY-GRR_23_10_25_50_13.csv,0.03583588322220888
2025.0,10.0,23.0,18.0,10.0,54.0,0.30000000000000004,0.07152143255916592,0.14999999999999997,/Users/rasmus/Desktop/Fysik/AppliedML2026/Final_project_data/data/ML_data/NBI/FDM data/Arrivals/Nuuk Arrival_ 223965_OY-GRR_23_10_25_04_18.csv,0.038847019307675486
2025.0,10.0,24.0,17.0,58.0,2.0,0.3400000000000001,0.07753771194840321,0.16999999999999993,/Users/rasmus/Desktop/Fysik/AppliedML2026/Final_project_data/data/ML_data/NBI/FDM data/Arrivals/Nuuk Arrival_ 223968_OY-GRR_24_10_25_51_17.csv,0.10541235556557096
2025.0,10.0,25.0,21.0,9.0,6.0,0.3899999999999999,0.1089492086705088,0.23900000000000005,/Users/rasmus/Desktop/Fysik/AppliedML2026/Final_project_data/data/ML_data/NBI/FDM data/Arrivals/Nuuk Arrival_ 223971_OY-GRR_25_10_25_03_21.csv,0.1633113230467934
2025.0,10.0,26.0,18.0,10.0,26.0,0.31000000000000005,0.07581393545377241,0.1299999999999999,/Users/rasmus/Desktop/Fysik/AppliedML2026/Final_project_data/data/ML_data/NBI/FDM data/Arrivals/Nuuk Arrival_ 223973_OY-GRO_26_10_25_13_18.csv,0.07478859093025715
2025.0,10.0,26.0,20.0,40.0,31.0,0.1100000000000001,0.03058257866248463,0.06000000000000005,/Users/rasmus/Desktop/Fysik/AppliedML2026/Final_project_data/data/ML_data/NBI/FDM data/Arrivals/Nuuk Arrival_ 223974_OY-GRP_26_10_25_42_20.csv,0.02979093821953249
2025.0,10.0,17.0,18.0,21.0,58.0,0.17000000000000004,0.039429383193156954,0.07100000000000001,/Users/rasmus/Desktop/Fysik/AppliedML2026/Final_project_data/data/ML_data/NBI/FDM data/Arrivals/Nuuk Arrival_ 223996_OY-GRK_17_10_25_23_18.csv,0.03623994113313839
2025.0,10.0,18.0,16.0,39.0,10.0,0.3700000000000001,0.0523247435529195,0.08449999999999991,/Users/rasmus/Desktop/Fysik/AppliedML2026/Final_project_data/data/ML_data/NBI/FDM data/Arrivals/Nuuk Arrival_ 223998_OY-GRK_18_10_25_41_16.csv,0.10507140429250962
2025.0,10.0,18.0,19.0,60.0,46.0,0.1299999999999999,0.03301069345459048,0.07000000000000006,/Users/rasmus/Desktop/Fysik/AppliedML2026/Final_project_data/data/ML_data/NBI/FDM data/Arrivals/Nuuk Arrival_ 224000_OY-GRK_18_10_25_02_20.csv,0.04158619680502036
2025.0,10.0,20.0,12.0,13.0,56.0,0.13,0.04586181183865254,0.09000000000000008,/Users/rasmus/Desktop/Fysik/AppliedML2026/Final_project_data/data/ML_data/NBI/FDM data/Arrivals/Nuuk Arrival_ 224001_OY-GRK_20_10_25_14_12.csv,0.06576473218982955
2025.0,10.0,20.0,22.0,16.0,52.0,0.1299999999999999,0.03817888315082134,0.08000000000000007,/Users/rasmus/Desktop/Fysik/AppliedML2026/Final_project_data/data/ML_data/NBI/FDM data/Arrivals/Nuuk Arrival_ 224004_OY-GRK_20_10_25_17_22.csv,0.045069390943299904
2025.0,10.0,21.0,12.0,5.0,54.0,0.1399999999999999,0.04910972109351015,0.09000000000000008,/Users/rasmus/Desktop/Fysik/AppliedML2026/Final_project_data/data/ML_data/NBI/FDM data/Arrivals/Nuuk Arrival_ 224005_OY-GRK_21_10_25_06_12.csv,0.05824352060364907
2025.0,10.0,22.0,13.0,38.0,57.0,0.31000000000000005,0.10666968197492471,0.20999999999999996,/Users/rasmus/Desktop/Fysik/AppliedML2026/Final_project_data/data/ML_data/NBI/FDM data/Arrivals/Nuuk Arrival_ 224006_OY-GRK_22_10_25_41_13.csv,0.12239281024635391
2025.0,10.0,22.0,17.0,36.0,36.0,0.29000000000000004,0.0875283205399928,0.15999999999999992,/Users/rasmus/Desktop/Fysik/AppliedML2026/Final_project_data/data/ML_data/NBI/FDM data/Arrivals/Nuuk Arrival_ 224009_OY-GRK_22_10_25_37_17.csv,0.11572751247156891
2025.0,10.0,24.0,12.0,10.0,8.0,0.3500000000000001,0.04997079439003152,0.08199999999999996,/Users/rasmus/Desktop/Fysik/AppliedML2026/Final_project_data/data/ML_data/NBI/FDM data/Arrivals/Nuuk Arrival_ 224012_OY-GRK_24_10_25_12_12.csv,0.09695359714832662
2025.0,10.0,27.0,13.0,59.0,49.0,0.49,0.07204796382208933,0.12100000000000002,/Users/rasmus/Desktop/Fysik/AppliedML2026/Final_project_data/data/ML_data/NBI/FDM data/Arrivals/Nuuk Arrival_ 224014_OY-GRP_27_10_25_00_14.csv,0.14949916387726053
2025.0,10.0,27.0,12.0,21.0,14.0,0.16999999999999993,0.055477046629238545,0.10650000000000015,/Users/rasmus/Desktop/Fysik/AppliedML2026/Final_project_data/data/ML_data/NBI/FDM data/Arrivals/Nuuk Arrival_ 224015_OY-GRJ_27_10_25_23_12.csv,0.07106335201775951
2025.0,10.0,27.0,19.0,35.0,51.0,0.18999999999999995,0.0677107507173851,0.1299999999999999,/Users/rasmus/Desktop/Fysik/AppliedML2026/Final_project_data/data/ML_data/NBI/FDM data/Arrivals/Nuuk Arrival_ 224030_OY-GRJ_27_10_25_36_19.csv,0.09183318209303942
2025.0,10.0,27.0,20.0,25.0,13.0,0.25,0.06852308256373686,0.1419999999999998,/Users/rasmus/Desktop/Fysik/AppliedML2026/Final_project_data/data/ML_data/NBI/FDM data/Arrivals/Nuuk Arrival_ 224034_OY-GRP_27_10_25_26_20.csv,0.09954441676503464
2025.0,10.0,27.0,21.0,41.0,27.0,0.30000000000000004,0.0873749105865065,0.1499999999999999,/Users/rasmus/Desktop/Fysik/AppliedML2026/Final_project_data/data/ML_data/NBI/FDM data/Arrivals/Nuuk Arrival_ 224035_OY-GRO_27_10_25_43_21.csv,0.08073194571434246
2025.0,10.0,27.0,21.0,54.0,13.0,0.20999999999999996,0.05898567915034622,0.11000000000000001,/Users/rasmus/Desktop/Fysik/AppliedML2026/Final_project_data/data/ML_data/NBI/FDM data/Arrivals/Nuuk Arrival_ 224036_OY-GRM_27_10_25_56_21.csv,0.08587782018658835
2025.0,10.0,28.0,13.0,13.0,42.0,0.1299999999999999,0.03947788496564305,0.07699999999999996,/Users/rasmus/Desktop/Fysik/AppliedML2026/Final_project_data/data/ML_data/NBI/FDM data/Arrivals/Nuuk Arrival_ 224042_OY-GRK_28_10_25_15_13.csv,0.06053681427324154
2025.0,10.0,28.0,13.0,36.0,33.0,0.16999999999999993,0.047862773325649845,0.09000000000000008,/Users/rasmus/Desktop/Fysik/AppliedML2026/Final_project_data/data/ML_data/NBI/FDM data/Arrivals/Nuuk Arrival_ 224043_OY-GRM_28_10_25_38_13.csv,0.0563354613944567
2025.0,10.0,28.0,14.0,3.0,43.0,0.1299999999999999,0.033734500573235425,0.06000000000000005,/Users/rasmus/Desktop/Fysik/AppliedML2026/Final_project_data/data/ML_data/NBI/FDM data/Arrivals/Nuuk Arrival_ 224044_OY-GRP_28_10_25_04_14.csv,0.052696518641396774
2025.0,10.0,28.0,14.0,34.0,51.0,0.1499999999999999,0.07349812027671547,0.1200000000000001,/Users/rasmus/Desktop/Fysik/AppliedML2026/Final_project_data/data/ML_data/NBI/FDM data/Arrivals/Nuuk Arrival_ 224045_OY-GRO_28_10_25_36_14.csv,0.08523324399759137
2025.0,10.0,28.0,18.0,50.0,23.0,0.1100000000000001,0.03860929895895155,0.08149999999999998,/Users/rasmus/Desktop/Fysik/AppliedML2026/Final_project_data/data/ML_data/NBI/FDM data/Arrivals/Nuuk Arrival_ 224056_OY-GRP_28_10_25_52_18.csv,0.06033241251599348
2025.0,10.0,28.0,20.0,50.0,24.0,0.1100000000000001,0.06355443860712384,0.09050000000000005,/Users/rasmus/Desktop/Fysik/AppliedML2026/Final_project_data/data/ML_data/NBI/FDM data/Arrivals/Nuuk Arrival_ 224067_OY-GRO_28_10_25_52_20.csv,0.07338742593737906
2025.0,10.0,29.0,10.0,22.0,54.0,0.1100000000000001,0.04341744611173803,0.08000000000000007,/Users/rasmus/Desktop/Fysik/AppliedML2026/Final_project_data/data/ML_data/NBI/FDM data/Arrivals/Nuuk Arrival_ 224070_OY-GRM_29_10_25_24_10.csv,0.0530919014539883
2025.0,10.0,29.0,11.0,53.0,43.0,0.1299999999999999,0.03689173349139346,0.07999999999999996,/Users/rasmus/Desktop/Fysik/AppliedML2026/Final_project_data/data/ML_data/NBI/FDM data/Arrivals/Nuuk Arrival_ 224072_OY-GRK_29_10_25_54_11.csv,0.04137347829083694
2025.0,10.0,29.0,13.0,28.0,23.0,0.21999999999999997,0.050332229568471686,0.09000000000000008,/Users/rasmus/Desktop/Fysik/AppliedML2026/Final_project_data/data/ML_data/NBI/FDM data/Arrivals/Nuuk Arrival_ 224082_OY-GRJ_29_10_25_30_13.csv,0.05210935247519988
2025.0,10.0,29.0,21.0,29.0,18.0,0.19999999999999996,0.07017834423809105,0.1100000000000001,/Users/rasmus/Desktop/Fysik/AppliedML2026/Final_project_data/data/ML_data/NBI/FDM data/Arrivals/Nuuk Arrival_ 224093_OY-GRO_29_10_25_31_21.csv,0.0888194172964949
2025.0,10.0,29.0,21.0,26.0,35.0,0.15000000000000002,0.03744302602648194,0.09000000000000008,/Users/rasmus/Desktop/Fysik/AppliedML2026/Final_project_data/data/ML_data/NBI/FDM data/Arrivals/Nuuk Arrival_ 224094_OY-GRP_29_10_25_27_21.csv,0.06249444419750895
2025.0,10.0,30.0,13.0,50.0,24.0,0.18999999999999995,0.07798840799004633,0.1399999999999999,/Users/rasmus/Desktop/Fysik/AppliedML2026/Final_project_data/data/ML_data/NBI/FDM data/Arrivals/Nuuk Arrival_ 224113_OY-GRO_30_10_25_52_13.csv,0.07511895328648523
2025.0,10.0,30.0,13.0,59.0,41.0,0.15999999999999992,0.052875085322742765,0.10949999999999999,/Users/rasmus/Desktop/Fysik/AppliedML2026/Final_project_data/data/ML_data/NBI/FDM data/Arrivals/Nuuk Arrival_ 224120_OY-GRM_30_10_25_01_14.csv,0.07366591251499346
2025.0,10.0,30.0,15.0,12.0,12.0,0.20999999999999996,0.054951277120216774,0.1100000000000001,/Users/rasmus/Desktop/Fysik/AppliedML2026/Final_project_data/data/ML_data/NBI/FDM data/Arrivals/Nuuk Arrival_ 224121_OY-GRK_30_10_25_14_15.csv,0.054490648456691854
2025.0,10.0,30.0,19.0,17.0,36.0,0.3500000000000001,0.05666232848221606,0.09000000000000008,/Users/rasmus/Desktop/Fysik/AppliedML2026/Final_project_data/data/ML_data/NBI/FDM data/Arrivals/Nuuk Arrival_ 224131_OY-GRJ_30_10_25_18_19.csv,0.1083820403326431
2025.0,10.0,30.0,19.0,23.0,11.0,0.30000000000000004,0.08155272808206433,0.14149999999999982,/Users/rasmus/Desktop/Fysik/AppliedML2026/Final_project_data/data/ML_data/NBI/FDM data/Arrivals/Nuuk Arrival_ 224132_OY-GRO_30_10_25_25_19.csv,0.09048020041239227
2025.0,10.0,30.0,19.0,45.0,38.0,0.18999999999999995,0.045497252664309325,0.08999999999999997,/Users/rasmus/Desktop/Fysik/AppliedML2026/Final_project_data/data/ML_data/NBI/FDM data/Arrivals/Nuuk Arrival_ 224133_OY-GRP_30_10_25_46_19.csv,0.06867799259345506
2025.0,10.0,31.0,10.0,49.0,6.0,0.24,0.06114932956565522,0.11300000000000009,/Users/rasmus/Desktop/Fysik/AppliedML2026/Final_project_data/data/ML_data/NBI/FDM data/Arrivals/Nuuk Arrival_ 224137_OY-GRK_31_10_25_51_10.csv,0.08119302736262325
2025.0,10.0,31.0,12.0,44.0,14.0,0.19999999999999996,0.06577324230251294,0.1299999999999999,/Users/rasmus/Desktop/Fysik/AppliedML2026/Final_project_data/data/ML_data/NBI/FDM data/Arrivals/Nuuk Arrival_ 224142_OY-GRJ_31_10_25_46_12.csv,0.062289646009589805
2025.0,10.0,31.0,13.0,14.0,53.0,0.21999999999999997,0.08518440572501171,0.16699999999999982,/Users/rasmus/Desktop/Fysik/AppliedML2026/Final_project_data/data/ML_data/NBI/FDM data/Arrivals/Nuuk Arrival_ 224143_OY-GRO_31_10_25_15_13.csv,0.10082988974836114
2025.0,10.0,31.0,17.0,54.0,52.0,0.19999999999999996,0.06915799507524986,0.13099999999999995,/Users/rasmus/Desktop/Fysik/AppliedML2026/Final_project_data/data/ML_data/NBI/FDM data/Arrivals/Nuuk Arrival_ 224157_OY-GRK_31_10_25_55_17.csv,0.06063763746158881
2025.0,10.0,31.0,20.0,9.0,56.0,0.3700000000000001,0.05192362653095396,0.08000000000000007,/Users/rasmus/Desktop/Fysik/AppliedML2026/Final_project_data/data/ML_data/NBI/FDM data/Arrivals/Nuuk Arrival_ 224169_OY-GRP_31_10_25_11_20.csv,0.10423389987116931
2025.0,11.0,1.0,15.0,44.0,34.0,0.21999999999999997,0.07049696791498981,0.14999999999999997,/Users/rasmus/Desktop/Fysik/AppliedML2026/Final_project_data/data/ML_data/NBI/FDM data/Arrivals/Nuuk Arrival_ 224190_OY-GRK_01_11_25_46_15.csv,0.06638272867747054
2025.0,11.0,1.0,14.0,31.0,24.0,0.1499999999999999,0.05813088679867188,0.1100000000000001,/Users/rasmus/Desktop/Fysik/AppliedML2026/Final_project_data/data/ML_data/NBI/FDM data/Arrivals/Nuuk Arrival_ 224193_OY-GRP_01_11_25_33_14.csv,0.05916079783099621
2025.0,11.0,1.0,18.0,55.0,51.0,0.33999999999999997,0.06881468588105163,0.1200000000000001,/Users/rasmus/Desktop/Fysik/AppliedML2026/Final_project_data/data/ML_data/NBI/FDM data/Arrivals/Nuuk Arrival_ 224195_OY-GRK_01_11_25_57_18.csv,0.06005552985917844
2025.0,11.0,1.0,19.0,36.0,47.0,0.33000000000000007,0.08656754238130707,0.1644999999999998,/Users/rasmus/Desktop/Fysik/AppliedML2026/Final_project_data/data/ML_data/NBI/FDM data/Arrivals/Nuuk Arrival_ 224196_OY-GRO_01_11_25_37_19.csv,0.11236844159579086
2025.0,11.0,1.0,20.0,51.0,56.0,0.20999999999999996,0.061901681575044346,0.1200000000000001,/Users/rasmus/Desktop/Fysik/AppliedML2026/Final_project_data/data/ML_data/NBI/FDM data/Arrivals/Nuuk Arrival_ 224197_OY-GRP_01_11_25_53_20.csv,0.0638932933974801
2025.0,10.0,20.0,21.0,31.0,34.0,0.43000000000000005,0.07965836142838081,0.1664999999999999,/Users/rasmus/Desktop/Fysik/AppliedML2026/Final_project_data/data/ML_data/NBI/FDM data/Arrivals/Nuuk Arrival_ 224202_OY-GRR_20_10_25_24_21.csv,0.030138568866708567
2025.0,10.0,21.0,11.0,31.0,23.0,0.33000000000000007,0.07711684995517225,0.1519999999999999,/Users/rasmus/Desktop/Fysik/AppliedML2026/Final_project_data/data/ML_data/NBI/FDM data/Arrivals/Nuuk Arrival_ 224205_OY-GRR_21_10_25_25_11.csv,0.0638226709981127
2025.0,10.0,22.0,18.0,16.0,5.0,0.32999999999999996,0.09039930253218266,0.19149999999999986,/Users/rasmus/Desktop/Fysik/AppliedML2026/Final_project_data/data/ML_data/NBI/FDM data/Arrivals/Nuuk Arrival_ 224210_OY-GRR_22_10_25_12_18.csv,0.06884765791223404
2025.0,10.0,23.0,14.0,7.0,52.0,0.3500000000000001,0.0842614977317636,0.19599999999999992,/Users/rasmus/Desktop/Fysik/AppliedML2026/Final_project_data/data/ML_data/NBI/FDM data/Arrivals/Nuuk Arrival_ 224212_OY-GRR_23_10_25_50_13.csv,0.03583588322220888
2025.0,10.0,23.0,18.0,10.0,54.0,0.30000000000000004,0.07152143255916592,0.14999999999999997,/Users/rasmus/Desktop/Fysik/AppliedML2026/Final_project_data/data/ML_data/NBI/FDM data/Arrivals/Nuuk Arrival_ 224214_OY-GRR_23_10_25_04_18.csv,0.038847019307675486
2025.0,10.0,24.0,17.0,58.0,2.0,0.3400000000000001,0.07753771194840321,0.16999999999999993,/Users/rasmus/Desktop/Fysik/AppliedML2026/Final_project_data/data/ML_data/NBI/FDM data/Arrivals/Nuuk Arrival_ 224217_OY-GRR_24_10_25_51_17.csv,0.10541235556557096
2025.0,10.0,25.0,21.0,9.0,6.0,0.3899999999999999,0.1089492086705088,0.23900000000000005,/Users/rasmus/Desktop/Fysik/AppliedML2026/Final_project_data/data/ML_data/NBI/FDM data/Arrivals/Nuuk Arrival_ 224220_OY-GRR_25_10_25_03_21.csv,0.1633113230467934
2025.0,10.0,27.0,13.0,35.0,27.0,0.1499999999999999,0.04361783721449795,0.09100000000000001,/Users/rasmus/Desktop/Fysik/AppliedML2026/Final_project_data/data/ML_data/NBI/FDM data/Arrivals/Nuuk Arrival_ 224223_OY-GRR_27_10_25_20_13.csv,0.03866182667833047
2025.0,10.0,27.0,17.0,51.0,55.0,0.49,0.07221794859150622,0.12899999999999967,/Users/rasmus/Desktop/Fysik/AppliedML2026/Final_project_data/data/ML_data/NBI/FDM data/Arrivals/Nuuk Arrival_ 224225_OY-GRR_27_10_25_38_17.csv,0.06515715268068846
2025.0,10.0,28.0,15.0,38.0,28.0,0.30000000000000004,0.07533923280734948,0.178,/Users/rasmus/Desktop/Fysik/AppliedML2026/Final_project_data/data/ML_data/NBI/FDM data/Arrivals/Nuuk Arrival_ 224227_OY-GRR_28_10_25_27_15.csv,0.05477225575051666
2025.0,10.0,28.0,20.0,14.0,32.0,0.16999999999999993,0.04866063237214602,0.09000000000000008,/Users/rasmus/Desktop/Fysik/AppliedML2026/Final_project_data/data/ML_data/NBI/FDM data/Arrivals/Nuuk Arrival_ 224230_OY-GRR_28_10_25_11_20.csv,0.04971346468944376
2025.0,10.0,30.0,14.0,46.0,39.0,0.19999999999999996,0.04895854139483944,0.10000000000000009,/Users/rasmus/Desktop/Fysik/AppliedML2026/Final_project_data/data/ML_data/NBI/FDM data/Arrivals/Nuuk Arrival_ 224232_OY-GRR_30_10_25_36_14.csv,0.07468983484097037
2025.0,10.0,30.0,20.0,44.0,4.0,0.35,0.07873590099353127,0.17999999999999994,/Users/rasmus/Desktop/Fysik/AppliedML2026/Final_project_data/data/ML_data/NBI/FDM data/Arrivals/Nuuk Arrival_ 224235_OY-GRR_30_10_25_32_20.csv,0.06719661163618755
2025.0,10.0,31.0,21.0,8.0,29.0,0.29000000000000004,0.06986759965449996,0.15999999999999992,/Users/rasmus/Desktop/Fysik/AppliedML2026/Final_project_data/data/ML_data/NBI/FDM data/Arrivals/Nuuk Arrival_ 224240_OY-GRR_31_10_25_01_21.csv,0.08284706611363109
2025.0,11.0,1.0,14.0,40.0,9.0,0.21999999999999997,0.06642665127793212,0.15999999999999992,/Users/rasmus/Desktop/Fysik/AppliedML2026/Final_project_data/data/ML_data/NBI/FDM data/Arrivals/Nuuk Arrival_ 224242_OY-GRR_01_11_25_33_14.csv,0.07559289460184548
2025.0,11.0,2.0,20.0,7.0,26.0,0.19999999999999996,0.07579614070026884,0.125,/Users/rasmus/Desktop/Fysik/AppliedML2026/Final_project_data/data/ML_data/NBI/FDM data/Arrivals/Nuuk Arrival_ 224245_OY-GRO_02_11_25_08_20.csv,0.09246621004453469
2025.0,11.0,3.0,11.0,57.0,9.0,0.19999999999999996,0.07721229908787064,0.1299999999999999,/Users/rasmus/Desktop/Fysik/AppliedML2026/Final_project_data/data/ML_data/NBI/FDM data/Arrivals/Nuuk Arrival_ 224249_OY-GRO_03_11_25_59_11.csv,0.07940958602675868
2025.0,11.0,3.0,11.0,50.0,32.0,0.1399999999999999,0.04458832595961851,0.09999999999999998,/Users/rasmus/Desktop/Fysik/AppliedML2026/Final_project_data/data/ML_data/NBI/FDM data/Arrivals/Nuuk Arrival_ 224250_OY-GRP_03_11_25_52_11.csv,0.05531726674375737
2025.0,11.0,3.0,18.0,58.0,22.0,0.15999999999999992,0.06933710109159645,0.1200000000000001,/Users/rasmus/Desktop/Fysik/AppliedML2026/Final_project_data/data/ML_data/NBI/FDM data/Arrivals/Nuuk Arrival_ 224263_OY-GRO_03_11_25_00_19.csv,0.07685793945418304
2025.0,11.0,3.0,21.0,20.0,18.0,0.10000000000000009,0.03505999914179992,0.07000000000000006,/Users/rasmus/Desktop/Fysik/AppliedML2026/Final_project_data/data/ML_data/NBI/FDM data/Arrivals/Nuuk Arrival_ 224275_OY-GRK_03_11_25_22_21.csv,0.05039841267341665
2025.0,11.0,4.0,13.0,55.0,40.0,0.10000000000000009,0.03955942938931564,0.08000000000000007,/Users/rasmus/Desktop/Fysik/AppliedML2026/Final_project_data/data/ML_data/NBI/FDM data/Arrivals/Nuuk Arrival_ 224279_OY-GRK_04_11_25_56_13.csv,0.058125480028739844
2025.0,11.0,4.0,21.0,4.0,58.0,0.21999999999999997,0.08113111649987403,0.15849999999999986,/Users/rasmus/Desktop/Fysik/AppliedML2026/Final_project_data/data/ML_data/NBI/FDM data/Arrivals/Nuuk Arrival_ 224290_OY-GRO_04_11_25_06_21.csv,0.08766820567180723
2025.0,11.0,4.0,22.0,22.0,30.0,0.08000000000000007,0.02542853061998523,0.06000000000000005,/Users/rasmus/Desktop/Fysik/AppliedML2026/Final_project_data/data/ML_data/NBI/FDM data/Arrivals/Nuuk Arrival_ 224292_OY-GRP_04_11_25_23_22.csv,0.04531372124791052
2025.0,11.0,4.0,19.0,14.0,4.0,0.1299999999999999,0.037907954139111605,0.08,/Users/rasmus/Desktop/Fysik/AppliedML2026/Final_project_data/data/ML_data/NBI/FDM data/Arrivals/Nuuk Arrival_ 224293_OY-GRK_04_11_25_16_19.csv,0.05080600358225395
2025.0,11.0,5.0,20.0,3.0,38.0,0.18999999999999995,0.048218253804964806,0.08000000000000007,/Users/rasmus/Desktop/Fysik/AppliedML2026/Final_project_data/data/ML_data/NBI/FDM data/Arrivals/Nuuk Arrival_ 224315_OY-GRM_05_11_25_04_20.csv,0.06280481227138929
2025.0,11.0,5.0,20.0,19.0,40.0,0.22999999999999998,0.07922978285068086,0.1499999999999999,/Users/rasmus/Desktop/Fysik/AppliedML2026/Final_project_data/data/ML_data/NBI/FDM data/Arrivals/Nuuk Arrival_ 224316_OY-GRO_05_11_25_21_20.csv,0.09197825830053538
2025.0,11.0,5.0,21.0,30.0,40.0,0.17999999999999994,0.05253929347155869,0.09000000000000008,/Users/rasmus/Desktop/Fysik/AppliedML2026/Final_project_data/data/ML_data/NBI/FDM data/Arrivals/Nuuk Arrival_ 224318_OY-GRP_05_11_25_32_21.csv,0.06751906048969998
2025.0,11.0,6.0,15.0,14.0,32.0,0.3500000000000001,0.10047769501619351,0.19999999999999996,/Users/rasmus/Desktop/Fysik/AppliedML2026/Final_project_data/data/ML_data/NBI/FDM data/Arrivals/Nuuk Arrival_ 224346_OY-GRK_06_11_25_16_15.csv,0.11481869766433227
2025.0,11.0,6.0,20.0,6.0,53.0,0.27,0.09668356850210204,0.16999999999999993,/Users/rasmus/Desktop/Fysik/AppliedML2026/Final_project_data/data/ML_data/NBI/FDM data/Arrivals/Nuuk Arrival_ 224361_OY-GRO_06_11_25_08_20.csv,0.0961335876094649
2025.0,11.0,6.0,21.0,13.0,4.0,0.4099999999999999,0.0998683343734455,0.21599999999999991,/Users/rasmus/Desktop/Fysik/AppliedML2026/Final_project_data/data/ML_data/NBI/FDM data/Arrivals/Nuuk Arrival_ 224362_OY-GRP_06_11_25_14_21.csv,0.10481730137084556
2025.0,11.0,7.0,1.0,4.0,35.0,0.6499999999999999,0.129836078989653,0.25,/Users/rasmus/Desktop/Fysik/AppliedML2026/Final_project_data/data/ML_data/NBI/FDM data/Arrivals/Nuuk Arrival_ 224364_OY-GRK_07_11_25_09_01.csv,0.08520563361656316
2025.0,11.0,7.0,12.0,19.0,20.0,0.29000000000000004,0.06433027155534042,0.1299999999999999,/Users/rasmus/Desktop/Fysik/AppliedML2026/Final_project_data/data/ML_data/NBI/FDM data/Arrivals/Nuuk Arrival_ 224368_OY-GRK_07_11_25_22_12.csv,0.088525940295843
2025.0,11.0,7.0,14.0,14.0,50.0,0.32000000000000006,0.08207884585529293,0.15999999999999998,/Users/rasmus/Desktop/Fysik/AppliedML2026/Final_project_data/data/ML_data/NBI/FDM data/Arrivals/Nuuk Arrival_ 224374_OY-GRP_07_11_25_15_14.csv,0.08977095036486894
2025.0,11.0,7.0,22.0,55.0,11.0,0.31000000000000005,0.08038412245497954,0.1499999999999999,/Users/rasmus/Desktop/Fysik/AppliedML2026/Final_project_data/data/ML_data/NBI/FDM data/Arrivals/Nuuk Arrival_ 224393_OY-GRO_07_11_25_57_22.csv,0.12824455803918802
2025.0,11.0,7.0,21.0,55.0,3.0,0.41999999999999993,0.12199086372894213,0.22899999999999976,/Users/rasmus/Desktop/Fysik/AppliedML2026/Final_project_data/data/ML_data/NBI/FDM data/Arrivals/Nuuk Arrival_ 224394_OY-GRK_07_11_25_58_21.csv,0.12886381320192716
2025.0,11.0,8.0,0.0,15.0,12.0,0.26,0.06820684652616246,0.12,/Users/rasmus/Desktop/Fysik/AppliedML2026/Final_project_data/data/ML_data/NBI/FDM data/Arrivals/Nuuk Arrival_ 224395_OY-GRP_08_11_25_17_00.csv,0.1158911956568282
2025.0,11.0,8.0,14.0,12.0,12.0,0.32000000000000006,0.07799184106512214,0.15549999999999994,/Users/rasmus/Desktop/Fysik/AppliedML2026/Final_project_data/data/ML_data/NBI/FDM data/Arrivals/Nuuk Arrival_ 224398_OY-GRK_08_11_25_14_14.csv,0.13325257971236432
2025.0,11.0,8.0,16.0,14.0,32.0,0.28,0.09481215250322653,0.16999999999999993,/Users/rasmus/Desktop/Fysik/AppliedML2026/Final_project_data/data/ML_data/NBI/FDM data/Arrivals/Nuuk Arrival_ 224403_OY-GRO_08_11_25_16_16.csv,0.1120923988607298
2025.0,11.0,8.0,19.0,5.0,1.0,0.20999999999999996,0.058358497973425336,0.11800000000000008,/Users/rasmus/Desktop/Fysik/AppliedML2026/Final_project_data/data/ML_data/NBI/FDM data/Arrivals/Nuuk Arrival_ 224406_OY-GRK_08_11_25_06_19.csv,0.07496665925596525
2025.0,11.0,8.0,22.0,3.0,45.0,0.26,0.0900822669275969,0.18999999999999995,/Users/rasmus/Desktop/Fysik/AppliedML2026/Final_project_data/data/ML_data/NBI/FDM data/Arrivals/Nuuk Arrival_ 224408_OY-GRO_08_11_25_04_22.csv,0.09809728295461055
2025.0,11.0,9.0,19.0,45.0,52.0,0.1299999999999999,0.03984506074759309,0.08000000000000007,/Users/rasmus/Desktop/Fysik/AppliedML2026/Final_project_data/data/ML_data/NBI/FDM data/Arrivals/Nuuk Arrival_ 224410_OY-GRP_09_11_25_46_19.csv,0.0483735464897913
2025.0,11.0,10.0,11.0,55.0,57.0,0.09000000000000008,0.02725923134335703,0.050000000000000044,/Users/rasmus/Desktop/Fysik/AppliedML2026/Final_project_data/data/ML_data/NBI/FDM data/Arrivals/Nuuk Arrival_ 224431_OY-GRP_10_11_25_57_11.csv,0.04873397172404487
2025.0,11.0,10.0,12.0,44.0,49.0,0.1499999999999999,0.06498931536115085,0.10850000000000004,/Users/rasmus/Desktop/Fysik/AppliedML2026/Final_project_data/data/ML_data/NBI/FDM data/Arrivals/Nuuk Arrival_ 224432_OY-GRO_10_11_25_46_12.csv,0.07764928695555347
2025.0,11.0,10.0,14.0,6.0,12.0,0.1100000000000001,0.038729833462074204,0.08000000000000007,/Users/rasmus/Desktop/Fysik/AppliedML2026/Final_project_data/data/ML_data/NBI/FDM data/Arrivals/Nuuk Arrival_ 224434_OY-GRK_10_11_25_08_14.csv,0.055032457955023546
2025.0,11.0,10.0,19.0,6.0,10.0,0.07000000000000006,0.027998183960477634,0.050000000000000044,/Users/rasmus/Desktop/Fysik/AppliedML2026/Final_project_data/data/ML_data/NBI/FDM data/Arrivals/Nuuk Arrival_ 224448_OY-GRP_10_11_25_08_19.csv,0.036742346141747706
2025.0,11.0,10.0,21.0,45.0,15.0,0.20999999999999996,0.07012199381858751,0.11199999999999999,/Users/rasmus/Desktop/Fysik/AppliedML2026/Final_project_data/data/ML_data/NBI/FDM data/Arrivals/Nuuk Arrival_ 224453_OY-GRO_10_11_25_47_21.csv,0.08937692819804033
2025.0,11.0,3.0,14.0,18.0,58.0,0.17000000000000004,0.06196302170160978,0.12000000000000002,/Users/rasmus/Desktop/Fysik/AppliedML2026/Final_project_data/data/ML_data/NBI/FDM data/Arrivals/Nuuk Arrival_ 224456_OY-GRR_03_11_25_03_14.csv,0.06024459946506315
2025.0,11.0,3.0,18.0,16.0,45.0,0.19999999999999996,0.05313987348353547,0.10000000000000009,/Users/rasmus/Desktop/Fysik/AppliedML2026/Final_project_data/data/ML_data/NBI/FDM data/Arrivals/Nuuk Arrival_ 224458_OY-GRR_03_11_25_03_18.csv,0.048198308300986314
2025.0,11.0,3.0,21.0,49.0,5.0,0.1499999999999999,0.05040817003777641,0.10949999999999988,/Users/rasmus/Desktop/Fysik/AppliedML2026/Final_project_data/data/ML_data/NBI/FDM data/Arrivals/Nuuk Arrival_ 224461_OY-GRR_03_11_25_41_21.csv,0.06774133810967192
2025.0,11.0,4.0,15.0,28.0,53.0,0.09000000000000008,0.03153944898227083,0.06999999999999995,/Users/rasmus/Desktop/Fysik/AppliedML2026/Final_project_data/data/ML_data/NBI/FDM data/Arrivals/Nuuk Arrival_ 224464_OY-GRR_04_11_25_14_15.csv,0.045166359162544904
2025.0,11.0,4.0,19.0,57.0,25.0,0.3700000000000001,0.06568519966130465,0.13099999999999995,/Users/rasmus/Desktop/Fysik/AppliedML2026/Final_project_data/data/ML_data/NBI/FDM data/Arrivals/Nuuk Arrival_ 224467_OY-GRR_04_11_25_54_19.csv,0.06824326235712107
2025.0,11.0,5.0,15.0,33.0,7.0,0.19999999999999996,0.045610469857587786,0.09000000000000008,/Users/rasmus/Desktop/Fysik/AppliedML2026/Final_project_data/data/ML_data/NBI/FDM data/Arrivals/Nuuk Arrival_ 224469_OY-GRR_05_11_25_20_15.csv,0.04795831523312724
2025.0,11.0,5.0,20.0,44.0,47.0,0.47,0.0879795280221108,0.15999999999999998,/Users/rasmus/Desktop/Fysik/AppliedML2026/Final_project_data/data/ML_data/NBI/FDM data/Arrivals/Nuuk Arrival_ 224471_OY-GRR_05_11_25_43_20.csv,0.08041558721209881
2025.0,11.0,6.0,13.0,50.0,45.0,0.17999999999999994,0.04800793585191834,0.09000000000000008,/Users/rasmus/Desktop/Fysik/AppliedML2026/Final_project_data/data/ML_data/NBI/FDM data/Arrivals/Nuuk Arrival_ 224474_OY-GRR_06_11_25_44_13.csv,0.08836906081367453
2025.0,11.0,6.0,18.0,17.0,50.0,0.3999999999999999,0.10255463339210316,0.19999999999999996,/Users/rasmus/Desktop/Fysik/AppliedML2026/Final_project_data/data/ML_data/NBI/FDM data/Arrivals/Nuuk Arrival_ 224476_OY-GRR_06_11_25_13_18.csv,0.06626965117357018
2025.0,11.0,7.0,15.0,56.0,54.0,0.19999999999999996,0.06174779913223161,0.11750000000000002,/Users/rasmus/Desktop/Fysik/AppliedML2026/Final_project_data/data/ML_data/NBI/FDM data/Arrivals/Nuuk Arrival_ 224478_OY-GRR_07_11_25_44_15.csv,0.07798236980241113
2025.0,11.0,10.0,14.0,4.0,11.0,0.1100000000000001,0.050674463337739506,0.09000000000000008,/Users/rasmus/Desktop/Fysik/AppliedML2026/Final_project_data/data/ML_data/NBI/FDM data/Arrivals/Nuuk Arrival_ 224481_OY-GRR_10_11_25_52_13.csv,0.059371710435189635
2025.0,11.0,10.0,18.0,42.0,51.0,0.1299999999999999,0.03872983346207419,0.08949999999999986,/Users/rasmus/Desktop/Fysik/AppliedML2026/Final_project_data/data/ML_data/NBI/FDM data/Arrivals/Nuuk Arrival_ 224483_OY-GRR_10_11_25_31_18.csv,0.04651490474714925
2025.0,11.0,11.0,13.0,13.0,37.0,0.14,0.05366835166839879,0.1,/Users/rasmus/Desktop/Fysik/AppliedML2026/Final_project_data/data/ML_data/NBI/FDM data/Arrivals/Nuuk Arrival_ 224486_OY-GRP_11_11_25_14_13.csv,0.05993051532121738
2025.0,11.0,11.0,13.0,55.0,8.0,0.24,0.06797058187186576,0.1100000000000001,/Users/rasmus/Desktop/Fysik/AppliedML2026/Final_project_data/data/ML_data/NBI/FDM data/Arrivals/Nuuk Arrival_ 224488_OY-GRO_11_11_25_57_13.csv,0.09009798587550966
2025.0,11.0,11.0,14.0,45.0,43.0,0.10000000000000009,0.03765093083301653,0.07999999999999996,/Users/rasmus/Desktop/Fysik/AppliedML2026/Final_project_data/data/ML_data/NBI/FDM data/Arrivals/Nuuk Arrival_ 224489_OY-GRK_11_11_25_46_14.csv,0.04633213427705085
2025.0,11.0,11.0,20.0,12.0,36.0,0.16999999999999993,0.04574174999174926,0.08000000000000007,/Users/rasmus/Desktop/Fysik/AppliedML2026/Final_project_data/data/ML_data/NBI/FDM data/Arrivals/Nuuk Arrival_ 224496_OY-GRP_11_11_25_13_20.csv,0.06564366617649345
2025.0,11.0,11.0,20.0,41.0,0.0,0.31000000000000005,0.07316414048556479,0.1100000000000001,/Users/rasmus/Desktop/Fysik/AppliedML2026/Final_project_data/data/ML_data/NBI/FDM data/Arrivals/Nuuk Arrival_ 224499_OY-GRO_11_11_25_42_20.csv,0.11213087591441237
2025.0,11.0,12.0,17.0,12.0,53.0,0.19999999999999996,0.07810249675906657,0.15999999999999992,/Users/rasmus/Desktop/Fysik/AppliedML2026/Final_project_data/data/ML_data/NBI/FDM data/Arrivals/Nuuk Arrival_ 224510_OY-GRJ_12_11_25_13_17.csv,0.06223124032772667
2025.0,11.0,12.0,20.0,10.0,45.0,0.16999999999999993,0.06971269005661439,0.1200000000000001,/Users/rasmus/Desktop/Fysik/AppliedML2026/Final_project_data/data/ML_data/NBI/FDM data/Arrivals/Nuuk Arrival_ 224513_OY-GRO_12_11_25_12_20.csv,0.087831006565368
2025.0,11.0,12.0,20.0,18.0,7.0,0.27,0.0569515430947184,0.11599999999999998,/Users/rasmus/Desktop/Fysik/AppliedML2026/Final_project_data/data/ML_data/NBI/FDM data/Arrivals/Nuuk Arrival_ 224520_OY-GRP_12_11_25_20_20.csv,0.0860538387167867
2025.0,11.0,14.0,11.0,44.0,10.0,0.24,0.07482880895317426,0.1299999999999999,/Users/rasmus/Desktop/Fysik/AppliedML2026/Final_project_data/data/ML_data/NBI/FDM data/Arrivals/Nuuk Arrival_ 224523_OY-GRO_14_11_25_46_11.csv,0.11090536506409417
2025.0,11.0,14.0,14.0,0.0,19.0,0.1299999999999999,0.035726585183710045,0.07000000000000005,/Users/rasmus/Desktop/Fysik/AppliedML2026/Final_project_data/data/ML_data/NBI/FDM data/Arrivals/Nuuk Arrival_ 224530_OY-GRP_14_11_25_02_14.csv,0.05305657357952926
2025.0,11.0,14.0,15.0,39.0,18.0,0.21999999999999997,0.07195613907383601,0.1299999999999999,/Users/rasmus/Desktop/Fysik/AppliedML2026/Final_project_data/data/ML_data/NBI/FDM data/Arrivals/Nuuk Arrival_ 224532_OY-GRO_14_11_25_41_15.csv,0.09548637106322314
2025.0,11.0,14.0,14.0,58.0,33.0,0.09000000000000008,0.040049968789001605,0.07799999999999996,/Users/rasmus/Desktop/Fysik/AppliedML2026/Final_project_data/data/ML_data/NBI/FDM data/Arrivals/Nuuk Arrival_ 224534_OY-GRJ_14_11_25_59_14.csv,0.0475394572960189
2025.0,11.0,14.0,18.0,31.0,38.0,0.09000000000000008,0.032249030993194226,0.06999999999999995,/Users/rasmus/Desktop/Fysik/AppliedML2026/Final_project_data/data/ML_data/NBI/FDM data/Arrivals/Nuuk Arrival_ 224547_OY-GRP_14_11_25_32_18.csv,0.05257029925382172
2025.0,11.0,14.0,19.0,38.0,18.0,0.18999999999999995,0.0600086799277127,0.1100000000000001,/Users/rasmus/Desktop/Fysik/AppliedML2026/Final_project_data/data/ML_data/NBI/FDM data/Arrivals/Nuuk Arrival_ 224554_OY-GRJ_14_11_25_39_19.csv,0.07834833462468455
2025.0,11.0,14.0,22.0,49.0,25.0,0.21999999999999997,0.06507154961535087,0.1100000000000001,/Users/rasmus/Desktop/Fysik/AppliedML2026/Final_project_data/data/ML_data/NBI/FDM data/Arrivals/Nuuk Arrival_ 224555_OY-GRO_14_11_25_51_22.csv,0.09543423027243585
2025.0,11.0,15.0,13.0,40.0,19.0,0.10000000000000009,0.03552896976141715,0.07550000000000004,/Users/rasmus/Desktop/Fysik/AppliedML2026/Final_project_data/data/ML_data/NBI/FDM data/Arrivals/Nuuk Arrival_ 224561_OY-GRM_15_11_25_42_13.csv,0.04908249086070219
2025.0,11.0,15.0,15.0,27.0,58.0,0.18999999999999995,0.0674670183211848,0.1200000000000001,/Users/rasmus/Desktop/Fysik/AppliedML2026/Final_project_data/data/ML_data/NBI/FDM data/Arrivals/Nuuk Arrival_ 224566_OY-GRO_15_11_25_29_15.csv,0.0771767452021657
2025.0,11.0,15.0,17.0,7.0,44.0,0.20999999999999996,0.05806784824668469,0.12049999999999993,/Users/rasmus/Desktop/Fysik/AppliedML2026/Final_project_data/data/ML_data/NBI/FDM data/Arrivals/Nuuk Arrival_ 224571_OY-GRJ_15_11_25_09_17.csv,0.07661592523751182
2025.0,11.0,15.0,18.0,6.0,34.0,0.16999999999999993,0.04100161064484784,0.08000000000000007,/Users/rasmus/Desktop/Fysik/AppliedML2026/Final_project_data/data/ML_data/NBI/FDM data/Arrivals/Nuuk Arrival_ 224575_OY-GRP_15_11_25_09_18.csv,0.04559135256352275
2025.0,11.0,15.0,19.0,51.0,39.0,0.31000000000000005,0.0784932112384652,0.1399999999999999,/Users/rasmus/Desktop/Fysik/AppliedML2026/Final_project_data/data/ML_data/NBI/FDM data/Arrivals/Nuuk Arrival_ 224580_OY-GRO_15_11_25_53_19.csv,0.11135528725660043
2025.0,11.0,15.0,22.0,33.0,3.0,0.3700000000000001,0.0937862573566379,0.19999999999999996,/Users/rasmus/Desktop/Fysik/AppliedML2026/Final_project_data/data/ML_data/NBI/FDM data/Arrivals/Nuuk Arrival_ 224584_OY-GRJ_15_11_25_35_22.csv,0.12312117417167434
2025.0,11.0,15.0,22.0,13.0,14.0,0.25,0.09171210994798404,0.18749999999999997,/Users/rasmus/Desktop/Fysik/AppliedML2026/Final_project_data/data/ML_data/NBI/FDM data/Arrivals/Nuuk Arrival_ 224585_OY-GRM_15_11_25_15_22.csv,0.08215838362577495
2025.0,11.0,16.0,20.0,3.0,26.0,0.20999999999999996,0.06525673573234844,0.1299999999999999,/Users/rasmus/Desktop/Fysik/AppliedML2026/Final_project_data/data/ML_data/NBI/FDM data/Arrivals/Nuuk Arrival_ 224590_OY-GRJ_16_11_25_07_20.csv,0.05221749387577566
2025.0,11.0,16.0,20.0,23.0,29.0,0.15999999999999992,0.04559918545638415,0.09999999999999998,/Users/rasmus/Desktop/Fysik/AppliedML2026/Final_project_data/data/ML_data/NBI/FDM data/Arrivals/Nuuk Arrival_ 224591_OY-GRP_16_11_25_25_20.csv,0.071370512118101
2025.0,11.0,17.0,11.0,40.0,19.0,0.18999999999999995,0.06257265715400685,0.1299999999999999,/Users/rasmus/Desktop/Fysik/AppliedML2026/Final_project_data/data/ML_data/NBI/FDM data/Arrivals/Nuuk Arrival_ 224596_OY-GRK_17_11_25_43_11.csv,0.07054410385167066
2025.0,11.0,17.0,13.0,13.0,41.0,0.19999999999999996,0.05586088037441213,0.10199999999999998,/Users/rasmus/Desktop/Fysik/AppliedML2026/Final_project_data/data/ML_data/NBI/FDM data/Arrivals/Nuuk Arrival_ 224598_OY-GRM_17_11_25_14_13.csv,0.06606592073340797
2025.0,11.0,17.0,15.0,44.0,26.0,0.35,0.08077184477954502,0.1499999999999999,/Users/rasmus/Desktop/Fysik/AppliedML2026/Final_project_data/data/ML_data/NBI/FDM data/Arrivals/Nuuk Arrival_ 224606_OY-GRP_17_11_25_48_15.csv,0.047492689495916736
2025.0,11.0,17.0,20.0,2.0,34.0,0.31000000000000005,0.05555277770832989,0.0865,/Users/rasmus/Desktop/Fysik/AppliedML2026/Final_project_data/data/ML_data/NBI/FDM data/Arrivals/Nuuk Arrival_ 224638_OY-GRJ_17_11_25_03_20.csv,0.09640193635676278
2025.0,11.0,17.0,22.0,49.0,56.0,0.1399999999999999,0.057318884719214036,0.1200000000000001,/Users/rasmus/Desktop/Fysik/AppliedML2026/Final_project_data/data/ML_data/NBI/FDM data/Arrivals/Nuuk Arrival_ 224645_OY-GRM_17_11_25_50_22.csv,0.09196272536817762
2025.0,11.0,17.0,22.0,53.0,54.0,0.1399999999999999,0.049020100948791466,0.10000000000000009,/Users/rasmus/Desktop/Fysik/AppliedML2026/Final_project_data/data/ML_data/NBI/FDM data/Arrivals/Nuuk Arrival_ 224646_OY-GRP_17_11_25_54_22.csv,0.06992853494818836
2025.0,11.0,17.0,23.0,9.0,8.0,0.27,0.081224327047676,0.1629999999999999,/Users/rasmus/Desktop/Fysik/AppliedML2026/Final_project_data/data/ML_data/NBI/FDM data/Arrivals/Nuuk Arrival_ 224647_OY-GRO_17_11_25_11_23.csv,0.11767352643449337
2025.0,11.0,18.0,13.0,27.0,49.0,0.21999999999999997,0.056192310484404887,0.1200000000000001,/Users/rasmus/Desktop/Fysik/AppliedML2026/Final_project_data/data/ML_data/NBI/FDM data/Arrivals/Nuuk Arrival_ 224653_OY-GRK_18_11_25_28_13.csv,0.08691286529534138
2025.0,11.0,18.0,13.0,47.0,29.0,0.30000000000000004,0.06500409152425422,0.12350000000000001,/Users/rasmus/Desktop/Fysik/AppliedML2026/Final_project_data/data/ML_data/NBI/FDM data/Arrivals/Nuuk Arrival_ 224655_OY-GRM_18_11_25_49_13.csv,0.15178109236660542
2025.0,11.0,18.0,15.0,32.0,32.0,0.36,0.07065779054347782,0.15999999999999992,/Users/rasmus/Desktop/Fysik/AppliedML2026/Final_project_data/data/ML_data/NBI/FDM data/Arrivals/Nuuk Arrival_ 224670_OY-GRP_18_11_25_34_15.csv,0.07136759301905408
2025.0,11.0,18.0,18.0,48.0,20.0,0.20999999999999996,0.05654375528457802,0.12699999999999984,/Users/rasmus/Desktop/Fysik/AppliedML2026/Final_project_data/data/ML_data/NBI/FDM data/Arrivals/Nuuk Arrival_ 224678_OY-GRM_18_11_25_50_18.csv,0.10753434969179085
2025.0,11.0,18.0,20.0,11.0,58.0,0.24,0.08407615595399211,0.1779999999999999,/Users/rasmus/Desktop/Fysik/AppliedML2026/Final_project_data/data/ML_data/NBI/FDM data/Arrivals/Nuuk Arrival_ 224683_OY-GRO_18_11_25_13_20.csv,0.11024448355290234
2025.0,11.0,19.0,13.0,58.0,21.0,0.26,0.10339651684005842,0.19999999999999996,/Users/rasmus/Desktop/Fysik/AppliedML2026/Final_project_data/data/ML_data/NBI/FDM data/Arrivals/Nuuk Arrival_ 224687_OY-GRK_19_11_25_00_14.csv,0.10429248811358888
2025.0,11.0,19.0,16.0,7.0,6.0,0.33000000000000007,0.0797952627078656,0.1499999999999999,/Users/rasmus/Desktop/Fysik/AppliedML2026/Final_project_data/data/ML_data/NBI/FDM data/Arrivals/Nuuk Arrival_ 224693_OY-GRJ_19_11_25_09_16.csv,0.09303897032964197
2025.0,11.0,19.0,15.0,49.0,20.0,0.19999999999999996,0.07665334496365862,0.1524999999999999,/Users/rasmus/Desktop/Fysik/AppliedML2026/Final_project_data/data/ML_data/NBI/FDM data/Arrivals/Nuuk Arrival_ 224695_OY-GRM_19_11_25_51_15.csv,0.11422507789908762
2025.0,11.0,19.0,20.0,25.0,42.0,0.21999999999999997,0.06228358758949961,0.12749999999999995,/Users/rasmus/Desktop/Fysik/AppliedML2026/Final_project_data/data/ML_data/NBI/FDM data/Arrivals/Nuuk Arrival_ 224738_OY-GRP_19_11_25_26_20.csv,0.050090826596203356
2025.0,11.0,19.0,20.0,57.0,12.0,0.27,0.07738278386110983,0.15999999999999992,/Users/rasmus/Desktop/Fysik/AppliedML2026/Final_project_data/data/ML_data/NBI/FDM data/Arrivals/Nuuk Arrival_ 224739_OY-GRJ_19_11_25_59_20.csv,0.099537391505365
2025.0,11.0,19.0,23.0,4.0,23.0,0.16999999999999993,0.07135733962739356,0.15899999999999984,/Users/rasmus/Desktop/Fysik/AppliedML2026/Final_project_data/data/ML_data/NBI/FDM data/Arrivals/Nuuk Arrival_ 224741_OY-GRM_19_11_25_06_23.csv,0.0659797948870208
2025.0,11.0,20.0,12.0,54.0,18.0,0.1399999999999999,0.03526355793901857,0.08000000000000003,/Users/rasmus/Desktop/Fysik/AppliedML2026/Final_project_data/data/ML_data/NBI/FDM data/Arrivals/Nuuk Arrival_ 224743_OY-GRK_20_11_25_56_12.csv,0.05567764362830023
2025.0,11.0,20.0,14.0,44.0,32.0,0.1299999999999999,0.043522118023845716,0.08000000000000007,/Users/rasmus/Desktop/Fysik/AppliedML2026/Final_project_data/data/ML_data/NBI/FDM data/Arrivals/Nuuk Arrival_ 224748_OY-GRM_20_11_25_46_14.csv,0.07390222230446435
2025.0,11.0,20.0,14.0,48.0,51.0,0.22999999999999998,0.0579205880542312,0.10000000000000009,/Users/rasmus/Desktop/Fysik/AppliedML2026/Final_project_data/data/ML_data/NBI/FDM data/Arrivals/Nuuk Arrival_ 224767_OY-GRJ_20_11_25_50_14.csv,0.06984108946585656
2025.0,11.0,20.0,18.0,33.0,21.0,0.1200000000000001,0.04024010505758993,0.07600000000000001,/Users/rasmus/Desktop/Fysik/AppliedML2026/Final_project_data/data/ML_data/NBI/FDM data/Arrivals/Nuuk Arrival_ 224769_OY-GRM_20_11_25_35_18.csv,0.06542170893518456
2025.0,11.0,20.0,20.0,2.0,39.0,0.18999999999999995,0.06581473199344069,0.10000000000000009,/Users/rasmus/Desktop/Fysik/AppliedML2026/Final_project_data/data/ML_data/NBI/FDM data/Arrivals/Nuuk Arrival_ 224772_OY-GRO_20_11_25_03_20.csv,0.09440603794249604
2025.0,11.0,20.0,21.0,4.0,39.0,0.1499999999999999,0.047300984953487966,0.09000000000000008,/Users/rasmus/Desktop/Fysik/AppliedML2026/Final_project_data/data/ML_data/NBI/FDM data/Arrivals/Nuuk Arrival_ 224775_OY-GRJ_20_11_25_05_21.csv,0.08426149773176358
2025.0,11.0,20.0,22.0,50.0,0.0,0.1399999999999999,0.030692932000158542,0.06000000000000005,/Users/rasmus/Desktop/Fysik/AppliedML2026/Final_project_data/data/ML_data/NBI/FDM data/Arrivals/Nuuk Arrival_ 224777_OY-GRP_20_11_25_51_22.csv,0.06145667642268884
2025.0,11.0,21.0,11.0,5.0,41.0,0.16999999999999993,0.04299071340241893,0.08999999999999997,/Users/rasmus/Desktop/Fysik/AppliedML2026/Final_project_data/data/ML_data/NBI/FDM data/Arrivals/Nuuk Arrival_ 224780_OY-GRK_21_11_25_06_11.csv,0.05744562646538034
2025.0,11.0,21.0,12.0,19.0,43.0,0.1499999999999999,0.04649234841926642,0.09000000000000008,/Users/rasmus/Desktop/Fysik/AppliedML2026/Final_project_data/data/ML_data/NBI/FDM data/Arrivals/Nuuk Arrival_ 224782_OY-GRJ_21_11_25_20_12.csv,0.06837397165588674
2025.0,11.0,21.0,13.0,40.0,30.0,0.16999999999999993,0.05793453422968253,0.12199999999999986,/Users/rasmus/Desktop/Fysik/AppliedML2026/Final_project_data/data/ML_data/NBI/FDM data/Arrivals/Nuuk Arrival_ 224784_OY-GRP_21_11_25_42_13.csv,0.05868347297152752
2025.0,11.0,21.0,19.0,1.0,20.0,0.18999999999999995,0.054450378786561296,0.10000000000000009,/Users/rasmus/Desktop/Fysik/AppliedML2026/Final_project_data/data/ML_data/NBI/FDM data/Arrivals/Nuuk Arrival_ 224804_OY-GRJ_21_11_25_03_19.csv,0.07532153299909221
2025.0,11.0,21.0,21.0,52.0,55.0,0.25,0.08544457381132199,0.1499999999999999,/Users/rasmus/Desktop/Fysik/AppliedML2026/Final_project_data/data/ML_data/NBI/FDM data/Arrivals/Nuuk Arrival_ 224808_OY-GRO_21_11_25_54_21.csv,0.07596991885890479
2025.0,11.0,21.0,22.0,35.0,46.0,0.3999999999999999,0.0798355974972144,0.14599999999999966,/Users/rasmus/Desktop/Fysik/AppliedML2026/Final_project_data/data/ML_data/NBI/FDM data/Arrivals/Nuuk Arrival_ 224809_OY-GRM_21_11_25_37_22.csv,0.053606755269521
2025.0,11.0,22.0,15.0,15.0,43.0,0.1399999999999999,0.04888863886324708,0.10000000000000009,/Users/rasmus/Desktop/Fysik/AppliedML2026/Final_project_data/data/ML_data/NBI/FDM data/Arrivals/Nuuk Arrival_ 224820_OY-GRM_22_11_25_16_15.csv,0.0636396103067893
2025.0,11.0,22.0,15.0,24.0,23.0,0.13,0.033683014332827395,0.06000000000000005,/Users/rasmus/Desktop/Fysik/AppliedML2026/Final_project_data/data/ML_data/NBI/FDM data/Arrivals/Nuuk Arrival_ 224821_OY-GRK_22_11_25_26_15.csv,0.054680892457969255
2025.0,11.0,22.0,15.0,8.0,8.0,0.21999999999999997,0.0693858775256176,0.1100000000000001,/Users/rasmus/Desktop/Fysik/AppliedML2026/Final_project_data/data/ML_data/NBI/FDM data/Arrivals/Nuuk Arrival_ 224825_OY-GRO_22_11_25_10_15.csv,0.10462386843428152
2025.0,11.0,22.0,16.0,45.0,43.0,0.17999999999999994,0.054317415985936916,0.1100000000000001,/Users/rasmus/Desktop/Fysik/AppliedML2026/Final_project_data/data/ML_data/NBI/FDM data/Arrivals/Nuuk Arrival_ 224834_OY-GRJ_22_11_25_46_16.csv,0.06830080526611675
2025.0,11.0,22.0,19.0,59.0,7.0,0.24,0.0671299379668161,0.10049999999999992,/Users/rasmus/Desktop/Fysik/AppliedML2026/Final_project_data/data/ML_data/NBI/FDM data/Arrivals/Nuuk Arrival_ 224835_OY-GRO_22_11_25_01_20.csv,0.07596991885890479
2025.0,11.0,22.0,19.0,38.0,1.0,0.3500000000000001,0.05032739527661321,0.09000000000000008,/Users/rasmus/Desktop/Fysik/AppliedML2026/Final_project_data/data/ML_data/NBI/FDM data/Arrivals/Nuuk Arrival_ 224836_OY-GRK_22_11_25_40_19.csv,0.11265729744080796
2025.0,11.0,22.0,16.0,28.0,46.0,0.28,0.05364973973509483,0.09599999999999996,/Users/rasmus/Desktop/Fysik/AppliedML2026/Final_project_data/data/ML_data/NBI/FDM data/Arrivals/Nuuk Arrival_ 224837_OY-GRP_22_11_25_29_16.csv,0.09845472732852056
2025.0,12.0,3.0,22.0,34.0,1.0,0.24,0.05744562646538031,0.1259999999999999,/Users/rasmus/Desktop/Fysik/AppliedML2026/Final_project_data/data/ML_data/NBI/FDM data/Arrivals/Nuuk Arrival_ 225169_OY-GRG_03_12_25_36_22.csv,0.06259992012774457
2025.0,12.0,4.0,13.0,21.0,8.0,0.10000000000000009,0.03882259966313847,0.08000000000000007,/Users/rasmus/Desktop/Fysik/AppliedML2026/Final_project_data/data/ML_data/NBI/FDM data/Arrivals/Nuuk Arrival_ 225172_OY-GRG_04_12_25_23_13.csv,0.03408135064134729
2025.0,12.0,4.0,18.0,35.0,10.0,0.15999999999999992,0.037176188152058344,0.06000000000000005,/Users/rasmus/Desktop/Fysik/AppliedML2026/Final_project_data/data/ML_data/NBI/FDM data/Arrivals/Nuuk Arrival_ 225174_OY-GRG_04_12_25_37_18.csv,0.05969620057957092
2025.0,12.0,3.0,18.0,26.0,19.0,0.24,0.06708907061680326,0.14,/Users/rasmus/Desktop/Fysik/AppliedML2026/Final_project_data/data/ML_data/NBI/FDM data/Arrivals/Nuuk Arrival_ 225176_OY-GRH_03_12_25_28_18.csv,0.08536197436017201
2025.0,12.0,4.0,18.0,58.0,34.0,0.20999999999999996,0.0534249506514763,0.10000000000000009,/Users/rasmus/Desktop/Fysik/AppliedML2026/Final_project_data/data/ML_data/NBI/FDM data/Arrivals/Nuuk Arrival_ 225178_OY-GRH_04_12_25_00_19.csv,0.08251262529657707
2025.0,12.0,5.0,12.0,42.0,38.0,0.21999999999999997,0.0607762289057161,0.1264999999999999,/Users/rasmus/Desktop/Fysik/AppliedML2026/Final_project_data/data/ML_data/NBI/FDM data/Arrivals/Nuuk Arrival_ 225181_OY-GRH_05_12_25_43_12.csv,0.06082762530298221
2025.0,12.0,5.0,18.0,43.0,1.0,0.17999999999999994,0.05641416612460816,0.09750000000000009,/Users/rasmus/Desktop/Fysik/AppliedML2026/Final_project_data/data/ML_data/NBI/FDM data/Arrivals/Nuuk Arrival_ 225185_OY-GRH_05_12_25_44_18.csv,0.06693280212272606
2025.0,12.0,4.0,14.0,41.0,56.0,0.21999999999999997,0.06323082038027608,0.1200000000000001,/Users/rasmus/Desktop/Fysik/AppliedML2026/Final_project_data/data/ML_data/NBI/FDM data/Arrivals/Nuuk Arrival_ 225190_OY-GRJ_04_12_25_43_14.csv,0.05916079783099621
2025.0,12.0,5.0,11.0,57.0,46.0,0.24,0.05428832491634112,0.11650000000000002,/Users/rasmus/Desktop/Fysik/AppliedML2026/Final_project_data/data/ML_data/NBI/FDM data/Arrivals/Nuuk Arrival_ 225194_OY-GRJ_05_12_25_58_11.csv,0.09837569708915807
2025.0,12.0,5.0,20.0,35.0,4.0,0.16999999999999993,0.06084191918763564,0.1200000000000001,/Users/rasmus/Desktop/Fysik/AppliedML2026/Final_project_data/data/ML_data/NBI/FDM data/Arrivals/Nuuk Arrival_ 225198_OY-GRJ_05_12_25_36_20.csv,0.0665676347784718
2025.0,12.0,4.0,15.0,49.0,56.0,0.16999999999999993,0.052646283873353884,0.1100000000000001,/Users/rasmus/Desktop/Fysik/AppliedML2026/Final_project_data/data/ML_data/NBI/FDM data/Arrivals/Nuuk Arrival_ 225200_OY-GRK_04_12_25_51_15.csv,0.05285199460127626
2025.0,12.0,4.0,20.0,25.0,13.0,0.1100000000000001,0.033885863545905844,0.07800000000000018,/Users/rasmus/Desktop/Fysik/AppliedML2026/Final_project_data/data/ML_data/NBI/FDM data/Arrivals/Nuuk Arrival_ 225202_OY-GRK_04_12_25_27_20.csv,0.038487010795851664
2025.0,12.0,5.0,11.0,10.0,42.0,0.24,0.03800375921255312,0.0704999999999999,/Users/rasmus/Desktop/Fysik/AppliedML2026/Final_project_data/data/ML_data/NBI/FDM data/Arrivals/Nuuk Arrival_ 225203_OY-GRK_05_12_25_12_11.csv,0.07098513146348953
2025.0,12.0,5.0,14.0,4.0,20.0,0.16999999999999993,0.04882355822139939,0.08000000000000007,/Users/rasmus/Desktop/Fysik/AppliedML2026/Final_project_data/data/ML_data/NBI/FDM data/Arrivals/Nuuk Arrival_ 225204_OY-GRK_05_12_25_06_14.csv,0.060972510681646774
2025.0,12.0,5.0,21.0,56.0,38.0,0.20999999999999996,0.05225471802196964,0.1100000000000001,/Users/rasmus/Desktop/Fysik/AppliedML2026/Final_project_data/data/ML_data/NBI/FDM data/Arrivals/Nuuk Arrival_ 225206_OY-GRK_05_12_25_57_21.csv,0.088140512819021
2025.0,12.0,5.0,22.0,20.0,5.0,0.20999999999999996,0.08313049748227476,0.14899999999999983,/Users/rasmus/Desktop/Fysik/AppliedML2026/Final_project_data/data/ML_data/NBI/FDM data/Arrivals/Nuuk Arrival_ 225212_OY-GRO_05_12_25_21_22.csv,0.11290287340687752
2025.0,12.0,3.0,18.0,15.0,48.0,0.1499999999999999,0.050885024459910756,0.10449999999999991,/Users/rasmus/Desktop/Fysik/AppliedML2026/Final_project_data/data/ML_data/NBI/FDM data/Arrivals/Nuuk Arrival_ 225213_OY-GRP_03_12_25_16_18.csv,0.06329204020207577
2025.0,12.0,4.0,20.0,21.0,9.0,0.15999999999999992,0.05406225367784139,0.11550000000000007,/Users/rasmus/Desktop/Fysik/AppliedML2026/Final_project_data/data/ML_data/NBI/FDM data/Arrivals/Nuuk Arrival_ 225217_OY-GRP_04_12_25_22_20.csv,0.07538788585265763
2025.0,12.0,5.0,14.0,58.0,28.0,0.08999999999999997,0.038413297116348125,0.07000000000000006,/Users/rasmus/Desktop/Fysik/AppliedML2026/Final_project_data/data/ML_data/NBI/FDM data/Arrivals/Nuuk Arrival_ 225220_OY-GRP_05_12_25_59_14.csv,0.054286819979893965
2025.0,12.0,5.0,18.0,53.0,52.0,0.16999999999999993,0.038444324700726853,0.08000000000000007,/Users/rasmus/Desktop/Fysik/AppliedML2026/Final_project_data/data/ML_data/NBI/FDM data/Arrivals/Nuuk Arrival_ 225222_OY-GRP_05_12_25_54_18.csv,0.054344579613180684
2025.0,12.0,6.0,13.0,31.0,10.0,0.3500000000000001,0.07280783194242818,0.1399999999999999,/Users/rasmus/Desktop/Fysik/AppliedML2026/Final_project_data/data/ML_data/NBI/FDM data/Arrivals/Nuuk Arrival_ 225273_OY-GRH_06_12_25_32_13.csv,0.10798662468616714
2025.0,12.0,6.0,14.0,39.0,12.0,0.30000000000000004,0.07298816840606928,0.15999999999999992,/Users/rasmus/Desktop/Fysik/AppliedML2026/Final_project_data/data/ML_data/NBI/FDM data/Arrivals/Nuuk Arrival_ 225275_OY-GRK_06_12_25_41_14.csv,0.08375789285425352
2025.0,12.0,6.0,15.0,17.0,53.0,0.28,0.05994908781433621,0.125,/Users/rasmus/Desktop/Fysik/AppliedML2026/Final_project_data/data/ML_data/NBI/FDM data/Arrivals/Nuuk Arrival_ 225277_OY-GRP_06_12_25_19_15.csv,0.052527049308817186
2025.0,12.0,6.0,16.0,44.0,42.0,0.30000000000000004,0.06870088296925098,0.12749999999999992,/Users/rasmus/Desktop/Fysik/AppliedML2026/Final_project_data/data/ML_data/NBI/FDM data/Arrivals/Nuuk Arrival_ 225279_OY-GRH_06_12_25_45_16.csv,0.05005552472560407
2025.0,12.0,6.0,21.0,25.0,42.0,0.21999999999999997,0.051569700040470984,0.09750000000000009,/Users/rasmus/Desktop/Fysik/AppliedML2026/Final_project_data/data/ML_data/NBI/FDM data/Arrivals/Nuuk Arrival_ 225301_OY-GRP_06_12_25_26_21.csv,0.09880049828588147
2025.0,12.0,8.0,12.0,14.0,32.0,0.18999999999999995,0.0560982613400196,0.1100000000000001,/Users/rasmus/Desktop/Fysik/AppliedML2026/Final_project_data/data/ML_data/NBI/FDM data/Arrivals/Nuuk Arrival_ 225311_OY-GRK_08_12_25_15_12.csv,0.08432740427115679
2025.0,12.0,8.0,13.0,45.0,57.0,0.17000000000000004,0.05683053884072838,0.1299999999999999,/Users/rasmus/Desktop/Fysik/AppliedML2026/Final_project_data/data/ML_data/NBI/FDM data/Arrivals/Nuuk Arrival_ 225314_OY-GRP_08_12_25_47_13.csv,0.06862943974709396
