year,month,day,hour,minute,second,max_vert_acc,source_file
2024.0,11.0,28.0,12.0,14.0,26.0,0.18999999999999995,/Users/rasmus/Desktop/Fysik/AppliedML2026/Final_project_data/data/ML_data/NBI/FDM data/Arrivals/Nuuk Arrival_ 207724_OY-GRH_28_11_24_16_12.csv
2024.0,11.0,28.0,11.0,42.0,45.0,0.1100000000000001,/Users/rasmus/Desktop/Fysik/AppliedML2026/Final_project_data/data/ML_data/NBI/FDM data/Arrivals/Nuuk Arrival_ 207725_OY-GRP_28_11_24_43_11.csv
2024.0,11.0,28.0,14.0,39.0,34.0,0.1100000000000001,/Users/rasmus/Desktop/Fysik/AppliedML2026/Final_project_data/data/ML_data/NBI/FDM data/Arrivals/Nuuk Arrival_ 207731_OY-GRG_28_11_24_41_14.csv
2024.0,11.0,28.0,15.0,29.0,4.0,0.17999999999999994,/Users/rasmus/Desktop/Fysik/AppliedML2026/Final_project_data/data/ML_data/NBI/FDM data/Arrivals/Nuuk Arrival_ 207732_OY-GRK_28_11_24_31_15.csv
2024.0,11.0,28.0,15.0,54.0,4.0,0.17000000000000004,/Users/rasmus/Desktop/Fysik/AppliedML2026/Final_project_data/data/ML_data/NBI/FDM data/Arrivals/Nuuk Arrival_ 207734_OY-GRH_28_11_24_56_15.csv
2024.0,11.0,28.0,16.0,58.0,30.0,0.19999999999999996,/Users/rasmus/Desktop/Fysik/AppliedML2026/Final_project_data/data/ML_data/NBI/FDM data/Arrivals/Nuuk Arrival_ 207739_OY-GRO_28_11_24_00_17.csv
2024.0,11.0,28.0,15.0,51.0,38.0,0.16000000000000003,/Users/rasmus/Desktop/Fysik/AppliedML2026/Final_project_data/data/ML_data/NBI/FDM data/Arrivals/Nuuk Arrival_ 207740_OY-GRP_28_11_24_52_15.csv
2024.0,11.0,28.0,20.0,0.0,5.0,0.1499999999999999,/Users/rasmus/Desktop/Fysik/AppliedML2026/Final_project_data/data/ML_data/NBI/FDM data/Arrivals/Nuuk Arrival_ 207762_OY-GRH_28_11_24_02_20.csv
2024.0,11.0,28.0,20.0,41.0,39.0,0.1499999999999999,/Users/rasmus/Desktop/Fysik/AppliedML2026/Final_project_data/data/ML_data/NBI/FDM data/Arrivals/Nuuk Arrival_ 207763_OY-GRG_28_11_24_43_20.csv
2024.0,11.0,28.0,21.0,9.0,2.0,0.1399999999999999,/Users/rasmus/Desktop/Fysik/AppliedML2026/Final_project_data/data/ML_data/NBI/FDM data/Arrivals/Nuuk Arrival_ 207764_OY-GRP_28_11_24_11_21.csv
2024.0,11.0,29.0,11.0,53.0,18.0,0.1200000000000001,/Users/rasmus/Desktop/Fysik/AppliedML2026/Final_project_data/data/ML_data/NBI/FDM data/Arrivals/Nuuk Arrival_ 207770_OY-GRM_29_11_24_55_11.csv
2024.0,11.0,29.0,13.0,42.0,17.0,0.1200000000000001,/Users/rasmus/Desktop/Fysik/AppliedML2026/Final_project_data/data/ML_data/NBI/FDM data/Arrivals/Nuuk Arrival_ 207772_OY-GRG_29_11_24_44_13.csv
2024.0,11.0,29.0,13.0,23.0,5.0,0.08000000000000007,/Users/rasmus/Desktop/Fysik/AppliedML2026/Final_project_data/data/ML_data/NBI/FDM data/Arrivals/Nuuk Arrival_ 207783_OY-GRP_29_11_24_25_13.csv
2024.0,11.0,29.0,13.0,27.0,9.0,0.19999999999999996,/Users/rasmus/Desktop/Fysik/AppliedML2026/Final_project_data/data/ML_data/NBI/FDM data/Arrivals/Nuuk Arrival_ 207785_OY-GRH_29_11_24_29_13.csv
2024.0,11.0,29.0,18.0,30.0,0.0,0.1100000000000001,/Users/rasmus/Desktop/Fysik/AppliedML2026/Final_project_data/data/ML_data/NBI/FDM data/Arrivals/Nuuk Arrival_ 207788_OY-GRP_29_11_24_31_18.csv
2024.0,11.0,29.0,19.0,29.0,38.0,0.09000000000000008,/Users/rasmus/Desktop/Fysik/AppliedML2026/Final_project_data/data/ML_data/NBI/FDM data/Arrivals/Nuuk Arrival_ 207802_OY-GRG_29_11_24_31_19.csv
2024.0,11.0,29.0,22.0,22.0,19.0,0.21999999999999997,/Users/rasmus/Desktop/Fysik/AppliedML2026/Final_project_data/data/ML_data/NBI/FDM data/Arrivals/Nuuk Arrival_ 207803_OY-GRK_29_11_24_24_22.csv
2024.0,11.0,30.0,12.0,28.0,30.0,0.15999999999999992,/Users/rasmus/Desktop/Fysik/AppliedML2026/Final_project_data/data/ML_data/NBI/FDM data/Arrivals/Nuuk Arrival_ 207806_OY-GRO_30_11_24_30_12.csv
2024.0,11.0,30.0,12.0,22.0,32.0,0.1299999999999999,/Users/rasmus/Desktop/Fysik/AppliedML2026/Final_project_data/data/ML_data/NBI/FDM data/Arrivals/Nuuk Arrival_ 207807_OY-GRM_30_11_24_23_12.csv
2024.0,11.0,30.0,15.0,7.0,24.0,0.28,/Users/rasmus/Desktop/Fysik/AppliedML2026/Final_project_data/data/ML_data/NBI/FDM data/Arrivals/Nuuk Arrival_ 207811_OY-GRH_30_11_24_09_15.csv
2024.0,11.0,30.0,15.0,14.0,44.0,0.30000000000000004,/Users/rasmus/Desktop/Fysik/AppliedML2026/Final_project_data/data/ML_data/NBI/FDM data/Arrivals/Nuuk Arrival_ 207812_OY-GRO_30_11_24_15_15.csv
2024.0,11.0,30.0,16.0,54.0,16.0,0.28,/Users/rasmus/Desktop/Fysik/AppliedML2026/Final_project_data/data/ML_data/NBI/FDM data/Arrivals/Nuuk Arrival_ 207815_OY-GRG_30_11_24_56_16.csv
2024.0,11.0,30.0,18.0,24.0,32.0,0.19999999999999996,/Users/rasmus/Desktop/Fysik/AppliedML2026/Final_project_data/data/ML_data/NBI/FDM data/Arrivals/Nuuk Arrival_ 207842_OY-GRO_30_11_24_29_18.csv
2024.0,11.0,30.0,20.0,24.0,8.0,0.20999999999999996,/Users/rasmus/Desktop/Fysik/AppliedML2026/Final_project_data/data/ML_data/NBI/FDM data/Arrivals/Nuuk Arrival_ 207848_OY-GRP_30_11_24_25_20.csv
2024.0,11.0,30.0,20.0,15.0,55.0,0.18999999999999995,/Users/rasmus/Desktop/Fysik/AppliedML2026/Final_project_data/data/ML_data/NBI/FDM data/Arrivals/Nuuk Arrival_ 207849_OY-GRG_30_11_24_17_20.csv
2024.0,11.0,28.0,15.0,41.0,27.0,0.16999999999999993,/Users/rasmus/Desktop/Fysik/AppliedML2026/Final_project_data/data/ML_data/NBI/FDM data/Arrivals/Nuuk Arrival_ 207879_OY-GRR_28_11_24_33_15.csv
2024.0,11.0,28.0,21.0,58.0,9.0,0.1499999999999999,/Users/rasmus/Desktop/Fysik/AppliedML2026/Final_project_data/data/ML_data/NBI/FDM data/Arrivals/Nuuk Arrival_ 207881_OY-GRR_28_11_24_53_21.csv
2024.0,11.0,29.0,13.0,20.0,57.0,0.30000000000000004,/Users/rasmus/Desktop/Fysik/AppliedML2026/Final_project_data/data/ML_data/NBI/FDM data/Arrivals/Nuuk Arrival_ 207884_OY-GRR_29_11_24_16_13.csv
2024.0,11.0,29.0,19.0,33.0,5.0,0.29000000000000004,/Users/rasmus/Desktop/Fysik/AppliedML2026/Final_project_data/data/ML_data/NBI/FDM data/Arrivals/Nuuk Arrival_ 207887_OY-GRR_29_11_24_22_19.csv
2024.0,12.0,1.0,20.0,44.0,59.0,0.20999999999999996,/Users/rasmus/Desktop/Fysik/AppliedML2026/Final_project_data/data/ML_data/NBI/FDM data/Arrivals/Nuuk Arrival_ 207892_OY-GRP_01_12_24_45_20.csv
2024.0,12.0,2.0,13.0,7.0,24.0,0.10000000000000009,/Users/rasmus/Desktop/Fysik/AppliedML2026/Final_project_data/data/ML_data/NBI/FDM data/Arrivals/Nuuk Arrival_ 207897_OY-GRM_02_12_24_09_13.csv
2024.0,12.0,2.0,13.0,42.0,19.0,0.1399999999999999,/Users/rasmus/Desktop/Fysik/AppliedML2026/Final_project_data/data/ML_data/NBI/FDM data/Arrivals/Nuuk Arrival_ 207898_OY-GRK_02_12_24_44_13.csv
2024.0,12.0,2.0,13.0,3.0,50.0,0.17000000000000004,/Users/rasmus/Desktop/Fysik/AppliedML2026/Final_project_data/data/ML_data/NBI/FDM data/Arrivals/Nuuk Arrival_ 207899_OY-GRH_02_12_24_04_13.csv
2024.0,12.0,2.0,19.0,3.0,0.0,0.15999999999999992,/Users/rasmus/Desktop/Fysik/AppliedML2026/Final_project_data/data/ML_data/NBI/FDM data/Arrivals/Nuuk Arrival_ 207924_OY-GRK_02_12_24_04_19.csv
2024.0,12.0,2.0,21.0,3.0,45.0,0.1299999999999999,/Users/rasmus/Desktop/Fysik/AppliedML2026/Final_project_data/data/ML_data/NBI/FDM data/Arrivals/Nuuk Arrival_ 207939_OY-GRG_02_12_24_05_21.csv
2024.0,12.0,2.0,17.0,1.0,41.0,0.18999999999999995,/Users/rasmus/Desktop/Fysik/AppliedML2026/Final_project_data/data/ML_data/NBI/FDM data/Arrivals/Nuuk Arrival_ 207940_OY-GRO_02_12_24_03_17.csv
2024.0,12.0,3.0,0.0,35.0,7.0,0.19999999999999996,/Users/rasmus/Desktop/Fysik/AppliedML2026/Final_project_data/data/ML_data/NBI/FDM data/Arrivals/Nuuk Arrival_ 207945_OY-GRO_03_12_24_37_00.csv
2024.0,12.0,3.0,11.0,46.0,47.0,0.24,/Users/rasmus/Desktop/Fysik/AppliedML2026/Final_project_data/data/ML_data/NBI/FDM data/Arrivals/Nuuk Arrival_ 207948_OY-GRO_03_12_24_48_11.csv
2024.0,12.0,3.0,15.0,0.0,34.0,0.10000000000000009,/Users/rasmus/Desktop/Fysik/AppliedML2026/Final_project_data/data/ML_data/NBI/FDM data/Arrivals/Nuuk Arrival_ 207954_OY-GRG_03_12_24_02_15.csv
2024.0,12.0,3.0,15.0,10.0,6.0,0.14,/Users/rasmus/Desktop/Fysik/AppliedML2026/Final_project_data/data/ML_data/NBI/FDM data/Arrivals/Nuuk Arrival_ 207955_OY-GRH_03_12_24_11_15.csv
2024.0,12.0,3.0,15.0,12.0,5.0,0.16999999999999993,/Users/rasmus/Desktop/Fysik/AppliedML2026/Final_project_data/data/ML_data/NBI/FDM data/Arrivals/Nuuk Arrival_ 207956_OY-GRO_03_12_24_13_15.csv
2024.0,12.0,3.0,15.0,21.0,23.0,0.1100000000000001,/Users/rasmus/Desktop/Fysik/AppliedML2026/Final_project_data/data/ML_data/NBI/FDM data/Arrivals/Nuuk Arrival_ 207957_OY-GRM_03_12_24_23_15.csv
2024.0,12.0,3.0,20.0,2.0,26.0,0.27,/Users/rasmus/Desktop/Fysik/AppliedML2026/Final_project_data/data/ML_data/NBI/FDM data/Arrivals/Nuuk Arrival_ 208004_OY-GRH_03_12_24_04_20.csv
2024.0,12.0,3.0,20.0,14.0,59.0,0.1299999999999999,/Users/rasmus/Desktop/Fysik/AppliedML2026/Final_project_data/data/ML_data/NBI/FDM data/Arrivals/Nuuk Arrival_ 208006_OY-GRK_03_12_24_15_20.csv
2024.0,12.0,3.0,23.0,35.0,57.0,0.18999999999999995,/Users/rasmus/Desktop/Fysik/AppliedML2026/Final_project_data/data/ML_data/NBI/FDM data/Arrivals/Nuuk Arrival_ 208009_OY-GRH_03_12_24_36_23.csv
2024.0,12.0,4.0,13.0,40.0,21.0,0.19999999999999996,/Users/rasmus/Desktop/Fysik/AppliedML2026/Final_project_data/data/ML_data/NBI/FDM data/Arrivals/Nuuk Arrival_ 208011_OY-GRH_04_12_24_42_13.csv
2024.0,12.0,4.0,12.0,49.0,57.0,0.1299999999999999,/Users/rasmus/Desktop/Fysik/AppliedML2026/Final_project_data/data/ML_data/NBI/FDM data/Arrivals/Nuuk Arrival_ 208014_OY-GRM_04_12_24_51_12.csv
2024.0,12.0,4.0,16.0,20.0,56.0,0.1399999999999999,/Users/rasmus/Desktop/Fysik/AppliedML2026/Final_project_data/data/ML_data/NBI/FDM data/Arrivals/Nuuk Arrival_ 208022_OY-GRH_04_12_24_22_16.csv
2024.0,12.0,4.0,21.0,4.0,22.0,0.30000000000000004,/Users/rasmus/Desktop/Fysik/AppliedML2026/Final_project_data/data/ML_data/NBI/FDM data/Arrivals/Nuuk Arrival_ 208038_OY-GRM_04_12_24_08_21.csv
2024.0,12.0,4.0,21.0,13.0,20.0,0.16999999999999993,/Users/rasmus/Desktop/Fysik/AppliedML2026/Final_project_data/data/ML_data/NBI/FDM data/Arrivals/Nuuk Arrival_ 208039_OY-GRP_04_12_24_17_21.csv
2024.0,12.0,4.0,21.0,22.0,55.0,0.27,/Users/rasmus/Desktop/Fysik/AppliedML2026/Final_project_data/data/ML_data/NBI/FDM data/Arrivals/Nuuk Arrival_ 208040_OY-GRH_04_12_24_26_21.csv
2024.0,12.0,4.0,22.0,35.0,29.0,0.24,/Users/rasmus/Desktop/Fysik/AppliedML2026/Final_project_data/data/ML_data/NBI/FDM data/Arrivals/Nuuk Arrival_ 208042_OY-GRO_04_12_24_37_22.csv
2024.0,12.0,5.0,11.0,3.0,14.0,0.1499999999999999,/Users/rasmus/Desktop/Fysik/AppliedML2026/Final_project_data/data/ML_data/NBI/FDM data/Arrivals/Nuuk Arrival_ 208045_OY-GRO_05_12_24_05_11.csv
2024.0,12.0,5.0,11.0,34.0,29.0,0.1100000000000001,/Users/rasmus/Desktop/Fysik/AppliedML2026/Final_project_data/data/ML_data/NBI/FDM data/Arrivals/Nuuk Arrival_ 208048_OY-GRP_05_12_24_36_11.csv
2024.0,12.0,5.0,12.0,20.0,26.0,0.15999999999999992,/Users/rasmus/Desktop/Fysik/AppliedML2026/Final_project_data/data/ML_data/NBI/FDM data/Arrivals/Nuuk Arrival_ 208049_OY-GRH_05_12_24_23_12.csv
2024.0,12.0,5.0,15.0,14.0,27.0,0.1200000000000001,/Users/rasmus/Desktop/Fysik/AppliedML2026/Final_project_data/data/ML_data/NBI/FDM data/Arrivals/Nuuk Arrival_ 208056_OY-GRH_05_12_24_16_15.csv
2024.0,12.0,5.0,15.0,19.0,18.0,0.1299999999999999,/Users/rasmus/Desktop/Fysik/AppliedML2026/Final_project_data/data/ML_data/NBI/FDM data/Arrivals/Nuuk Arrival_ 208057_OY-GRO_05_12_24_21_15.csv
2024.0,12.0,5.0,15.0,21.0,25.0,0.1200000000000001,/Users/rasmus/Desktop/Fysik/AppliedML2026/Final_project_data/data/ML_data/NBI/FDM data/Arrivals/Nuuk Arrival_ 208058_OY-GRK_05_12_24_23_15.csv
2024.0,12.0,5.0,15.0,28.0,7.0,0.09999999999999998,/Users/rasmus/Desktop/Fysik/AppliedML2026/Final_project_data/data/ML_data/NBI/FDM data/Arrivals/Nuuk Arrival_ 208071_OY-GRG_05_12_24_30_15.csv
2024.0,12.0,5.0,18.0,47.0,46.0,0.1200000000000001,/Users/rasmus/Desktop/Fysik/AppliedML2026/Final_project_data/data/ML_data/NBI/FDM data/Arrivals/Nuuk Arrival_ 208081_OY-GRK_05_12_24_49_18.csv
2024.0,12.0,5.0,19.0,2.0,22.0,0.1499999999999999,/Users/rasmus/Desktop/Fysik/AppliedML2026/Final_project_data/data/ML_data/NBI/FDM data/Arrivals/Nuuk Arrival_ 208082_OY-GRM_05_12_24_04_19.csv
2024.0,12.0,5.0,22.0,37.0,8.0,0.15999999999999992,/Users/rasmus/Desktop/Fysik/AppliedML2026/Final_project_data/data/ML_data/NBI/FDM data/Arrivals/Nuuk Arrival_ 208099_OY-GRP_05_12_24_38_22.csv
2024.0,12.0,6.0,13.0,19.0,24.0,0.1499999999999999,/Users/rasmus/Desktop/Fysik/AppliedML2026/Final_project_data/data/ML_data/NBI/FDM data/Arrivals/Nuuk Arrival_ 208105_OY-GRM_06_12_24_21_13.csv
2024.0,12.0,6.0,12.0,56.0,31.0,0.20999999999999996,/Users/rasmus/Desktop/Fysik/AppliedML2026/Final_project_data/data/ML_data/NBI/FDM data/Arrivals/Nuuk Arrival_ 208106_OY-GRO_06_12_24_58_12.csv
2024.0,12.0,6.0,13.0,34.0,46.0,0.16999999999999993,/Users/rasmus/Desktop/Fysik/AppliedML2026/Final_project_data/data/ML_data/NBI/FDM data/Arrivals/Nuuk Arrival_ 208107_OY-GRP_06_12_24_36_13.csv
2024.0,12.0,6.0,12.0,44.0,45.0,0.3400000000000001,/Users/rasmus/Desktop/Fysik/AppliedML2026/Final_project_data/data/ML_data/NBI/FDM data/Arrivals/Nuuk Arrival_ 208124_OY-GRK_06_12_24_53_12.csv
2024.0,12.0,6.0,13.0,21.0,45.0,0.44999999999999996,/Users/rasmus/Desktop/Fysik/AppliedML2026/Final_project_data/data/ML_data/NBI/FDM data/Arrivals/Nuuk Arrival_ 208127_OY-GRK_06_12_24_30_13.csv
2024.0,12.0,6.0,16.0,14.0,31.0,0.20999999999999996,/Users/rasmus/Desktop/Fysik/AppliedML2026/Final_project_data/data/ML_data/NBI/FDM data/Arrivals/Nuuk Arrival_ 208138_OY-GRK_06_12_24_16_16.csv
2024.0,12.0,6.0,17.0,13.0,58.0,0.18999999999999995,/Users/rasmus/Desktop/Fysik/AppliedML2026/Final_project_data/data/ML_data/NBI/FDM data/Arrivals/Nuuk Arrival_ 208142_OY-GRH_06_12_24_15_17.csv
2024.0,12.0,6.0,17.0,41.0,57.0,0.20999999999999996,/Users/rasmus/Desktop/Fysik/AppliedML2026/Final_project_data/data/ML_data/NBI/FDM data/Arrivals/Nuuk Arrival_ 208143_OY-GRM_06_12_24_44_17.csv
2024.0,12.0,6.0,17.0,53.0,8.0,0.15999999999999992,/Users/rasmus/Desktop/Fysik/AppliedML2026/Final_project_data/data/ML_data/NBI/FDM data/Arrivals/Nuuk Arrival_ 208144_OY-GRP_06_12_24_55_17.csv
2024.0,12.0,6.0,23.0,11.0,59.0,0.20999999999999996,/Users/rasmus/Desktop/Fysik/AppliedML2026/Final_project_data/data/ML_data/NBI/FDM data/Arrivals/Nuuk Arrival_ 208173_OY-GRK_06_12_24_12_23.csv
2024.0,12.0,6.0,23.0,36.0,53.0,0.3999999999999999,/Users/rasmus/Desktop/Fysik/AppliedML2026/Final_project_data/data/ML_data/NBI/FDM data/Arrivals/Nuuk Arrival_ 208174_OY-GRG_06_12_24_38_23.csv
2024.0,12.0,8.0,19.0,21.0,32.0,0.15000000000000002,/Users/rasmus/Desktop/Fysik/AppliedML2026/Final_project_data/data/ML_data/NBI/FDM data/Arrivals/Nuuk Arrival_ 208180_OY-GRG_08_12_24_23_19.csv
2024.0,12.0,9.0,12.0,52.0,2.0,0.22999999999999998,/Users/rasmus/Desktop/Fysik/AppliedML2026/Final_project_data/data/ML_data/NBI/FDM data/Arrivals/Nuuk Arrival_ 208187_OY-GRP_09_12_24_54_12.csv
2024.0,12.0,9.0,13.0,49.0,42.0,0.26,/Users/rasmus/Desktop/Fysik/AppliedML2026/Final_project_data/data/ML_data/NBI/FDM data/Arrivals/Nuuk Arrival_ 208188_OY-GRO_09_12_24_51_13.csv
2024.0,12.0,9.0,13.0,13.0,41.0,0.19999999999999996,/Users/rasmus/Desktop/Fysik/AppliedML2026/Final_project_data/data/ML_data/NBI/FDM data/Arrivals/Nuuk Arrival_ 208189_OY-GRK_09_12_24_15_13.csv
2024.0,12.0,9.0,13.0,44.0,8.0,0.41999999999999993,/Users/rasmus/Desktop/Fysik/AppliedML2026/Final_project_data/data/ML_data/NBI/FDM data/Arrivals/Nuuk Arrival_ 208192_OY-GRG_09_12_24_46_13.csv
2024.0,12.0,9.0,16.0,32.0,34.0,0.43999999999999995,/Users/rasmus/Desktop/Fysik/AppliedML2026/Final_project_data/data/ML_data/NBI/FDM data/Arrivals/Nuuk Arrival_ 208194_OY-GRP_09_12_24_33_16.csv
2024.0,12.0,9.0,19.0,39.0,57.0,0.3899999999999999,/Users/rasmus/Desktop/Fysik/AppliedML2026/Final_project_data/data/ML_data/NBI/FDM data/Arrivals/Nuuk Arrival_ 208225_OY-GRO_09_12_24_41_19.csv
2024.0,12.0,9.0,20.0,45.0,7.0,0.1100000000000001,/Users/rasmus/Desktop/Fysik/AppliedML2026/Final_project_data/data/ML_data/NBI/FDM data/Arrivals/Nuuk Arrival_ 208227_OY-GRM_09_12_24_47_20.csv
2024.0,12.0,9.0,21.0,40.0,19.0,0.1399999999999999,/Users/rasmus/Desktop/Fysik/AppliedML2026/Final_project_data/data/ML_data/NBI/FDM data/Arrivals/Nuuk Arrival_ 208229_OY-GRP_09_12_24_42_21.csv
2024.0,12.0,10.0,12.0,19.0,13.0,0.1399999999999999,/Users/rasmus/Desktop/Fysik/AppliedML2026/Final_project_data/data/ML_data/NBI/FDM data/Arrivals/Nuuk Arrival_ 208236_OY-GRP_10_12_24_21_12.csv
2024.0,12.0,10.0,15.0,38.0,43.0,0.16999999999999993,/Users/rasmus/Desktop/Fysik/AppliedML2026/Final_project_data/data/ML_data/NBI/FDM data/Arrivals/Nuuk Arrival_ 208239_OY-GRG_10_12_24_41_15.csv
2024.0,12.0,10.0,15.0,31.0,19.0,0.21999999999999997,/Users/rasmus/Desktop/Fysik/AppliedML2026/Final_project_data/data/ML_data/NBI/FDM data/Arrivals/Nuuk Arrival_ 208240_OY-GRH_10_12_24_33_15.csv
2024.0,12.0,10.0,15.0,49.0,23.0,0.21999999999999997,/Users/rasmus/Desktop/Fysik/AppliedML2026/Final_project_data/data/ML_data/NBI/FDM data/Arrivals/Nuuk Arrival_ 208242_OY-GRP_10_12_24_51_15.csv
2024.0,12.0,10.0,15.0,43.0,44.0,0.1399999999999999,/Users/rasmus/Desktop/Fysik/AppliedML2026/Final_project_data/data/ML_data/NBI/FDM data/Arrivals/Nuuk Arrival_ 208246_OY-GRK_10_12_24_45_15.csv
2024.0,12.0,10.0,15.0,47.0,13.0,0.15999999999999992,/Users/rasmus/Desktop/Fysik/AppliedML2026/Final_project_data/data/ML_data/NBI/FDM data/Arrivals/Nuuk Arrival_ 208247_OY-GRM_10_12_24_49_15.csv
2024.0,12.0,10.0,18.0,42.0,57.0,0.18999999999999995,/Users/rasmus/Desktop/Fysik/AppliedML2026/Final_project_data/data/ML_data/NBI/FDM data/Arrivals/Nuuk Arrival_ 208276_OY-GRH_10_12_24_44_18.csv
2024.0,12.0,10.0,18.0,44.0,52.0,0.1299999999999999,/Users/rasmus/Desktop/Fysik/AppliedML2026/Final_project_data/data/ML_data/NBI/FDM data/Arrivals/Nuuk Arrival_ 208277_OY-GRP_10_12_24_46_18.csv
2024.0,12.0,10.0,19.0,16.0,51.0,0.20999999999999996,/Users/rasmus/Desktop/Fysik/AppliedML2026/Final_project_data/data/ML_data/NBI/FDM data/Arrivals/Nuuk Arrival_ 208278_OY-GRO_10_12_24_18_19.csv
2024.0,12.0,10.0,21.0,37.0,10.0,0.15999999999999992,/Users/rasmus/Desktop/Fysik/AppliedML2026/Final_project_data/data/ML_data/NBI/FDM data/Arrivals/Nuuk Arrival_ 208280_OY-GRP_10_12_24_39_21.csv
2024.0,12.0,2.0,12.0,47.0,57.0,0.43999999999999995,/Users/rasmus/Desktop/Fysik/AppliedML2026/Final_project_data/data/ML_data/NBI/FDM data/Arrivals/Nuuk Arrival_ 208283_OY-GRR_02_12_24_42_12.csv
2024.0,12.0,2.0,17.0,21.0,33.0,0.1499999999999999,/Users/rasmus/Desktop/Fysik/AppliedML2026/Final_project_data/data/ML_data/NBI/FDM data/Arrivals/Nuuk Arrival_ 208284_OY-GRR_02_12_24_46_16.csv
2024.0,12.0,4.0,14.0,37.0,18.0,0.28,/Users/rasmus/Desktop/Fysik/AppliedML2026/Final_project_data/data/ML_data/NBI/FDM data/Arrivals/Nuuk Arrival_ 208286_OY-GRR_04_12_24_10_14.csv
2024.0,12.0,4.0,18.0,7.0,3.0,0.26,/Users/rasmus/Desktop/Fysik/AppliedML2026/Final_project_data/data/ML_data/NBI/FDM data/Arrivals/Nuuk Arrival_ 208288_OY-GRR_04_12_24_49_17.csv
2024.0,12.0,5.0,19.0,6.0,5.0,0.18999999999999995,/Users/rasmus/Desktop/Fysik/AppliedML2026/Final_project_data/data/ML_data/NBI/FDM data/Arrivals/Nuuk Arrival_ 208290_OY-GRR_05_12_24_58_18.csv
2024.0,12.0,6.0,13.0,2.0,28.0,0.13,/Users/rasmus/Desktop/Fysik/AppliedML2026/Final_project_data/data/ML_data/NBI/FDM data/Arrivals/Nuuk Arrival_ 208292_OY-GRR_06_12_24_55_12.csv
2024.0,12.0,6.0,18.0,41.0,35.0,0.27,/Users/rasmus/Desktop/Fysik/AppliedML2026/Final_project_data/data/ML_data/NBI/FDM data/Arrivals/Nuuk Arrival_ 208294_OY-GRR_06_12_24_34_18.csv
2024.0,12.0,9.0,12.0,23.0,17.0,0.4,/Users/rasmus/Desktop/Fysik/AppliedML2026/Final_project_data/data/ML_data/NBI/FDM data/Arrivals/Nuuk Arrival_ 208295_OY-GRR_09_12_24_02_12.csv
2024.0,12.0,9.0,22.0,21.0,43.0,0.43999999999999995,/Users/rasmus/Desktop/Fysik/AppliedML2026/Final_project_data/data/ML_data/NBI/FDM data/Arrivals/Nuuk Arrival_ 208297_OY-GRR_09_12_24_14_22.csv
2024.0,12.0,11.0,12.0,38.0,3.0,0.1200000000000001,/Users/rasmus/Desktop/Fysik/AppliedML2026/Final_project_data/data/ML_data/NBI/FDM data/Arrivals/Nuuk Arrival_ 208316_OY-GRK_11_12_24_40_12.csv
2024.0,12.0,11.0,13.0,36.0,30.0,0.15999999999999992,/Users/rasmus/Desktop/Fysik/AppliedML2026/Final_project_data/data/ML_data/NBI/FDM data/Arrivals/Nuuk Arrival_ 208318_OY-GRH_11_12_24_38_13.csv
2024.0,12.0,11.0,15.0,7.0,45.0,0.20999999999999996,/Users/rasmus/Desktop/Fysik/AppliedML2026/Final_project_data/data/ML_data/NBI/FDM data/Arrivals/Nuuk Arrival_ 208321_OY-GRO_11_12_24_09_15.csv
2024.0,12.0,11.0,19.0,38.0,48.0,0.15999999999999992,/Users/rasmus/Desktop/Fysik/AppliedML2026/Final_project_data/data/ML_data/NBI/FDM data/Arrivals/Nuuk Arrival_ 208358_OY-GRO_11_12_24_40_19.csv
2024.0,12.0,11.0,19.0,51.0,1.0,0.1499999999999999,/Users/rasmus/Desktop/Fysik/AppliedML2026/Final_project_data/data/ML_data/NBI/FDM data/Arrivals/Nuuk Arrival_ 208359_OY-GRP_11_12_24_53_19.csv
2024.0,12.0,11.0,19.0,58.0,1.0,0.09999999999999998,/Users/rasmus/Desktop/Fysik/AppliedML2026/Final_project_data/data/ML_data/NBI/FDM data/Arrivals/Nuuk Arrival_ 208360_OY-GRK_11_12_24_00_20.csv
2024.0,12.0,11.0,20.0,53.0,22.0,0.26,/Users/rasmus/Desktop/Fysik/AppliedML2026/Final_project_data/data/ML_data/NBI/FDM data/Arrivals/Nuuk Arrival_ 208364_OY-GRH_11_12_24_55_20.csv
2024.0,12.0,12.0,12.0,24.0,35.0,0.18999999999999995,/Users/rasmus/Desktop/Fysik/AppliedML2026/Final_project_data/data/ML_data/NBI/FDM data/Arrivals/Nuuk Arrival_ 208367_OY-GRH_12_12_24_25_12.csv
2024.0,12.0,12.0,11.0,1.0,20.0,0.1499999999999999,/Users/rasmus/Desktop/Fysik/AppliedML2026/Final_project_data/data/ML_data/NBI/FDM data/Arrivals/Nuuk Arrival_ 208375_OY-GRO_12_12_24_03_11.csv
2024.0,12.0,12.0,14.0,40.0,55.0,0.21999999999999997,/Users/rasmus/Desktop/Fysik/AppliedML2026/Final_project_data/data/ML_data/NBI/FDM data/Arrivals/Nuuk Arrival_ 208382_OY-GRK_12_12_24_42_14.csv
2024.0,12.0,12.0,15.0,30.0,3.0,0.47,/Users/rasmus/Desktop/Fysik/AppliedML2026/Final_project_data/data/ML_data/NBI/FDM data/Arrivals/Nuuk Arrival_ 208383_OY-GRG_12_12_24_34_15.csv
2024.0,12.0,12.0,15.0,32.0,39.0,0.29000000000000004,/Users/rasmus/Desktop/Fysik/AppliedML2026/Final_project_data/data/ML_data/NBI/FDM data/Arrivals/Nuuk Arrival_ 208384_OY-GRO_12_12_24_41_15.csv
2024.0,12.0,12.0,15.0,44.0,32.0,0.3600000000000001,/Users/rasmus/Desktop/Fysik/AppliedML2026/Final_project_data/data/ML_data/NBI/FDM data/Arrivals/Nuuk Arrival_ 208386_OY-GRM_12_12_24_46_15.csv
2024.0,12.0,12.0,15.0,59.0,21.0,0.3600000000000001,/Users/rasmus/Desktop/Fysik/AppliedML2026/Final_project_data/data/ML_data/NBI/FDM data/Arrivals/Nuuk Arrival_ 208387_OY-GRH_12_12_24_01_16.csv
2024.0,12.0,12.0,16.0,31.0,57.0,0.27,/Users/rasmus/Desktop/Fysik/AppliedML2026/Final_project_data/data/ML_data/NBI/FDM data/Arrivals/Nuuk Arrival_ 208389_OY-GRP_12_12_24_33_16.csv
2024.0,12.0,12.0,19.0,59.0,22.0,0.27,/Users/rasmus/Desktop/Fysik/AppliedML2026/Final_project_data/data/ML_data/NBI/FDM data/Arrivals/Nuuk Arrival_ 208407_OY-GRG_12_12_24_01_20.csv
2024.0,12.0,12.0,20.0,44.0,47.0,0.1200000000000001,/Users/rasmus/Desktop/Fysik/AppliedML2026/Final_project_data/data/ML_data/NBI/FDM data/Arrivals/Nuuk Arrival_ 208408_OY-GRK_12_12_24_46_20.csv
2024.0,12.0,13.0,1.0,53.0,21.0,0.25,/Users/rasmus/Desktop/Fysik/AppliedML2026/Final_project_data/data/ML_data/NBI/FDM data/Arrivals/Nuuk Arrival_ 208412_OY-GRO_13_12_24_55_01.csv
2024.0,12.0,13.0,2.0,4.0,4.0,0.19999999999999996,/Users/rasmus/Desktop/Fysik/AppliedML2026/Final_project_data/data/ML_data/NBI/FDM data/Arrivals/Nuuk Arrival_ 208413_OY-GRP_13_12_24_06_02.csv
2024.0,12.0,14.0,15.0,44.0,40.0,0.17999999999999994,/Users/rasmus/Desktop/Fysik/AppliedML2026/Final_project_data/data/ML_data/NBI/FDM data/Arrivals/Nuuk Arrival_ 208444_OY-GRP_14_12_24_46_15.csv
2024.0,12.0,14.0,16.0,5.0,13.0,0.1200000000000001,/Users/rasmus/Desktop/Fysik/AppliedML2026/Final_project_data/data/ML_data/NBI/FDM data/Arrivals/Nuuk Arrival_ 208447_OY-GRM_14_12_24_07_16.csv
2024.0,12.0,14.0,16.0,9.0,49.0,0.21999999999999997,/Users/rasmus/Desktop/Fysik/AppliedML2026/Final_project_data/data/ML_data/NBI/FDM data/Arrivals/Nuuk Arrival_ 208448_OY-GRO_14_12_24_11_16.csv
2024.0,12.0,14.0,17.0,29.0,11.0,0.18999999999999995,/Users/rasmus/Desktop/Fysik/AppliedML2026/Final_project_data/data/ML_data/NBI/FDM data/Arrivals/Nuuk Arrival_ 208457_OY-GRH_14_12_24_31_17.csv
2024.0,12.0,14.0,15.0,48.0,58.0,0.1299999999999999,/Users/rasmus/Desktop/Fysik/AppliedML2026/Final_project_data/data/ML_data/NBI/FDM data/Arrivals/Nuuk Arrival_ 208458_OY-GRK_14_12_24_50_15.csv
2024.0,12.0,14.0,20.0,30.0,1.0,0.18999999999999995,/Users/rasmus/Desktop/Fysik/AppliedML2026/Final_project_data/data/ML_data/NBI/FDM data/Arrivals/Nuuk Arrival_ 208462_OY-GRH_14_12_24_32_20.csv
2024.0,12.0,14.0,20.0,23.0,47.0,0.3600000000000001,/Users/rasmus/Desktop/Fysik/AppliedML2026/Final_project_data/data/ML_data/NBI/FDM data/Arrivals/Nuuk Arrival_ 208463_OY-GRO_14_12_24_25_20.csv
2024.0,12.0,15.0,13.0,22.0,57.0,0.17000000000000004,/Users/rasmus/Desktop/Fysik/AppliedML2026/Final_project_data/data/ML_data/NBI/FDM data/Arrivals/Nuuk Arrival_ 208469_OY-GRH_15_12_24_24_13.csv
2024.0,12.0,15.0,14.0,10.0,35.0,0.24,/Users/rasmus/Desktop/Fysik/AppliedML2026/Final_project_data/data/ML_data/NBI/FDM data/Arrivals/Nuuk Arrival_ 208471_OY-GRO_15_12_24_11_14.csv
2024.0,12.0,15.0,15.0,15.0,55.0,0.17999999999999994,/Users/rasmus/Desktop/Fysik/AppliedML2026/Final_project_data/data/ML_data/NBI/FDM data/Arrivals/Nuuk Arrival_ 208472_OY-GRP_15_12_24_16_15.csv
2024.0,12.0,15.0,19.0,31.0,53.0,0.26,/Users/rasmus/Desktop/Fysik/AppliedML2026/Final_project_data/data/ML_data/NBI/FDM data/Arrivals/Nuuk Arrival_ 208494_OY-GRO_15_12_24_32_19.csv
2024.0,12.0,16.0,12.0,6.0,50.0,0.21999999999999997,/Users/rasmus/Desktop/Fysik/AppliedML2026/Final_project_data/data/ML_data/NBI/FDM data/Arrivals/Nuuk Arrival_ 208501_OY-GRO_16_12_24_08_12.csv
2024.0,12.0,16.0,13.0,32.0,24.0,0.1499999999999999,/Users/rasmus/Desktop/Fysik/AppliedML2026/Final_project_data/data/ML_data/NBI/FDM data/Arrivals/Nuuk Arrival_ 208502_OY-GRM_16_12_24_34_13.csv
2024.0,12.0,16.0,13.0,38.0,34.0,0.19999999999999996,/Users/rasmus/Desktop/Fysik/AppliedML2026/Final_project_data/data/ML_data/NBI/FDM data/Arrivals/Nuuk Arrival_ 208503_OY-GRK_16_12_24_39_13.csv
2024.0,12.0,16.0,14.0,10.0,57.0,0.33000000000000007,/Users/rasmus/Desktop/Fysik/AppliedML2026/Final_project_data/data/ML_data/NBI/FDM data/Arrivals/Nuuk Arrival_ 208507_OY-GRH_16_12_24_14_14.csv
2024.0,12.0,16.0,16.0,4.0,53.0,0.25,/Users/rasmus/Desktop/Fysik/AppliedML2026/Final_project_data/data/ML_data/NBI/FDM data/Arrivals/Nuuk Arrival_ 208511_OY-GRP_16_12_24_06_16.csv
2024.0,12.0,16.0,18.0,42.0,52.0,0.3700000000000001,/Users/rasmus/Desktop/Fysik/AppliedML2026/Final_project_data/data/ML_data/NBI/FDM data/Arrivals/Nuuk Arrival_ 208522_OY-GRH_16_12_24_43_18.csv
2024.0,12.0,17.0,11.0,29.0,29.0,0.15999999999999992,/Users/rasmus/Desktop/Fysik/AppliedML2026/Final_project_data/data/ML_data/NBI/FDM data/Arrivals/Nuuk Arrival_ 208556_OY-GRP_17_12_24_31_11.csv
2024.0,12.0,17.0,15.0,29.0,7.0,0.26,/Users/rasmus/Desktop/Fysik/AppliedML2026/Final_project_data/data/ML_data/NBI/FDM data/Arrivals/Nuuk Arrival_ 208568_OY-GRO_17_12_24_30_15.csv
2024.0,12.0,17.0,15.0,34.0,51.0,0.1299999999999999,/Users/rasmus/Desktop/Fysik/AppliedML2026/Final_project_data/data/ML_data/NBI/FDM data/Arrivals/Nuuk Arrival_ 208569_OY-GRM_17_12_24_35_15.csv
2024.0,12.0,17.0,15.0,40.0,9.0,0.1399999999999999,/Users/rasmus/Desktop/Fysik/AppliedML2026/Final_project_data/data/ML_data/NBI/FDM data/Arrivals/Nuuk Arrival_ 208572_OY-GRK_17_12_24_42_15.csv
2024.0,12.0,17.0,17.0,44.0,23.0,0.29000000000000004,/Users/rasmus/Desktop/Fysik/AppliedML2026/Final_project_data/data/ML_data/NBI/FDM data/Arrivals/Nuuk Arrival_ 208595_OY-GRP_17_12_24_46_17.csv
2024.0,12.0,17.0,15.0,47.0,42.0,0.28,/Users/rasmus/Desktop/Fysik/AppliedML2026/Final_project_data/data/ML_data/NBI/FDM data/Arrivals/Nuuk Arrival_ 208596_OY-GRH_17_12_24_48_15.csv
2024.0,12.0,14.0,17.0,39.0,56.0,0.47,/Users/rasmus/Desktop/Fysik/AppliedML2026/Final_project_data/data/ML_data/NBI/FDM data/Arrivals/Nuuk Arrival_ 208613_OY-GRR_14_12_24_17_17.csv
2024.0,12.0,14.0,22.0,31.0,28.0,0.3799999999999999,/Users/rasmus/Desktop/Fysik/AppliedML2026/Final_project_data/data/ML_data/NBI/FDM data/Arrivals/Nuuk Arrival_ 208615_OY-GRR_14_12_24_23_22.csv
2024.0,12.0,15.0,20.0,38.0,29.0,0.48,/Users/rasmus/Desktop/Fysik/AppliedML2026/Final_project_data/data/ML_data/NBI/FDM data/Arrivals/Nuuk Arrival_ 208617_OY-GRR_15_12_24_30_20.csv
2024.0,12.0,16.0,15.0,35.0,51.0,0.5,/Users/rasmus/Desktop/Fysik/AppliedML2026/Final_project_data/data/ML_data/NBI/FDM data/Arrivals/Nuuk Arrival_ 208619_OY-GRR_16_12_24_27_15.csv
2024.0,12.0,17.0,11.0,10.0,10.0,0.53,/Users/rasmus/Desktop/Fysik/AppliedML2026/Final_project_data/data/ML_data/NBI/FDM data/Arrivals/Nuuk Arrival_ 208622_OY-GRR_17_12_24_53_10.csv
2024.0,12.0,17.0,16.0,19.0,7.0,0.3799999999999999,/Users/rasmus/Desktop/Fysik/AppliedML2026/Final_project_data/data/ML_data/NBI/FDM data/Arrivals/Nuuk Arrival_ 208624_OY-GRR_17_12_24_12_16.csv
2024.0,12.0,18.0,9.0,42.0,50.0,0.30000000000000004,/Users/rasmus/Desktop/Fysik/AppliedML2026/Final_project_data/data/ML_data/NBI/FDM data/Arrivals/Nuuk Arrival_ 208625_OY-GRO_18_12_24_43_09.csv
2024.0,12.0,18.0,12.0,58.0,30.0,0.3400000000000001,/Users/rasmus/Desktop/Fysik/AppliedML2026/Final_project_data/data/ML_data/NBI/FDM data/Arrivals/Nuuk Arrival_ 208631_OY-GRH_18_12_24_00_13.csv
2024.0,12.0,18.0,13.0,49.0,44.0,0.30000000000000004,/Users/rasmus/Desktop/Fysik/AppliedML2026/Final_project_data/data/ML_data/NBI/FDM data/Arrivals/Nuuk Arrival_ 208632_OY-GRO_18_12_24_50_13.csv
2024.0,12.0,18.0,18.0,22.0,36.0,0.1200000000000001,/Users/rasmus/Desktop/Fysik/AppliedML2026/Final_project_data/data/ML_data/NBI/FDM data/Arrivals/Nuuk Arrival_ 208652_OY-GRK_18_12_24_23_18.csv
2024.0,12.0,18.0,19.0,9.0,23.0,0.29000000000000004,/Users/rasmus/Desktop/Fysik/AppliedML2026/Final_project_data/data/ML_data/NBI/FDM data/Arrivals/Nuuk Arrival_ 208655_OY-GRO_18_12_24_11_19.csv
2024.0,12.0,18.0,20.0,53.0,13.0,0.3700000000000001,/Users/rasmus/Desktop/Fysik/AppliedML2026/Final_project_data/data/ML_data/NBI/FDM data/Arrivals/Nuuk Arrival_ 208658_OY-GRP_18_12_24_55_20.csv
2024.0,12.0,18.0,17.0,53.0,38.0,0.16000000000000003,/Users/rasmus/Desktop/Fysik/AppliedML2026/Final_project_data/data/ML_data/NBI/FDM data/Arrivals/Nuuk Arrival_ 208661_OY-GRM_18_12_24_54_17.csv
2024.0,12.0,19.0,12.0,22.0,42.0,0.25,/Users/rasmus/Desktop/Fysik/AppliedML2026/Final_project_data/data/ML_data/NBI/FDM data/Arrivals/Nuuk Arrival_ 208663_OY-GRO_19_12_24_23_12.csv
2024.0,12.0,19.0,14.0,7.0,26.0,0.1200000000000001,/Users/rasmus/Desktop/Fysik/AppliedML2026/Final_project_data/data/ML_data/NBI/FDM data/Arrivals/Nuuk Arrival_ 208668_OY-GRM_19_12_24_09_14.csv
2024.0,12.0,19.0,15.0,22.0,47.0,0.16000000000000003,/Users/rasmus/Desktop/Fysik/AppliedML2026/Final_project_data/data/ML_data/NBI/FDM data/Arrivals/Nuuk Arrival_ 208670_OY-GRP_19_12_24_23_15.csv
2024.0,12.0,19.0,15.0,30.0,57.0,0.1499999999999999,/Users/rasmus/Desktop/Fysik/AppliedML2026/Final_project_data/data/ML_data/NBI/FDM data/Arrivals/Nuuk Arrival_ 208671_OY-GRH_19_12_24_31_15.csv
2024.0,12.0,19.0,15.0,46.0,49.0,0.25,/Users/rasmus/Desktop/Fysik/AppliedML2026/Final_project_data/data/ML_data/NBI/FDM data/Arrivals/Nuuk Arrival_ 208675_OY-GRO_19_12_24_47_15.csv
2024.0,12.0,19.0,15.0,38.0,13.0,0.19999999999999996,/Users/rasmus/Desktop/Fysik/AppliedML2026/Final_project_data/data/ML_data/NBI/FDM data/Arrivals/Nuuk Arrival_ 208679_OY-GRK_19_12_24_40_15.csv
2024.0,12.0,19.0,20.0,16.0,35.0,0.1499999999999999,/Users/rasmus/Desktop/Fysik/AppliedML2026/Final_project_data/data/ML_data/NBI/FDM data/Arrivals/Nuuk Arrival_ 208683_OY-GRH_19_12_24_18_20.csv
2024.0,12.0,19.0,23.0,36.0,42.0,0.1499999999999999,/Users/rasmus/Desktop/Fysik/AppliedML2026/Final_project_data/data/ML_data/NBI/FDM data/Arrivals/Nuuk Arrival_ 208685_OY-GRP_19_12_24_37_23.csv
2024.0,12.0,20.0,11.0,17.0,18.0,0.30000000000000004,/Users/rasmus/Desktop/Fysik/AppliedML2026/Final_project_data/data/ML_data/NBI/FDM data/Arrivals/Nuuk Arrival_ 208694_OY-GRO_20_12_24_19_11.csv
2024.0,12.0,20.0,12.0,12.0,20.0,0.17999999999999994,/Users/rasmus/Desktop/Fysik/AppliedML2026/Final_project_data/data/ML_data/NBI/FDM data/Arrivals/Nuuk Arrival_ 208695_OY-GRM_20_12_24_14_12.csv
2024.0,12.0,20.0,13.0,22.0,31.0,0.21999999999999997,/Users/rasmus/Desktop/Fysik/AppliedML2026/Final_project_data/data/ML_data/NBI/FDM data/Arrivals/Nuuk Arrival_ 208697_OY-GRH_20_12_24_24_13.csv
2024.0,12.0,20.0,13.0,17.0,47.0,0.27,/Users/rasmus/Desktop/Fysik/AppliedML2026/Final_project_data/data/ML_data/NBI/FDM data/Arrivals/Nuuk Arrival_ 208698_OY-GRK_20_12_24_18_13.csv
2024.0,12.0,20.0,13.0,55.0,21.0,0.20999999999999996,/Users/rasmus/Desktop/Fysik/AppliedML2026/Final_project_data/data/ML_data/NBI/FDM data/Arrivals/Nuuk Arrival_ 208699_OY-GRO_20_12_24_57_13.csv
2024.0,12.0,20.0,12.0,56.0,48.0,0.32999999999999996,/Users/rasmus/Desktop/Fysik/AppliedML2026/Final_project_data/data/ML_data/NBI/FDM data/Arrivals/Nuuk Arrival_ 208701_OY-GRP_20_12_24_58_12.csv
2024.0,12.0,20.0,16.0,19.0,40.0,0.17999999999999994,/Users/rasmus/Desktop/Fysik/AppliedML2026/Final_project_data/data/ML_data/NBI/FDM data/Arrivals/Nuuk Arrival_ 208716_OY-GRO_20_12_24_20_16.csv
2024.0,12.0,20.0,18.0,18.0,49.0,0.18999999999999995,/Users/rasmus/Desktop/Fysik/AppliedML2026/Final_project_data/data/ML_data/NBI/FDM data/Arrivals/Nuuk Arrival_ 208730_OY-GRH_20_12_24_20_18.csv
2024.0,12.0,20.0,19.0,53.0,41.0,0.30000000000000004,/Users/rasmus/Desktop/Fysik/AppliedML2026/Final_project_data/data/ML_data/NBI/FDM data/Arrivals/Nuuk Arrival_ 208736_OY-GRP_20_12_24_54_19.csv
2024.0,12.0,20.0,21.0,12.0,48.0,0.27,/Users/rasmus/Desktop/Fysik/AppliedML2026/Final_project_data/data/ML_data/NBI/FDM data/Arrivals/Nuuk Arrival_ 208740_OY-GRH_20_12_24_14_21.csv
2024.0,12.0,20.0,22.0,26.0,35.0,0.22999999999999998,/Users/rasmus/Desktop/Fysik/AppliedML2026/Final_project_data/data/ML_data/NBI/FDM data/Arrivals/Nuuk Arrival_ 208749_OY-GRO_20_12_24_28_22.csv
2024.0,12.0,21.0,15.0,3.0,50.0,0.33000000000000007,/Users/rasmus/Desktop/Fysik/AppliedML2026/Final_project_data/data/ML_data/NBI/FDM data/Arrivals/Nuuk Arrival_ 208762_OY-GRO_21_12_24_05_15.csv
2024.0,12.0,21.0,15.0,23.0,31.0,0.3500000000000001,/Users/rasmus/Desktop/Fysik/AppliedML2026/Final_project_data/data/ML_data/NBI/FDM data/Arrivals/Nuuk Arrival_ 208771_OY-GRM_21_12_24_25_15.csv
2024.0,12.0,21.0,18.0,18.0,46.0,0.3799999999999999,/Users/rasmus/Desktop/Fysik/AppliedML2026/Final_project_data/data/ML_data/NBI/FDM data/Arrivals/Nuuk Arrival_ 208782_OY-GRH_21_12_24_20_18.csv
2024.0,12.0,21.0,19.0,11.0,40.0,0.33000000000000007,/Users/rasmus/Desktop/Fysik/AppliedML2026/Final_project_data/data/ML_data/NBI/FDM data/Arrivals/Nuuk Arrival_ 208783_OY-GRK_21_12_24_13_19.csv
2024.0,12.0,21.0,19.0,30.0,36.0,0.30000000000000004,/Users/rasmus/Desktop/Fysik/AppliedML2026/Final_project_data/data/ML_data/NBI/FDM data/Arrivals/Nuuk Arrival_ 208784_OY-GRM_21_12_24_32_19.csv
2024.0,12.0,18.0,13.0,4.0,15.0,0.3899999999999999,/Users/rasmus/Desktop/Fysik/AppliedML2026/Final_project_data/data/ML_data/NBI/FDM data/Arrivals/Nuuk Arrival_ 208788_OY-GRR_18_12_24_49_12.csv
2024.0,12.0,19.0,18.0,58.0,5.0,0.26,/Users/rasmus/Desktop/Fysik/AppliedML2026/Final_project_data/data/ML_data/NBI/FDM data/Arrivals/Nuuk Arrival_ 208790_OY-GRR_19_12_24_47_18.csv
2024.0,12.0,20.0,15.0,17.0,52.0,0.26,/Users/rasmus/Desktop/Fysik/AppliedML2026/Final_project_data/data/ML_data/NBI/FDM data/Arrivals/Nuuk Arrival_ 208792_OY-GRR_20_12_24_07_15.csv
2024.0,12.0,20.0,19.0,57.0,15.0,0.21999999999999997,/Users/rasmus/Desktop/Fysik/AppliedML2026/Final_project_data/data/ML_data/NBI/FDM data/Arrivals/Nuuk Arrival_ 208794_OY-GRR_20_12_24_48_19.csv
2024.0,12.0,21.0,13.0,42.0,11.0,0.27,/Users/rasmus/Desktop/Fysik/AppliedML2026/Final_project_data/data/ML_data/NBI/FDM data/Arrivals/Nuuk Arrival_ 208796_OY-GRR_21_12_24_34_13.csv
2024.0,12.0,21.0,18.0,3.0,28.0,0.31000000000000005,/Users/rasmus/Desktop/Fysik/AppliedML2026/Final_project_data/data/ML_data/NBI/FDM data/Arrivals/Nuuk Arrival_ 208798_OY-GRR_21_12_24_54_17.csv
2024.0,12.0,22.0,13.0,47.0,0.0,0.17999999999999994,/Users/rasmus/Desktop/Fysik/AppliedML2026/Final_project_data/data/ML_data/NBI/FDM data/Arrivals/Nuuk Arrival_ 208803_OY-GRH_22_12_24_48_13.csv
2024.0,12.0,22.0,13.0,54.0,17.0,0.21999999999999997,/Users/rasmus/Desktop/Fysik/AppliedML2026/Final_project_data/data/ML_data/NBI/FDM data/Arrivals/Nuuk Arrival_ 208804_OY-GRK_22_12_24_56_13.csv
2024.0,12.0,22.0,16.0,57.0,44.0,0.20999999999999996,/Users/rasmus/Desktop/Fysik/AppliedML2026/Final_project_data/data/ML_data/NBI/FDM data/Arrivals/Nuuk Arrival_ 208821_OY-GRM_22_12_24_59_16.csv
2024.0,12.0,22.0,18.0,6.0,19.0,0.16000000000000003,/Users/rasmus/Desktop/Fysik/AppliedML2026/Final_project_data/data/ML_data/NBI/FDM data/Arrivals/Nuuk Arrival_ 208830_OY-GRK_22_12_24_08_18.csv
2024.0,12.0,22.0,20.0,0.0,18.0,0.3400000000000001,/Users/rasmus/Desktop/Fysik/AppliedML2026/Final_project_data/data/ML_data/NBI/FDM data/Arrivals/Nuuk Arrival_ 208832_OY-GRO_22_12_24_02_20.csv
2024.0,12.0,22.0,16.0,55.0,16.0,0.16999999999999993,/Users/rasmus/Desktop/Fysik/AppliedML2026/Final_project_data/data/ML_data/NBI/FDM data/Arrivals/Nuuk Arrival_ 208833_OY-GRH_22_12_24_57_16.csv
2024.0,12.0,22.0,20.0,5.0,50.0,0.28,/Users/rasmus/Desktop/Fysik/AppliedML2026/Final_project_data/data/ML_data/NBI/FDM data/Arrivals/Nuuk Arrival_ 208835_OY-GRM_22_12_24_07_20.csv
2024.0,12.0,22.0,22.0,17.0,59.0,0.27,/Users/rasmus/Desktop/Fysik/AppliedML2026/Final_project_data/data/ML_data/NBI/FDM data/Arrivals/Nuuk Arrival_ 208836_OY-GRH_22_12_24_18_22.csv
2024.0,12.0,23.0,13.0,46.0,44.0,0.21999999999999997,/Users/rasmus/Desktop/Fysik/AppliedML2026/Final_project_data/data/ML_data/NBI/FDM data/Arrivals/Nuuk Arrival_ 208843_OY-GRH_23_12_24_48_13.csv
2024.0,12.0,23.0,14.0,26.0,39.0,0.33000000000000007,/Users/rasmus/Desktop/Fysik/AppliedML2026/Final_project_data/data/ML_data/NBI/FDM data/Arrivals/Nuuk Arrival_ 208848_OY-GRO_23_12_24_27_14.csv
2024.0,12.0,23.0,13.0,48.0,16.0,0.20999999999999996,/Users/rasmus/Desktop/Fysik/AppliedML2026/Final_project_data/data/ML_data/NBI/FDM data/Arrivals/Nuuk Arrival_ 208852_OY-GRM_23_12_24_50_13.csv
2024.0,12.0,23.0,19.0,21.0,38.0,0.28,/Users/rasmus/Desktop/Fysik/AppliedML2026/Final_project_data/data/ML_data/NBI/FDM data/Arrivals/Nuuk Arrival_ 208857_OY-GRK_23_12_24_23_19.csv
2024.0,12.0,23.0,21.0,33.0,1.0,0.25,/Users/rasmus/Desktop/Fysik/AppliedML2026/Final_project_data/data/ML_data/NBI/FDM data/Arrivals/Nuuk Arrival_ 208864_OY-GRM_23_12_24_34_21.csv
2024.0,12.0,27.0,13.0,2.0,0.0,0.19999999999999996,/Users/rasmus/Desktop/Fysik/AppliedML2026/Final_project_data/data/ML_data/NBI/FDM data/Arrivals/Nuuk Arrival_ 208878_OY-GRM_27_12_24_04_13.csv
2024.0,12.0,27.0,13.0,13.0,58.0,0.15999999999999992,/Users/rasmus/Desktop/Fysik/AppliedML2026/Final_project_data/data/ML_data/NBI/FDM data/Arrivals/Nuuk Arrival_ 208879_OY-GRG_27_12_24_17_13.csv
2024.0,12.0,27.0,13.0,33.0,59.0,0.24,/Users/rasmus/Desktop/Fysik/AppliedML2026/Final_project_data/data/ML_data/NBI/FDM data/Arrivals/Nuuk Arrival_ 208881_OY-GRO_27_12_24_34_13.csv
2024.0,12.0,27.0,14.0,33.0,13.0,0.16000000000000003,/Users/rasmus/Desktop/Fysik/AppliedML2026/Final_project_data/data/ML_data/NBI/FDM data/Arrivals/Nuuk Arrival_ 208884_OY-GRH_27_12_24_35_14.csv
2024.0,12.0,27.0,16.0,12.0,18.0,0.18999999999999995,/Users/rasmus/Desktop/Fysik/AppliedML2026/Final_project_data/data/ML_data/NBI/FDM data/Arrivals/Nuuk Arrival_ 208891_OY-GRO_27_12_24_14_16.csv
2024.0,12.0,27.0,17.0,50.0,14.0,0.1399999999999999,/Users/rasmus/Desktop/Fysik/AppliedML2026/Final_project_data/data/ML_data/NBI/FDM data/Arrivals/Nuuk Arrival_ 208900_OY-GRM_27_12_24_52_17.csv
2024.0,12.0,27.0,22.0,34.0,45.0,0.3400000000000001,/Users/rasmus/Desktop/Fysik/AppliedML2026/Final_project_data/data/ML_data/NBI/FDM data/Arrivals/Nuuk Arrival_ 208913_OY-GRG_27_12_24_36_22.csv
2024.0,12.0,27.0,22.0,50.0,16.0,0.30000000000000004,/Users/rasmus/Desktop/Fysik/AppliedML2026/Final_project_data/data/ML_data/NBI/FDM data/Arrivals/Nuuk Arrival_ 208915_OY-GRO_27_12_24_52_22.csv
2024.0,12.0,27.0,22.0,27.0,2.0,0.20999999999999996,/Users/rasmus/Desktop/Fysik/AppliedML2026/Final_project_data/data/ML_data/NBI/FDM data/Arrivals/Nuuk Arrival_ 208916_OY-GRM_27_12_24_28_22.csv
2024.0,12.0,28.0,15.0,3.0,3.0,0.3500000000000001,/Users/rasmus/Desktop/Fysik/AppliedML2026/Final_project_data/data/ML_data/NBI/FDM data/Arrivals/Nuuk Arrival_ 208926_OY-GRH_28_12_24_05_15.csv
2024.0,12.0,28.0,15.0,26.0,36.0,0.42999999999999994,/Users/rasmus/Desktop/Fysik/AppliedML2026/Final_project_data/data/ML_data/NBI/FDM data/Arrivals/Nuuk Arrival_ 208927_OY-GRM_28_12_24_28_15.csv
2024.0,12.0,28.0,17.0,41.0,29.0,0.16999999999999993,/Users/rasmus/Desktop/Fysik/AppliedML2026/Final_project_data/data/ML_data/NBI/FDM data/Arrivals/Nuuk Arrival_ 208945_OY-GRG_28_12_24_43_17.csv
2024.0,12.0,28.0,20.0,25.0,50.0,0.33000000000000007,/Users/rasmus/Desktop/Fysik/AppliedML2026/Final_project_data/data/ML_data/NBI/FDM data/Arrivals/Nuuk Arrival_ 208961_OY-GRO_28_12_24_27_20.csv
2024.0,12.0,23.0,14.0,2.0,13.0,0.3799999999999999,/Users/rasmus/Desktop/Fysik/AppliedML2026/Final_project_data/data/ML_data/NBI/FDM data/Arrivals/Nuuk Arrival_ 208967_OY-GRR_23_12_24_51_13.csv
2024.0,12.0,23.0,18.0,19.0,43.0,0.20999999999999996,/Users/rasmus/Desktop/Fysik/AppliedML2026/Final_project_data/data/ML_data/NBI/FDM data/Arrivals/Nuuk Arrival_ 208969_OY-GRR_23_12_24_13_18.csv
2024.0,12.0,23.0,21.0,46.0,49.0,0.31999999999999995,/Users/rasmus/Desktop/Fysik/AppliedML2026/Final_project_data/data/ML_data/NBI/FDM data/Arrivals/Nuuk Arrival_ 208971_OY-GRR_23_12_24_41_21.csv
2024.0,12.0,27.0,14.0,1.0,23.0,0.25,/Users/rasmus/Desktop/Fysik/AppliedML2026/Final_project_data/data/ML_data/NBI/FDM data/Arrivals/Nuuk Arrival_ 208974_OY-GRR_27_12_24_54_13.csv
2024.0,12.0,27.0,17.0,43.0,56.0,0.24,/Users/rasmus/Desktop/Fysik/AppliedML2026/Final_project_data/data/ML_data/NBI/FDM data/Arrivals/Nuuk Arrival_ 208976_OY-GRR_27_12_24_37_17.csv
2024.0,12.0,29.0,12.0,20.0,7.0,0.20999999999999996,/Users/rasmus/Desktop/Fysik/AppliedML2026/Final_project_data/data/ML_data/NBI/FDM data/Arrivals/Nuuk Arrival_ 208978_OY-GRG_29_12_24_23_12.csv
2024.0,12.0,29.0,15.0,6.0,13.0,0.3799999999999999,/Users/rasmus/Desktop/Fysik/AppliedML2026/Final_project_data/data/ML_data/NBI/FDM data/Arrivals/Nuuk Arrival_ 208981_OY-GRO_29_12_24_08_15.csv
2024.0,12.0,29.0,13.0,37.0,16.0,0.20999999999999996,/Users/rasmus/Desktop/Fysik/AppliedML2026/Final_project_data/data/ML_data/NBI/FDM data/Arrivals/Nuuk Arrival_ 208982_OY-GRH_29_12_24_39_13.csv
2024.0,12.0,29.0,13.0,10.0,56.0,0.21999999999999997,/Users/rasmus/Desktop/Fysik/AppliedML2026/Final_project_data/data/ML_data/NBI/FDM data/Arrivals/Nuuk Arrival_ 208984_OY-GRM_29_12_24_12_13.csv
2024.0,12.0,29.0,20.0,56.0,54.0,0.30000000000000004,/Users/rasmus/Desktop/Fysik/AppliedML2026/Final_project_data/data/ML_data/NBI/FDM data/Arrivals/Nuuk Arrival_ 208988_OY-GRO_29_12_24_58_20.csv
2024.0,12.0,30.0,13.0,42.0,49.0,0.16999999999999993,/Users/rasmus/Desktop/Fysik/AppliedML2026/Final_project_data/data/ML_data/NBI/FDM data/Arrivals/Nuuk Arrival_ 208993_OY-GRO_30_12_24_43_13.csv
2024.0,12.0,30.0,14.0,6.0,43.0,0.09000000000000008,/Users/rasmus/Desktop/Fysik/AppliedML2026/Final_project_data/data/ML_data/NBI/FDM data/Arrivals/Nuuk Arrival_ 208995_OY-GRH_30_12_24_07_14.csv
2024.0,12.0,30.0,13.0,38.0,44.0,0.19999999999999996,/Users/rasmus/Desktop/Fysik/AppliedML2026/Final_project_data/data/ML_data/NBI/FDM data/Arrivals/Nuuk Arrival_ 208996_OY-GRM_30_12_24_39_13.csv
2024.0,12.0,30.0,16.0,4.0,48.0,0.16999999999999993,/Users/rasmus/Desktop/Fysik/AppliedML2026/Final_project_data/data/ML_data/NBI/FDM data/Arrivals/Nuuk Arrival_ 208997_OY-GRM_30_12_24_06_16.csv
2024.0,12.0,30.0,22.0,8.0,24.0,0.33000000000000007,/Users/rasmus/Desktop/Fysik/AppliedML2026/Final_project_data/data/ML_data/NBI/FDM data/Arrivals/Nuuk Arrival_ 209024_OY-GRP_30_12_24_10_22.csv
2024.0,12.0,30.0,21.0,40.0,11.0,0.1200000000000001,/Users/rasmus/Desktop/Fysik/AppliedML2026/Final_project_data/data/ML_data/NBI/FDM data/Arrivals/Nuuk Arrival_ 209025_OY-GRM_30_12_24_42_21.csv
2024.0,12.0,31.0,12.0,8.0,23.0,0.1100000000000001,/Users/rasmus/Desktop/Fysik/AppliedML2026/Final_project_data/data/ML_data/NBI/FDM data/Arrivals/Nuuk Arrival_ 209028_OY-GRM_31_12_24_11_12.csv
2024.0,12.0,29.0,18.0,37.0,16.0,0.48,/Users/rasmus/Desktop/Fysik/AppliedML2026/Final_project_data/data/ML_data/NBI/FDM data/Arrivals/Nuuk Arrival_ 209052_OY-GRR_29_12_24_26_18.csv
2024.0,12.0,30.0,18.0,19.0,17.0,0.19999999999999996,/Users/rasmus/Desktop/Fysik/AppliedML2026/Final_project_data/data/ML_data/NBI/FDM data/Arrivals/Nuuk Arrival_ 209055_OY-GRR_30_12_24_13_18.csv
2024.0,12.0,30.0,22.0,0.0,41.0,0.28,/Users/rasmus/Desktop/Fysik/AppliedML2026/Final_project_data/data/ML_data/NBI/FDM data/Arrivals/Nuuk Arrival_ 209057_OY-GRR_30_12_24_58_21.csv
2025.0,1.0,3.0,22.0,44.0,33.0,0.18999999999999995,/Users/rasmus/Desktop/Fysik/AppliedML2026/Final_project_data/data/ML_data/NBI/FDM data/Arrivals/Nuuk Arrival_ 209058_OY-GRP_03_01_25_45_22.csv
2025.0,1.0,4.0,13.0,16.0,33.0,0.1499999999999999,/Users/rasmus/Desktop/Fysik/AppliedML2026/Final_project_data/data/ML_data/NBI/FDM data/Arrivals/Nuuk Arrival_ 209062_OY-GRP_04_01_25_18_13.csv
2025.0,1.0,4.0,14.0,35.0,17.0,0.1399999999999999,/Users/rasmus/Desktop/Fysik/AppliedML2026/Final_project_data/data/ML_data/NBI/FDM data/Arrivals/Nuuk Arrival_ 209065_OY-GRO_04_01_25_37_14.csv
2025.0,1.0,4.0,15.0,3.0,44.0,0.1200000000000001,/Users/rasmus/Desktop/Fysik/AppliedML2026/Final_project_data/data/ML_data/NBI/FDM data/Arrivals/Nuuk Arrival_ 209067_OY-GRM_04_01_25_04_15.csv
2025.0,1.0,4.0,16.0,3.0,24.0,0.1299999999999999,/Users/rasmus/Desktop/Fysik/AppliedML2026/Final_project_data/data/ML_data/NBI/FDM data/Arrivals/Nuuk Arrival_ 209070_OY-GRP_04_01_25_05_16.csv
2025.0,1.0,4.0,16.0,10.0,36.0,0.41999999999999993,/Users/rasmus/Desktop/Fysik/AppliedML2026/Final_project_data/data/ML_data/NBI/FDM data/Arrivals/Nuuk Arrival_ 209073_OY-GRK_04_01_25_11_16.csv
2025.0,1.0,4.0,18.0,34.0,31.0,0.33000000000000007,/Users/rasmus/Desktop/Fysik/AppliedML2026/Final_project_data/data/ML_data/NBI/FDM data/Arrivals/Nuuk Arrival_ 209078_OY-GRH_04_01_25_40_18.csv
2025.0,1.0,4.0,19.0,23.0,59.0,0.1499999999999999,/Users/rasmus/Desktop/Fysik/AppliedML2026/Final_project_data/data/ML_data/NBI/FDM data/Arrivals/Nuuk Arrival_ 209080_OY-GRP_04_01_25_24_19.csv
2025.0,1.0,4.0,19.0,38.0,36.0,0.25,/Users/rasmus/Desktop/Fysik/AppliedML2026/Final_project_data/data/ML_data/NBI/FDM data/Arrivals/Nuuk Arrival_ 209081_OY-GRO_04_01_25_39_19.csv
2025.0,1.0,4.0,19.0,44.0,59.0,0.19999999999999996,/Users/rasmus/Desktop/Fysik/AppliedML2026/Final_project_data/data/ML_data/NBI/FDM data/Arrivals/Nuuk Arrival_ 209089_OY-GRM_04_01_25_46_19.csv
2025.0,1.0,4.0,20.0,0.0,1.0,0.14,/Users/rasmus/Desktop/Fysik/AppliedML2026/Final_project_data/data/ML_data/NBI/FDM data/Arrivals/Nuuk Arrival_ 209090_OY-GRG_04_01_25_01_20.csv
2025.0,1.0,4.0,20.0,44.0,53.0,0.25,/Users/rasmus/Desktop/Fysik/AppliedML2026/Final_project_data/data/ML_data/NBI/FDM data/Arrivals/Nuuk Arrival_ 209094_OY-GRK_04_01_25_45_20.csv
2025.0,1.0,4.0,22.0,9.0,20.0,0.27,/Users/rasmus/Desktop/Fysik/AppliedML2026/Final_project_data/data/ML_data/NBI/FDM data/Arrivals/Nuuk Arrival_ 209098_OY-GRO_04_01_25_10_22.csv
2025.0,1.0,4.0,23.0,6.0,28.0,0.20999999999999996,/Users/rasmus/Desktop/Fysik/AppliedML2026/Final_project_data/data/ML_data/NBI/FDM data/Arrivals/Nuuk Arrival_ 209100_OY-GRM_04_01_25_11_23.csv
2025.0,1.0,5.0,13.0,19.0,4.0,0.24,/Users/rasmus/Desktop/Fysik/AppliedML2026/Final_project_data/data/ML_data/NBI/FDM data/Arrivals/Nuuk Arrival_ 209105_OY-GRH_05_01_25_21_13.csv
2025.0,1.0,5.0,14.0,16.0,30.0,0.1299999999999999,/Users/rasmus/Desktop/Fysik/AppliedML2026/Final_project_data/data/ML_data/NBI/FDM data/Arrivals/Nuuk Arrival_ 209110_OY-GRP_05_01_25_17_14.csv
2025.0,1.0,5.0,14.0,25.0,55.0,0.1100000000000001,/Users/rasmus/Desktop/Fysik/AppliedML2026/Final_project_data/data/ML_data/NBI/FDM data/Arrivals/Nuuk Arrival_ 209111_OY-GRM_05_01_25_26_14.csv
2025.0,1.0,5.0,14.0,42.0,34.0,0.19999999999999996,/Users/rasmus/Desktop/Fysik/AppliedML2026/Final_project_data/data/ML_data/NBI/FDM data/Arrivals/Nuuk Arrival_ 209112_OY-GRO_05_01_25_44_14.csv
2025.0,1.0,5.0,15.0,20.0,19.0,0.16999999999999993,/Users/rasmus/Desktop/Fysik/AppliedML2026/Final_project_data/data/ML_data/NBI/FDM data/Arrivals/Nuuk Arrival_ 209113_OY-GRK_05_01_25_22_15.csv
2025.0,1.0,5.0,18.0,12.0,5.0,0.31000000000000005,/Users/rasmus/Desktop/Fysik/AppliedML2026/Final_project_data/data/ML_data/NBI/FDM data/Arrivals/Nuuk Arrival_ 209121_OY-GRO_05_01_25_14_18.csv
2025.0,1.0,5.0,18.0,39.0,15.0,0.25,/Users/rasmus/Desktop/Fysik/AppliedML2026/Final_project_data/data/ML_data/NBI/FDM data/Arrivals/Nuuk Arrival_ 209122_OY-GRH_05_01_25_41_18.csv
2025.0,1.0,5.0,18.0,38.0,13.0,0.1399999999999999,/Users/rasmus/Desktop/Fysik/AppliedML2026/Final_project_data/data/ML_data/NBI/FDM data/Arrivals/Nuuk Arrival_ 209123_OY-GRM_05_01_25_43_18.csv
2025.0,1.0,5.0,19.0,6.0,54.0,0.12,/Users/rasmus/Desktop/Fysik/AppliedML2026/Final_project_data/data/ML_data/NBI/FDM data/Arrivals/Nuuk Arrival_ 209124_OY-GRP_05_01_25_07_19.csv
2025.0,1.0,5.0,19.0,21.0,23.0,0.1399999999999999,/Users/rasmus/Desktop/Fysik/AppliedML2026/Final_project_data/data/ML_data/NBI/FDM data/Arrivals/Nuuk Arrival_ 209125_OY-GRK_05_01_25_23_19.csv
2025.0,1.0,5.0,22.0,5.0,58.0,0.20999999999999996,/Users/rasmus/Desktop/Fysik/AppliedML2026/Final_project_data/data/ML_data/NBI/FDM data/Arrivals/Nuuk Arrival_ 209129_OY-GRO_05_01_25_07_22.csv
2025.0,1.0,6.0,13.0,24.0,34.0,0.1200000000000001,/Users/rasmus/Desktop/Fysik/AppliedML2026/Final_project_data/data/ML_data/NBI/FDM data/Arrivals/Nuuk Arrival_ 209135_OY-GRK_06_01_25_26_13.csv
2025.0,1.0,6.0,13.0,22.0,16.0,0.20999999999999996,/Users/rasmus/Desktop/Fysik/AppliedML2026/Final_project_data/data/ML_data/NBI/FDM data/Arrivals/Nuuk Arrival_ 209137_OY-GRO_06_01_25_25_13.csv
2025.0,1.0,6.0,13.0,32.0,51.0,0.1200000000000001,/Users/rasmus/Desktop/Fysik/AppliedML2026/Final_project_data/data/ML_data/NBI/FDM data/Arrivals/Nuuk Arrival_ 209138_OY-GRM_06_01_25_34_13.csv
2025.0,1.0,6.0,13.0,34.0,36.0,0.25,/Users/rasmus/Desktop/Fysik/AppliedML2026/Final_project_data/data/ML_data/NBI/FDM data/Arrivals/Nuuk Arrival_ 209140_OY-GRP_06_01_25_36_13.csv
2025.0,1.0,6.0,15.0,30.0,50.0,0.10000000000000009,/Users/rasmus/Desktop/Fysik/AppliedML2026/Final_project_data/data/ML_data/NBI/FDM data/Arrivals/Nuuk Arrival_ 209141_OY-GRM_06_01_25_32_15.csv
2025.0,1.0,6.0,14.0,7.0,57.0,0.1399999999999999,/Users/rasmus/Desktop/Fysik/AppliedML2026/Final_project_data/data/ML_data/NBI/FDM data/Arrivals/Nuuk Arrival_ 209142_OY-GRH_06_01_25_09_14.csv
2025.0,1.0,6.0,16.0,25.0,26.0,0.1299999999999999,/Users/rasmus/Desktop/Fysik/AppliedML2026/Final_project_data/data/ML_data/NBI/FDM data/Arrivals/Nuuk Arrival_ 209144_OY-GRH_06_01_25_27_16.csv
2025.0,1.0,6.0,18.0,44.0,12.0,0.10000000000000009,/Users/rasmus/Desktop/Fysik/AppliedML2026/Final_project_data/data/ML_data/NBI/FDM data/Arrivals/Nuuk Arrival_ 209157_OY-GRP_06_01_25_46_18.csv
2025.0,1.0,6.0,20.0,50.0,50.0,0.17999999999999994,/Users/rasmus/Desktop/Fysik/AppliedML2026/Final_project_data/data/ML_data/NBI/FDM data/Arrivals/Nuuk Arrival_ 209173_OY-GRO_06_01_25_53_20.csv
2025.0,1.0,6.0,22.0,13.0,21.0,0.17999999999999994,/Users/rasmus/Desktop/Fysik/AppliedML2026/Final_project_data/data/ML_data/NBI/FDM data/Arrivals/Nuuk Arrival_ 209187_OY-GRH_06_01_25_14_22.csv
2025.0,1.0,7.0,1.0,21.0,39.0,0.22999999999999998,/Users/rasmus/Desktop/Fysik/AppliedML2026/Final_project_data/data/ML_data/NBI/FDM data/Arrivals/Nuuk Arrival_ 209191_OY-GRO_07_01_25_22_01.csv
2025.0,1.0,7.0,2.0,40.0,23.0,0.1299999999999999,/Users/rasmus/Desktop/Fysik/AppliedML2026/Final_project_data/data/ML_data/NBI/FDM data/Arrivals/Nuuk Arrival_ 209192_OY-GRM_07_01_25_42_02.csv
2025.0,1.0,7.0,11.0,4.0,5.0,0.25,/Users/rasmus/Desktop/Fysik/AppliedML2026/Final_project_data/data/ML_data/NBI/FDM data/Arrivals/Nuuk Arrival_ 209194_OY-GRO_07_01_25_06_11.csv
2025.0,1.0,7.0,13.0,3.0,41.0,0.1100000000000001,/Users/rasmus/Desktop/Fysik/AppliedML2026/Final_project_data/data/ML_data/NBI/FDM data/Arrivals/Nuuk Arrival_ 209200_OY-GRP_07_01_25_05_13.csv
2025.0,1.0,7.0,13.0,33.0,37.0,0.16999999999999993,/Users/rasmus/Desktop/Fysik/AppliedML2026/Final_project_data/data/ML_data/NBI/FDM data/Arrivals/Nuuk Arrival_ 209203_OY-GRM_07_01_25_35_13.csv
2025.0,1.0,7.0,14.0,10.0,24.0,0.22999999999999998,/Users/rasmus/Desktop/Fysik/AppliedML2026/Final_project_data/data/ML_data/NBI/FDM data/Arrivals/Nuuk Arrival_ 209205_OY-GRH_07_01_25_13_14.csv
2025.0,1.0,7.0,16.0,44.0,44.0,0.20999999999999996,/Users/rasmus/Desktop/Fysik/AppliedML2026/Final_project_data/data/ML_data/NBI/FDM data/Arrivals/Nuuk Arrival_ 209212_OY-GRP_07_01_25_46_16.csv
2025.0,1.0,7.0,17.0,45.0,3.0,0.21999999999999997,/Users/rasmus/Desktop/Fysik/AppliedML2026/Final_project_data/data/ML_data/NBI/FDM data/Arrivals/Nuuk Arrival_ 209219_OY-GRM_07_01_25_47_17.csv
2025.0,1.0,7.0,19.0,25.0,49.0,0.15999999999999992,/Users/rasmus/Desktop/Fysik/AppliedML2026/Final_project_data/data/ML_data/NBI/FDM data/Arrivals/Nuuk Arrival_ 209226_OY-GRP_07_01_25_27_19.csv
2025.0,1.0,7.0,20.0,20.0,8.0,0.16999999999999993,/Users/rasmus/Desktop/Fysik/AppliedML2026/Final_project_data/data/ML_data/NBI/FDM data/Arrivals/Nuuk Arrival_ 209237_OY-GRO_07_01_25_22_20.csv
2025.0,1.0,7.0,21.0,58.0,1.0,0.1200000000000001,/Users/rasmus/Desktop/Fysik/AppliedML2026/Final_project_data/data/ML_data/NBI/FDM data/Arrivals/Nuuk Arrival_ 209251_OY-GRM_07_01_25_00_22.csv
2025.0,1.0,7.0,22.0,11.0,8.0,0.16000000000000003,/Users/rasmus/Desktop/Fysik/AppliedML2026/Final_project_data/data/ML_data/NBI/FDM data/Arrivals/Nuuk Arrival_ 209254_OY-GRP_07_01_25_14_22.csv
2025.0,1.0,7.0,20.0,0.0,17.0,0.20999999999999996,/Users/rasmus/Desktop/Fysik/AppliedML2026/Final_project_data/data/ML_data/NBI/FDM data/Arrivals/Nuuk Arrival_ 209255_OY-GRK_07_01_25_02_20.csv
2025.0,1.0,7.0,23.0,25.0,20.0,0.16999999999999993,/Users/rasmus/Desktop/Fysik/AppliedML2026/Final_project_data/data/ML_data/NBI/FDM data/Arrivals/Nuuk Arrival_ 209257_OY-GRO_07_01_25_27_23.csv
2025.0,1.0,8.0,12.0,0.0,5.0,0.08000000000000007,/Users/rasmus/Desktop/Fysik/AppliedML2026/Final_project_data/data/ML_data/NBI/FDM data/Arrivals/Nuuk Arrival_ 209261_OY-GRP_08_01_25_01_12.csv
2025.0,1.0,8.0,12.0,8.0,30.0,0.16999999999999993,/Users/rasmus/Desktop/Fysik/AppliedML2026/Final_project_data/data/ML_data/NBI/FDM data/Arrivals/Nuuk Arrival_ 209262_OY-GRM_08_01_25_13_12.csv
2025.0,1.0,8.0,16.0,16.0,53.0,0.15999999999999992,/Users/rasmus/Desktop/Fysik/AppliedML2026/Final_project_data/data/ML_data/NBI/FDM data/Arrivals/Nuuk Arrival_ 209270_OY-GRK_08_01_25_17_16.csv
2025.0,1.0,8.0,17.0,1.0,0.0,0.1499999999999999,/Users/rasmus/Desktop/Fysik/AppliedML2026/Final_project_data/data/ML_data/NBI/FDM data/Arrivals/Nuuk Arrival_ 209274_OY-GRM_08_01_25_03_17.csv
2025.0,1.0,8.0,16.0,8.0,15.0,0.15999999999999992,/Users/rasmus/Desktop/Fysik/AppliedML2026/Final_project_data/data/ML_data/NBI/FDM data/Arrivals/Nuuk Arrival_ 209275_OY-GRH_08_01_25_11_16.csv
2025.0,1.0,8.0,19.0,23.0,47.0,0.18999999999999995,/Users/rasmus/Desktop/Fysik/AppliedML2026/Final_project_data/data/ML_data/NBI/FDM data/Arrivals/Nuuk Arrival_ 209289_OY-GRM_08_01_25_24_19.csv
2025.0,1.0,8.0,19.0,24.0,2.0,0.17999999999999994,/Users/rasmus/Desktop/Fysik/AppliedML2026/Final_project_data/data/ML_data/NBI/FDM data/Arrivals/Nuuk Arrival_ 209290_OY-GRP_08_01_25_27_19.csv
2025.0,1.0,8.0,21.0,14.0,30.0,0.3400000000000001,/Users/rasmus/Desktop/Fysik/AppliedML2026/Final_project_data/data/ML_data/NBI/FDM data/Arrivals/Nuuk Arrival_ 209293_OY-GRH_08_01_25_17_21.csv
2025.0,1.0,8.0,21.0,8.0,19.0,0.3700000000000001,/Users/rasmus/Desktop/Fysik/AppliedML2026/Final_project_data/data/ML_data/NBI/FDM data/Arrivals/Nuuk Arrival_ 209294_OY-GRO_08_01_25_10_21.csv
2025.0,1.0,8.0,23.0,40.0,32.0,0.29000000000000004,/Users/rasmus/Desktop/Fysik/AppliedML2026/Final_project_data/data/ML_data/NBI/FDM data/Arrivals/Nuuk Arrival_ 209315_OY-GRM_08_01_25_42_23.csv
2025.0,1.0,9.0,12.0,4.0,15.0,0.24,/Users/rasmus/Desktop/Fysik/AppliedML2026/Final_project_data/data/ML_data/NBI/FDM data/Arrivals/Nuuk Arrival_ 209321_OY-GRH_09_01_25_07_12.csv
2025.0,1.0,9.0,15.0,31.0,51.0,0.16999999999999993,/Users/rasmus/Desktop/Fysik/AppliedML2026/Final_project_data/data/ML_data/NBI/FDM data/Arrivals/Nuuk Arrival_ 209323_OY-GRK_09_01_25_33_15.csv
2025.0,1.0,9.0,15.0,33.0,46.0,0.25,/Users/rasmus/Desktop/Fysik/AppliedML2026/Final_project_data/data/ML_data/NBI/FDM data/Arrivals/Nuuk Arrival_ 209324_OY-GRM_09_01_25_35_15.csv
2025.0,1.0,9.0,15.0,19.0,56.0,0.17999999999999994,/Users/rasmus/Desktop/Fysik/AppliedML2026/Final_project_data/data/ML_data/NBI/FDM data/Arrivals/Nuuk Arrival_ 209326_OY-GRH_09_01_25_20_15.csv
2025.0,1.0,9.0,18.0,36.0,45.0,0.1100000000000001,/Users/rasmus/Desktop/Fysik/AppliedML2026/Final_project_data/data/ML_data/NBI/FDM data/Arrivals/Nuuk Arrival_ 209332_OY-GRK_09_01_25_38_18.csv
2025.0,1.0,9.0,19.0,17.0,38.0,0.21999999999999997,/Users/rasmus/Desktop/Fysik/AppliedML2026/Final_project_data/data/ML_data/NBI/FDM data/Arrivals/Nuuk Arrival_ 209334_OY-GRO_09_01_25_19_19.csv
2025.0,1.0,9.0,22.0,51.0,9.0,0.14,/Users/rasmus/Desktop/Fysik/AppliedML2026/Final_project_data/data/ML_data/NBI/FDM data/Arrivals/Nuuk Arrival_ 209363_OY-GRP_09_01_25_53_22.csv
2025.0,1.0,10.0,12.0,35.0,13.0,0.15999999999999992,/Users/rasmus/Desktop/Fysik/AppliedML2026/Final_project_data/data/ML_data/NBI/FDM data/Arrivals/Nuuk Arrival_ 209382_OY-GRH_10_01_25_36_12.csv
2025.0,1.0,10.0,13.0,9.0,43.0,0.19999999999999996,/Users/rasmus/Desktop/Fysik/AppliedML2026/Final_project_data/data/ML_data/NBI/FDM data/Arrivals/Nuuk Arrival_ 209384_OY-GRO_10_01_25_12_13.csv
2025.0,1.0,10.0,13.0,6.0,3.0,0.18000000000000005,/Users/rasmus/Desktop/Fysik/AppliedML2026/Final_project_data/data/ML_data/NBI/FDM data/Arrivals/Nuuk Arrival_ 209385_OY-GRK_10_01_25_09_13.csv
2025.0,1.0,10.0,13.0,13.0,7.0,0.17000000000000004,/Users/rasmus/Desktop/Fysik/AppliedML2026/Final_project_data/data/ML_data/NBI/FDM data/Arrivals/Nuuk Arrival_ 209387_OY-GRM_10_01_25_15_13.csv
2025.0,1.0,10.0,16.0,18.0,43.0,0.19999999999999996,/Users/rasmus/Desktop/Fysik/AppliedML2026/Final_project_data/data/ML_data/NBI/FDM data/Arrivals/Nuuk Arrival_ 209393_OY-GRO_10_01_25_20_16.csv
2025.0,1.0,10.0,12.0,24.0,30.0,0.16000000000000003,/Users/rasmus/Desktop/Fysik/AppliedML2026/Final_project_data/data/ML_data/NBI/FDM data/Arrivals/Nuuk Arrival_ 209394_OY-GRP_10_01_25_27_12.csv
2025.0,1.0,10.0,16.0,52.0,16.0,0.15999999999999992,/Users/rasmus/Desktop/Fysik/AppliedML2026/Final_project_data/data/ML_data/NBI/FDM data/Arrivals/Nuuk Arrival_ 209396_OY-GRP_10_01_25_55_16.csv
2025.0,1.0,10.0,18.0,44.0,32.0,0.16999999999999993,/Users/rasmus/Desktop/Fysik/AppliedML2026/Final_project_data/data/ML_data/NBI/FDM data/Arrivals/Nuuk Arrival_ 209409_OY-GRM_10_01_25_46_18.csv
2025.0,1.0,4.0,17.0,3.0,26.0,0.42999999999999994,/Users/rasmus/Desktop/Fysik/AppliedML2026/Final_project_data/data/ML_data/NBI/FDM data/Arrivals/Nuuk Arrival_ 209443_OY-GRR_04_01_25_46_16.csv
2025.0,1.0,4.0,19.0,48.0,36.0,0.1100000000000001,/Users/rasmus/Desktop/Fysik/AppliedML2026/Final_project_data/data/ML_data/NBI/FDM data/Arrivals/Nuuk Arrival_ 209444_OY-GRR_04_01_25_22_19.csv
2025.0,1.0,5.0,12.0,50.0,50.0,0.21999999999999997,/Users/rasmus/Desktop/Fysik/AppliedML2026/Final_project_data/data/ML_data/NBI/FDM data/Arrivals/Nuuk Arrival_ 209446_OY-GRR_05_01_25_41_12.csv
2025.0,1.0,5.0,17.0,50.0,28.0,0.18999999999999995,/Users/rasmus/Desktop/Fysik/AppliedML2026/Final_project_data/data/ML_data/NBI/FDM data/Arrivals/Nuuk Arrival_ 209448_OY-GRR_05_01_25_42_17.csv
2025.0,1.0,5.0,19.0,39.0,29.0,0.31000000000000005,/Users/rasmus/Desktop/Fysik/AppliedML2026/Final_project_data/data/ML_data/NBI/FDM data/Arrivals/Nuuk Arrival_ 209450_OY-GRR_05_01_25_38_19.csv
2025.0,1.0,6.0,13.0,42.0,24.0,0.3999999999999999,/Users/rasmus/Desktop/Fysik/AppliedML2026/Final_project_data/data/ML_data/NBI/FDM data/Arrivals/Nuuk Arrival_ 209452_OY-GRR_06_01_25_35_13.csv
2025.0,1.0,6.0,17.0,51.0,2.0,0.16999999999999993,/Users/rasmus/Desktop/Fysik/AppliedML2026/Final_project_data/data/ML_data/NBI/FDM data/Arrivals/Nuuk Arrival_ 209454_OY-GRR_06_01_25_44_17.csv
2025.0,1.0,6.0,23.0,16.0,51.0,0.31000000000000005,/Users/rasmus/Desktop/Fysik/AppliedML2026/Final_project_data/data/ML_data/NBI/FDM data/Arrivals/Nuuk Arrival_ 209456_OY-GRR_06_01_25_09_23.csv
2025.0,1.0,7.0,13.0,10.0,53.0,0.20999999999999996,/Users/rasmus/Desktop/Fysik/AppliedML2026/Final_project_data/data/ML_data/NBI/FDM data/Arrivals/Nuuk Arrival_ 209458_OY-GRR_07_01_25_03_13.csv
2025.0,1.0,7.0,17.0,23.0,26.0,0.3600000000000001,/Users/rasmus/Desktop/Fysik/AppliedML2026/Final_project_data/data/ML_data/NBI/FDM data/Arrivals/Nuuk Arrival_ 209460_OY-GRR_07_01_25_09_17.csv
2025.0,1.0,7.0,20.0,37.0,8.0,0.1499999999999999,/Users/rasmus/Desktop/Fysik/AppliedML2026/Final_project_data/data/ML_data/NBI/FDM data/Arrivals/Nuuk Arrival_ 209462_OY-GRR_07_01_25_32_20.csv
2025.0,1.0,7.0,23.0,29.0,17.0,0.26,/Users/rasmus/Desktop/Fysik/AppliedML2026/Final_project_data/data/ML_data/NBI/FDM data/Arrivals/Nuuk Arrival_ 209464_OY-GRR_07_01_25_20_23.csv
2025.0,1.0,8.0,12.0,39.0,11.0,0.18999999999999995,/Users/rasmus/Desktop/Fysik/AppliedML2026/Final_project_data/data/ML_data/NBI/FDM data/Arrivals/Nuuk Arrival_ 209466_OY-GRR_08_01_25_29_12.csv
2025.0,1.0,8.0,22.0,12.0,15.0,0.29000000000000004,/Users/rasmus/Desktop/Fysik/AppliedML2026/Final_project_data/data/ML_data/NBI/FDM data/Arrivals/Nuuk Arrival_ 209468_OY-GRR_08_01_25_42_21.csv
2025.0,1.0,9.0,21.0,11.0,17.0,0.1499999999999999,/Users/rasmus/Desktop/Fysik/AppliedML2026/Final_project_data/data/ML_data/NBI/FDM data/Arrivals/Nuuk Arrival_ 209470_OY-GRR_09_01_25_59_20.csv
2025.0,1.0,10.0,12.0,28.0,31.0,0.25,/Users/rasmus/Desktop/Fysik/AppliedML2026/Final_project_data/data/ML_data/NBI/FDM data/Arrivals/Nuuk Arrival_ 209472_OY-GRR_10_01_25_21_12.csv
2025.0,1.0,10.0,18.0,28.0,34.0,0.29000000000000004,/Users/rasmus/Desktop/Fysik/AppliedML2026/Final_project_data/data/ML_data/NBI/FDM data/Arrivals/Nuuk Arrival_ 209475_OY-GRR_10_01_25_24_18.csv
2025.0,1.0,10.0,22.0,2.0,38.0,0.31000000000000005,/Users/rasmus/Desktop/Fysik/AppliedML2026/Final_project_data/data/ML_data/NBI/FDM data/Arrivals/Nuuk Arrival_ 209478_OY-GRP_10_01_25_03_22.csv
2025.0,1.0,10.0,22.0,51.0,18.0,0.18999999999999995,/Users/rasmus/Desktop/Fysik/AppliedML2026/Final_project_data/data/ML_data/NBI/FDM data/Arrivals/Nuuk Arrival_ 209480_OY-GRO_10_01_25_53_22.csv
2025.0,1.0,11.0,12.0,50.0,58.0,0.3600000000000001,/Users/rasmus/Desktop/Fysik/AppliedML2026/Final_project_data/data/ML_data/NBI/FDM data/Arrivals/Nuuk Arrival_ 209482_OY-GRM_11_01_25_53_12.csv
2025.0,1.0,11.0,15.0,20.0,55.0,0.16999999999999993,/Users/rasmus/Desktop/Fysik/AppliedML2026/Final_project_data/data/ML_data/NBI/FDM data/Arrivals/Nuuk Arrival_ 209494_OY-GRH_11_01_25_22_15.csv
2025.0,1.0,11.0,15.0,24.0,35.0,0.16999999999999993,/Users/rasmus/Desktop/Fysik/AppliedML2026/Final_project_data/data/ML_data/NBI/FDM data/Arrivals/Nuuk Arrival_ 209495_OY-GRO_11_01_25_27_15.csv
2025.0,1.0,11.0,18.0,26.0,27.0,0.26,/Users/rasmus/Desktop/Fysik/AppliedML2026/Final_project_data/data/ML_data/NBI/FDM data/Arrivals/Nuuk Arrival_ 209506_OY-GRO_11_01_25_29_18.csv
2025.0,1.0,12.0,16.0,49.0,37.0,0.24,/Users/rasmus/Desktop/Fysik/AppliedML2026/Final_project_data/data/ML_data/NBI/FDM data/Arrivals/Nuuk Arrival_ 209528_OY-GRM_12_01_25_50_16.csv
2025.0,1.0,13.0,12.0,9.0,39.0,0.29000000000000004,/Users/rasmus/Desktop/Fysik/AppliedML2026/Final_project_data/data/ML_data/NBI/FDM data/Arrivals/Nuuk Arrival_ 209531_OY-GRP_13_01_25_12_12.csv
2025.0,1.0,13.0,12.0,15.0,3.0,0.16999999999999993,/Users/rasmus/Desktop/Fysik/AppliedML2026/Final_project_data/data/ML_data/NBI/FDM data/Arrivals/Nuuk Arrival_ 209532_OY-GRO_13_01_25_17_12.csv
2025.0,1.0,13.0,12.0,19.0,9.0,0.16999999999999993,/Users/rasmus/Desktop/Fysik/AppliedML2026/Final_project_data/data/ML_data/NBI/FDM data/Arrivals/Nuuk Arrival_ 209533_OY-GRH_13_01_25_22_12.csv
2025.0,1.0,13.0,13.0,57.0,16.0,0.16999999999999993,/Users/rasmus/Desktop/Fysik/AppliedML2026/Final_project_data/data/ML_data/NBI/FDM data/Arrivals/Nuuk Arrival_ 209536_OY-GRM_13_01_25_59_13.csv
2025.0,1.0,13.0,16.0,21.0,22.0,0.22999999999999998,/Users/rasmus/Desktop/Fysik/AppliedML2026/Final_project_data/data/ML_data/NBI/FDM data/Arrivals/Nuuk Arrival_ 209539_OY-GRM_13_01_25_23_16.csv
2025.0,1.0,13.0,17.0,21.0,42.0,0.21999999999999997,/Users/rasmus/Desktop/Fysik/AppliedML2026/Final_project_data/data/ML_data/NBI/FDM data/Arrivals/Nuuk Arrival_ 209542_OY-GRP_13_01_25_23_17.csv
2025.0,1.0,13.0,20.0,2.0,4.0,0.1299999999999999,/Users/rasmus/Desktop/Fysik/AppliedML2026/Final_project_data/data/ML_data/NBI/FDM data/Arrivals/Nuuk Arrival_ 209560_OY-GRP_13_01_25_05_20.csv
2025.0,1.0,13.0,22.0,39.0,43.0,0.26,/Users/rasmus/Desktop/Fysik/AppliedML2026/Final_project_data/data/ML_data/NBI/FDM data/Arrivals/Nuuk Arrival_ 209562_OY-GRH_13_01_25_42_22.csv
2025.0,1.0,14.0,12.0,14.0,49.0,0.19999999999999996,/Users/rasmus/Desktop/Fysik/AppliedML2026/Final_project_data/data/ML_data/NBI/FDM data/Arrivals/Nuuk Arrival_ 209567_OY-GRH_14_01_25_16_12.csv
2025.0,1.0,14.0,15.0,20.0,51.0,0.15999999999999992,/Users/rasmus/Desktop/Fysik/AppliedML2026/Final_project_data/data/ML_data/NBI/FDM data/Arrivals/Nuuk Arrival_ 209571_OY-GRH_14_01_25_21_15.csv
2025.0,1.0,14.0,15.0,22.0,11.0,0.21999999999999997,/Users/rasmus/Desktop/Fysik/AppliedML2026/Final_project_data/data/ML_data/NBI/FDM data/Arrivals/Nuuk Arrival_ 209573_OY-GRO_14_01_25_26_15.csv
2025.0,1.0,14.0,15.0,31.0,22.0,0.18999999999999995,/Users/rasmus/Desktop/Fysik/AppliedML2026/Final_project_data/data/ML_data/NBI/FDM data/Arrivals/Nuuk Arrival_ 209574_OY-GRM_14_01_25_33_15.csv
2025.0,1.0,14.0,15.0,37.0,26.0,0.15999999999999992,/Users/rasmus/Desktop/Fysik/AppliedML2026/Final_project_data/data/ML_data/NBI/FDM data/Arrivals/Nuuk Arrival_ 209580_OY-GRK_14_01_25_39_15.csv
2025.0,1.0,14.0,20.0,35.0,56.0,0.17999999999999994,/Users/rasmus/Desktop/Fysik/AppliedML2026/Final_project_data/data/ML_data/NBI/FDM data/Arrivals/Nuuk Arrival_ 209611_OY-GRO_14_01_25_37_20.csv
2025.0,1.0,14.0,19.0,17.0,21.0,0.1399999999999999,/Users/rasmus/Desktop/Fysik/AppliedML2026/Final_project_data/data/ML_data/NBI/FDM data/Arrivals/Nuuk Arrival_ 209613_OY-GRP_14_01_25_20_19.csv
2025.0,1.0,14.0,23.0,24.0,5.0,0.1499999999999999,/Users/rasmus/Desktop/Fysik/AppliedML2026/Final_project_data/data/ML_data/NBI/FDM data/Arrivals/Nuuk Arrival_ 209618_OY-GRH_14_01_25_26_23.csv
2025.0,1.0,15.0,15.0,44.0,59.0,0.26,/Users/rasmus/Desktop/Fysik/AppliedML2026/Final_project_data/data/ML_data/NBI/FDM data/Arrivals/Nuuk Arrival_ 209625_OY-GRH_15_01_25_45_15.csv
2025.0,1.0,15.0,22.0,24.0,20.0,0.4099999999999999,/Users/rasmus/Desktop/Fysik/AppliedML2026/Final_project_data/data/ML_data/NBI/FDM data/Arrivals/Nuuk Arrival_ 209653_OY-GRO_15_01_25_26_22.csv
2025.0,1.0,16.0,12.0,5.0,58.0,0.18000000000000005,/Users/rasmus/Desktop/Fysik/AppliedML2026/Final_project_data/data/ML_data/NBI/FDM data/Arrivals/Nuuk Arrival_ 209657_OY-GRH_16_01_25_07_12.csv
2025.0,1.0,16.0,15.0,11.0,26.0,0.1499999999999999,/Users/rasmus/Desktop/Fysik/AppliedML2026/Final_project_data/data/ML_data/NBI/FDM data/Arrivals/Nuuk Arrival_ 209660_OY-GRH_16_01_25_13_15.csv
2025.0,1.0,16.0,15.0,32.0,0.0,0.20999999999999996,/Users/rasmus/Desktop/Fysik/AppliedML2026/Final_project_data/data/ML_data/NBI/FDM data/Arrivals/Nuuk Arrival_ 209661_OY-GRK_16_01_25_33_15.csv
2025.0,1.0,16.0,18.0,58.0,43.0,0.17000000000000004,/Users/rasmus/Desktop/Fysik/AppliedML2026/Final_project_data/data/ML_data/NBI/FDM data/Arrivals/Nuuk Arrival_ 209677_OY-GRP_16_01_25_59_18.csv
2025.0,1.0,16.0,19.0,6.0,6.0,0.22999999999999998,/Users/rasmus/Desktop/Fysik/AppliedML2026/Final_project_data/data/ML_data/NBI/FDM data/Arrivals/Nuuk Arrival_ 209678_OY-GRH_16_01_25_08_19.csv
2025.0,1.0,17.0,12.0,46.0,34.0,0.17999999999999994,/Users/rasmus/Desktop/Fysik/AppliedML2026/Final_project_data/data/ML_data/NBI/FDM data/Arrivals/Nuuk Arrival_ 209697_OY-GRK_17_01_25_47_12.csv
2025.0,1.0,17.0,13.0,12.0,55.0,0.3799999999999999,/Users/rasmus/Desktop/Fysik/AppliedML2026/Final_project_data/data/ML_data/NBI/FDM data/Arrivals/Nuuk Arrival_ 209699_OY-GRO_17_01_25_13_13.csv
2025.0,1.0,17.0,14.0,14.0,49.0,0.20999999999999996,/Users/rasmus/Desktop/Fysik/AppliedML2026/Final_project_data/data/ML_data/NBI/FDM data/Arrivals/Nuuk Arrival_ 209701_OY-GRM_17_01_25_16_14.csv
2025.0,1.0,17.0,15.0,47.0,9.0,0.26,/Users/rasmus/Desktop/Fysik/AppliedML2026/Final_project_data/data/ML_data/NBI/FDM data/Arrivals/Nuuk Arrival_ 209703_OY-GRH_17_01_25_49_15.csv
2025.0,1.0,17.0,17.0,41.0,16.0,0.19999999999999996,/Users/rasmus/Desktop/Fysik/AppliedML2026/Final_project_data/data/ML_data/NBI/FDM data/Arrivals/Nuuk Arrival_ 209713_OY-GRO_17_01_25_43_17.csv
2025.0,1.0,17.0,19.0,33.0,58.0,0.30000000000000004,/Users/rasmus/Desktop/Fysik/AppliedML2026/Final_project_data/data/ML_data/NBI/FDM data/Arrivals/Nuuk Arrival_ 209748_OY-GRK_17_01_25_34_19.csv
2025.0,1.0,17.0,20.0,22.0,12.0,0.21999999999999997,/Users/rasmus/Desktop/Fysik/AppliedML2026/Final_project_data/data/ML_data/NBI/FDM data/Arrivals/Nuuk Arrival_ 209752_OY-GRP_17_01_25_24_20.csv
2025.0,1.0,17.0,23.0,50.0,33.0,0.24,/Users/rasmus/Desktop/Fysik/AppliedML2026/Final_project_data/data/ML_data/NBI/FDM data/Arrivals/Nuuk Arrival_ 209755_OY-GRO_17_01_25_56_23.csv
2025.0,1.0,17.0,23.0,38.0,12.0,0.21999999999999997,/Users/rasmus/Desktop/Fysik/AppliedML2026/Final_project_data/data/ML_data/NBI/FDM data/Arrivals/Nuuk Arrival_ 209756_OY-GRK_17_01_25_40_23.csv
2025.0,1.0,13.0,13.0,13.0,11.0,0.28,/Users/rasmus/Desktop/Fysik/AppliedML2026/Final_project_data/data/ML_data/NBI/FDM data/Arrivals/Nuuk Arrival_ 209758_OY-GRR_13_01_25_07_13.csv
2025.0,1.0,13.0,19.0,50.0,2.0,0.17999999999999994,/Users/rasmus/Desktop/Fysik/AppliedML2026/Final_project_data/data/ML_data/NBI/FDM data/Arrivals/Nuuk Arrival_ 209761_OY-GRR_13_01_25_42_19.csv
2025.0,1.0,14.0,15.0,34.0,37.0,0.19999999999999996,/Users/rasmus/Desktop/Fysik/AppliedML2026/Final_project_data/data/ML_data/NBI/FDM data/Arrivals/Nuuk Arrival_ 209763_OY-GRR_14_01_25_20_15.csv
2025.0,1.0,14.0,20.0,57.0,42.0,0.33999999999999997,/Users/rasmus/Desktop/Fysik/AppliedML2026/Final_project_data/data/ML_data/NBI/FDM data/Arrivals/Nuuk Arrival_ 209765_OY-GRR_14_01_25_44_20.csv
2025.0,1.0,15.0,18.0,12.0,0.0,0.42000000000000004,/Users/rasmus/Desktop/Fysik/AppliedML2026/Final_project_data/data/ML_data/NBI/FDM data/Arrivals/Nuuk Arrival_ 209768_OY-GRR_15_01_25_52_17.csv
2025.0,1.0,16.0,10.0,56.0,16.0,0.30000000000000004,/Users/rasmus/Desktop/Fysik/AppliedML2026/Final_project_data/data/ML_data/NBI/FDM data/Arrivals/Nuuk Arrival_ 209770_OY-GRR_16_01_25_50_10.csv
2025.0,1.0,16.0,15.0,9.0,13.0,0.45999999999999996,/Users/rasmus/Desktop/Fysik/AppliedML2026/Final_project_data/data/ML_data/NBI/FDM data/Arrivals/Nuuk Arrival_ 209772_OY-GRR_16_01_25_58_14.csv
2025.0,1.0,17.0,19.0,2.0,52.0,0.33999999999999997,/Users/rasmus/Desktop/Fysik/AppliedML2026/Final_project_data/data/ML_data/NBI/FDM data/Arrivals/Nuuk Arrival_ 209775_OY-GRR_17_01_25_54_18.csv
2025.0,1.0,18.0,12.0,21.0,21.0,0.26,/Users/rasmus/Desktop/Fysik/AppliedML2026/Final_project_data/data/ML_data/NBI/FDM data/Arrivals/Nuuk Arrival_ 209778_OY-GRG_18_01_25_23_12.csv
2025.0,1.0,18.0,14.0,14.0,8.0,0.32000000000000006,/Users/rasmus/Desktop/Fysik/AppliedML2026/Final_project_data/data/ML_data/NBI/FDM data/Arrivals/Nuuk Arrival_ 209782_OY-GRK_18_01_25_16_14.csv
2025.0,1.0,18.0,15.0,28.0,15.0,0.33000000000000007,/Users/rasmus/Desktop/Fysik/AppliedML2026/Final_project_data/data/ML_data/NBI/FDM data/Arrivals/Nuuk Arrival_ 209783_OY-GRO_18_01_25_30_15.csv
2025.0,1.0,18.0,15.0,37.0,3.0,0.18999999999999995,/Users/rasmus/Desktop/Fysik/AppliedML2026/Final_project_data/data/ML_data/NBI/FDM data/Arrivals/Nuuk Arrival_ 209784_OY-GRG_18_01_25_39_15.csv
2025.0,1.0,18.0,15.0,10.0,13.0,0.24,/Users/rasmus/Desktop/Fysik/AppliedML2026/Final_project_data/data/ML_data/NBI/FDM data/Arrivals/Nuuk Arrival_ 209787_OY-GRM_18_01_25_12_15.csv
2025.0,1.0,18.0,19.0,13.0,2.0,0.30000000000000004,/Users/rasmus/Desktop/Fysik/AppliedML2026/Final_project_data/data/ML_data/NBI/FDM data/Arrivals/Nuuk Arrival_ 209807_OY-GRO_18_01_25_16_19.csv
2025.0,1.0,22.0,13.0,14.0,44.0,0.25,/Users/rasmus/Desktop/Fysik/AppliedML2026/Final_project_data/data/ML_data/NBI/FDM data/Arrivals/Nuuk Arrival_ 209848_OY-GRH_22_01_25_15_13.csv
2025.0,1.0,22.0,15.0,31.0,42.0,1.06,/Users/rasmus/Desktop/Fysik/AppliedML2026/Final_project_data/data/ML_data/NBI/FDM data/Arrivals/Nuuk Arrival_ 209853_OY-GRK_22_01_25_32_15.csv
2025.0,1.0,22.0,14.0,43.0,13.0,0.1499999999999999,/Users/rasmus/Desktop/Fysik/AppliedML2026/Final_project_data/data/ML_data/NBI/FDM data/Arrivals/Nuuk Arrival_ 209859_OY-GRP_22_01_25_45_14.csv
2025.0,1.0,22.0,17.0,59.0,25.0,0.18999999999999995,/Users/rasmus/Desktop/Fysik/AppliedML2026/Final_project_data/data/ML_data/NBI/FDM data/Arrivals/Nuuk Arrival_ 209861_OY-GRG_22_01_25_01_18.csv
2025.0,1.0,22.0,19.0,25.0,53.0,0.25,/Users/rasmus/Desktop/Fysik/AppliedML2026/Final_project_data/data/ML_data/NBI/FDM data/Arrivals/Nuuk Arrival_ 209897_OY-GRK_22_01_25_26_19.csv
2025.0,1.0,22.0,20.0,46.0,33.0,0.32000000000000006,/Users/rasmus/Desktop/Fysik/AppliedML2026/Final_project_data/data/ML_data/NBI/FDM data/Arrivals/Nuuk Arrival_ 209902_OY-GRP_22_01_25_48_20.csv
2025.0,1.0,22.0,23.0,3.0,38.0,0.30000000000000004,/Users/rasmus/Desktop/Fysik/AppliedML2026/Final_project_data/data/ML_data/NBI/FDM data/Arrivals/Nuuk Arrival_ 209904_OY-GRH_22_01_25_04_23.csv
2025.0,1.0,23.0,11.0,11.0,37.0,0.19999999999999996,/Users/rasmus/Desktop/Fysik/AppliedML2026/Final_project_data/data/ML_data/NBI/FDM data/Arrivals/Nuuk Arrival_ 209907_OY-GRO_23_01_25_12_11.csv
2025.0,1.0,23.0,12.0,48.0,31.0,0.1299999999999999,/Users/rasmus/Desktop/Fysik/AppliedML2026/Final_project_data/data/ML_data/NBI/FDM data/Arrivals/Nuuk Arrival_ 209919_OY-GRH_23_01_25_49_12.csv
2025.0,1.0,23.0,14.0,55.0,45.0,0.18999999999999995,/Users/rasmus/Desktop/Fysik/AppliedML2026/Final_project_data/data/ML_data/NBI/FDM data/Arrivals/Nuuk Arrival_ 209930_OY-GRG_23_01_25_57_14.csv
2025.0,1.0,23.0,15.0,21.0,1.0,0.17999999999999994,/Users/rasmus/Desktop/Fysik/AppliedML2026/Final_project_data/data/ML_data/NBI/FDM data/Arrivals/Nuuk Arrival_ 209931_OY-GRO_23_01_25_23_15.csv
2025.0,1.0,23.0,15.0,43.0,27.0,0.29000000000000004,/Users/rasmus/Desktop/Fysik/AppliedML2026/Final_project_data/data/ML_data/NBI/FDM data/Arrivals/Nuuk Arrival_ 209933_OY-GRH_23_01_25_48_15.csv
2025.0,1.0,23.0,18.0,28.0,47.0,0.22999999999999998,/Users/rasmus/Desktop/Fysik/AppliedML2026/Final_project_data/data/ML_data/NBI/FDM data/Arrivals/Nuuk Arrival_ 209939_OY-GRO_23_01_25_29_18.csv
2025.0,1.0,23.0,19.0,17.0,38.0,0.1399999999999999,/Users/rasmus/Desktop/Fysik/AppliedML2026/Final_project_data/data/ML_data/NBI/FDM data/Arrivals/Nuuk Arrival_ 209940_OY-GRP_23_01_25_18_19.csv
2025.0,1.0,23.0,20.0,35.0,40.0,0.1499999999999999,/Users/rasmus/Desktop/Fysik/AppliedML2026/Final_project_data/data/ML_data/NBI/FDM data/Arrivals/Nuuk Arrival_ 209965_OY-GRH_23_01_25_36_20.csv
2025.0,1.0,24.0,12.0,55.0,46.0,0.19999999999999996,/Users/rasmus/Desktop/Fysik/AppliedML2026/Final_project_data/data/ML_data/NBI/FDM data/Arrivals/Nuuk Arrival_ 209972_OY-GRG_24_01_25_57_12.csv
2025.0,1.0,24.0,13.0,6.0,28.0,0.16000000000000003,/Users/rasmus/Desktop/Fysik/AppliedML2026/Final_project_data/data/ML_data/NBI/FDM data/Arrivals/Nuuk Arrival_ 209973_OY-GRH_24_01_25_07_13.csv
2025.0,1.0,24.0,13.0,10.0,51.0,0.4099999999999999,/Users/rasmus/Desktop/Fysik/AppliedML2026/Final_project_data/data/ML_data/NBI/FDM data/Arrivals/Nuuk Arrival_ 209974_OY-GRK_24_01_25_11_13.csv
2025.0,1.0,24.0,16.0,38.0,7.0,0.24,/Users/rasmus/Desktop/Fysik/AppliedML2026/Final_project_data/data/ML_data/NBI/FDM data/Arrivals/Nuuk Arrival_ 209979_OY-GRP_24_01_25_39_16.csv
2025.0,1.0,24.0,20.0,46.0,57.0,0.19999999999999996,/Users/rasmus/Desktop/Fysik/AppliedML2026/Final_project_data/data/ML_data/NBI/FDM data/Arrivals/Nuuk Arrival_ 210005_OY-GRO_24_01_25_47_20.csv
2025.0,1.0,13.0,13.0,13.0,11.0,0.28,/Users/rasmus/Desktop/Fysik/AppliedML2026/Final_project_data/data/ML_data/NBI/FDM data/Arrivals/Nuuk Arrival_ 210008_OY-GRR_13_01_25_07_13.csv
2025.0,1.0,13.0,19.0,50.0,2.0,0.17999999999999994,/Users/rasmus/Desktop/Fysik/AppliedML2026/Final_project_data/data/ML_data/NBI/FDM data/Arrivals/Nuuk Arrival_ 210010_OY-GRR_13_01_25_42_19.csv
2025.0,1.0,14.0,13.0,15.0,44.0,0.3700000000000001,/Users/rasmus/Desktop/Fysik/AppliedML2026/Final_project_data/data/ML_data/NBI/FDM data/Arrivals/Nuuk Arrival_ 210011_OY-GRR_14_01_25_14_12.csv
2025.0,1.0,14.0,15.0,34.0,37.0,0.19999999999999996,/Users/rasmus/Desktop/Fysik/AppliedML2026/Final_project_data/data/ML_data/NBI/FDM data/Arrivals/Nuuk Arrival_ 210012_OY-GRR_14_01_25_20_15.csv
2025.0,1.0,14.0,20.0,57.0,42.0,0.33999999999999997,/Users/rasmus/Desktop/Fysik/AppliedML2026/Final_project_data/data/ML_data/NBI/FDM data/Arrivals/Nuuk Arrival_ 210014_OY-GRR_14_01_25_44_20.csv
2025.0,1.0,15.0,18.0,12.0,0.0,0.42000000000000004,/Users/rasmus/Desktop/Fysik/AppliedML2026/Final_project_data/data/ML_data/NBI/FDM data/Arrivals/Nuuk Arrival_ 210017_OY-GRR_15_01_25_52_17.csv
2025.0,1.0,16.0,10.0,56.0,16.0,0.30000000000000004,/Users/rasmus/Desktop/Fysik/AppliedML2026/Final_project_data/data/ML_data/NBI/FDM data/Arrivals/Nuuk Arrival_ 210019_OY-GRR_16_01_25_50_10.csv
2025.0,1.0,16.0,15.0,9.0,13.0,0.45999999999999996,/Users/rasmus/Desktop/Fysik/AppliedML2026/Final_project_data/data/ML_data/NBI/FDM data/Arrivals/Nuuk Arrival_ 210021_OY-GRR_16_01_25_58_14.csv
2025.0,1.0,17.0,19.0,2.0,52.0,0.33999999999999997,/Users/rasmus/Desktop/Fysik/AppliedML2026/Final_project_data/data/ML_data/NBI/FDM data/Arrivals/Nuuk Arrival_ 210024_OY-GRR_17_01_25_54_18.csv
2025.0,1.0,18.0,18.0,48.0,46.0,0.25,/Users/rasmus/Desktop/Fysik/AppliedML2026/Final_project_data/data/ML_data/NBI/FDM data/Arrivals/Nuuk Arrival_ 210026_OY-GRR_18_01_25_44_18.csv
2025.0,1.0,24.0,15.0,11.0,56.0,0.1499999999999999,/Users/rasmus/Desktop/Fysik/AppliedML2026/Final_project_data/data/ML_data/NBI/FDM data/Arrivals/Nuuk Arrival_ 210029_OY-GRR_24_01_25_03_15.csv
2025.0,1.0,24.0,19.0,24.0,12.0,0.20999999999999996,/Users/rasmus/Desktop/Fysik/AppliedML2026/Final_project_data/data/ML_data/NBI/FDM data/Arrivals/Nuuk Arrival_ 210032_OY-GRR_24_01_25_22_19.csv
2025.0,1.0,24.0,21.0,42.0,34.0,0.1399999999999999,/Users/rasmus/Desktop/Fysik/AppliedML2026/Final_project_data/data/ML_data/NBI/FDM data/Arrivals/Nuuk Arrival_ 210034_OY-GRK_24_01_25_43_21.csv
2025.0,1.0,24.0,22.0,10.0,10.0,0.19999999999999996,/Users/rasmus/Desktop/Fysik/AppliedML2026/Final_project_data/data/ML_data/NBI/FDM data/Arrivals/Nuuk Arrival_ 210035_OY-GRP_24_01_25_11_22.csv
2025.0,1.0,25.0,15.0,4.0,32.0,0.18999999999999995,/Users/rasmus/Desktop/Fysik/AppliedML2026/Final_project_data/data/ML_data/NBI/FDM data/Arrivals/Nuuk Arrival_ 210041_OY-GRH_25_01_25_05_15.csv
2025.0,1.0,25.0,15.0,39.0,24.0,0.26,/Users/rasmus/Desktop/Fysik/AppliedML2026/Final_project_data/data/ML_data/NBI/FDM data/Arrivals/Nuuk Arrival_ 210045_OY-GRO_25_01_25_41_15.csv
2025.0,1.0,25.0,14.0,58.0,12.0,0.17000000000000004,/Users/rasmus/Desktop/Fysik/AppliedML2026/Final_project_data/data/ML_data/NBI/FDM data/Arrivals/Nuuk Arrival_ 210046_OY-GRP_25_01_25_00_15.csv
2025.0,1.0,25.0,19.0,15.0,23.0,0.16000000000000003,/Users/rasmus/Desktop/Fysik/AppliedML2026/Final_project_data/data/ML_data/NBI/FDM data/Arrivals/Nuuk Arrival_ 210067_OY-GRP_25_01_25_17_19.csv
2025.0,1.0,25.0,19.0,45.0,23.0,0.27,/Users/rasmus/Desktop/Fysik/AppliedML2026/Final_project_data/data/ML_data/NBI/FDM data/Arrivals/Nuuk Arrival_ 210068_OY-GRO_25_01_25_47_19.csv
2025.0,1.0,26.0,13.0,47.0,59.0,0.18999999999999995,/Users/rasmus/Desktop/Fysik/AppliedML2026/Final_project_data/data/ML_data/NBI/FDM data/Arrivals/Nuuk Arrival_ 210069_OY-GRK_26_01_25_48_13.csv
2025.0,1.0,26.0,20.0,18.0,17.0,0.1499999999999999,/Users/rasmus/Desktop/Fysik/AppliedML2026/Final_project_data/data/ML_data/NBI/FDM data/Arrivals/Nuuk Arrival_ 210074_OY-GRP_26_01_25_20_20.csv
2025.0,1.0,27.0,13.0,6.0,41.0,0.1499999999999999,/Users/rasmus/Desktop/Fysik/AppliedML2026/Final_project_data/data/ML_data/NBI/FDM data/Arrivals/Nuuk Arrival_ 210078_OY-GRG_27_01_25_09_13.csv
2025.0,1.0,27.0,12.0,54.0,49.0,0.43999999999999995,/Users/rasmus/Desktop/Fysik/AppliedML2026/Final_project_data/data/ML_data/NBI/FDM data/Arrivals/Nuuk Arrival_ 210081_OY-GRH_27_01_25_56_12.csv
2025.0,1.0,27.0,17.0,16.0,49.0,0.16000000000000003,/Users/rasmus/Desktop/Fysik/AppliedML2026/Final_project_data/data/ML_data/NBI/FDM data/Arrivals/Nuuk Arrival_ 210086_OY-GRG_27_01_25_18_17.csv
2025.0,1.0,27.0,21.0,44.0,43.0,0.26,/Users/rasmus/Desktop/Fysik/AppliedML2026/Final_project_data/data/ML_data/NBI/FDM data/Arrivals/Nuuk Arrival_ 210106_OY-GRK_27_01_25_45_21.csv
2025.0,1.0,27.0,12.0,12.0,49.0,0.28,/Users/rasmus/Desktop/Fysik/AppliedML2026/Final_project_data/data/ML_data/NBI/FDM data/Arrivals/Nuuk Arrival_ 210107_OY-GRO_27_01_25_13_12.csv
2025.0,1.0,27.0,22.0,25.0,58.0,0.28,/Users/rasmus/Desktop/Fysik/AppliedML2026/Final_project_data/data/ML_data/NBI/FDM data/Arrivals/Nuuk Arrival_ 210110_OY-GRH_27_01_25_26_22.csv
2025.0,1.0,27.0,23.0,35.0,9.0,0.20999999999999996,/Users/rasmus/Desktop/Fysik/AppliedML2026/Final_project_data/data/ML_data/NBI/FDM data/Arrivals/Nuuk Arrival_ 210111_OY-GRO_27_01_25_36_23.csv
2025.0,1.0,28.0,15.0,19.0,44.0,0.18000000000000005,/Users/rasmus/Desktop/Fysik/AppliedML2026/Final_project_data/data/ML_data/NBI/FDM data/Arrivals/Nuuk Arrival_ 210115_OY-GRG_28_01_25_21_15.csv
2025.0,1.0,28.0,18.0,58.0,37.0,0.25,/Users/rasmus/Desktop/Fysik/AppliedML2026/Final_project_data/data/ML_data/NBI/FDM data/Arrivals/Nuuk Arrival_ 210132_OY-GRH_28_01_25_00_19.csv
2025.0,1.0,28.0,19.0,30.0,35.0,0.24,/Users/rasmus/Desktop/Fysik/AppliedML2026/Final_project_data/data/ML_data/NBI/FDM data/Arrivals/Nuuk Arrival_ 210148_OY-GRK_28_01_25_34_19.csv
2025.0,1.0,28.0,20.0,54.0,49.0,0.26,/Users/rasmus/Desktop/Fysik/AppliedML2026/Final_project_data/data/ML_data/NBI/FDM data/Arrivals/Nuuk Arrival_ 210155_OY-GRO_28_01_25_55_20.csv
2025.0,1.0,28.0,23.0,38.0,36.0,0.21999999999999997,/Users/rasmus/Desktop/Fysik/AppliedML2026/Final_project_data/data/ML_data/NBI/FDM data/Arrivals/Nuuk Arrival_ 210158_OY-GRK_28_01_25_39_23.csv
2025.0,1.0,29.0,12.0,48.0,32.0,0.31000000000000005,/Users/rasmus/Desktop/Fysik/AppliedML2026/Final_project_data/data/ML_data/NBI/FDM data/Arrivals/Nuuk Arrival_ 210162_OY-GRK_29_01_25_50_12.csv
2025.0,1.0,29.0,13.0,23.0,56.0,0.30000000000000004,/Users/rasmus/Desktop/Fysik/AppliedML2026/Final_project_data/data/ML_data/NBI/FDM data/Arrivals/Nuuk Arrival_ 210163_OY-GRG_29_01_25_27_13.csv
2025.0,1.0,30.0,12.0,41.0,40.0,0.1499999999999999,/Users/rasmus/Desktop/Fysik/AppliedML2026/Final_project_data/data/ML_data/NBI/FDM data/Arrivals/Nuuk Arrival_ 210193_OY-GRH_30_01_25_42_12.csv
2025.0,1.0,30.0,15.0,31.0,52.0,0.27,/Users/rasmus/Desktop/Fysik/AppliedML2026/Final_project_data/data/ML_data/NBI/FDM data/Arrivals/Nuuk Arrival_ 210197_OY-GRH_30_01_25_33_15.csv
2025.0,1.0,30.0,19.0,37.0,3.0,0.45999999999999996,/Users/rasmus/Desktop/Fysik/AppliedML2026/Final_project_data/data/ML_data/NBI/FDM data/Arrivals/Nuuk Arrival_ 210217_OY-GRK_30_01_25_38_19.csv
2025.0,1.0,30.0,20.0,22.0,31.0,0.24,/Users/rasmus/Desktop/Fysik/AppliedML2026/Final_project_data/data/ML_data/NBI/FDM data/Arrivals/Nuuk Arrival_ 210218_OY-GRP_30_01_25_24_20.csv
2025.0,1.0,30.0,21.0,7.0,52.0,0.32000000000000006,/Users/rasmus/Desktop/Fysik/AppliedML2026/Final_project_data/data/ML_data/NBI/FDM data/Arrivals/Nuuk Arrival_ 210220_OY-GRG_30_01_25_10_21.csv
2025.0,1.0,30.0,21.0,47.0,8.0,0.53,/Users/rasmus/Desktop/Fysik/AppliedML2026/Final_project_data/data/ML_data/NBI/FDM data/Arrivals/Nuuk Arrival_ 210221_OY-GRO_30_01_25_48_21.csv
2025.0,1.0,31.0,12.0,40.0,52.0,0.1100000000000001,/Users/rasmus/Desktop/Fysik/AppliedML2026/Final_project_data/data/ML_data/NBI/FDM data/Arrivals/Nuuk Arrival_ 210227_OY-GRG_31_01_25_42_12.csv
2025.0,1.0,31.0,13.0,1.0,59.0,0.10999999999999999,/Users/rasmus/Desktop/Fysik/AppliedML2026/Final_project_data/data/ML_data/NBI/FDM data/Arrivals/Nuuk Arrival_ 210228_OY-GRK_31_01_25_02_13.csv
2025.0,1.0,31.0,13.0,18.0,35.0,0.1499999999999999,/Users/rasmus/Desktop/Fysik/AppliedML2026/Final_project_data/data/ML_data/NBI/FDM data/Arrivals/Nuuk Arrival_ 210229_OY-GRH_31_01_25_19_13.csv
2025.0,1.0,31.0,13.0,58.0,23.0,0.32000000000000006,/Users/rasmus/Desktop/Fysik/AppliedML2026/Final_project_data/data/ML_data/NBI/FDM data/Arrivals/Nuuk Arrival_ 210231_OY-GRO_31_01_25_00_14.csv
2025.0,1.0,31.0,17.0,4.0,37.0,0.1499999999999999,/Users/rasmus/Desktop/Fysik/AppliedML2026/Final_project_data/data/ML_data/NBI/FDM data/Arrivals/Nuuk Arrival_ 210242_OY-GRG_31_01_25_06_17.csv
2025.0,1.0,31.0,16.0,38.0,44.0,0.10000000000000009,/Users/rasmus/Desktop/Fysik/AppliedML2026/Final_project_data/data/ML_data/NBI/FDM data/Arrivals/Nuuk Arrival_ 210246_OY-GRP_31_01_25_39_16.csv
2025.0,1.0,31.0,18.0,57.0,29.0,0.10000000000000009,/Users/rasmus/Desktop/Fysik/AppliedML2026/Final_project_data/data/ML_data/NBI/FDM data/Arrivals/Nuuk Arrival_ 210253_OY-GRK_31_01_25_59_18.csv
2025.0,1.0,31.0,19.0,44.0,29.0,0.16999999999999993,/Users/rasmus/Desktop/Fysik/AppliedML2026/Final_project_data/data/ML_data/NBI/FDM data/Arrivals/Nuuk Arrival_ 210256_OY-GRO_31_01_25_47_19.csv
2025.0,1.0,26.0,17.0,7.0,47.0,0.15999999999999992,/Users/rasmus/Desktop/Fysik/AppliedML2026/Final_project_data/data/ML_data/NBI/FDM data/Arrivals/Nuuk Arrival_ 210267_OY-GRR_26_01_25_59_16.csv
2025.0,1.0,27.0,13.0,2.0,11.0,0.16999999999999993,/Users/rasmus/Desktop/Fysik/AppliedML2026/Final_project_data/data/ML_data/NBI/FDM data/Arrivals/Nuuk Arrival_ 210270_OY-GRR_27_01_25_56_12.csv
2025.0,1.0,27.0,17.0,22.0,9.0,0.21999999999999997,/Users/rasmus/Desktop/Fysik/AppliedML2026/Final_project_data/data/ML_data/NBI/FDM data/Arrivals/Nuuk Arrival_ 210272_OY-GRR_27_01_25_13_17.csv
2025.0,1.0,28.0,13.0,4.0,24.0,0.42000000000000004,/Users/rasmus/Desktop/Fysik/AppliedML2026/Final_project_data/data/ML_data/NBI/FDM data/Arrivals/Nuuk Arrival_ 210274_OY-GRR_28_01_25_57_12.csv
2025.0,1.0,28.0,15.0,49.0,45.0,0.19999999999999996,/Users/rasmus/Desktop/Fysik/AppliedML2026/Final_project_data/data/ML_data/NBI/FDM data/Arrivals/Nuuk Arrival_ 210276_OY-GRR_28_01_25_43_15.csv
2025.0,1.0,28.0,20.0,40.0,2.0,0.20999999999999996,/Users/rasmus/Desktop/Fysik/AppliedML2026/Final_project_data/data/ML_data/NBI/FDM data/Arrivals/Nuuk Arrival_ 210279_OY-GRR_28_01_25_34_20.csv
2025.0,1.0,31.0,15.0,19.0,33.0,0.1499999999999999,/Users/rasmus/Desktop/Fysik/AppliedML2026/Final_project_data/data/ML_data/NBI/FDM data/Arrivals/Nuuk Arrival_ 210282_OY-GRR_31_01_25_10_15.csv
2025.0,1.0,31.0,22.0,10.0,38.0,0.3500000000000001,/Users/rasmus/Desktop/Fysik/AppliedML2026/Final_project_data/data/ML_data/NBI/FDM data/Arrivals/Nuuk Arrival_ 210283_OY-GRP_31_01_25_11_22.csv
2025.0,1.0,31.0,22.0,3.0,45.0,0.18999999999999995,/Users/rasmus/Desktop/Fysik/AppliedML2026/Final_project_data/data/ML_data/NBI/FDM data/Arrivals/Nuuk Arrival_ 210284_OY-GRM_31_01_25_05_22.csv
2025.0,2.0,1.0,13.0,15.0,4.0,0.16999999999999993,/Users/rasmus/Desktop/Fysik/AppliedML2026/Final_project_data/data/ML_data/NBI/FDM data/Arrivals/Nuuk Arrival_ 210290_OY-GRK_01_02_25_17_13.csv
2025.0,2.0,1.0,15.0,16.0,23.0,0.18999999999999995,/Users/rasmus/Desktop/Fysik/AppliedML2026/Final_project_data/data/ML_data/NBI/FDM data/Arrivals/Nuuk Arrival_ 210294_OY-GRG_01_02_25_18_15.csv
2025.0,2.0,1.0,14.0,33.0,45.0,0.18999999999999995,/Users/rasmus/Desktop/Fysik/AppliedML2026/Final_project_data/data/ML_data/NBI/FDM data/Arrivals/Nuuk Arrival_ 210305_OY-GRH_01_02_25_34_14.csv
2025.0,2.0,1.0,18.0,58.0,22.0,0.16999999999999993,/Users/rasmus/Desktop/Fysik/AppliedML2026/Final_project_data/data/ML_data/NBI/FDM data/Arrivals/Nuuk Arrival_ 210309_OY-GRK_01_02_25_00_19.csv
2025.0,2.0,1.0,20.0,5.0,25.0,0.1499999999999999,/Users/rasmus/Desktop/Fysik/AppliedML2026/Final_project_data/data/ML_data/NBI/FDM data/Arrivals/Nuuk Arrival_ 210310_OY-GRG_01_02_25_07_20.csv
2025.0,2.0,2.0,12.0,28.0,19.0,0.15999999999999992,/Users/rasmus/Desktop/Fysik/AppliedML2026/Final_project_data/data/ML_data/NBI/FDM data/Arrivals/Nuuk Arrival_ 210317_OY-GRG_02_02_25_30_12.csv
2025.0,2.0,2.0,16.0,51.0,50.0,0.15999999999999992,/Users/rasmus/Desktop/Fysik/AppliedML2026/Final_project_data/data/ML_data/NBI/FDM data/Arrivals/Nuuk Arrival_ 210319_OY-GRG_02_02_25_53_16.csv
2025.0,2.0,2.0,20.0,28.0,31.0,0.08999999999999997,/Users/rasmus/Desktop/Fysik/AppliedML2026/Final_project_data/data/ML_data/NBI/FDM data/Arrivals/Nuuk Arrival_ 210321_OY-GRP_02_02_25_30_20.csv
2025.0,2.0,3.0,13.0,9.0,19.0,0.24,/Users/rasmus/Desktop/Fysik/AppliedML2026/Final_project_data/data/ML_data/NBI/FDM data/Arrivals/Nuuk Arrival_ 210327_OY-GRH_03_02_25_11_13.csv
2025.0,2.0,3.0,13.0,46.0,54.0,0.20999999999999996,/Users/rasmus/Desktop/Fysik/AppliedML2026/Final_project_data/data/ML_data/NBI/FDM data/Arrivals/Nuuk Arrival_ 210328_OY-GRO_03_02_25_48_13.csv
2025.0,2.0,3.0,14.0,12.0,20.0,0.17999999999999994,/Users/rasmus/Desktop/Fysik/AppliedML2026/Final_project_data/data/ML_data/NBI/FDM data/Arrivals/Nuuk Arrival_ 210330_OY-GRP_03_02_25_14_14.csv
2025.0,2.0,3.0,16.0,37.0,36.0,0.18999999999999995,/Users/rasmus/Desktop/Fysik/AppliedML2026/Final_project_data/data/ML_data/NBI/FDM data/Arrivals/Nuuk Arrival_ 210335_OY-GRO_03_02_25_38_16.csv
2025.0,2.0,3.0,13.0,34.0,46.0,0.18999999999999995,/Users/rasmus/Desktop/Fysik/AppliedML2026/Final_project_data/data/ML_data/NBI/FDM data/Arrivals/Nuuk Arrival_ 210341_OY-GRK_03_02_25_35_13.csv
2025.0,2.0,3.0,18.0,8.0,57.0,0.17000000000000004,/Users/rasmus/Desktop/Fysik/AppliedML2026/Final_project_data/data/ML_data/NBI/FDM data/Arrivals/Nuuk Arrival_ 210343_OY-GRG_03_02_25_10_18.csv
2025.0,2.0,3.0,21.0,40.0,19.0,0.1200000000000001,/Users/rasmus/Desktop/Fysik/AppliedML2026/Final_project_data/data/ML_data/NBI/FDM data/Arrivals/Nuuk Arrival_ 210358_OY-GRK_03_02_25_42_21.csv
2025.0,2.0,3.0,23.0,11.0,25.0,0.17999999999999994,/Users/rasmus/Desktop/Fysik/AppliedML2026/Final_project_data/data/ML_data/NBI/FDM data/Arrivals/Nuuk Arrival_ 210360_OY-GRH_03_02_25_13_23.csv
2025.0,2.0,4.0,12.0,28.0,22.0,0.19999999999999996,/Users/rasmus/Desktop/Fysik/AppliedML2026/Final_project_data/data/ML_data/NBI/FDM data/Arrivals/Nuuk Arrival_ 210370_OY-GRH_04_02_25_30_12.csv
2025.0,2.0,4.0,15.0,22.0,10.0,0.1299999999999999,/Users/rasmus/Desktop/Fysik/AppliedML2026/Final_project_data/data/ML_data/NBI/FDM data/Arrivals/Nuuk Arrival_ 210375_OY-GRH_04_02_25_24_15.csv
2025.0,2.0,4.0,15.0,8.0,3.0,0.22999999999999998,/Users/rasmus/Desktop/Fysik/AppliedML2026/Final_project_data/data/ML_data/NBI/FDM data/Arrivals/Nuuk Arrival_ 210376_OY-GRO_04_02_25_09_15.csv
2025.0,2.0,4.0,16.0,20.0,54.0,0.1200000000000001,/Users/rasmus/Desktop/Fysik/AppliedML2026/Final_project_data/data/ML_data/NBI/FDM data/Arrivals/Nuuk Arrival_ 210377_OY-GRG_04_02_25_22_16.csv
2025.0,2.0,4.0,18.0,47.0,26.0,0.1399999999999999,/Users/rasmus/Desktop/Fysik/AppliedML2026/Final_project_data/data/ML_data/NBI/FDM data/Arrivals/Nuuk Arrival_ 210389_OY-GRH_04_02_25_49_18.csv
2025.0,2.0,4.0,19.0,14.0,51.0,0.24,/Users/rasmus/Desktop/Fysik/AppliedML2026/Final_project_data/data/ML_data/NBI/FDM data/Arrivals/Nuuk Arrival_ 210396_OY-GRP_04_02_25_16_19.csv
2025.0,2.0,4.0,22.0,5.0,10.0,0.18999999999999995,/Users/rasmus/Desktop/Fysik/AppliedML2026/Final_project_data/data/ML_data/NBI/FDM data/Arrivals/Nuuk Arrival_ 210398_OY-GRG_04_02_25_07_22.csv
2025.0,2.0,5.0,12.0,32.0,25.0,0.20999999999999996,/Users/rasmus/Desktop/Fysik/AppliedML2026/Final_project_data/data/ML_data/NBI/FDM data/Arrivals/Nuuk Arrival_ 210403_OY-GRK_05_02_25_35_12.csv
2025.0,2.0,5.0,14.0,10.0,14.0,0.28,/Users/rasmus/Desktop/Fysik/AppliedML2026/Final_project_data/data/ML_data/NBI/FDM data/Arrivals/Nuuk Arrival_ 210404_OY-GRG_05_02_25_11_14.csv
2025.0,2.0,5.0,21.0,23.0,28.0,0.28,/Users/rasmus/Desktop/Fysik/AppliedML2026/Final_project_data/data/ML_data/NBI/FDM data/Arrivals/Nuuk Arrival_ 210458_OY-GRG_05_02_25_25_21.csv
2025.0,2.0,5.0,21.0,33.0,16.0,0.25,/Users/rasmus/Desktop/Fysik/AppliedML2026/Final_project_data/data/ML_data/NBI/FDM data/Arrivals/Nuuk Arrival_ 210459_OY-GRH_05_02_25_35_21.csv
2025.0,2.0,5.0,23.0,4.0,13.0,0.1200000000000001,/Users/rasmus/Desktop/Fysik/AppliedML2026/Final_project_data/data/ML_data/NBI/FDM data/Arrivals/Nuuk Arrival_ 210465_OY-GRP_05_02_25_06_23.csv
2025.0,2.0,6.0,15.0,28.0,34.0,0.31000000000000005,/Users/rasmus/Desktop/Fysik/AppliedML2026/Final_project_data/data/ML_data/NBI/FDM data/Arrivals/Nuuk Arrival_ 210474_OY-GRO_06_02_25_29_15.csv
2025.0,2.0,6.0,16.0,8.0,37.0,0.26,/Users/rasmus/Desktop/Fysik/AppliedML2026/Final_project_data/data/ML_data/NBI/FDM data/Arrivals/Nuuk Arrival_ 210478_OY-GRH_06_02_25_09_16.csv
2025.0,2.0,6.0,15.0,18.0,56.0,0.24,/Users/rasmus/Desktop/Fysik/AppliedML2026/Final_project_data/data/ML_data/NBI/FDM data/Arrivals/Nuuk Arrival_ 210485_OY-GRK_06_02_25_19_15.csv
2025.0,2.0,6.0,21.0,21.0,40.0,0.24,/Users/rasmus/Desktop/Fysik/AppliedML2026/Final_project_data/data/ML_data/NBI/FDM data/Arrivals/Nuuk Arrival_ 210506_OY-GRK_06_02_25_22_21.csv
2025.0,2.0,6.0,21.0,29.0,1.0,0.19999999999999996,/Users/rasmus/Desktop/Fysik/AppliedML2026/Final_project_data/data/ML_data/NBI/FDM data/Arrivals/Nuuk Arrival_ 210507_OY-GRH_06_02_25_30_21.csv
2025.0,2.0,6.0,19.0,55.0,12.0,0.3400000000000001,/Users/rasmus/Desktop/Fysik/AppliedML2026/Final_project_data/data/ML_data/NBI/FDM data/Arrivals/Nuuk Arrival_ 210508_OY-GRO_06_02_25_57_19.csv
2025.0,2.0,7.0,13.0,12.0,26.0,0.19999999999999996,/Users/rasmus/Desktop/Fysik/AppliedML2026/Final_project_data/data/ML_data/NBI/FDM data/Arrivals/Nuuk Arrival_ 210514_OY-GRK_07_02_25_14_13.csv
2025.0,2.0,7.0,13.0,36.0,32.0,0.16999999999999993,/Users/rasmus/Desktop/Fysik/AppliedML2026/Final_project_data/data/ML_data/NBI/FDM data/Arrivals/Nuuk Arrival_ 210515_OY-GRG_07_02_25_38_13.csv
2025.0,2.0,7.0,14.0,57.0,26.0,0.1499999999999999,/Users/rasmus/Desktop/Fysik/AppliedML2026/Final_project_data/data/ML_data/NBI/FDM data/Arrivals/Nuuk Arrival_ 210517_OY-GRH_07_02_25_59_14.csv
2025.0,2.0,7.0,18.0,24.0,28.0,0.19999999999999996,/Users/rasmus/Desktop/Fysik/AppliedML2026/Final_project_data/data/ML_data/NBI/FDM data/Arrivals/Nuuk Arrival_ 210527_OY-GRG_07_02_25_26_18.csv
2025.0,2.0,7.0,20.0,13.0,21.0,0.33000000000000007,/Users/rasmus/Desktop/Fysik/AppliedML2026/Final_project_data/data/ML_data/NBI/FDM data/Arrivals/Nuuk Arrival_ 210550_OY-GRO_07_02_25_16_20.csv
2025.0,2.0,7.0,20.0,7.0,16.0,0.22999999999999998,/Users/rasmus/Desktop/Fysik/AppliedML2026/Final_project_data/data/ML_data/NBI/FDM data/Arrivals/Nuuk Arrival_ 210551_OY-GRH_07_02_25_09_20.csv
2025.0,1.0,26.0,17.0,7.0,47.0,0.15999999999999992,/Users/rasmus/Desktop/Fysik/AppliedML2026/Final_project_data/data/ML_data/NBI/FDM data/Arrivals/Nuuk Arrival_ 210567_OY-GRR_26_01_25_59_16.csv
2025.0,1.0,27.0,13.0,2.0,11.0,0.16999999999999993,/Users/rasmus/Desktop/Fysik/AppliedML2026/Final_project_data/data/ML_data/NBI/FDM data/Arrivals/Nuuk Arrival_ 210570_OY-GRR_27_01_25_56_12.csv
2025.0,1.0,27.0,17.0,22.0,9.0,0.21999999999999997,/Users/rasmus/Desktop/Fysik/AppliedML2026/Final_project_data/data/ML_data/NBI/FDM data/Arrivals/Nuuk Arrival_ 210572_OY-GRR_27_01_25_13_17.csv
2025.0,1.0,28.0,13.0,4.0,24.0,0.42000000000000004,/Users/rasmus/Desktop/Fysik/AppliedML2026/Final_project_data/data/ML_data/NBI/FDM data/Arrivals/Nuuk Arrival_ 210574_OY-GRR_28_01_25_57_12.csv
2025.0,1.0,28.0,15.0,49.0,45.0,0.19999999999999996,/Users/rasmus/Desktop/Fysik/AppliedML2026/Final_project_data/data/ML_data/NBI/FDM data/Arrivals/Nuuk Arrival_ 210576_OY-GRR_28_01_25_43_15.csv
2025.0,1.0,28.0,20.0,40.0,2.0,0.20999999999999996,/Users/rasmus/Desktop/Fysik/AppliedML2026/Final_project_data/data/ML_data/NBI/FDM data/Arrivals/Nuuk Arrival_ 210579_OY-GRR_28_01_25_34_20.csv
2025.0,1.0,31.0,15.0,19.0,33.0,0.1499999999999999,/Users/rasmus/Desktop/Fysik/AppliedML2026/Final_project_data/data/ML_data/NBI/FDM data/Arrivals/Nuuk Arrival_ 210582_OY-GRR_31_01_25_10_15.csv
2025.0,2.0,1.0,16.0,31.0,28.0,0.53,/Users/rasmus/Desktop/Fysik/AppliedML2026/Final_project_data/data/ML_data/NBI/FDM data/Arrivals/Nuuk Arrival_ 210584_OY-GRR_01_02_25_22_16.csv
2025.0,2.0,3.0,17.0,45.0,12.0,0.15999999999999992,/Users/rasmus/Desktop/Fysik/AppliedML2026/Final_project_data/data/ML_data/NBI/FDM data/Arrivals/Nuuk Arrival_ 210587_OY-GRR_03_02_25_40_17.csv
2025.0,2.0,3.0,21.0,27.0,16.0,0.20999999999999996,/Users/rasmus/Desktop/Fysik/AppliedML2026/Final_project_data/data/ML_data/NBI/FDM data/Arrivals/Nuuk Arrival_ 210589_OY-GRR_03_02_25_20_21.csv
2025.0,2.0,4.0,15.0,51.0,57.0,0.20999999999999996,/Users/rasmus/Desktop/Fysik/AppliedML2026/Final_project_data/data/ML_data/NBI/FDM data/Arrivals/Nuuk Arrival_ 210591_OY-GRR_04_02_25_32_15.csv
2025.0,2.0,4.0,20.0,39.0,50.0,0.25,/Users/rasmus/Desktop/Fysik/AppliedML2026/Final_project_data/data/ML_data/NBI/FDM data/Arrivals/Nuuk Arrival_ 210594_OY-GRR_04_02_25_36_20.csv
2025.0,2.0,5.0,18.0,12.0,26.0,0.48,/Users/rasmus/Desktop/Fysik/AppliedML2026/Final_project_data/data/ML_data/NBI/FDM data/Arrivals/Nuuk Arrival_ 210596_OY-GRR_05_02_25_57_17.csv
2025.0,2.0,6.0,15.0,35.0,27.0,0.3700000000000001,/Users/rasmus/Desktop/Fysik/AppliedML2026/Final_project_data/data/ML_data/NBI/FDM data/Arrivals/Nuuk Arrival_ 210598_OY-GRR_06_02_25_29_15.csv
2025.0,2.0,6.0,18.0,58.0,12.0,0.3799999999999999,/Users/rasmus/Desktop/Fysik/AppliedML2026/Final_project_data/data/ML_data/NBI/FDM data/Arrivals/Nuuk Arrival_ 210600_OY-GRR_06_02_25_52_18.csv
2025.0,2.0,7.0,13.0,49.0,39.0,0.20999999999999996,/Users/rasmus/Desktop/Fysik/AppliedML2026/Final_project_data/data/ML_data/NBI/FDM data/Arrivals/Nuuk Arrival_ 210603_OY-GRR_07_02_25_39_13.csv
2025.0,2.0,7.0,18.0,27.0,28.0,0.20999999999999996,/Users/rasmus/Desktop/Fysik/AppliedML2026/Final_project_data/data/ML_data/NBI/FDM data/Arrivals/Nuuk Arrival_ 210606_OY-GRR_07_02_25_25_18.csv
2025.0,2.0,7.0,23.0,2.0,5.0,0.21999999999999997,/Users/rasmus/Desktop/Fysik/AppliedML2026/Final_project_data/data/ML_data/NBI/FDM data/Arrivals/Nuuk Arrival_ 210607_OY-GRG_07_02_25_03_23.csv
2025.0,2.0,7.0,23.0,10.0,3.0,0.17999999999999994,/Users/rasmus/Desktop/Fysik/AppliedML2026/Final_project_data/data/ML_data/NBI/FDM data/Arrivals/Nuuk Arrival_ 210608_OY-GRP_07_02_25_11_23.csv
2025.0,2.0,8.0,16.0,13.0,14.0,0.20999999999999996,/Users/rasmus/Desktop/Fysik/AppliedML2026/Final_project_data/data/ML_data/NBI/FDM data/Arrivals/Nuuk Arrival_ 210617_OY-GRG_08_02_25_15_16.csv
2025.0,2.0,8.0,19.0,31.0,3.0,0.16999999999999993,/Users/rasmus/Desktop/Fysik/AppliedML2026/Final_project_data/data/ML_data/NBI/FDM data/Arrivals/Nuuk Arrival_ 210635_OY-GRH_08_02_25_32_19.csv
2025.0,2.0,8.0,19.0,53.0,48.0,0.1200000000000001,/Users/rasmus/Desktop/Fysik/AppliedML2026/Final_project_data/data/ML_data/NBI/FDM data/Arrivals/Nuuk Arrival_ 210639_OY-GRP_08_02_25_54_19.csv
2025.0,2.0,8.0,21.0,36.0,52.0,0.13,/Users/rasmus/Desktop/Fysik/AppliedML2026/Final_project_data/data/ML_data/NBI/FDM data/Arrivals/Nuuk Arrival_ 210647_OY-GRG_08_02_25_38_21.csv
2025.0,2.0,8.0,22.0,0.0,24.0,0.47,/Users/rasmus/Desktop/Fysik/AppliedML2026/Final_project_data/data/ML_data/NBI/FDM data/Arrivals/Nuuk Arrival_ 210649_OY-GRO_08_02_25_02_22.csv
2025.0,2.0,8.0,23.0,41.0,15.0,0.22999999999999998,/Users/rasmus/Desktop/Fysik/AppliedML2026/Final_project_data/data/ML_data/NBI/FDM data/Arrivals/Nuuk Arrival_ 210650_OY-GRH_08_02_25_42_23.csv
2025.0,2.0,9.0,17.0,0.0,17.0,0.16999999999999993,/Users/rasmus/Desktop/Fysik/AppliedML2026/Final_project_data/data/ML_data/NBI/FDM data/Arrivals/Nuuk Arrival_ 210653_OY-GRG_09_02_25_01_17.csv
2025.0,2.0,9.0,20.0,48.0,31.0,0.24,/Users/rasmus/Desktop/Fysik/AppliedML2026/Final_project_data/data/ML_data/NBI/FDM data/Arrivals/Nuuk Arrival_ 210656_OY-GRP_09_02_25_49_20.csv
2025.0,2.0,10.0,14.0,27.0,16.0,0.29000000000000004,/Users/rasmus/Desktop/Fysik/AppliedML2026/Final_project_data/data/ML_data/NBI/FDM data/Arrivals/Nuuk Arrival_ 210668_OY-GRK_10_02_25_29_14.csv
2025.0,2.0,10.0,15.0,51.0,47.0,0.1200000000000001,/Users/rasmus/Desktop/Fysik/AppliedML2026/Final_project_data/data/ML_data/NBI/FDM data/Arrivals/Nuuk Arrival_ 210671_OY-GRP_10_02_25_52_15.csv
2025.0,2.0,10.0,16.0,17.0,5.0,0.1200000000000001,/Users/rasmus/Desktop/Fysik/AppliedML2026/Final_project_data/data/ML_data/NBI/FDM data/Arrivals/Nuuk Arrival_ 210672_OY-GRG_10_02_25_18_16.csv
2025.0,2.0,10.0,16.0,24.0,39.0,0.19999999999999996,/Users/rasmus/Desktop/Fysik/AppliedML2026/Final_project_data/data/ML_data/NBI/FDM data/Arrivals/Nuuk Arrival_ 210674_OY-GRH_10_02_25_25_16.csv
2025.0,2.0,10.0,19.0,29.0,42.0,0.24,/Users/rasmus/Desktop/Fysik/AppliedML2026/Final_project_data/data/ML_data/NBI/FDM data/Arrivals/Nuuk Arrival_ 210682_OY-GRK_10_02_25_30_19.csv
2025.0,2.0,10.0,19.0,17.0,53.0,0.19999999999999996,/Users/rasmus/Desktop/Fysik/AppliedML2026/Final_project_data/data/ML_data/NBI/FDM data/Arrivals/Nuuk Arrival_ 210693_OY-GRP_10_02_25_18_19.csv
2025.0,2.0,10.0,20.0,26.0,10.0,0.20999999999999996,/Users/rasmus/Desktop/Fysik/AppliedML2026/Final_project_data/data/ML_data/NBI/FDM data/Arrivals/Nuuk Arrival_ 210699_OY-GRH_10_02_25_28_20.csv
2025.0,2.0,10.0,23.0,14.0,22.0,0.26,/Users/rasmus/Desktop/Fysik/AppliedML2026/Final_project_data/data/ML_data/NBI/FDM data/Arrivals/Nuuk Arrival_ 210707_OY-GRG_10_02_25_17_23.csv
2025.0,2.0,10.0,23.0,35.0,14.0,0.16999999999999993,/Users/rasmus/Desktop/Fysik/AppliedML2026/Final_project_data/data/ML_data/NBI/FDM data/Arrivals/Nuuk Arrival_ 210708_OY-GRK_10_02_25_36_23.csv
2025.0,2.0,11.0,13.0,23.0,7.0,0.54,/Users/rasmus/Desktop/Fysik/AppliedML2026/Final_project_data/data/ML_data/NBI/FDM data/Arrivals/Nuuk Arrival_ 210724_OY-GRH_11_02_25_25_13.csv
2025.0,2.0,11.0,16.0,12.0,45.0,0.3700000000000001,/Users/rasmus/Desktop/Fysik/AppliedML2026/Final_project_data/data/ML_data/NBI/FDM data/Arrivals/Nuuk Arrival_ 210727_OY-GRG_11_02_25_15_16.csv
2025.0,2.0,11.0,17.0,13.0,38.0,0.3700000000000001,/Users/rasmus/Desktop/Fysik/AppliedML2026/Final_project_data/data/ML_data/NBI/FDM data/Arrivals/Nuuk Arrival_ 210729_OY-GRO_11_02_25_14_17.csv
2025.0,2.0,11.0,19.0,2.0,4.0,0.8799999999999999,/Users/rasmus/Desktop/Fysik/AppliedML2026/Final_project_data/data/ML_data/NBI/FDM data/Arrivals/Nuuk Arrival_ 210739_OY-GRH_11_02_25_04_19.csv
2025.0,2.0,13.0,11.0,32.0,7.0,0.20999999999999996,/Users/rasmus/Desktop/Fysik/AppliedML2026/Final_project_data/data/ML_data/NBI/FDM data/Arrivals/Nuuk Arrival_ 210771_OY-GRG_13_02_25_34_11.csv
2025.0,2.0,13.0,11.0,39.0,15.0,0.28,/Users/rasmus/Desktop/Fysik/AppliedML2026/Final_project_data/data/ML_data/NBI/FDM data/Arrivals/Nuuk Arrival_ 210772_OY-GRP_13_02_25_42_11.csv
2025.0,2.0,13.0,12.0,24.0,32.0,0.28,/Users/rasmus/Desktop/Fysik/AppliedML2026/Final_project_data/data/ML_data/NBI/FDM data/Arrivals/Nuuk Arrival_ 210773_OY-GRO_13_02_25_26_12.csv
2025.0,2.0,14.0,13.0,1.0,1.0,0.33000000000000007,/Users/rasmus/Desktop/Fysik/AppliedML2026/Final_project_data/data/ML_data/NBI/FDM data/Arrivals/Nuuk Arrival_ 210783_OY-GRH_14_02_25_03_13.csv
2025.0,2.0,14.0,13.0,33.0,15.0,0.1299999999999999,/Users/rasmus/Desktop/Fysik/AppliedML2026/Final_project_data/data/ML_data/NBI/FDM data/Arrivals/Nuuk Arrival_ 210784_OY-GRG_14_02_25_35_13.csv
2025.0,2.0,14.0,14.0,26.0,48.0,0.24,/Users/rasmus/Desktop/Fysik/AppliedML2026/Final_project_data/data/ML_data/NBI/FDM data/Arrivals/Nuuk Arrival_ 210785_OY-GRO_14_02_25_27_14.csv
2025.0,2.0,14.0,13.0,28.0,28.0,0.16999999999999993,/Users/rasmus/Desktop/Fysik/AppliedML2026/Final_project_data/data/ML_data/NBI/FDM data/Arrivals/Nuuk Arrival_ 210786_OY-GRP_14_02_25_30_13.csv
2025.0,2.0,14.0,16.0,24.0,41.0,0.25,/Users/rasmus/Desktop/Fysik/AppliedML2026/Final_project_data/data/ML_data/NBI/FDM data/Arrivals/Nuuk Arrival_ 210800_OY-GRK_14_02_25_26_16.csv
2025.0,2.0,14.0,17.0,45.0,46.0,0.13,/Users/rasmus/Desktop/Fysik/AppliedML2026/Final_project_data/data/ML_data/NBI/FDM data/Arrivals/Nuuk Arrival_ 210808_OY-GRG_14_02_25_47_17.csv
2025.0,2.0,14.0,20.0,12.0,45.0,0.18999999999999995,/Users/rasmus/Desktop/Fysik/AppliedML2026/Final_project_data/data/ML_data/NBI/FDM data/Arrivals/Nuuk Arrival_ 210828_OY-GRP_14_02_25_14_20.csv
2025.0,2.0,14.0,20.0,36.0,58.0,0.3899999999999999,/Users/rasmus/Desktop/Fysik/AppliedML2026/Final_project_data/data/ML_data/NBI/FDM data/Arrivals/Nuuk Arrival_ 210829_OY-GRG_14_02_25_39_20.csv
2025.0,2.0,1.0,16.0,31.0,28.0,0.53,/Users/rasmus/Desktop/Fysik/AppliedML2026/Final_project_data/data/ML_data/NBI/FDM data/Arrivals/Nuuk Arrival_ 210831_OY-GRR_01_02_25_22_16.csv
2025.0,2.0,3.0,17.0,45.0,12.0,0.15999999999999992,/Users/rasmus/Desktop/Fysik/AppliedML2026/Final_project_data/data/ML_data/NBI/FDM data/Arrivals/Nuuk Arrival_ 210834_OY-GRR_03_02_25_40_17.csv
2025.0,2.0,3.0,21.0,27.0,16.0,0.20999999999999996,/Users/rasmus/Desktop/Fysik/AppliedML2026/Final_project_data/data/ML_data/NBI/FDM data/Arrivals/Nuuk Arrival_ 210836_OY-GRR_03_02_25_20_21.csv
2025.0,2.0,4.0,15.0,51.0,57.0,0.20999999999999996,/Users/rasmus/Desktop/Fysik/AppliedML2026/Final_project_data/data/ML_data/NBI/FDM data/Arrivals/Nuuk Arrival_ 210838_OY-GRR_04_02_25_32_15.csv
2025.0,2.0,4.0,20.0,39.0,50.0,0.25,/Users/rasmus/Desktop/Fysik/AppliedML2026/Final_project_data/data/ML_data/NBI/FDM data/Arrivals/Nuuk Arrival_ 210841_OY-GRR_04_02_25_36_20.csv
2025.0,2.0,5.0,18.0,12.0,26.0,0.48,/Users/rasmus/Desktop/Fysik/AppliedML2026/Final_project_data/data/ML_data/NBI/FDM data/Arrivals/Nuuk Arrival_ 210843_OY-GRR_05_02_25_57_17.csv
2025.0,2.0,6.0,15.0,35.0,27.0,0.3700000000000001,/Users/rasmus/Desktop/Fysik/AppliedML2026/Final_project_data/data/ML_data/NBI/FDM data/Arrivals/Nuuk Arrival_ 210845_OY-GRR_06_02_25_29_15.csv
2025.0,2.0,6.0,18.0,58.0,12.0,0.3799999999999999,/Users/rasmus/Desktop/Fysik/AppliedML2026/Final_project_data/data/ML_data/NBI/FDM data/Arrivals/Nuuk Arrival_ 210847_OY-GRR_06_02_25_52_18.csv
2025.0,2.0,7.0,13.0,49.0,39.0,0.20999999999999996,/Users/rasmus/Desktop/Fysik/AppliedML2026/Final_project_data/data/ML_data/NBI/FDM data/Arrivals/Nuuk Arrival_ 210850_OY-GRR_07_02_25_39_13.csv
2025.0,2.0,7.0,18.0,27.0,28.0,0.20999999999999996,/Users/rasmus/Desktop/Fysik/AppliedML2026/Final_project_data/data/ML_data/NBI/FDM data/Arrivals/Nuuk Arrival_ 210853_OY-GRR_07_02_25_25_18.csv
2025.0,2.0,8.0,14.0,35.0,47.0,0.41999999999999993,/Users/rasmus/Desktop/Fysik/AppliedML2026/Final_project_data/data/ML_data/NBI/FDM data/Arrivals/Nuuk Arrival_ 210857_OY-GRR_08_02_25_34_14.csv
2025.0,2.0,8.0,20.0,24.0,15.0,0.42999999999999994,/Users/rasmus/Desktop/Fysik/AppliedML2026/Final_project_data/data/ML_data/NBI/FDM data/Arrivals/Nuuk Arrival_ 210859_OY-GRR_08_02_25_13_20.csv
2025.0,2.0,10.0,18.0,39.0,18.0,0.38,/Users/rasmus/Desktop/Fysik/AppliedML2026/Final_project_data/data/ML_data/NBI/FDM data/Arrivals/Nuuk Arrival_ 210862_OY-GRR_10_02_25_25_18.csv
2025.0,2.0,11.0,13.0,42.0,32.0,0.20999999999999996,/Users/rasmus/Desktop/Fysik/AppliedML2026/Final_project_data/data/ML_data/NBI/FDM data/Arrivals/Nuuk Arrival_ 210864_OY-GRR_11_02_25_34_13.csv
2025.0,2.0,11.0,16.0,1.0,37.0,0.19999999999999996,/Users/rasmus/Desktop/Fysik/AppliedML2026/Final_project_data/data/ML_data/NBI/FDM data/Arrivals/Nuuk Arrival_ 210865_OY-GRR_11_02_25_48_15.csv
2025.0,2.0,13.0,14.0,37.0,30.0,0.27,/Users/rasmus/Desktop/Fysik/AppliedML2026/Final_project_data/data/ML_data/NBI/FDM data/Arrivals/Nuuk Arrival_ 210867_OY-GRR_13_02_25_28_14.csv
2025.0,2.0,14.0,13.0,46.0,28.0,0.26,/Users/rasmus/Desktop/Fysik/AppliedML2026/Final_project_data/data/ML_data/NBI/FDM data/Arrivals/Nuuk Arrival_ 210869_OY-GRR_14_02_25_39_13.csv
2025.0,2.0,14.0,16.0,34.0,41.0,0.22999999999999998,/Users/rasmus/Desktop/Fysik/AppliedML2026/Final_project_data/data/ML_data/NBI/FDM data/Arrivals/Nuuk Arrival_ 210871_OY-GRR_14_02_25_31_16.csv
2025.0,2.0,14.0,20.0,41.0,23.0,0.20999999999999996,/Users/rasmus/Desktop/Fysik/AppliedML2026/Final_project_data/data/ML_data/NBI/FDM data/Arrivals/Nuuk Arrival_ 210872_OY-GRO_14_02_25_43_20.csv
2025.0,2.0,14.0,21.0,40.0,35.0,0.24,/Users/rasmus/Desktop/Fysik/AppliedML2026/Final_project_data/data/ML_data/NBI/FDM data/Arrivals/Nuuk Arrival_ 210873_OY-GRK_14_02_25_41_21.csv
2025.0,2.0,14.0,23.0,33.0,32.0,0.21999999999999997,/Users/rasmus/Desktop/Fysik/AppliedML2026/Final_project_data/data/ML_data/NBI/FDM data/Arrivals/Nuuk Arrival_ 210877_OY-GRG_14_02_25_37_23.csv
2025.0,2.0,15.0,0.0,47.0,12.0,0.26,/Users/rasmus/Desktop/Fysik/AppliedML2026/Final_project_data/data/ML_data/NBI/FDM data/Arrivals/Nuuk Arrival_ 210878_OY-GRP_15_02_25_50_00.csv
2025.0,2.0,15.0,14.0,41.0,16.0,0.18999999999999995,/Users/rasmus/Desktop/Fysik/AppliedML2026/Final_project_data/data/ML_data/NBI/FDM data/Arrivals/Nuuk Arrival_ 210886_OY-GRP_15_02_25_43_14.csv
2025.0,2.0,15.0,14.0,30.0,6.0,0.31000000000000005,/Users/rasmus/Desktop/Fysik/AppliedML2026/Final_project_data/data/ML_data/NBI/FDM data/Arrivals/Nuuk Arrival_ 210887_OY-GRO_15_02_25_34_14.csv
2025.0,2.0,15.0,15.0,10.0,59.0,0.32000000000000006,/Users/rasmus/Desktop/Fysik/AppliedML2026/Final_project_data/data/ML_data/NBI/FDM data/Arrivals/Nuuk Arrival_ 210888_OY-GRK_15_02_25_11_15.csv
2025.0,2.0,15.0,15.0,39.0,34.0,0.1499999999999999,/Users/rasmus/Desktop/Fysik/AppliedML2026/Final_project_data/data/ML_data/NBI/FDM data/Arrivals/Nuuk Arrival_ 210890_OY-GRG_15_02_25_41_15.csv
2025.0,2.0,15.0,17.0,45.0,10.0,0.24,/Users/rasmus/Desktop/Fysik/AppliedML2026/Final_project_data/data/ML_data/NBI/FDM data/Arrivals/Nuuk Arrival_ 210899_OY-GRO_15_02_25_47_17.csv
2025.0,2.0,15.0,17.0,49.0,24.0,0.30000000000000004,/Users/rasmus/Desktop/Fysik/AppliedML2026/Final_project_data/data/ML_data/NBI/FDM data/Arrivals/Nuuk Arrival_ 210903_OY-GRK_15_02_25_50_17.csv
2025.0,2.0,15.0,21.0,16.0,30.0,0.26,/Users/rasmus/Desktop/Fysik/AppliedML2026/Final_project_data/data/ML_data/NBI/FDM data/Arrivals/Nuuk Arrival_ 210904_OY-GRG_15_02_25_18_21.csv
2025.0,2.0,16.0,18.0,6.0,33.0,0.20999999999999996,/Users/rasmus/Desktop/Fysik/AppliedML2026/Final_project_data/data/ML_data/NBI/FDM data/Arrivals/Nuuk Arrival_ 210909_OY-GRG_16_02_25_08_18.csv
2025.0,2.0,16.0,18.0,38.0,17.0,0.22999999999999998,/Users/rasmus/Desktop/Fysik/AppliedML2026/Final_project_data/data/ML_data/NBI/FDM data/Arrivals/Nuuk Arrival_ 210910_OY-GRO_16_02_25_39_18.csv
2025.0,2.0,16.0,20.0,30.0,34.0,0.17999999999999994,/Users/rasmus/Desktop/Fysik/AppliedML2026/Final_project_data/data/ML_data/NBI/FDM data/Arrivals/Nuuk Arrival_ 210913_OY-GRG_16_02_25_32_20.csv
2025.0,2.0,17.0,12.0,42.0,31.0,0.16999999999999993,/Users/rasmus/Desktop/Fysik/AppliedML2026/Final_project_data/data/ML_data/NBI/FDM data/Arrivals/Nuuk Arrival_ 210921_OY-GRP_17_02_25_44_12.csv
2025.0,2.0,17.0,14.0,30.0,32.0,0.24,/Users/rasmus/Desktop/Fysik/AppliedML2026/Final_project_data/data/ML_data/NBI/FDM data/Arrivals/Nuuk Arrival_ 210925_OY-GRO_17_02_25_31_14.csv
2025.0,2.0,17.0,13.0,1.0,12.0,0.1499999999999999,/Users/rasmus/Desktop/Fysik/AppliedML2026/Final_project_data/data/ML_data/NBI/FDM data/Arrivals/Nuuk Arrival_ 210927_OY-GRG_17_02_25_02_13.csv
2025.0,2.0,17.0,16.0,53.0,56.0,0.15999999999999992,/Users/rasmus/Desktop/Fysik/AppliedML2026/Final_project_data/data/ML_data/NBI/FDM data/Arrivals/Nuuk Arrival_ 210929_OY-GRG_17_02_25_55_16.csv
2025.0,2.0,17.0,17.0,35.0,20.0,0.21999999999999997,/Users/rasmus/Desktop/Fysik/AppliedML2026/Final_project_data/data/ML_data/NBI/FDM data/Arrivals/Nuuk Arrival_ 210930_OY-GRO_17_02_25_37_17.csv
2025.0,2.0,17.0,20.0,49.0,10.0,0.32000000000000006,/Users/rasmus/Desktop/Fysik/AppliedML2026/Final_project_data/data/ML_data/NBI/FDM data/Arrivals/Nuuk Arrival_ 210960_OY-GRK_17_02_25_51_20.csv
2025.0,2.0,17.0,20.0,58.0,37.0,0.15999999999999992,/Users/rasmus/Desktop/Fysik/AppliedML2026/Final_project_data/data/ML_data/NBI/FDM data/Arrivals/Nuuk Arrival_ 210961_OY-GRG_17_02_25_00_21.csv
2025.0,2.0,17.0,23.0,26.0,49.0,0.21999999999999997,/Users/rasmus/Desktop/Fysik/AppliedML2026/Final_project_data/data/ML_data/NBI/FDM data/Arrivals/Nuuk Arrival_ 210964_OY-GRP_17_02_25_27_23.csv
2025.0,2.0,17.0,23.0,53.0,25.0,0.1499999999999999,/Users/rasmus/Desktop/Fysik/AppliedML2026/Final_project_data/data/ML_data/NBI/FDM data/Arrivals/Nuuk Arrival_ 210965_OY-GRO_17_02_25_55_23.csv
2025.0,2.0,18.0,12.0,38.0,50.0,0.18999999999999995,/Users/rasmus/Desktop/Fysik/AppliedML2026/Final_project_data/data/ML_data/NBI/FDM data/Arrivals/Nuuk Arrival_ 210970_OY-GRG_18_02_25_40_12.csv
2025.0,2.0,18.0,13.0,21.0,51.0,0.4099999999999999,/Users/rasmus/Desktop/Fysik/AppliedML2026/Final_project_data/data/ML_data/NBI/FDM data/Arrivals/Nuuk Arrival_ 210974_OY-GRK_18_02_25_23_13.csv
2025.0,2.0,18.0,15.0,12.0,32.0,0.21999999999999997,/Users/rasmus/Desktop/Fysik/AppliedML2026/Final_project_data/data/ML_data/NBI/FDM data/Arrivals/Nuuk Arrival_ 210978_OY-GRK_18_02_25_14_15.csv
2025.0,2.0,18.0,15.0,34.0,49.0,0.17999999999999994,/Users/rasmus/Desktop/Fysik/AppliedML2026/Final_project_data/data/ML_data/NBI/FDM data/Arrivals/Nuuk Arrival_ 210979_OY-GRO_18_02_25_35_15.csv
2025.0,2.0,18.0,16.0,0.0,19.0,0.18999999999999995,/Users/rasmus/Desktop/Fysik/AppliedML2026/Final_project_data/data/ML_data/NBI/FDM data/Arrivals/Nuuk Arrival_ 210980_OY-GRH_18_02_25_01_16.csv
2025.0,2.0,18.0,17.0,56.0,16.0,0.17999999999999994,/Users/rasmus/Desktop/Fysik/AppliedML2026/Final_project_data/data/ML_data/NBI/FDM data/Arrivals/Nuuk Arrival_ 210983_OY-GRK_18_02_25_58_17.csv
2025.0,2.0,18.0,15.0,16.0,19.0,0.17999999999999994,/Users/rasmus/Desktop/Fysik/AppliedML2026/Final_project_data/data/ML_data/NBI/FDM data/Arrivals/Nuuk Arrival_ 211005_OY-GRG_18_02_25_17_15.csv
2025.0,2.0,18.0,18.0,41.0,40.0,0.29000000000000004,/Users/rasmus/Desktop/Fysik/AppliedML2026/Final_project_data/data/ML_data/NBI/FDM data/Arrivals/Nuuk Arrival_ 211007_OY-GRG_18_02_25_44_18.csv
2025.0,2.0,18.0,18.0,39.0,24.0,0.22999999999999998,/Users/rasmus/Desktop/Fysik/AppliedML2026/Final_project_data/data/ML_data/NBI/FDM data/Arrivals/Nuuk Arrival_ 211029_OY-GRP_18_02_25_41_18.csv
2025.0,2.0,18.0,22.0,50.0,48.0,0.21999999999999997,/Users/rasmus/Desktop/Fysik/AppliedML2026/Final_project_data/data/ML_data/NBI/FDM data/Arrivals/Nuuk Arrival_ 211037_OY-GRK_18_02_25_51_22.csv
2025.0,2.0,18.0,23.0,22.0,9.0,0.3700000000000001,/Users/rasmus/Desktop/Fysik/AppliedML2026/Final_project_data/data/ML_data/NBI/FDM data/Arrivals/Nuuk Arrival_ 211038_OY-GRO_18_02_25_24_23.csv
2025.0,2.0,19.0,12.0,40.0,59.0,0.26,/Users/rasmus/Desktop/Fysik/AppliedML2026/Final_project_data/data/ML_data/NBI/FDM data/Arrivals/Nuuk Arrival_ 211058_OY-GRH_19_02_25_42_12.csv
2025.0,2.0,19.0,12.0,48.0,57.0,0.26,/Users/rasmus/Desktop/Fysik/AppliedML2026/Final_project_data/data/ML_data/NBI/FDM data/Arrivals/Nuuk Arrival_ 211060_OY-GRO_19_02_25_49_12.csv
2025.0,2.0,19.0,14.0,14.0,54.0,0.15999999999999992,/Users/rasmus/Desktop/Fysik/AppliedML2026/Final_project_data/data/ML_data/NBI/FDM data/Arrivals/Nuuk Arrival_ 211061_OY-GRK_19_02_25_16_14.csv
2025.0,2.0,19.0,16.0,2.0,54.0,0.21999999999999997,/Users/rasmus/Desktop/Fysik/AppliedML2026/Final_project_data/data/ML_data/NBI/FDM data/Arrivals/Nuuk Arrival_ 211068_OY-GRG_19_02_25_04_16.csv
2025.0,2.0,19.0,18.0,19.0,28.0,0.29000000000000004,/Users/rasmus/Desktop/Fysik/AppliedML2026/Final_project_data/data/ML_data/NBI/FDM data/Arrivals/Nuuk Arrival_ 211071_OY-GRK_19_02_25_22_18.csv
2025.0,2.0,19.0,17.0,4.0,20.0,0.30000000000000004,/Users/rasmus/Desktop/Fysik/AppliedML2026/Final_project_data/data/ML_data/NBI/FDM data/Arrivals/Nuuk Arrival_ 211072_OY-GRO_19_02_25_06_17.csv
2025.0,2.0,19.0,20.0,20.0,52.0,0.16999999999999993,/Users/rasmus/Desktop/Fysik/AppliedML2026/Final_project_data/data/ML_data/NBI/FDM data/Arrivals/Nuuk Arrival_ 211079_OY-GRP_19_02_25_21_20.csv
2025.0,2.0,19.0,21.0,56.0,57.0,0.17999999999999994,/Users/rasmus/Desktop/Fysik/AppliedML2026/Final_project_data/data/ML_data/NBI/FDM data/Arrivals/Nuuk Arrival_ 211082_OY-GRG_19_02_25_58_21.csv
2025.0,2.0,20.0,10.0,44.0,57.0,0.28,/Users/rasmus/Desktop/Fysik/AppliedML2026/Final_project_data/data/ML_data/NBI/FDM data/Arrivals/Nuuk Arrival_ 211105_OY-GRO_20_02_25_46_10.csv
2025.0,2.0,20.0,15.0,21.0,23.0,0.1100000000000001,/Users/rasmus/Desktop/Fysik/AppliedML2026/Final_project_data/data/ML_data/NBI/FDM data/Arrivals/Nuuk Arrival_ 211113_OY-GRG_20_02_25_23_15.csv
2025.0,2.0,20.0,15.0,28.0,28.0,0.26,/Users/rasmus/Desktop/Fysik/AppliedML2026/Final_project_data/data/ML_data/NBI/FDM data/Arrivals/Nuuk Arrival_ 211115_OY-GRH_20_02_25_30_15.csv
2025.0,2.0,20.0,15.0,19.0,17.0,0.21999999999999997,/Users/rasmus/Desktop/Fysik/AppliedML2026/Final_project_data/data/ML_data/NBI/FDM data/Arrivals/Nuuk Arrival_ 211116_OY-GRO_20_02_25_21_15.csv
2025.0,2.0,20.0,15.0,52.0,48.0,0.1499999999999999,/Users/rasmus/Desktop/Fysik/AppliedML2026/Final_project_data/data/ML_data/NBI/FDM data/Arrivals/Nuuk Arrival_ 211119_OY-GRK_20_02_25_53_15.csv
2025.0,2.0,20.0,19.0,0.0,20.0,0.21999999999999997,/Users/rasmus/Desktop/Fysik/AppliedML2026/Final_project_data/data/ML_data/NBI/FDM data/Arrivals/Nuuk Arrival_ 211145_OY-GRO_20_02_25_02_19.csv
2025.0,2.0,20.0,19.0,10.0,6.0,0.15000000000000002,/Users/rasmus/Desktop/Fysik/AppliedML2026/Final_project_data/data/ML_data/NBI/FDM data/Arrivals/Nuuk Arrival_ 211146_OY-GRP_20_02_25_12_19.csv
2025.0,2.0,20.0,20.0,40.0,46.0,0.1499999999999999,/Users/rasmus/Desktop/Fysik/AppliedML2026/Final_project_data/data/ML_data/NBI/FDM data/Arrivals/Nuuk Arrival_ 211147_OY-GRG_20_02_25_42_20.csv
2025.0,2.0,20.0,23.0,43.0,53.0,0.16999999999999993,/Users/rasmus/Desktop/Fysik/AppliedML2026/Final_project_data/data/ML_data/NBI/FDM data/Arrivals/Nuuk Arrival_ 211158_OY-GRO_20_02_25_44_23.csv
2025.0,2.0,20.0,20.0,30.0,2.0,0.18000000000000005,/Users/rasmus/Desktop/Fysik/AppliedML2026/Final_project_data/data/ML_data/NBI/FDM data/Arrivals/Nuuk Arrival_ 211159_OY-GRK_20_02_25_33_20.csv
2025.0,2.0,21.0,13.0,50.0,31.0,0.20999999999999996,/Users/rasmus/Desktop/Fysik/AppliedML2026/Final_project_data/data/ML_data/NBI/FDM data/Arrivals/Nuuk Arrival_ 211160_OY-GRH_21_02_25_51_13.csv
2025.0,2.0,21.0,16.0,17.0,19.0,0.19999999999999996,/Users/rasmus/Desktop/Fysik/AppliedML2026/Final_project_data/data/ML_data/NBI/FDM data/Arrivals/Nuuk Arrival_ 211165_OY-GRO_21_02_25_19_16.csv
2025.0,2.0,21.0,17.0,28.0,33.0,0.4099999999999999,/Users/rasmus/Desktop/Fysik/AppliedML2026/Final_project_data/data/ML_data/NBI/FDM data/Arrivals/Nuuk Arrival_ 211166_OY-GRP_21_02_25_30_17.csv
2025.0,2.0,21.0,17.0,33.0,14.0,0.10000000000000009,/Users/rasmus/Desktop/Fysik/AppliedML2026/Final_project_data/data/ML_data/NBI/FDM data/Arrivals/Nuuk Arrival_ 211167_OY-GRG_21_02_25_35_17.csv
2025.0,2.0,21.0,20.0,56.0,20.0,0.15999999999999992,/Users/rasmus/Desktop/Fysik/AppliedML2026/Final_project_data/data/ML_data/NBI/FDM data/Arrivals/Nuuk Arrival_ 211196_OY-GRP_21_02_25_58_20.csv
2025.0,2.0,21.0,18.0,33.0,52.0,0.18999999999999995,/Users/rasmus/Desktop/Fysik/AppliedML2026/Final_project_data/data/ML_data/NBI/FDM data/Arrivals/Nuuk Arrival_ 211197_OY-GRK_21_02_25_34_18.csv
2025.0,2.0,21.0,21.0,51.0,55.0,0.19999999999999996,/Users/rasmus/Desktop/Fysik/AppliedML2026/Final_project_data/data/ML_data/NBI/FDM data/Arrivals/Nuuk Arrival_ 211198_OY-GRO_21_02_25_52_21.csv
2025.0,2.0,15.0,15.0,36.0,15.0,0.17999999999999994,/Users/rasmus/Desktop/Fysik/AppliedML2026/Final_project_data/data/ML_data/NBI/FDM data/Arrivals/Nuuk Arrival_ 211201_OY-GRR_15_02_25_27_15.csv
2025.0,2.0,15.0,18.0,52.0,8.0,0.33000000000000007,/Users/rasmus/Desktop/Fysik/AppliedML2026/Final_project_data/data/ML_data/NBI/FDM data/Arrivals/Nuuk Arrival_ 211203_OY-GRR_15_02_25_47_18.csv
2025.0,2.0,17.0,17.0,21.0,52.0,0.31000000000000005,/Users/rasmus/Desktop/Fysik/AppliedML2026/Final_project_data/data/ML_data/NBI/FDM data/Arrivals/Nuuk Arrival_ 211206_OY-GRR_17_02_25_14_17.csv
2025.0,2.0,17.0,20.0,36.0,0.0,0.4099999999999999,/Users/rasmus/Desktop/Fysik/AppliedML2026/Final_project_data/data/ML_data/NBI/FDM data/Arrivals/Nuuk Arrival_ 211208_OY-GRR_17_02_25_29_20.csv
2025.0,2.0,18.0,14.0,51.0,19.0,0.19999999999999996,/Users/rasmus/Desktop/Fysik/AppliedML2026/Final_project_data/data/ML_data/NBI/FDM data/Arrivals/Nuuk Arrival_ 211210_OY-GRR_18_02_25_41_14.csv
2025.0,2.0,20.0,14.0,50.0,50.0,0.32999999999999996,/Users/rasmus/Desktop/Fysik/AppliedML2026/Final_project_data/data/ML_data/NBI/FDM data/Arrivals/Nuuk Arrival_ 211214_OY-GRR_20_02_25_44_14.csv
2025.0,2.0,20.0,18.0,50.0,45.0,0.15999999999999992,/Users/rasmus/Desktop/Fysik/AppliedML2026/Final_project_data/data/ML_data/NBI/FDM data/Arrivals/Nuuk Arrival_ 211216_OY-GRR_20_02_25_49_18.csv
2025.0,2.0,21.0,19.0,23.0,29.0,0.1399999999999999,/Users/rasmus/Desktop/Fysik/AppliedML2026/Final_project_data/data/ML_data/NBI/FDM data/Arrivals/Nuuk Arrival_ 211217_OY-GRR_21_02_25_46_18.csv
2025.0,2.0,22.0,14.0,50.0,33.0,0.18999999999999995,/Users/rasmus/Desktop/Fysik/AppliedML2026/Final_project_data/data/ML_data/NBI/FDM data/Arrivals/Nuuk Arrival_ 211226_OY-GRO_22_02_25_52_14.csv
2025.0,2.0,22.0,13.0,26.0,9.0,0.18999999999999995,/Users/rasmus/Desktop/Fysik/AppliedML2026/Final_project_data/data/ML_data/NBI/FDM data/Arrivals/Nuuk Arrival_ 211236_OY-GRH_22_02_25_28_13.csv
2025.0,2.0,22.0,15.0,32.0,25.0,0.1100000000000001,/Users/rasmus/Desktop/Fysik/AppliedML2026/Final_project_data/data/ML_data/NBI/FDM data/Arrivals/Nuuk Arrival_ 211238_OY-GRK_22_02_25_34_15.csv
2025.0,2.0,22.0,15.0,40.0,33.0,0.30000000000000004,/Users/rasmus/Desktop/Fysik/AppliedML2026/Final_project_data/data/ML_data/NBI/FDM data/Arrivals/Nuuk Arrival_ 211240_OY-GRP_22_02_25_41_15.csv
2025.0,2.0,22.0,16.0,7.0,6.0,0.26,/Users/rasmus/Desktop/Fysik/AppliedML2026/Final_project_data/data/ML_data/NBI/FDM data/Arrivals/Nuuk Arrival_ 211241_OY-GRH_22_02_25_09_16.csv
2025.0,2.0,22.0,16.0,33.0,1.0,0.1200000000000001,/Users/rasmus/Desktop/Fysik/AppliedML2026/Final_project_data/data/ML_data/NBI/FDM data/Arrivals/Nuuk Arrival_ 211244_OY-GRM_22_02_25_35_16.csv
2025.0,2.0,22.0,18.0,32.0,41.0,0.20999999999999996,/Users/rasmus/Desktop/Fysik/AppliedML2026/Final_project_data/data/ML_data/NBI/FDM data/Arrivals/Nuuk Arrival_ 211246_OY-GRG_22_02_25_34_18.csv
2025.0,2.0,22.0,20.0,12.0,15.0,0.16999999999999993,/Users/rasmus/Desktop/Fysik/AppliedML2026/Final_project_data/data/ML_data/NBI/FDM data/Arrivals/Nuuk Arrival_ 211261_OY-GRK_22_02_25_14_20.csv
2025.0,2.0,22.0,20.0,36.0,56.0,0.16999999999999993,/Users/rasmus/Desktop/Fysik/AppliedML2026/Final_project_data/data/ML_data/NBI/FDM data/Arrivals/Nuuk Arrival_ 211262_OY-GRP_22_02_25_37_20.csv
2025.0,2.0,22.0,20.0,3.0,18.0,0.15999999999999992,/Users/rasmus/Desktop/Fysik/AppliedML2026/Final_project_data/data/ML_data/NBI/FDM data/Arrivals/Nuuk Arrival_ 211263_OY-GRM_22_02_25_05_20.csv
2025.0,2.0,23.0,12.0,46.0,5.0,0.1299999999999999,/Users/rasmus/Desktop/Fysik/AppliedML2026/Final_project_data/data/ML_data/NBI/FDM data/Arrivals/Nuuk Arrival_ 211265_OY-GRK_23_02_25_48_12.csv
2025.0,2.0,22.0,21.0,11.0,54.0,0.22999999999999998,/Users/rasmus/Desktop/Fysik/AppliedML2026/Final_project_data/data/ML_data/NBI/FDM data/Arrivals/Nuuk Arrival_ 211266_OY-GRO_22_02_25_12_21.csv
2025.0,2.0,23.0,15.0,57.0,15.0,0.25,/Users/rasmus/Desktop/Fysik/AppliedML2026/Final_project_data/data/ML_data/NBI/FDM data/Arrivals/Nuuk Arrival_ 211270_OY-GRM_23_02_25_01_16.csv
2025.0,2.0,23.0,16.0,50.0,7.0,0.25,/Users/rasmus/Desktop/Fysik/AppliedML2026/Final_project_data/data/ML_data/NBI/FDM data/Arrivals/Nuuk Arrival_ 211271_OY-GRK_23_02_25_52_16.csv
2025.0,2.0,23.0,19.0,3.0,23.0,0.22999999999999998,/Users/rasmus/Desktop/Fysik/AppliedML2026/Final_project_data/data/ML_data/NBI/FDM data/Arrivals/Nuuk Arrival_ 211272_OY-GRG_23_02_25_05_19.csv
2025.0,2.0,23.0,20.0,22.0,0.0,0.22999999999999998,/Users/rasmus/Desktop/Fysik/AppliedML2026/Final_project_data/data/ML_data/NBI/FDM data/Arrivals/Nuuk Arrival_ 211273_OY-GRP_23_02_25_24_20.csv
2025.0,2.0,24.0,13.0,2.0,41.0,0.21999999999999997,/Users/rasmus/Desktop/Fysik/AppliedML2026/Final_project_data/data/ML_data/NBI/FDM data/Arrivals/Nuuk Arrival_ 211283_OY-GRH_24_02_25_02_13.csv
2025.0,2.0,24.0,14.0,50.0,43.0,0.1399999999999999,/Users/rasmus/Desktop/Fysik/AppliedML2026/Final_project_data/data/ML_data/NBI/FDM data/Arrivals/Nuuk Arrival_ 211284_OY-GRM_24_02_25_51_14.csv
2025.0,2.0,24.0,13.0,48.0,12.0,0.16000000000000003,/Users/rasmus/Desktop/Fysik/AppliedML2026/Final_project_data/data/ML_data/NBI/FDM data/Arrivals/Nuuk Arrival_ 211289_OY-GRP_24_02_25_50_13.csv
2025.0,2.0,24.0,17.0,3.0,40.0,0.3400000000000001,/Users/rasmus/Desktop/Fysik/AppliedML2026/Final_project_data/data/ML_data/NBI/FDM data/Arrivals/Nuuk Arrival_ 211292_OY-GRM_24_02_25_04_17.csv
2025.0,2.0,24.0,18.0,4.0,24.0,0.19999999999999996,/Users/rasmus/Desktop/Fysik/AppliedML2026/Final_project_data/data/ML_data/NBI/FDM data/Arrivals/Nuuk Arrival_ 211294_OY-GRO_24_02_25_06_18.csv
2025.0,2.0,24.0,19.0,21.0,36.0,0.1299999999999999,/Users/rasmus/Desktop/Fysik/AppliedML2026/Final_project_data/data/ML_data/NBI/FDM data/Arrivals/Nuuk Arrival_ 211302_OY-GRK_24_02_25_22_19.csv
2025.0,2.0,24.0,22.0,27.0,28.0,0.10000000000000009,/Users/rasmus/Desktop/Fysik/AppliedML2026/Final_project_data/data/ML_data/NBI/FDM data/Arrivals/Nuuk Arrival_ 211311_OY-GRP_24_02_25_29_22.csv
2025.0,2.0,24.0,22.0,57.0,4.0,0.21999999999999997,/Users/rasmus/Desktop/Fysik/AppliedML2026/Final_project_data/data/ML_data/NBI/FDM data/Arrivals/Nuuk Arrival_ 211312_OY-GRH_24_02_25_59_22.csv
2025.0,2.0,25.0,12.0,2.0,49.0,0.20999999999999996,/Users/rasmus/Desktop/Fysik/AppliedML2026/Final_project_data/data/ML_data/NBI/FDM data/Arrivals/Nuuk Arrival_ 211317_OY-GRH_25_02_25_03_12.csv
2025.0,2.0,25.0,15.0,9.0,45.0,0.35,/Users/rasmus/Desktop/Fysik/AppliedML2026/Final_project_data/data/ML_data/NBI/FDM data/Arrivals/Nuuk Arrival_ 211325_OY-GRH_25_02_25_10_15.csv
2025.0,2.0,25.0,15.0,26.0,10.0,0.24,/Users/rasmus/Desktop/Fysik/AppliedML2026/Final_project_data/data/ML_data/NBI/FDM data/Arrivals/Nuuk Arrival_ 211326_OY-GRK_25_02_25_28_15.csv
2025.0,2.0,25.0,14.0,55.0,59.0,0.3799999999999999,/Users/rasmus/Desktop/Fysik/AppliedML2026/Final_project_data/data/ML_data/NBI/FDM data/Arrivals/Nuuk Arrival_ 211327_OY-GRO_25_02_25_57_14.csv
2025.0,2.0,25.0,15.0,38.0,37.0,0.24,/Users/rasmus/Desktop/Fysik/AppliedML2026/Final_project_data/data/ML_data/NBI/FDM data/Arrivals/Nuuk Arrival_ 211328_OY-GRM_25_02_25_39_15.csv
2025.0,2.0,25.0,18.0,18.0,49.0,0.3999999999999999,/Users/rasmus/Desktop/Fysik/AppliedML2026/Final_project_data/data/ML_data/NBI/FDM data/Arrivals/Nuuk Arrival_ 211340_OY-GRH_25_02_25_19_18.csv
2025.0,2.0,25.0,19.0,40.0,53.0,0.43999999999999995,/Users/rasmus/Desktop/Fysik/AppliedML2026/Final_project_data/data/ML_data/NBI/FDM data/Arrivals/Nuuk Arrival_ 211346_OY-GRO_25_02_25_41_19.csv
2025.0,2.0,25.0,19.0,43.0,25.0,0.49,/Users/rasmus/Desktop/Fysik/AppliedML2026/Final_project_data/data/ML_data/NBI/FDM data/Arrivals/Nuuk Arrival_ 211352_OY-GRP_25_02_25_45_19.csv
2025.0,2.0,25.0,20.0,46.0,21.0,0.44999999999999996,/Users/rasmus/Desktop/Fysik/AppliedML2026/Final_project_data/data/ML_data/NBI/FDM data/Arrivals/Nuuk Arrival_ 211378_OY-GRM_25_02_25_48_20.csv
2025.0,2.0,26.0,12.0,34.0,13.0,0.20999999999999996,/Users/rasmus/Desktop/Fysik/AppliedML2026/Final_project_data/data/ML_data/NBI/FDM data/Arrivals/Nuuk Arrival_ 211382_OY-GRH_26_02_25_36_12.csv
2025.0,2.0,26.0,14.0,5.0,56.0,0.15999999999999992,/Users/rasmus/Desktop/Fysik/AppliedML2026/Final_project_data/data/ML_data/NBI/FDM data/Arrivals/Nuuk Arrival_ 211385_OY-GRK_26_02_25_07_14.csv
2025.0,2.0,26.0,15.0,16.0,0.0,0.31000000000000005,/Users/rasmus/Desktop/Fysik/AppliedML2026/Final_project_data/data/ML_data/NBI/FDM data/Arrivals/Nuuk Arrival_ 211386_OY-GRM_26_02_25_20_15.csv
2025.0,2.0,26.0,14.0,55.0,40.0,0.25,/Users/rasmus/Desktop/Fysik/AppliedML2026/Final_project_data/data/ML_data/NBI/FDM data/Arrivals/Nuuk Arrival_ 211394_OY-GRO_26_02_25_56_14.csv
2025.0,2.0,26.0,19.0,25.0,50.0,0.19999999999999996,/Users/rasmus/Desktop/Fysik/AppliedML2026/Final_project_data/data/ML_data/NBI/FDM data/Arrivals/Nuuk Arrival_ 211414_OY-GRO_26_02_25_27_19.csv
2025.0,2.0,26.0,20.0,58.0,35.0,0.15999999999999992,/Users/rasmus/Desktop/Fysik/AppliedML2026/Final_project_data/data/ML_data/NBI/FDM data/Arrivals/Nuuk Arrival_ 211422_OY-GRP_26_02_25_00_21.csv
2025.0,2.0,26.0,20.0,34.0,41.0,0.26,/Users/rasmus/Desktop/Fysik/AppliedML2026/Final_project_data/data/ML_data/NBI/FDM data/Arrivals/Nuuk Arrival_ 211424_OY-GRM_26_02_25_36_20.csv
2025.0,2.0,27.0,11.0,31.0,2.0,0.15999999999999992,/Users/rasmus/Desktop/Fysik/AppliedML2026/Final_project_data/data/ML_data/NBI/FDM data/Arrivals/Nuuk Arrival_ 211428_OY-GRO_27_02_25_34_11.csv
2025.0,2.0,27.0,14.0,37.0,25.0,0.10000000000000009,/Users/rasmus/Desktop/Fysik/AppliedML2026/Final_project_data/data/ML_data/NBI/FDM data/Arrivals/Nuuk Arrival_ 211435_OY-GRG_27_02_25_41_14.csv
2025.0,2.0,27.0,12.0,33.0,16.0,0.19999999999999996,/Users/rasmus/Desktop/Fysik/AppliedML2026/Final_project_data/data/ML_data/NBI/FDM data/Arrivals/Nuuk Arrival_ 211437_OY-GRJ_27_02_25_37_12.csv
2025.0,2.0,27.0,15.0,44.0,13.0,0.20999999999999996,/Users/rasmus/Desktop/Fysik/AppliedML2026/Final_project_data/data/ML_data/NBI/FDM data/Arrivals/Nuuk Arrival_ 211439_OY-GRJ_27_02_25_47_15.csv
2025.0,2.0,27.0,15.0,51.0,12.0,0.15999999999999992,/Users/rasmus/Desktop/Fysik/AppliedML2026/Final_project_data/data/ML_data/NBI/FDM data/Arrivals/Nuuk Arrival_ 211440_OY-GRO_27_02_25_53_15.csv
2025.0,2.0,27.0,14.0,55.0,4.0,0.15999999999999992,/Users/rasmus/Desktop/Fysik/AppliedML2026/Final_project_data/data/ML_data/NBI/FDM data/Arrivals/Nuuk Arrival_ 211441_OY-GRH_27_02_25_57_14.csv
2025.0,2.0,27.0,15.0,24.0,5.0,0.25,/Users/rasmus/Desktop/Fysik/AppliedML2026/Final_project_data/data/ML_data/NBI/FDM data/Arrivals/Nuuk Arrival_ 211450_OY-GRK_27_02_25_29_15.csv
2025.0,2.0,27.0,18.0,38.0,17.0,0.22999999999999998,/Users/rasmus/Desktop/Fysik/AppliedML2026/Final_project_data/data/ML_data/NBI/FDM data/Arrivals/Nuuk Arrival_ 211453_OY-GRH_27_02_25_41_18.csv
2025.0,2.0,27.0,18.0,54.0,44.0,0.22999999999999998,/Users/rasmus/Desktop/Fysik/AppliedML2026/Final_project_data/data/ML_data/NBI/FDM data/Arrivals/Nuuk Arrival_ 211454_OY-GRG_27_02_25_57_18.csv
2025.0,2.0,27.0,21.0,16.0,11.0,0.30000000000000004,/Users/rasmus/Desktop/Fysik/AppliedML2026/Final_project_data/data/ML_data/NBI/FDM data/Arrivals/Nuuk Arrival_ 211473_OY-GRO_27_02_25_19_21.csv
2025.0,2.0,27.0,21.0,58.0,51.0,0.22999999999999998,/Users/rasmus/Desktop/Fysik/AppliedML2026/Final_project_data/data/ML_data/NBI/FDM data/Arrivals/Nuuk Arrival_ 211474_OY-GRG_27_02_25_00_22.csv
2025.0,2.0,27.0,19.0,30.0,49.0,0.21999999999999997,/Users/rasmus/Desktop/Fysik/AppliedML2026/Final_project_data/data/ML_data/NBI/FDM data/Arrivals/Nuuk Arrival_ 211476_OY-GRP_27_02_25_31_19.csv
2025.0,2.0,28.0,13.0,42.0,17.0,0.24,/Users/rasmus/Desktop/Fysik/AppliedML2026/Final_project_data/data/ML_data/NBI/FDM data/Arrivals/Nuuk Arrival_ 211486_OY-GRK_28_02_25_44_13.csv
2025.0,2.0,28.0,13.0,47.0,47.0,0.24,/Users/rasmus/Desktop/Fysik/AppliedML2026/Final_project_data/data/ML_data/NBI/FDM data/Arrivals/Nuuk Arrival_ 211487_OY-GRJ_28_02_25_49_13.csv
2025.0,2.0,28.0,14.0,54.0,16.0,0.33999999999999997,/Users/rasmus/Desktop/Fysik/AppliedML2026/Final_project_data/data/ML_data/NBI/FDM data/Arrivals/Nuuk Arrival_ 211488_OY-GRG_28_02_25_56_14.csv
2025.0,2.0,28.0,19.0,21.0,31.0,0.15000000000000002,/Users/rasmus/Desktop/Fysik/AppliedML2026/Final_project_data/data/ML_data/NBI/FDM data/Arrivals/Nuuk Arrival_ 211496_OY-GRG_28_02_25_23_19.csv
2025.0,2.0,28.0,20.0,20.0,0.0,0.1499999999999999,/Users/rasmus/Desktop/Fysik/AppliedML2026/Final_project_data/data/ML_data/NBI/FDM data/Arrivals/Nuuk Arrival_ 211497_OY-GRK_28_02_25_21_20.csv
2025.0,2.0,28.0,20.0,14.0,20.0,0.24,/Users/rasmus/Desktop/Fysik/AppliedML2026/Final_project_data/data/ML_data/NBI/FDM data/Arrivals/Nuuk Arrival_ 211500_OY-GRH_28_02_25_16_20.csv
2025.0,2.0,28.0,22.0,11.0,49.0,0.18999999999999995,/Users/rasmus/Desktop/Fysik/AppliedML2026/Final_project_data/data/ML_data/NBI/FDM data/Arrivals/Nuuk Arrival_ 211505_OY-GRO_28_02_25_16_22.csv
2025.0,3.0,1.0,0.0,23.0,26.0,0.17999999999999994,/Users/rasmus/Desktop/Fysik/AppliedML2026/Final_project_data/data/ML_data/NBI/FDM data/Arrivals/Nuuk Arrival_ 211507_OY-GRP_01_03_25_25_00.csv
2025.0,3.0,1.0,12.0,43.0,20.0,0.28,/Users/rasmus/Desktop/Fysik/AppliedML2026/Final_project_data/data/ML_data/NBI/FDM data/Arrivals/Nuuk Arrival_ 211510_OY-GRO_01_03_25_45_12.csv
2025.0,3.0,1.0,14.0,16.0,34.0,0.29000000000000004,/Users/rasmus/Desktop/Fysik/AppliedML2026/Final_project_data/data/ML_data/NBI/FDM data/Arrivals/Nuuk Arrival_ 211514_OY-GRG_01_03_25_19_14.csv
2025.0,3.0,1.0,9.0,30.0,42.0,0.16999999999999993,/Users/rasmus/Desktop/Fysik/AppliedML2026/Final_project_data/data/ML_data/NBI/FDM data/Arrivals/Nuuk Arrival_ 211515_OY-GRM_01_03_25_32_09.csv
2025.0,2.0,24.0,14.0,55.0,13.0,0.3799999999999999,/Users/rasmus/Desktop/Fysik/AppliedML2026/Final_project_data/data/ML_data/NBI/FDM data/Arrivals/Nuuk Arrival_ 211518_OY-GRR_24_02_25_43_14.csv
2025.0,2.0,24.0,19.0,29.0,42.0,0.19999999999999996,/Users/rasmus/Desktop/Fysik/AppliedML2026/Final_project_data/data/ML_data/NBI/FDM data/Arrivals/Nuuk Arrival_ 211520_OY-GRR_24_02_25_15_19.csv
2025.0,2.0,25.0,20.0,5.0,16.0,0.5900000000000001,/Users/rasmus/Desktop/Fysik/AppliedML2026/Final_project_data/data/ML_data/NBI/FDM data/Arrivals/Nuuk Arrival_ 211523_OY-GRR_25_02_25_59_19.csv
2025.0,2.0,28.0,13.0,52.0,0.0,0.3799999999999999,/Users/rasmus/Desktop/Fysik/AppliedML2026/Final_project_data/data/ML_data/NBI/FDM data/Arrivals/Nuuk Arrival_ 211525_OY-GRR_28_02_25_44_13.csv
2025.0,2.0,28.0,20.0,12.0,36.0,0.45999999999999996,/Users/rasmus/Desktop/Fysik/AppliedML2026/Final_project_data/data/ML_data/NBI/FDM data/Arrivals/Nuuk Arrival_ 211527_OY-GRR_28_02_25_05_20.csv
2025.0,3.0,1.0,15.0,4.0,35.0,0.22999999999999998,/Users/rasmus/Desktop/Fysik/AppliedML2026/Final_project_data/data/ML_data/NBI/FDM data/Arrivals/Nuuk Arrival_ 211528_OY-GRP_01_03_25_05_15.csv
2025.0,3.0,1.0,15.0,19.0,9.0,0.27,/Users/rasmus/Desktop/Fysik/AppliedML2026/Final_project_data/data/ML_data/NBI/FDM data/Arrivals/Nuuk Arrival_ 211529_OY-GRO_01_03_25_21_15.csv
2025.0,3.0,1.0,15.0,28.0,50.0,0.26,/Users/rasmus/Desktop/Fysik/AppliedML2026/Final_project_data/data/ML_data/NBI/FDM data/Arrivals/Nuuk Arrival_ 211533_OY-GRH_01_03_25_31_15.csv
2025.0,3.0,1.0,19.0,13.0,13.0,0.22999999999999998,/Users/rasmus/Desktop/Fysik/AppliedML2026/Final_project_data/data/ML_data/NBI/FDM data/Arrivals/Nuuk Arrival_ 211549_OY-GRP_01_03_25_15_19.csv
2025.0,3.0,1.0,19.0,35.0,22.0,0.28,/Users/rasmus/Desktop/Fysik/AppliedML2026/Final_project_data/data/ML_data/NBI/FDM data/Arrivals/Nuuk Arrival_ 211550_OY-GRG_01_03_25_37_19.csv
2025.0,3.0,2.0,20.0,19.0,45.0,0.18000000000000005,/Users/rasmus/Desktop/Fysik/AppliedML2026/Final_project_data/data/ML_data/NBI/FDM data/Arrivals/Nuuk Arrival_ 211552_OY-GRG_02_03_25_21_20.csv
2025.0,3.0,3.0,12.0,30.0,43.0,0.22999999999999998,/Users/rasmus/Desktop/Fysik/AppliedML2026/Final_project_data/data/ML_data/NBI/FDM data/Arrivals/Nuuk Arrival_ 211559_OY-GRG_03_03_25_33_12.csv
2025.0,3.0,3.0,12.0,46.0,0.0,0.20999999999999996,/Users/rasmus/Desktop/Fysik/AppliedML2026/Final_project_data/data/ML_data/NBI/FDM data/Arrivals/Nuuk Arrival_ 211560_OY-GRO_03_03_25_47_12.csv
2025.0,3.0,3.0,13.0,20.0,28.0,0.24,/Users/rasmus/Desktop/Fysik/AppliedML2026/Final_project_data/data/ML_data/NBI/FDM data/Arrivals/Nuuk Arrival_ 211562_OY-GRH_03_03_25_24_13.csv
2025.0,3.0,3.0,13.0,42.0,13.0,0.16999999999999993,/Users/rasmus/Desktop/Fysik/AppliedML2026/Final_project_data/data/ML_data/NBI/FDM data/Arrivals/Nuuk Arrival_ 211563_OY-GRJ_03_03_25_44_13.csv
2025.0,3.0,3.0,14.0,49.0,8.0,0.14,/Users/rasmus/Desktop/Fysik/AppliedML2026/Final_project_data/data/ML_data/NBI/FDM data/Arrivals/Nuuk Arrival_ 211565_OY-GRP_03_03_25_51_14.csv
2025.0,3.0,3.0,16.0,18.0,8.0,0.26,/Users/rasmus/Desktop/Fysik/AppliedML2026/Final_project_data/data/ML_data/NBI/FDM data/Arrivals/Nuuk Arrival_ 211571_OY-GRO_03_03_25_19_16.csv
2025.0,3.0,3.0,17.0,10.0,34.0,0.25,/Users/rasmus/Desktop/Fysik/AppliedML2026/Final_project_data/data/ML_data/NBI/FDM data/Arrivals/Nuuk Arrival_ 211573_OY-GRG_03_03_25_12_17.csv
2025.0,3.0,3.0,20.0,1.0,47.0,0.22999999999999998,/Users/rasmus/Desktop/Fysik/AppliedML2026/Final_project_data/data/ML_data/NBI/FDM data/Arrivals/Nuuk Arrival_ 211597_OY-GRG_03_03_25_04_20.csv
2025.0,3.0,3.0,21.0,48.0,34.0,0.17999999999999994,/Users/rasmus/Desktop/Fysik/AppliedML2026/Final_project_data/data/ML_data/NBI/FDM data/Arrivals/Nuuk Arrival_ 211625_OY-GRP_03_03_25_50_21.csv
2025.0,3.0,3.0,19.0,37.0,36.0,0.28,/Users/rasmus/Desktop/Fysik/AppliedML2026/Final_project_data/data/ML_data/NBI/FDM data/Arrivals/Nuuk Arrival_ 211626_OY-GRH_03_03_25_38_19.csv
2025.0,3.0,3.0,23.0,48.0,12.0,0.28,/Users/rasmus/Desktop/Fysik/AppliedML2026/Final_project_data/data/ML_data/NBI/FDM data/Arrivals/Nuuk Arrival_ 211628_OY-GRH_03_03_25_50_23.csv
2025.0,3.0,3.0,22.0,49.0,2.0,0.25,/Users/rasmus/Desktop/Fysik/AppliedML2026/Final_project_data/data/ML_data/NBI/FDM data/Arrivals/Nuuk Arrival_ 211630_OY-GRO_03_03_25_51_22.csv
2025.0,3.0,4.0,12.0,27.0,56.0,0.19999999999999996,/Users/rasmus/Desktop/Fysik/AppliedML2026/Final_project_data/data/ML_data/NBI/FDM data/Arrivals/Nuuk Arrival_ 211633_OY-GRH_04_03_25_29_12.csv
2025.0,3.0,4.0,15.0,21.0,55.0,0.27,/Users/rasmus/Desktop/Fysik/AppliedML2026/Final_project_data/data/ML_data/NBI/FDM data/Arrivals/Nuuk Arrival_ 211638_OY-GRO_04_03_25_22_15.csv
2025.0,3.0,4.0,15.0,14.0,45.0,0.19999999999999996,/Users/rasmus/Desktop/Fysik/AppliedML2026/Final_project_data/data/ML_data/NBI/FDM data/Arrivals/Nuuk Arrival_ 211646_OY-GRH_04_03_25_15_15.csv
2025.0,3.0,4.0,19.0,1.0,26.0,0.1499999999999999,/Users/rasmus/Desktop/Fysik/AppliedML2026/Final_project_data/data/ML_data/NBI/FDM data/Arrivals/Nuuk Arrival_ 211663_OY-GRP_04_03_25_04_19.csv
2025.0,3.0,4.0,21.0,28.0,50.0,0.1499999999999999,/Users/rasmus/Desktop/Fysik/AppliedML2026/Final_project_data/data/ML_data/NBI/FDM data/Arrivals/Nuuk Arrival_ 211676_OY-GRG_04_03_25_31_21.csv
2025.0,3.0,4.0,22.0,8.0,26.0,0.24,/Users/rasmus/Desktop/Fysik/AppliedML2026/Final_project_data/data/ML_data/NBI/FDM data/Arrivals/Nuuk Arrival_ 211693_OY-GRO_04_03_25_10_22.csv
2025.0,3.0,4.0,18.0,52.0,58.0,0.1299999999999999,/Users/rasmus/Desktop/Fysik/AppliedML2026/Final_project_data/data/ML_data/NBI/FDM data/Arrivals/Nuuk Arrival_ 211695_OY-GRH_04_03_25_53_18.csv
2025.0,3.0,4.0,23.0,18.0,26.0,0.18999999999999995,/Users/rasmus/Desktop/Fysik/AppliedML2026/Final_project_data/data/ML_data/NBI/FDM data/Arrivals/Nuuk Arrival_ 211698_OY-GRH_04_03_25_20_23.csv
2025.0,3.0,5.0,14.0,0.0,32.0,0.16999999999999993,/Users/rasmus/Desktop/Fysik/AppliedML2026/Final_project_data/data/ML_data/NBI/FDM data/Arrivals/Nuuk Arrival_ 211701_OY-GRH_05_03_25_03_14.csv
2025.0,3.0,5.0,16.0,40.0,19.0,0.36,/Users/rasmus/Desktop/Fysik/AppliedML2026/Final_project_data/data/ML_data/NBI/FDM data/Arrivals/Nuuk Arrival_ 211704_OY-GRH_05_03_25_42_16.csv
2025.0,3.0,5.0,17.0,10.0,2.0,0.22999999999999998,/Users/rasmus/Desktop/Fysik/AppliedML2026/Final_project_data/data/ML_data/NBI/FDM data/Arrivals/Nuuk Arrival_ 211707_OY-GRG_05_03_25_12_17.csv
2025.0,3.0,5.0,19.0,44.0,50.0,0.33000000000000007,/Users/rasmus/Desktop/Fysik/AppliedML2026/Final_project_data/data/ML_data/NBI/FDM data/Arrivals/Nuuk Arrival_ 211721_OY-GRM_05_03_25_46_19.csv
2025.0,3.0,5.0,22.0,15.0,37.0,0.20999999999999996,/Users/rasmus/Desktop/Fysik/AppliedML2026/Final_project_data/data/ML_data/NBI/FDM data/Arrivals/Nuuk Arrival_ 211735_OY-GRH_05_03_25_17_22.csv
2025.0,3.0,6.0,11.0,50.0,23.0,0.21999999999999997,/Users/rasmus/Desktop/Fysik/AppliedML2026/Final_project_data/data/ML_data/NBI/FDM data/Arrivals/Nuuk Arrival_ 211743_OY-GRH_06_03_25_52_11.csv
2025.0,3.0,6.0,15.0,2.0,45.0,0.22999999999999998,/Users/rasmus/Desktop/Fysik/AppliedML2026/Final_project_data/data/ML_data/NBI/FDM data/Arrivals/Nuuk Arrival_ 211747_OY-GRH_06_03_25_03_15.csv
2025.0,3.0,6.0,15.0,54.0,42.0,0.19999999999999996,/Users/rasmus/Desktop/Fysik/AppliedML2026/Final_project_data/data/ML_data/NBI/FDM data/Arrivals/Nuuk Arrival_ 211750_OY-GRM_06_03_25_56_15.csv
2025.0,3.0,6.0,18.0,48.0,53.0,0.25,/Users/rasmus/Desktop/Fysik/AppliedML2026/Final_project_data/data/ML_data/NBI/FDM data/Arrivals/Nuuk Arrival_ 211756_OY-GRO_06_03_25_49_18.csv
2025.0,3.0,6.0,20.0,46.0,20.0,0.16999999999999993,/Users/rasmus/Desktop/Fysik/AppliedML2026/Final_project_data/data/ML_data/NBI/FDM data/Arrivals/Nuuk Arrival_ 211782_OY-GRM_06_03_25_48_20.csv
2025.0,3.0,6.0,19.0,37.0,6.0,0.25,/Users/rasmus/Desktop/Fysik/AppliedML2026/Final_project_data/data/ML_data/NBI/FDM data/Arrivals/Nuuk Arrival_ 211798_OY-GRH_06_03_25_38_19.csv
2025.0,3.0,6.0,15.0,48.0,32.0,0.15999999999999992,/Users/rasmus/Desktop/Fysik/AppliedML2026/Final_project_data/data/ML_data/NBI/FDM data/Arrivals/Nuuk Arrival_ 211800_OY-GRG_06_03_25_50_15.csv
2025.0,3.0,6.0,23.0,16.0,19.0,0.15999999999999992,/Users/rasmus/Desktop/Fysik/AppliedML2026/Final_project_data/data/ML_data/NBI/FDM data/Arrivals/Nuuk Arrival_ 211802_OY-GRP_06_03_25_18_23.csv
2025.0,3.0,6.0,22.0,2.0,39.0,0.49,/Users/rasmus/Desktop/Fysik/AppliedML2026/Final_project_data/data/ML_data/NBI/FDM data/Arrivals/Nuuk Arrival_ 211803_OY-GRO_06_03_25_03_22.csv
2025.0,3.0,6.0,20.0,17.0,38.0,0.15000000000000002,/Users/rasmus/Desktop/Fysik/AppliedML2026/Final_project_data/data/ML_data/NBI/FDM data/Arrivals/Nuuk Arrival_ 211805_OY-GRG_06_03_25_59_21.csv
2025.0,3.0,7.0,12.0,55.0,52.0,0.18999999999999995,/Users/rasmus/Desktop/Fysik/AppliedML2026/Final_project_data/data/ML_data/NBI/FDM data/Arrivals/Nuuk Arrival_ 211820_OY-GRO_07_03_25_56_12.csv
2025.0,3.0,7.0,13.0,18.0,16.0,0.1399999999999999,/Users/rasmus/Desktop/Fysik/AppliedML2026/Final_project_data/data/ML_data/NBI/FDM data/Arrivals/Nuuk Arrival_ 211821_OY-GRM_07_03_25_20_13.csv
2025.0,3.0,7.0,13.0,27.0,20.0,0.20999999999999996,/Users/rasmus/Desktop/Fysik/AppliedML2026/Final_project_data/data/ML_data/NBI/FDM data/Arrivals/Nuuk Arrival_ 211822_OY-GRP_07_03_25_29_13.csv
2025.0,3.0,7.0,18.0,5.0,4.0,0.19999999999999996,/Users/rasmus/Desktop/Fysik/AppliedML2026/Final_project_data/data/ML_data/NBI/FDM data/Arrivals/Nuuk Arrival_ 211827_OY-GRM_07_03_25_07_18.csv
2025.0,3.0,7.0,18.0,41.0,48.0,0.1200000000000001,/Users/rasmus/Desktop/Fysik/AppliedML2026/Final_project_data/data/ML_data/NBI/FDM data/Arrivals/Nuuk Arrival_ 211830_OY-GRG_07_03_25_43_18.csv
2025.0,3.0,7.0,20.0,18.0,38.0,0.17999999999999994,/Users/rasmus/Desktop/Fysik/AppliedML2026/Final_project_data/data/ML_data/NBI/FDM data/Arrivals/Nuuk Arrival_ 211842_OY-GRM_07_03_25_19_20.csv
2025.0,3.0,7.0,23.0,58.0,26.0,0.19999999999999996,/Users/rasmus/Desktop/Fysik/AppliedML2026/Final_project_data/data/ML_data/NBI/FDM data/Arrivals/Nuuk Arrival_ 211874_OY-GRO_07_03_25_59_23.csv
2025.0,3.0,3.0,9.0,48.0,57.0,0.19999999999999996,/Users/rasmus/Desktop/Fysik/AppliedML2026/Final_project_data/data/ML_data/NBI/FDM data/Arrivals/Nuuk Arrival_ 211875_OY-GRR_03_03_25_36_09.csv
2025.0,3.0,3.0,21.0,14.0,0.0,0.3500000000000001,/Users/rasmus/Desktop/Fysik/AppliedML2026/Final_project_data/data/ML_data/NBI/FDM data/Arrivals/Nuuk Arrival_ 211877_OY-GRR_03_03_25_07_21.csv
2025.0,3.0,4.0,14.0,22.0,31.0,0.42000000000000004,/Users/rasmus/Desktop/Fysik/AppliedML2026/Final_project_data/data/ML_data/NBI/FDM data/Arrivals/Nuuk Arrival_ 211879_OY-GRR_04_03_25_14_14.csv
2025.0,3.0,4.0,19.0,18.0,16.0,0.17999999999999994,/Users/rasmus/Desktop/Fysik/AppliedML2026/Final_project_data/data/ML_data/NBI/FDM data/Arrivals/Nuuk Arrival_ 211881_OY-GRR_04_03_25_12_19.csv
2025.0,3.0,5.0,13.0,16.0,37.0,0.35,/Users/rasmus/Desktop/Fysik/AppliedML2026/Final_project_data/data/ML_data/NBI/FDM data/Arrivals/Nuuk Arrival_ 211884_OY-GRR_05_03_25_13_13.csv
2025.0,3.0,5.0,17.0,30.0,21.0,0.27,/Users/rasmus/Desktop/Fysik/AppliedML2026/Final_project_data/data/ML_data/NBI/FDM data/Arrivals/Nuuk Arrival_ 211887_OY-GRR_05_03_25_24_17.csv
2025.0,3.0,6.0,11.0,13.0,54.0,0.16999999999999993,/Users/rasmus/Desktop/Fysik/AppliedML2026/Final_project_data/data/ML_data/NBI/FDM data/Arrivals/Nuuk Arrival_ 211889_OY-GRR_06_03_25_07_11.csv
2025.0,3.0,6.0,15.0,42.0,16.0,0.24,/Users/rasmus/Desktop/Fysik/AppliedML2026/Final_project_data/data/ML_data/NBI/FDM data/Arrivals/Nuuk Arrival_ 211891_OY-GRR_06_03_25_35_15.csv
2025.0,3.0,6.0,21.0,53.0,29.0,0.18999999999999995,/Users/rasmus/Desktop/Fysik/AppliedML2026/Final_project_data/data/ML_data/NBI/FDM data/Arrivals/Nuuk Arrival_ 211893_OY-GRR_06_03_25_43_21.csv
2025.0,3.0,7.0,11.0,40.0,48.0,0.15999999999999992,/Users/rasmus/Desktop/Fysik/AppliedML2026/Final_project_data/data/ML_data/NBI/FDM data/Arrivals/Nuuk Arrival_ 211894_OY-GRR_07_03_25_12_11.csv
2025.0,3.0,7.0,17.0,52.0,47.0,0.31999999999999995,/Users/rasmus/Desktop/Fysik/AppliedML2026/Final_project_data/data/ML_data/NBI/FDM data/Arrivals/Nuuk Arrival_ 211897_OY-GRR_07_03_25_46_17.csv
2025.0,3.0,7.0,23.0,8.0,14.0,0.15999999999999992,/Users/rasmus/Desktop/Fysik/AppliedML2026/Final_project_data/data/ML_data/NBI/FDM data/Arrivals/Nuuk Arrival_ 211899_OY-GRR_07_03_25_58_22.csv
2025.0,3.0,8.0,0.0,21.0,44.0,0.13,/Users/rasmus/Desktop/Fysik/AppliedML2026/Final_project_data/data/ML_data/NBI/FDM data/Arrivals/Nuuk Arrival_ 211900_OY-GRG_08_03_25_23_00.csv
2025.0,3.0,7.0,23.0,46.0,10.0,0.15999999999999992,/Users/rasmus/Desktop/Fysik/AppliedML2026/Final_project_data/data/ML_data/NBI/FDM data/Arrivals/Nuuk Arrival_ 211901_OY-GRP_07_03_25_48_23.csv
2025.0,3.0,8.0,15.0,50.0,6.0,0.3500000000000001,/Users/rasmus/Desktop/Fysik/AppliedML2026/Final_project_data/data/ML_data/NBI/FDM data/Arrivals/Nuuk Arrival_ 211904_OY-GRO_08_03_25_51_15.csv
2025.0,3.0,11.0,11.0,43.0,16.0,0.19999999999999996,/Users/rasmus/Desktop/Fysik/AppliedML2026/Final_project_data/data/ML_data/NBI/FDM data/Arrivals/Nuuk Arrival_ 211961_OY-GRH_11_03_25_45_11.csv
2025.0,3.0,11.0,13.0,1.0,42.0,0.24,/Users/rasmus/Desktop/Fysik/AppliedML2026/Final_project_data/data/ML_data/NBI/FDM data/Arrivals/Nuuk Arrival_ 211964_OY-GRM_11_03_25_02_13.csv
2025.0,3.0,11.0,14.0,17.0,21.0,0.24,/Users/rasmus/Desktop/Fysik/AppliedML2026/Final_project_data/data/ML_data/NBI/FDM data/Arrivals/Nuuk Arrival_ 211966_OY-GRP_11_03_25_19_14.csv
2025.0,3.0,11.0,16.0,17.0,46.0,0.15999999999999992,/Users/rasmus/Desktop/Fysik/AppliedML2026/Final_project_data/data/ML_data/NBI/FDM data/Arrivals/Nuuk Arrival_ 211981_OY-GRM_11_03_25_19_16.csv
2025.0,3.0,11.0,14.0,53.0,56.0,0.14,/Users/rasmus/Desktop/Fysik/AppliedML2026/Final_project_data/data/ML_data/NBI/FDM data/Arrivals/Nuuk Arrival_ 211994_OY-GRG_11_03_25_56_14.csv
2025.0,3.0,11.0,19.0,39.0,25.0,0.19999999999999996,/Users/rasmus/Desktop/Fysik/AppliedML2026/Final_project_data/data/ML_data/NBI/FDM data/Arrivals/Nuuk Arrival_ 211997_OY-GRM_11_03_25_41_19.csv
2025.0,3.0,11.0,19.0,48.0,25.0,0.14,/Users/rasmus/Desktop/Fysik/AppliedML2026/Final_project_data/data/ML_data/NBI/FDM data/Arrivals/Nuuk Arrival_ 212002_OY-GRP_11_03_25_49_19.csv
2025.0,3.0,11.0,19.0,56.0,17.0,0.1100000000000001,/Users/rasmus/Desktop/Fysik/AppliedML2026/Final_project_data/data/ML_data/NBI/FDM data/Arrivals/Nuuk Arrival_ 212003_OY-GRG_11_03_25_57_19.csv
2025.0,3.0,11.0,19.0,16.0,3.0,0.17999999999999994,/Users/rasmus/Desktop/Fysik/AppliedML2026/Final_project_data/data/ML_data/NBI/FDM data/Arrivals/Nuuk Arrival_ 212016_OY-GRO_11_03_25_17_19.csv
2025.0,3.0,11.0,22.0,42.0,47.0,0.15000000000000002,/Users/rasmus/Desktop/Fysik/AppliedML2026/Final_project_data/data/ML_data/NBI/FDM data/Arrivals/Nuuk Arrival_ 212020_OY-GRP_11_03_25_44_22.csv
2025.0,3.0,11.0,22.0,48.0,28.0,0.12,/Users/rasmus/Desktop/Fysik/AppliedML2026/Final_project_data/data/ML_data/NBI/FDM data/Arrivals/Nuuk Arrival_ 212021_OY-GRG_11_03_25_50_22.csv
2025.0,3.0,12.0,0.0,39.0,39.0,0.28,/Users/rasmus/Desktop/Fysik/AppliedML2026/Final_project_data/data/ML_data/NBI/FDM data/Arrivals/Nuuk Arrival_ 212022_OY-GRO_12_03_25_40_00.csv
2025.0,3.0,12.0,12.0,16.0,40.0,0.25,/Users/rasmus/Desktop/Fysik/AppliedML2026/Final_project_data/data/ML_data/NBI/FDM data/Arrivals/Nuuk Arrival_ 212028_OY-GRP_12_03_25_17_12.csv
2025.0,3.0,12.0,12.0,56.0,12.0,0.28,/Users/rasmus/Desktop/Fysik/AppliedML2026/Final_project_data/data/ML_data/NBI/FDM data/Arrivals/Nuuk Arrival_ 212030_OY-GRO_12_03_25_58_12.csv
2025.0,3.0,12.0,13.0,22.0,27.0,0.29000000000000004,/Users/rasmus/Desktop/Fysik/AppliedML2026/Final_project_data/data/ML_data/NBI/FDM data/Arrivals/Nuuk Arrival_ 212031_OY-GRM_12_03_25_24_13.csv
2025.0,3.0,12.0,14.0,12.0,56.0,0.24,/Users/rasmus/Desktop/Fysik/AppliedML2026/Final_project_data/data/ML_data/NBI/FDM data/Arrivals/Nuuk Arrival_ 212032_OY-GRG_12_03_25_15_14.csv
2025.0,3.0,12.0,19.0,16.0,23.0,0.18999999999999995,/Users/rasmus/Desktop/Fysik/AppliedML2026/Final_project_data/data/ML_data/NBI/FDM data/Arrivals/Nuuk Arrival_ 212051_OY-GRM_12_03_25_18_19.csv
2025.0,3.0,12.0,19.0,51.0,18.0,0.10000000000000009,/Users/rasmus/Desktop/Fysik/AppliedML2026/Final_project_data/data/ML_data/NBI/FDM data/Arrivals/Nuuk Arrival_ 212080_OY-GRG_12_03_25_53_19.csv
2025.0,3.0,12.0,21.0,22.0,29.0,0.1100000000000001,/Users/rasmus/Desktop/Fysik/AppliedML2026/Final_project_data/data/ML_data/NBI/FDM data/Arrivals/Nuuk Arrival_ 212086_OY-GRP_12_03_25_24_21.csv
2025.0,3.0,12.0,22.0,17.0,39.0,0.26,/Users/rasmus/Desktop/Fysik/AppliedML2026/Final_project_data/data/ML_data/NBI/FDM data/Arrivals/Nuuk Arrival_ 212088_OY-GRO_12_03_25_18_22.csv
2025.0,3.0,13.0,10.0,35.0,38.0,0.27,/Users/rasmus/Desktop/Fysik/AppliedML2026/Final_project_data/data/ML_data/NBI/FDM data/Arrivals/Nuuk Arrival_ 212089_OY-GRO_13_03_25_39_10.csv
2025.0,3.0,14.0,10.0,33.0,37.0,0.1399999999999999,/Users/rasmus/Desktop/Fysik/AppliedML2026/Final_project_data/data/ML_data/NBI/FDM data/Arrivals/Nuuk Arrival_ 212141_OY-GRG_14_03_25_35_10.csv
2025.0,3.0,14.0,10.0,44.0,34.0,0.09000000000000008,/Users/rasmus/Desktop/Fysik/AppliedML2026/Final_project_data/data/ML_data/NBI/FDM data/Arrivals/Nuuk Arrival_ 212142_OY-GRP_14_03_25_45_10.csv
2025.0,3.0,14.0,11.0,24.0,30.0,0.14,/Users/rasmus/Desktop/Fysik/AppliedML2026/Final_project_data/data/ML_data/NBI/FDM data/Arrivals/Nuuk Arrival_ 212145_OY-GRM_14_03_25_26_11.csv
2025.0,3.0,14.0,13.0,15.0,29.0,0.24,/Users/rasmus/Desktop/Fysik/AppliedML2026/Final_project_data/data/ML_data/NBI/FDM data/Arrivals/Nuuk Arrival_ 212148_OY-GRO_14_03_25_17_13.csv
2025.0,3.0,14.0,15.0,28.0,17.0,0.14,/Users/rasmus/Desktop/Fysik/AppliedML2026/Final_project_data/data/ML_data/NBI/FDM data/Arrivals/Nuuk Arrival_ 212153_OY-GRP_14_03_25_30_15.csv
2025.0,3.0,14.0,13.0,23.0,3.0,0.27,/Users/rasmus/Desktop/Fysik/AppliedML2026/Final_project_data/data/ML_data/NBI/FDM data/Arrivals/Nuuk Arrival_ 212156_OY-GRH_14_03_25_25_13.csv
2025.0,3.0,14.0,17.0,23.0,23.0,0.15999999999999992,/Users/rasmus/Desktop/Fysik/AppliedML2026/Final_project_data/data/ML_data/NBI/FDM data/Arrivals/Nuuk Arrival_ 212160_OY-GRG_14_03_25_25_17.csv
2025.0,3.0,14.0,17.0,43.0,16.0,0.18999999999999995,/Users/rasmus/Desktop/Fysik/AppliedML2026/Final_project_data/data/ML_data/NBI/FDM data/Arrivals/Nuuk Arrival_ 212162_OY-GRO_14_03_25_45_17.csv
2025.0,3.0,14.0,20.0,21.0,41.0,0.1299999999999999,/Users/rasmus/Desktop/Fysik/AppliedML2026/Final_project_data/data/ML_data/NBI/FDM data/Arrivals/Nuuk Arrival_ 212174_OY-GRM_14_03_25_22_20.csv
2025.0,3.0,14.0,19.0,22.0,46.0,0.28,/Users/rasmus/Desktop/Fysik/AppliedML2026/Final_project_data/data/ML_data/NBI/FDM data/Arrivals/Nuuk Arrival_ 212186_OY-GRP_14_03_25_23_19.csv
2025.0,3.0,14.0,22.0,2.0,11.0,0.17999999999999994,/Users/rasmus/Desktop/Fysik/AppliedML2026/Final_project_data/data/ML_data/NBI/FDM data/Arrivals/Nuuk Arrival_ 212188_OY-GRG_14_03_25_04_22.csv
2025.0,3.0,14.0,23.0,59.0,59.0,0.21999999999999997,/Users/rasmus/Desktop/Fysik/AppliedML2026/Final_project_data/data/ML_data/NBI/FDM data/Arrivals/Nuuk Arrival_ 212213_OY-GRO_15_03_25_00_00.csv
2025.0,3.0,15.0,0.0,23.0,49.0,0.14,/Users/rasmus/Desktop/Fysik/AppliedML2026/Final_project_data/data/ML_data/NBI/FDM data/Arrivals/Nuuk Arrival_ 212214_OY-GRM_15_03_25_25_00.csv
2025.0,3.0,15.0,0.0,57.0,24.0,0.09999999999999998,/Users/rasmus/Desktop/Fysik/AppliedML2026/Final_project_data/data/ML_data/NBI/FDM data/Arrivals/Nuuk Arrival_ 212216_OY-GRP_15_03_25_59_00.csv
2025.0,3.0,15.0,2.0,31.0,47.0,0.31000000000000005,/Users/rasmus/Desktop/Fysik/AppliedML2026/Final_project_data/data/ML_data/NBI/FDM data/Arrivals/Nuuk Arrival_ 212217_OY-GRH_15_03_25_32_02.csv
2025.0,3.0,15.0,13.0,24.0,31.0,0.16999999999999993,/Users/rasmus/Desktop/Fysik/AppliedML2026/Final_project_data/data/ML_data/NBI/FDM data/Arrivals/Nuuk Arrival_ 212222_OY-GRO_15_03_25_25_13.csv
2025.0,3.0,15.0,15.0,16.0,47.0,0.16999999999999993,/Users/rasmus/Desktop/Fysik/AppliedML2026/Final_project_data/data/ML_data/NBI/FDM data/Arrivals/Nuuk Arrival_ 212226_OY-GRH_15_03_25_18_15.csv
2025.0,3.0,15.0,15.0,20.0,31.0,0.18999999999999995,/Users/rasmus/Desktop/Fysik/AppliedML2026/Final_project_data/data/ML_data/NBI/FDM data/Arrivals/Nuuk Arrival_ 212228_OY-GRG_15_03_25_22_15.csv
2025.0,3.0,15.0,15.0,57.0,20.0,0.3400000000000001,/Users/rasmus/Desktop/Fysik/AppliedML2026/Final_project_data/data/ML_data/NBI/FDM data/Arrivals/Nuuk Arrival_ 212229_OY-GRJ_15_03_25_59_15.csv
2025.0,3.0,15.0,16.0,38.0,4.0,0.20999999999999996,/Users/rasmus/Desktop/Fysik/AppliedML2026/Final_project_data/data/ML_data/NBI/FDM data/Arrivals/Nuuk Arrival_ 212230_OY-GRO_15_03_25_40_16.csv
2025.0,3.0,15.0,19.0,52.0,0.0,0.20999999999999996,/Users/rasmus/Desktop/Fysik/AppliedML2026/Final_project_data/data/ML_data/NBI/FDM data/Arrivals/Nuuk Arrival_ 212245_OY-GRO_15_03_25_53_19.csv
2025.0,3.0,15.0,19.0,8.0,30.0,0.15999999999999992,/Users/rasmus/Desktop/Fysik/AppliedML2026/Final_project_data/data/ML_data/NBI/FDM data/Arrivals/Nuuk Arrival_ 212253_OY-GRH_15_03_25_10_19.csv
2025.0,3.0,15.0,21.0,21.0,5.0,0.15999999999999992,/Users/rasmus/Desktop/Fysik/AppliedML2026/Final_project_data/data/ML_data/NBI/FDM data/Arrivals/Nuuk Arrival_ 212255_OY-GRP_15_03_25_23_21.csv
2025.0,3.0,15.0,20.0,29.0,41.0,0.1299999999999999,/Users/rasmus/Desktop/Fysik/AppliedML2026/Final_project_data/data/ML_data/NBI/FDM data/Arrivals/Nuuk Arrival_ 212256_OY-GRJ_15_03_25_30_20.csv
2025.0,3.0,15.0,22.0,54.0,19.0,0.20999999999999996,/Users/rasmus/Desktop/Fysik/AppliedML2026/Final_project_data/data/ML_data/NBI/FDM data/Arrivals/Nuuk Arrival_ 212258_OY-GRH_15_03_25_56_22.csv
2025.0,3.0,15.0,23.0,31.0,20.0,0.16999999999999993,/Users/rasmus/Desktop/Fysik/AppliedML2026/Final_project_data/data/ML_data/NBI/FDM data/Arrivals/Nuuk Arrival_ 212260_OY-GRO_15_03_25_33_23.csv
2025.0,3.0,16.0,0.0,20.0,30.0,0.1499999999999999,/Users/rasmus/Desktop/Fysik/AppliedML2026/Final_project_data/data/ML_data/NBI/FDM data/Arrivals/Nuuk Arrival_ 212261_OY-GRJ_16_03_25_21_00.csv
2025.0,3.0,16.0,12.0,47.0,28.0,0.21999999999999997,/Users/rasmus/Desktop/Fysik/AppliedML2026/Final_project_data/data/ML_data/NBI/FDM data/Arrivals/Nuuk Arrival_ 212264_OY-GRJ_16_03_25_49_12.csv
2025.0,3.0,8.0,12.0,28.0,43.0,0.4099999999999999,/Users/rasmus/Desktop/Fysik/AppliedML2026/Final_project_data/data/ML_data/NBI/FDM data/Arrivals/Nuuk Arrival_ 212266_OY-GRR_08_03_25_23_12.csv
2025.0,3.0,11.0,11.0,12.0,16.0,0.27,/Users/rasmus/Desktop/Fysik/AppliedML2026/Final_project_data/data/ML_data/NBI/FDM data/Arrivals/Nuuk Arrival_ 212267_OY-GRR_11_03_25_33_10.csv
2025.0,3.0,16.0,14.0,46.0,58.0,0.16999999999999993,/Users/rasmus/Desktop/Fysik/AppliedML2026/Final_project_data/data/ML_data/NBI/FDM data/Arrivals/Nuuk Arrival_ 212269_OY-GRP_16_03_25_47_14.csv
2025.0,3.0,16.0,18.0,41.0,28.0,0.26,/Users/rasmus/Desktop/Fysik/AppliedML2026/Final_project_data/data/ML_data/NBI/FDM data/Arrivals/Nuuk Arrival_ 212280_OY-GRP_16_03_25_43_18.csv
2025.0,3.0,16.0,18.0,12.0,34.0,0.20999999999999996,/Users/rasmus/Desktop/Fysik/AppliedML2026/Final_project_data/data/ML_data/NBI/FDM data/Arrivals/Nuuk Arrival_ 212283_OY-GRJ_16_03_25_14_18.csv
2025.0,3.0,17.0,13.0,19.0,59.0,0.29000000000000004,/Users/rasmus/Desktop/Fysik/AppliedML2026/Final_project_data/data/ML_data/NBI/FDM data/Arrivals/Nuuk Arrival_ 212292_OY-GRM_17_03_25_20_13.csv
2025.0,3.0,17.0,13.0,22.0,45.0,0.22999999999999998,/Users/rasmus/Desktop/Fysik/AppliedML2026/Final_project_data/data/ML_data/NBI/FDM data/Arrivals/Nuuk Arrival_ 212293_OY-GRH_17_03_25_23_13.csv
2025.0,3.0,17.0,13.0,39.0,29.0,0.18000000000000005,/Users/rasmus/Desktop/Fysik/AppliedML2026/Final_project_data/data/ML_data/NBI/FDM data/Arrivals/Nuuk Arrival_ 212294_OY-GRP_17_03_25_41_13.csv
2025.0,3.0,17.0,13.0,46.0,31.0,0.18999999999999995,/Users/rasmus/Desktop/Fysik/AppliedML2026/Final_project_data/data/ML_data/NBI/FDM data/Arrivals/Nuuk Arrival_ 212296_OY-GRJ_17_03_25_49_13.csv
2025.0,3.0,17.0,16.0,34.0,14.0,0.28,/Users/rasmus/Desktop/Fysik/AppliedML2026/Final_project_data/data/ML_data/NBI/FDM data/Arrivals/Nuuk Arrival_ 212303_OY-GRO_17_03_25_36_16.csv
2025.0,3.0,17.0,17.0,48.0,23.0,0.1100000000000001,/Users/rasmus/Desktop/Fysik/AppliedML2026/Final_project_data/data/ML_data/NBI/FDM data/Arrivals/Nuuk Arrival_ 212305_OY-GRP_17_03_25_50_17.csv
2025.0,3.0,17.0,17.0,43.0,45.0,0.22999999999999998,/Users/rasmus/Desktop/Fysik/AppliedML2026/Final_project_data/data/ML_data/NBI/FDM data/Arrivals/Nuuk Arrival_ 212306_OY-GRM_17_03_25_44_17.csv
2025.0,3.0,17.0,18.0,31.0,20.0,0.18999999999999995,/Users/rasmus/Desktop/Fysik/AppliedML2026/Final_project_data/data/ML_data/NBI/FDM data/Arrivals/Nuuk Arrival_ 212308_OY-GRH_17_03_25_33_18.csv
2025.0,3.0,17.0,19.0,48.0,45.0,0.16999999999999993,/Users/rasmus/Desktop/Fysik/AppliedML2026/Final_project_data/data/ML_data/NBI/FDM data/Arrivals/Nuuk Arrival_ 212314_OY-GRP_17_03_25_49_19.csv
2025.0,3.0,17.0,21.0,34.0,2.0,0.1399999999999999,/Users/rasmus/Desktop/Fysik/AppliedML2026/Final_project_data/data/ML_data/NBI/FDM data/Arrivals/Nuuk Arrival_ 212321_OY-GRJ_17_03_25_36_21.csv
2025.0,3.0,17.0,22.0,31.0,29.0,0.09000000000000008,/Users/rasmus/Desktop/Fysik/AppliedML2026/Final_project_data/data/ML_data/NBI/FDM data/Arrivals/Nuuk Arrival_ 212341_OY-GRM_17_03_25_33_22.csv
2025.0,3.0,17.0,22.0,36.0,55.0,0.1499999999999999,/Users/rasmus/Desktop/Fysik/AppliedML2026/Final_project_data/data/ML_data/NBI/FDM data/Arrivals/Nuuk Arrival_ 212342_OY-GRO_17_03_25_38_22.csv
2025.0,3.0,18.0,12.0,11.0,24.0,0.30000000000000004,/Users/rasmus/Desktop/Fysik/AppliedML2026/Final_project_data/data/ML_data/NBI/FDM data/Arrivals/Nuuk Arrival_ 212347_OY-GRO_18_03_25_13_12.csv
2025.0,3.0,18.0,15.0,29.0,49.0,0.29000000000000004,/Users/rasmus/Desktop/Fysik/AppliedML2026/Final_project_data/data/ML_data/NBI/FDM data/Arrivals/Nuuk Arrival_ 212353_OY-GRM_18_03_25_30_15.csv
2025.0,3.0,18.0,15.0,47.0,2.0,0.32000000000000006,/Users/rasmus/Desktop/Fysik/AppliedML2026/Final_project_data/data/ML_data/NBI/FDM data/Arrivals/Nuuk Arrival_ 212354_OY-GRO_18_03_25_48_15.csv
2025.0,3.0,18.0,16.0,2.0,37.0,0.25,/Users/rasmus/Desktop/Fysik/AppliedML2026/Final_project_data/data/ML_data/NBI/FDM data/Arrivals/Nuuk Arrival_ 212355_OY-GRJ_18_03_25_04_16.csv
2025.0,3.0,18.0,16.0,11.0,23.0,0.39,/Users/rasmus/Desktop/Fysik/AppliedML2026/Final_project_data/data/ML_data/NBI/FDM data/Arrivals/Nuuk Arrival_ 212357_OY-GRH_18_03_25_13_16.csv
2025.0,3.0,18.0,18.0,57.0,19.0,0.49,/Users/rasmus/Desktop/Fysik/AppliedML2026/Final_project_data/data/ML_data/NBI/FDM data/Arrivals/Nuuk Arrival_ 212370_OY-GRO_18_03_25_59_18.csv
2025.0,3.0,18.0,20.0,36.0,27.0,0.17999999999999994,/Users/rasmus/Desktop/Fysik/AppliedML2026/Final_project_data/data/ML_data/NBI/FDM data/Arrivals/Nuuk Arrival_ 212410_OY-GRJ_18_03_25_38_20.csv
2025.0,3.0,18.0,20.0,57.0,51.0,0.20999999999999996,/Users/rasmus/Desktop/Fysik/AppliedML2026/Final_project_data/data/ML_data/NBI/FDM data/Arrivals/Nuuk Arrival_ 212411_OY-GRM_18_03_25_58_20.csv
2025.0,3.0,18.0,19.0,28.0,6.0,0.24,/Users/rasmus/Desktop/Fysik/AppliedML2026/Final_project_data/data/ML_data/NBI/FDM data/Arrivals/Nuuk Arrival_ 212412_OY-GRP_18_03_25_30_19.csv
2025.0,3.0,19.0,13.0,15.0,8.0,0.18999999999999995,/Users/rasmus/Desktop/Fysik/AppliedML2026/Final_project_data/data/ML_data/NBI/FDM data/Arrivals/Nuuk Arrival_ 212417_OY-GRM_19_03_25_17_13.csv
2025.0,3.0,19.0,13.0,45.0,42.0,0.16999999999999993,/Users/rasmus/Desktop/Fysik/AppliedML2026/Final_project_data/data/ML_data/NBI/FDM data/Arrivals/Nuuk Arrival_ 212418_OY-GRP_19_03_25_46_13.csv
2025.0,3.0,19.0,13.0,50.0,36.0,0.15999999999999992,/Users/rasmus/Desktop/Fysik/AppliedML2026/Final_project_data/data/ML_data/NBI/FDM data/Arrivals/Nuuk Arrival_ 212420_OY-GRH_19_03_25_51_13.csv
2025.0,3.0,19.0,15.0,7.0,55.0,0.30000000000000004,/Users/rasmus/Desktop/Fysik/AppliedML2026/Final_project_data/data/ML_data/NBI/FDM data/Arrivals/Nuuk Arrival_ 212426_OY-GRO_19_03_25_09_15.csv
2025.0,3.0,19.0,17.0,14.0,56.0,0.21999999999999997,/Users/rasmus/Desktop/Fysik/AppliedML2026/Final_project_data/data/ML_data/NBI/FDM data/Arrivals/Nuuk Arrival_ 212430_OY-GRO_19_03_25_15_17.csv
2025.0,3.0,19.0,17.0,49.0,1.0,0.26,/Users/rasmus/Desktop/Fysik/AppliedML2026/Final_project_data/data/ML_data/NBI/FDM data/Arrivals/Nuuk Arrival_ 212432_OY-GRM_19_03_25_51_17.csv
2025.0,3.0,19.0,23.0,19.0,19.0,0.15999999999999992,/Users/rasmus/Desktop/Fysik/AppliedML2026/Final_project_data/data/ML_data/NBI/FDM data/Arrivals/Nuuk Arrival_ 212458_OY-GRO_19_03_25_21_23.csv
2025.0,3.0,20.0,12.0,13.0,46.0,0.3400000000000001,/Users/rasmus/Desktop/Fysik/AppliedML2026/Final_project_data/data/ML_data/NBI/FDM data/Arrivals/Nuuk Arrival_ 212462_OY-GRM_20_03_25_15_12.csv
2025.0,3.0,20.0,15.0,17.0,16.0,0.20999999999999996,/Users/rasmus/Desktop/Fysik/AppliedML2026/Final_project_data/data/ML_data/NBI/FDM data/Arrivals/Nuuk Arrival_ 212468_OY-GRM_20_03_25_19_15.csv
2025.0,3.0,20.0,15.0,32.0,34.0,0.18999999999999995,/Users/rasmus/Desktop/Fysik/AppliedML2026/Final_project_data/data/ML_data/NBI/FDM data/Arrivals/Nuuk Arrival_ 212470_OY-GRO_20_03_25_34_15.csv
2025.0,3.0,20.0,15.0,26.0,51.0,0.18000000000000005,/Users/rasmus/Desktop/Fysik/AppliedML2026/Final_project_data/data/ML_data/NBI/FDM data/Arrivals/Nuuk Arrival_ 212476_OY-GRH_20_03_25_27_15.csv
2025.0,3.0,20.0,18.0,48.0,39.0,0.24,/Users/rasmus/Desktop/Fysik/AppliedML2026/Final_project_data/data/ML_data/NBI/FDM data/Arrivals/Nuuk Arrival_ 212484_OY-GRP_20_03_25_49_18.csv
2025.0,3.0,20.0,19.0,33.0,0.0,0.21999999999999997,/Users/rasmus/Desktop/Fysik/AppliedML2026/Final_project_data/data/ML_data/NBI/FDM data/Arrivals/Nuuk Arrival_ 212486_OY-GRM_20_03_25_34_19.csv
2025.0,3.0,20.0,23.0,39.0,55.0,0.17999999999999994,/Users/rasmus/Desktop/Fysik/AppliedML2026/Final_project_data/data/ML_data/NBI/FDM data/Arrivals/Nuuk Arrival_ 212489_OY-GRM_20_03_25_41_23.csv
2025.0,3.0,21.0,12.0,46.0,22.0,0.32999999999999996,/Users/rasmus/Desktop/Fysik/AppliedML2026/Final_project_data/data/ML_data/NBI/FDM data/Arrivals/Nuuk Arrival_ 212497_OY-GRH_21_03_25_48_12.csv
2025.0,3.0,21.0,12.0,58.0,50.0,0.21999999999999997,/Users/rasmus/Desktop/Fysik/AppliedML2026/Final_project_data/data/ML_data/NBI/FDM data/Arrivals/Nuuk Arrival_ 212499_OY-GRM_21_03_25_59_12.csv
2025.0,3.0,21.0,13.0,3.0,36.0,0.16000000000000003,/Users/rasmus/Desktop/Fysik/AppliedML2026/Final_project_data/data/ML_data/NBI/FDM data/Arrivals/Nuuk Arrival_ 212500_OY-GRP_21_03_25_04_13.csv
2025.0,3.0,21.0,13.0,21.0,56.0,0.20999999999999996,/Users/rasmus/Desktop/Fysik/AppliedML2026/Final_project_data/data/ML_data/NBI/FDM data/Arrivals/Nuuk Arrival_ 212501_OY-GRO_21_03_25_23_13.csv
2025.0,3.0,21.0,15.0,32.0,24.0,0.28,/Users/rasmus/Desktop/Fysik/AppliedML2026/Final_project_data/data/ML_data/NBI/FDM data/Arrivals/Nuuk Arrival_ 212502_OY-GRO_21_03_25_36_15.csv
2025.0,3.0,21.0,16.0,30.0,3.0,0.21999999999999997,/Users/rasmus/Desktop/Fysik/AppliedML2026/Final_project_data/data/ML_data/NBI/FDM data/Arrivals/Nuuk Arrival_ 212507_OY-GRO_21_03_25_32_16.csv
2025.0,3.0,21.0,18.0,16.0,42.0,0.19999999999999996,/Users/rasmus/Desktop/Fysik/AppliedML2026/Final_project_data/data/ML_data/NBI/FDM data/Arrivals/Nuuk Arrival_ 212518_OY-GRM_21_03_25_17_18.csv
2025.0,3.0,21.0,18.0,54.0,34.0,0.21999999999999997,/Users/rasmus/Desktop/Fysik/AppliedML2026/Final_project_data/data/ML_data/NBI/FDM data/Arrivals/Nuuk Arrival_ 212519_OY-GRP_21_03_25_57_18.csv
2025.0,3.0,21.0,22.0,47.0,20.0,0.21999999999999997,/Users/rasmus/Desktop/Fysik/AppliedML2026/Final_project_data/data/ML_data/NBI/FDM data/Arrivals/Nuuk Arrival_ 212546_OY-GRO_21_03_25_49_22.csv
2025.0,3.0,21.0,23.0,30.0,32.0,0.27,/Users/rasmus/Desktop/Fysik/AppliedML2026/Final_project_data/data/ML_data/NBI/FDM data/Arrivals/Nuuk Arrival_ 212566_OY-GRM_21_03_25_31_23.csv
2025.0,3.0,22.0,0.0,40.0,34.0,0.1399999999999999,/Users/rasmus/Desktop/Fysik/AppliedML2026/Final_project_data/data/ML_data/NBI/FDM data/Arrivals/Nuuk Arrival_ 212568_OY-GRP_22_03_25_41_00.csv
2025.0,3.0,22.0,12.0,36.0,1.0,0.10000000000000009,/Users/rasmus/Desktop/Fysik/AppliedML2026/Final_project_data/data/ML_data/NBI/FDM data/Arrivals/Nuuk Arrival_ 212572_OY-GRM_22_03_25_37_12.csv
2025.0,3.0,22.0,15.0,24.0,12.0,0.18999999999999995,/Users/rasmus/Desktop/Fysik/AppliedML2026/Final_project_data/data/ML_data/NBI/FDM data/Arrivals/Nuuk Arrival_ 212577_OY-GRH_22_03_25_26_15.csv
2025.0,3.0,22.0,15.0,44.0,37.0,0.1100000000000001,/Users/rasmus/Desktop/Fysik/AppliedML2026/Final_project_data/data/ML_data/NBI/FDM data/Arrivals/Nuuk Arrival_ 212578_OY-GRM_22_03_25_45_15.csv
2025.0,3.0,22.0,15.0,58.0,49.0,0.18999999999999995,/Users/rasmus/Desktop/Fysik/AppliedML2026/Final_project_data/data/ML_data/NBI/FDM data/Arrivals/Nuuk Arrival_ 212579_OY-GRG_22_03_25_00_16.csv
2025.0,3.0,22.0,18.0,44.0,12.0,0.1299999999999999,/Users/rasmus/Desktop/Fysik/AppliedML2026/Final_project_data/data/ML_data/NBI/FDM data/Arrivals/Nuuk Arrival_ 212585_OY-GRM_22_03_25_45_18.csv
2025.0,3.0,22.0,18.0,52.0,16.0,0.24,/Users/rasmus/Desktop/Fysik/AppliedML2026/Final_project_data/data/ML_data/NBI/FDM data/Arrivals/Nuuk Arrival_ 212586_OY-GRP_22_03_25_53_18.csv
2025.0,3.0,22.0,19.0,56.0,38.0,0.19999999999999996,/Users/rasmus/Desktop/Fysik/AppliedML2026/Final_project_data/data/ML_data/NBI/FDM data/Arrivals/Nuuk Arrival_ 212595_OY-GRH_22_03_25_57_19.csv
2025.0,3.0,18.0,15.0,10.0,35.0,0.22999999999999998,/Users/rasmus/Desktop/Fysik/AppliedML2026/Final_project_data/data/ML_data/NBI/FDM data/Arrivals/Nuuk Arrival_ 212596_OY-GRR_18_03_25_07_15.csv
2025.0,3.0,18.0,21.0,40.0,5.0,0.36,/Users/rasmus/Desktop/Fysik/AppliedML2026/Final_project_data/data/ML_data/NBI/FDM data/Arrivals/Nuuk Arrival_ 212599_OY-GRR_18_03_25_32_21.csv
2025.0,3.0,19.0,20.0,40.0,44.0,0.32000000000000006,/Users/rasmus/Desktop/Fysik/AppliedML2026/Final_project_data/data/ML_data/NBI/FDM data/Arrivals/Nuuk Arrival_ 212603_OY-GRR_19_03_25_33_20.csv
2025.0,3.0,20.0,10.0,59.0,29.0,0.35,/Users/rasmus/Desktop/Fysik/AppliedML2026/Final_project_data/data/ML_data/NBI/FDM data/Arrivals/Nuuk Arrival_ 212605_OY-GRR_20_03_25_53_10.csv
2025.0,3.0,20.0,15.0,10.0,11.0,0.29000000000000004,/Users/rasmus/Desktop/Fysik/AppliedML2026/Final_project_data/data/ML_data/NBI/FDM data/Arrivals/Nuuk Arrival_ 212607_OY-GRR_20_03_25_58_14.csv
2025.0,3.0,20.0,21.0,2.0,38.0,0.4099999999999999,/Users/rasmus/Desktop/Fysik/AppliedML2026/Final_project_data/data/ML_data/NBI/FDM data/Arrivals/Nuuk Arrival_ 212610_OY-GRR_20_03_25_57_20.csv
2025.0,3.0,21.0,14.0,2.0,8.0,0.3799999999999999,/Users/rasmus/Desktop/Fysik/AppliedML2026/Final_project_data/data/ML_data/NBI/FDM data/Arrivals/Nuuk Arrival_ 212612_OY-GRR_21_03_25_52_13.csv
2025.0,3.0,21.0,18.0,43.0,56.0,0.17000000000000004,/Users/rasmus/Desktop/Fysik/AppliedML2026/Final_project_data/data/ML_data/NBI/FDM data/Arrivals/Nuuk Arrival_ 212615_OY-GRR_21_03_25_42_18.csv
2025.0,3.0,22.0,15.0,1.0,0.0,0.3999999999999999,/Users/rasmus/Desktop/Fysik/AppliedML2026/Final_project_data/data/ML_data/NBI/FDM data/Arrivals/Nuuk Arrival_ 212618_OY-GRR_22_03_25_51_14.csv
2025.0,3.0,22.0,20.0,19.0,0.0,0.16999999999999993,/Users/rasmus/Desktop/Fysik/AppliedML2026/Final_project_data/data/ML_data/NBI/FDM data/Arrivals/Nuuk Arrival_ 212622_OY-GRO_22_03_25_20_20.csv
2025.0,3.0,22.0,20.0,48.0,16.0,0.09000000000000008,/Users/rasmus/Desktop/Fysik/AppliedML2026/Final_project_data/data/ML_data/NBI/FDM data/Arrivals/Nuuk Arrival_ 212631_OY-GRG_22_03_25_50_20.csv
2025.0,3.0,23.0,12.0,36.0,31.0,0.3700000000000001,/Users/rasmus/Desktop/Fysik/AppliedML2026/Final_project_data/data/ML_data/NBI/FDM data/Arrivals/Nuuk Arrival_ 212639_OY-GRM_23_03_25_38_12.csv
2025.0,3.0,23.0,16.0,51.0,36.0,0.1399999999999999,/Users/rasmus/Desktop/Fysik/AppliedML2026/Final_project_data/data/ML_data/NBI/FDM data/Arrivals/Nuuk Arrival_ 212646_OY-GRM_23_03_25_52_16.csv
2025.0,3.0,23.0,20.0,35.0,24.0,0.16999999999999993,/Users/rasmus/Desktop/Fysik/AppliedML2026/Final_project_data/data/ML_data/NBI/FDM data/Arrivals/Nuuk Arrival_ 212648_OY-GRP_23_03_25_37_20.csv
2025.0,3.0,23.0,21.0,34.0,35.0,0.1499999999999999,/Users/rasmus/Desktop/Fysik/AppliedML2026/Final_project_data/data/ML_data/NBI/FDM data/Arrivals/Nuuk Arrival_ 212649_OY-GRM_23_03_25_35_21.csv
2025.0,3.0,23.0,23.0,41.0,41.0,0.18999999999999995,/Users/rasmus/Desktop/Fysik/AppliedML2026/Final_project_data/data/ML_data/NBI/FDM data/Arrivals/Nuuk Arrival_ 212651_OY-GRP_23_03_25_42_23.csv
2025.0,3.0,24.0,13.0,8.0,52.0,0.15999999999999992,/Users/rasmus/Desktop/Fysik/AppliedML2026/Final_project_data/data/ML_data/NBI/FDM data/Arrivals/Nuuk Arrival_ 212656_OY-GRG_24_03_25_10_13.csv
2025.0,3.0,24.0,13.0,20.0,19.0,0.15999999999999992,/Users/rasmus/Desktop/Fysik/AppliedML2026/Final_project_data/data/ML_data/NBI/FDM data/Arrivals/Nuuk Arrival_ 212657_OY-GRO_24_03_25_22_13.csv
2025.0,3.0,24.0,13.0,36.0,31.0,0.09000000000000008,/Users/rasmus/Desktop/Fysik/AppliedML2026/Final_project_data/data/ML_data/NBI/FDM data/Arrivals/Nuuk Arrival_ 212659_OY-GRP_24_03_25_37_13.csv
2025.0,3.0,24.0,16.0,32.0,35.0,0.26,/Users/rasmus/Desktop/Fysik/AppliedML2026/Final_project_data/data/ML_data/NBI/FDM data/Arrivals/Nuuk Arrival_ 212664_OY-GRH_24_03_25_34_16.csv
2025.0,3.0,24.0,17.0,38.0,2.0,0.1200000000000001,/Users/rasmus/Desktop/Fysik/AppliedML2026/Final_project_data/data/ML_data/NBI/FDM data/Arrivals/Nuuk Arrival_ 212665_OY-GRG_24_03_25_39_17.csv
2025.0,3.0,24.0,17.0,54.0,0.0,0.22999999999999998,/Users/rasmus/Desktop/Fysik/AppliedML2026/Final_project_data/data/ML_data/NBI/FDM data/Arrivals/Nuuk Arrival_ 212671_OY-GRO_24_03_25_55_17.csv
2025.0,3.0,24.0,22.0,28.0,0.0,0.19999999999999996,/Users/rasmus/Desktop/Fysik/AppliedML2026/Final_project_data/data/ML_data/NBI/FDM data/Arrivals/Nuuk Arrival_ 212695_OY-GRH_24_03_25_29_22.csv
2025.0,3.0,24.0,23.0,31.0,5.0,0.15999999999999992,/Users/rasmus/Desktop/Fysik/AppliedML2026/Final_project_data/data/ML_data/NBI/FDM data/Arrivals/Nuuk Arrival_ 212696_OY-GRO_24_03_25_32_23.csv
2025.0,3.0,25.0,0.0,25.0,17.0,0.1200000000000001,/Users/rasmus/Desktop/Fysik/AppliedML2026/Final_project_data/data/ML_data/NBI/FDM data/Arrivals/Nuuk Arrival_ 212697_OY-GRG_25_03_25_27_00.csv
2025.0,3.0,26.0,12.0,51.0,16.0,0.20999999999999996,/Users/rasmus/Desktop/Fysik/AppliedML2026/Final_project_data/data/ML_data/NBI/FDM data/Arrivals/Nuuk Arrival_ 212743_OY-GRO_26_03_25_53_12.csv
2025.0,3.0,26.0,14.0,24.0,10.0,0.10000000000000009,/Users/rasmus/Desktop/Fysik/AppliedML2026/Final_project_data/data/ML_data/NBI/FDM data/Arrivals/Nuuk Arrival_ 212746_OY-GRG_26_03_25_26_14.csv
2025.0,3.0,26.0,18.0,37.0,17.0,0.15999999999999992,/Users/rasmus/Desktop/Fysik/AppliedML2026/Final_project_data/data/ML_data/NBI/FDM data/Arrivals/Nuuk Arrival_ 212771_OY-GRO_26_03_25_39_18.csv
2025.0,3.0,26.0,20.0,11.0,35.0,0.1200000000000001,/Users/rasmus/Desktop/Fysik/AppliedML2026/Final_project_data/data/ML_data/NBI/FDM data/Arrivals/Nuuk Arrival_ 212779_OY-GRG_26_03_25_13_20.csv
2025.0,3.0,26.0,20.0,56.0,7.0,0.1200000000000001,/Users/rasmus/Desktop/Fysik/AppliedML2026/Final_project_data/data/ML_data/NBI/FDM data/Arrivals/Nuuk Arrival_ 212795_OY-GRP_26_03_25_58_20.csv
2025.0,3.0,26.0,21.0,14.0,30.0,0.16999999999999993,/Users/rasmus/Desktop/Fysik/AppliedML2026/Final_project_data/data/ML_data/NBI/FDM data/Arrivals/Nuuk Arrival_ 212796_OY-GRO_26_03_25_15_21.csv
2025.0,3.0,27.0,0.0,18.0,54.0,0.17999999999999994,/Users/rasmus/Desktop/Fysik/AppliedML2026/Final_project_data/data/ML_data/NBI/FDM data/Arrivals/Nuuk Arrival_ 212801_OY-GRO_27_03_25_19_00.csv
2025.0,3.0,27.0,1.0,43.0,3.0,0.1299999999999999,/Users/rasmus/Desktop/Fysik/AppliedML2026/Final_project_data/data/ML_data/NBI/FDM data/Arrivals/Nuuk Arrival_ 212803_OY-GRG_27_03_25_45_01.csv
2025.0,3.0,27.0,11.0,3.0,14.0,0.1200000000000001,/Users/rasmus/Desktop/Fysik/AppliedML2026/Final_project_data/data/ML_data/NBI/FDM data/Arrivals/Nuuk Arrival_ 212810_OY-GRG_27_03_25_05_11.csv
2025.0,3.0,27.0,12.0,14.0,35.0,0.18999999999999995,/Users/rasmus/Desktop/Fysik/AppliedML2026/Final_project_data/data/ML_data/NBI/FDM data/Arrivals/Nuuk Arrival_ 212813_OY-GRO_27_03_25_16_12.csv
2025.0,3.0,27.0,16.0,8.0,0.0,0.1499999999999999,/Users/rasmus/Desktop/Fysik/AppliedML2026/Final_project_data/data/ML_data/NBI/FDM data/Arrivals/Nuuk Arrival_ 212819_OY-GRM_27_03_25_10_16.csv
2025.0,3.0,27.0,15.0,9.0,5.0,0.1299999999999999,/Users/rasmus/Desktop/Fysik/AppliedML2026/Final_project_data/data/ML_data/NBI/FDM data/Arrivals/Nuuk Arrival_ 212820_OY-GRG_27_03_25_11_15.csv
2025.0,3.0,27.0,16.0,53.0,11.0,0.22999999999999998,/Users/rasmus/Desktop/Fysik/AppliedML2026/Final_project_data/data/ML_data/NBI/FDM data/Arrivals/Nuuk Arrival_ 212822_OY-GRO_27_03_25_55_16.csv
2025.0,3.0,27.0,19.0,32.0,19.0,0.17999999999999994,/Users/rasmus/Desktop/Fysik/AppliedML2026/Final_project_data/data/ML_data/NBI/FDM data/Arrivals/Nuuk Arrival_ 212827_OY-GRP_27_03_25_34_19.csv
2025.0,3.0,27.0,20.0,21.0,28.0,0.1100000000000001,/Users/rasmus/Desktop/Fysik/AppliedML2026/Final_project_data/data/ML_data/NBI/FDM data/Arrivals/Nuuk Arrival_ 212847_OY-GRG_27_03_25_23_20.csv
2025.0,3.0,27.0,21.0,25.0,17.0,0.15999999999999992,/Users/rasmus/Desktop/Fysik/AppliedML2026/Final_project_data/data/ML_data/NBI/FDM data/Arrivals/Nuuk Arrival_ 212862_OY-GRM_27_03_25_27_21.csv
2025.0,3.0,28.0,1.0,30.0,42.0,0.1399999999999999,/Users/rasmus/Desktop/Fysik/AppliedML2026/Final_project_data/data/ML_data/NBI/FDM data/Arrivals/Nuuk Arrival_ 212864_OY-GRO_28_03_25_32_01.csv
2025.0,3.0,28.0,12.0,28.0,22.0,0.21999999999999997,/Users/rasmus/Desktop/Fysik/AppliedML2026/Final_project_data/data/ML_data/NBI/FDM data/Arrivals/Nuuk Arrival_ 212872_OY-GRG_28_03_25_30_12.csv
2025.0,3.0,28.0,13.0,23.0,11.0,0.19999999999999996,/Users/rasmus/Desktop/Fysik/AppliedML2026/Final_project_data/data/ML_data/NBI/FDM data/Arrivals/Nuuk Arrival_ 212877_OY-GRM_28_03_25_25_13.csv
2025.0,3.0,28.0,13.0,35.0,48.0,0.22999999999999998,/Users/rasmus/Desktop/Fysik/AppliedML2026/Final_project_data/data/ML_data/NBI/FDM data/Arrivals/Nuuk Arrival_ 212878_OY-GRH_28_03_25_37_13.csv
2025.0,3.0,28.0,13.0,15.0,19.0,0.25,/Users/rasmus/Desktop/Fysik/AppliedML2026/Final_project_data/data/ML_data/NBI/FDM data/Arrivals/Nuuk Arrival_ 212880_OY-GRO_28_03_25_17_13.csv
2025.0,3.0,28.0,16.0,47.0,30.0,0.15999999999999992,/Users/rasmus/Desktop/Fysik/AppliedML2026/Final_project_data/data/ML_data/NBI/FDM data/Arrivals/Nuuk Arrival_ 212896_OY-GRG_28_03_25_49_16.csv
2025.0,3.0,28.0,17.0,4.0,47.0,0.1299999999999999,/Users/rasmus/Desktop/Fysik/AppliedML2026/Final_project_data/data/ML_data/NBI/FDM data/Arrivals/Nuuk Arrival_ 212898_OY-GRP_28_03_25_05_17.csv
2025.0,3.0,28.0,17.0,49.0,51.0,0.49,/Users/rasmus/Desktop/Fysik/AppliedML2026/Final_project_data/data/ML_data/NBI/FDM data/Arrivals/Nuuk Arrival_ 212900_OY-GRO_28_03_25_50_17.csv
2025.0,3.0,28.0,21.0,2.0,26.0,0.32000000000000006,/Users/rasmus/Desktop/Fysik/AppliedML2026/Final_project_data/data/ML_data/NBI/FDM data/Arrivals/Nuuk Arrival_ 212944_OY-GRO_28_03_25_04_21.csv
2025.0,3.0,28.0,21.0,28.0,6.0,0.19999999999999996,/Users/rasmus/Desktop/Fysik/AppliedML2026/Final_project_data/data/ML_data/NBI/FDM data/Arrivals/Nuuk Arrival_ 212945_OY-GRM_28_03_25_29_21.csv
2025.0,3.0,28.0,23.0,3.0,4.0,0.1200000000000001,/Users/rasmus/Desktop/Fysik/AppliedML2026/Final_project_data/data/ML_data/NBI/FDM data/Arrivals/Nuuk Arrival_ 212963_OY-GRP_28_03_25_05_23.csv
2025.0,3.0,28.0,23.0,23.0,39.0,0.15999999999999992,/Users/rasmus/Desktop/Fysik/AppliedML2026/Final_project_data/data/ML_data/NBI/FDM data/Arrivals/Nuuk Arrival_ 212964_OY-GRG_28_03_25_25_23.csv
2025.0,3.0,29.0,10.0,38.0,32.0,0.17999999999999994,/Users/rasmus/Desktop/Fysik/AppliedML2026/Final_project_data/data/ML_data/NBI/FDM data/Arrivals/Nuuk Arrival_ 212967_OY-GRH_29_03_25_40_10.csv
2025.0,3.0,29.0,15.0,49.0,11.0,0.24,/Users/rasmus/Desktop/Fysik/AppliedML2026/Final_project_data/data/ML_data/NBI/FDM data/Arrivals/Nuuk Arrival_ 212970_OY-GRO_29_03_25_52_15.csv
2025.0,3.0,29.0,14.0,43.0,45.0,0.15999999999999992,/Users/rasmus/Desktop/Fysik/AppliedML2026/Final_project_data/data/ML_data/NBI/FDM data/Arrivals/Nuuk Arrival_ 212971_OY-GRG_29_03_25_45_14.csv
2025.0,3.0,29.0,16.0,16.0,2.0,0.17999999999999994,/Users/rasmus/Desktop/Fysik/AppliedML2026/Final_project_data/data/ML_data/NBI/FDM data/Arrivals/Nuuk Arrival_ 212973_OY-GRH_29_03_25_18_16.csv
2025.0,3.0,29.0,21.0,13.0,55.0,0.16000000000000003,/Users/rasmus/Desktop/Fysik/AppliedML2026/Final_project_data/data/ML_data/NBI/FDM data/Arrivals/Nuuk Arrival_ 213004_OY-GRP_29_03_25_15_21.csv
2025.0,3.0,24.0,13.0,27.0,34.0,0.21999999999999997,/Users/rasmus/Desktop/Fysik/AppliedML2026/Final_project_data/data/ML_data/NBI/FDM data/Arrivals/Nuuk Arrival_ 213006_OY-GRR_24_03_25_20_13.csv
2025.0,3.0,26.0,13.0,19.0,24.0,0.42999999999999994,/Users/rasmus/Desktop/Fysik/AppliedML2026/Final_project_data/data/ML_data/NBI/FDM data/Arrivals/Nuuk Arrival_ 213009_OY-GRR_26_03_25_14_13.csv
2025.0,3.0,26.0,17.0,26.0,50.0,0.4,/Users/rasmus/Desktop/Fysik/AppliedML2026/Final_project_data/data/ML_data/NBI/FDM data/Arrivals/Nuuk Arrival_ 213011_OY-GRR_26_03_25_18_17.csv
2025.0,3.0,26.0,21.0,48.0,15.0,0.26,/Users/rasmus/Desktop/Fysik/AppliedML2026/Final_project_data/data/ML_data/NBI/FDM data/Arrivals/Nuuk Arrival_ 213013_OY-GRR_26_03_25_42_21.csv
2025.0,3.0,27.0,17.0,1.0,34.0,0.26,/Users/rasmus/Desktop/Fysik/AppliedML2026/Final_project_data/data/ML_data/NBI/FDM data/Arrivals/Nuuk Arrival_ 213017_OY-GRR_27_03_25_55_16.csv
2025.0,3.0,27.0,20.0,36.0,34.0,0.33999999999999997,/Users/rasmus/Desktop/Fysik/AppliedML2026/Final_project_data/data/ML_data/NBI/FDM data/Arrivals/Nuuk Arrival_ 213019_OY-GRR_27_03_25_31_20.csv
2025.0,3.0,28.0,13.0,8.0,36.0,0.28,/Users/rasmus/Desktop/Fysik/AppliedML2026/Final_project_data/data/ML_data/NBI/FDM data/Arrivals/Nuuk Arrival_ 213022_OY-GRR_28_03_25_56_12.csv
2025.0,3.0,28.0,20.0,44.0,10.0,0.1200000000000001,/Users/rasmus/Desktop/Fysik/AppliedML2026/Final_project_data/data/ML_data/NBI/FDM data/Arrivals/Nuuk Arrival_ 213024_OY-GRR_28_03_25_43_20.csv
2025.0,3.0,29.0,12.0,8.0,30.0,0.19999999999999996,/Users/rasmus/Desktop/Fysik/AppliedML2026/Final_project_data/data/ML_data/NBI/FDM data/Arrivals/Nuuk Arrival_ 213026_OY-GRR_29_03_25_03_12.csv
2025.0,3.0,29.0,19.0,31.0,11.0,0.17999999999999994,/Users/rasmus/Desktop/Fysik/AppliedML2026/Final_project_data/data/ML_data/NBI/FDM data/Arrivals/Nuuk Arrival_ 213028_OY-GRR_29_03_25_24_19.csv
2025.0,3.0,30.0,10.0,46.0,16.0,0.1299999999999999,/Users/rasmus/Desktop/Fysik/AppliedML2026/Final_project_data/data/ML_data/NBI/FDM data/Arrivals/Nuuk Arrival_ 213030_OY-GRH_30_03_25_47_10.csv
2025.0,3.0,30.0,13.0,18.0,48.0,0.15999999999999992,/Users/rasmus/Desktop/Fysik/AppliedML2026/Final_project_data/data/ML_data/NBI/FDM data/Arrivals/Nuuk Arrival_ 213033_OY-GRP_30_03_25_20_13.csv
2025.0,3.0,30.0,13.0,49.0,40.0,0.16999999999999993,/Users/rasmus/Desktop/Fysik/AppliedML2026/Final_project_data/data/ML_data/NBI/FDM data/Arrivals/Nuuk Arrival_ 213034_OY-GRH_30_03_25_51_13.csv
2025.0,3.0,30.0,17.0,51.0,57.0,0.1499999999999999,/Users/rasmus/Desktop/Fysik/AppliedML2026/Final_project_data/data/ML_data/NBI/FDM data/Arrivals/Nuuk Arrival_ 213037_OY-GRP_30_03_25_52_17.csv
2025.0,3.0,30.0,22.0,9.0,29.0,0.1499999999999999,/Users/rasmus/Desktop/Fysik/AppliedML2026/Final_project_data/data/ML_data/NBI/FDM data/Arrivals/Nuuk Arrival_ 213039_OY-GRG_30_03_25_11_22.csv
2025.0,3.0,31.0,11.0,25.0,40.0,0.1299999999999999,/Users/rasmus/Desktop/Fysik/AppliedML2026/Final_project_data/data/ML_data/NBI/FDM data/Arrivals/Nuuk Arrival_ 213045_OY-GRG_31_03_25_27_11.csv
2025.0,3.0,31.0,12.0,18.0,19.0,0.31000000000000005,/Users/rasmus/Desktop/Fysik/AppliedML2026/Final_project_data/data/ML_data/NBI/FDM data/Arrivals/Nuuk Arrival_ 213046_OY-GRP_31_03_25_20_12.csv
2025.0,3.0,31.0,12.0,22.0,33.0,0.31000000000000005,/Users/rasmus/Desktop/Fysik/AppliedML2026/Final_project_data/data/ML_data/NBI/FDM data/Arrivals/Nuuk Arrival_ 213047_OY-GRM_31_03_25_23_12.csv
2025.0,3.0,31.0,12.0,39.0,44.0,0.16000000000000003,/Users/rasmus/Desktop/Fysik/AppliedML2026/Final_project_data/data/ML_data/NBI/FDM data/Arrivals/Nuuk Arrival_ 213048_OY-GRH_31_03_25_40_12.csv
2025.0,3.0,31.0,16.0,41.0,54.0,0.24,/Users/rasmus/Desktop/Fysik/AppliedML2026/Final_project_data/data/ML_data/NBI/FDM data/Arrivals/Nuuk Arrival_ 213056_OY-GRP_31_03_25_42_16.csv
2025.0,3.0,31.0,17.0,8.0,34.0,0.17999999999999994,/Users/rasmus/Desktop/Fysik/AppliedML2026/Final_project_data/data/ML_data/NBI/FDM data/Arrivals/Nuuk Arrival_ 213060_OY-GRG_31_03_25_10_17.csv
2025.0,3.0,31.0,18.0,1.0,43.0,0.16999999999999993,/Users/rasmus/Desktop/Fysik/AppliedML2026/Final_project_data/data/ML_data/NBI/FDM data/Arrivals/Nuuk Arrival_ 213061_OY-GRH_31_03_25_02_18.csv
2025.0,3.0,31.0,21.0,33.0,13.0,0.19999999999999996,/Users/rasmus/Desktop/Fysik/AppliedML2026/Final_project_data/data/ML_data/NBI/FDM data/Arrivals/Nuuk Arrival_ 213109_OY-GRM_31_03_25_34_21.csv
2025.0,3.0,31.0,22.0,31.0,59.0,0.16999999999999993,/Users/rasmus/Desktop/Fysik/AppliedML2026/Final_project_data/data/ML_data/NBI/FDM data/Arrivals/Nuuk Arrival_ 213111_OY-GRP_31_03_25_32_22.csv
2025.0,3.0,31.0,23.0,46.0,0.0,0.1399999999999999,/Users/rasmus/Desktop/Fysik/AppliedML2026/Final_project_data/data/ML_data/NBI/FDM data/Arrivals/Nuuk Arrival_ 213112_OY-GRG_31_03_25_47_23.csv
2025.0,4.0,1.0,11.0,27.0,20.0,0.17999999999999994,/Users/rasmus/Desktop/Fysik/AppliedML2026/Final_project_data/data/ML_data/NBI/FDM data/Arrivals/Nuuk Arrival_ 213124_OY-GRH_01_04_25_29_11.csv
2025.0,4.0,1.0,14.0,17.0,41.0,0.32000000000000006,/Users/rasmus/Desktop/Fysik/AppliedML2026/Final_project_data/data/ML_data/NBI/FDM data/Arrivals/Nuuk Arrival_ 213130_OY-GRP_01_04_25_18_14.csv
2025.0,4.0,1.0,14.0,36.0,33.0,0.12,/Users/rasmus/Desktop/Fysik/AppliedML2026/Final_project_data/data/ML_data/NBI/FDM data/Arrivals/Nuuk Arrival_ 213131_OY-GRG_01_04_25_38_14.csv
2025.0,4.0,1.0,14.0,44.0,32.0,0.25,/Users/rasmus/Desktop/Fysik/AppliedML2026/Final_project_data/data/ML_data/NBI/FDM data/Arrivals/Nuuk Arrival_ 213133_OY-GRM_01_04_25_45_14.csv
2025.0,4.0,1.0,15.0,33.0,22.0,0.18999999999999995,/Users/rasmus/Desktop/Fysik/AppliedML2026/Final_project_data/data/ML_data/NBI/FDM data/Arrivals/Nuuk Arrival_ 213141_OY-GRH_01_04_25_35_15.csv
2025.0,4.0,1.0,19.0,34.0,8.0,0.22999999999999998,/Users/rasmus/Desktop/Fysik/AppliedML2026/Final_project_data/data/ML_data/NBI/FDM data/Arrivals/Nuuk Arrival_ 213143_OY-GRH_01_04_25_37_19.csv
2025.0,4.0,1.0,19.0,53.0,39.0,0.1399999999999999,/Users/rasmus/Desktop/Fysik/AppliedML2026/Final_project_data/data/ML_data/NBI/FDM data/Arrivals/Nuuk Arrival_ 213144_OY-GRM_01_04_25_54_19.csv
2025.0,4.0,1.0,20.0,10.0,10.0,0.16999999999999993,/Users/rasmus/Desktop/Fysik/AppliedML2026/Final_project_data/data/ML_data/NBI/FDM data/Arrivals/Nuuk Arrival_ 213158_OY-GRP_01_04_25_12_20.csv
2025.0,4.0,1.0,22.0,25.0,24.0,0.1499999999999999,/Users/rasmus/Desktop/Fysik/AppliedML2026/Final_project_data/data/ML_data/NBI/FDM data/Arrivals/Nuuk Arrival_ 213161_OY-GRH_01_04_25_27_22.csv
2025.0,4.0,2.0,11.0,45.0,16.0,0.19999999999999996,/Users/rasmus/Desktop/Fysik/AppliedML2026/Final_project_data/data/ML_data/NBI/FDM data/Arrivals/Nuuk Arrival_ 213167_OY-GRH_02_04_25_47_11.csv
2025.0,4.0,2.0,12.0,18.0,41.0,0.19999999999999996,/Users/rasmus/Desktop/Fysik/AppliedML2026/Final_project_data/data/ML_data/NBI/FDM data/Arrivals/Nuuk Arrival_ 213168_OY-GRG_02_04_25_22_12.csv
2025.0,4.0,2.0,14.0,32.0,22.0,0.16999999999999993,/Users/rasmus/Desktop/Fysik/AppliedML2026/Final_project_data/data/ML_data/NBI/FDM data/Arrivals/Nuuk Arrival_ 213174_OY-GRM_02_04_25_34_14.csv
2025.0,4.0,2.0,18.0,38.0,43.0,0.22999999999999998,/Users/rasmus/Desktop/Fysik/AppliedML2026/Final_project_data/data/ML_data/NBI/FDM data/Arrivals/Nuuk Arrival_ 213210_OY-GRO_02_04_25_40_18.csv
2025.0,4.0,2.0,19.0,18.0,9.0,0.21999999999999997,/Users/rasmus/Desktop/Fysik/AppliedML2026/Final_project_data/data/ML_data/NBI/FDM data/Arrivals/Nuuk Arrival_ 213213_OY-GRM_02_04_25_20_19.csv
2025.0,4.0,2.0,20.0,26.0,13.0,0.18999999999999995,/Users/rasmus/Desktop/Fysik/AppliedML2026/Final_project_data/data/ML_data/NBI/FDM data/Arrivals/Nuuk Arrival_ 213235_OY-GRH_02_04_25_29_20.csv
2025.0,4.0,3.0,10.0,58.0,30.0,0.21999999999999997,/Users/rasmus/Desktop/Fysik/AppliedML2026/Final_project_data/data/ML_data/NBI/FDM data/Arrivals/Nuuk Arrival_ 213250_OY-GRH_03_04_25_00_11.csv
2025.0,4.0,3.0,13.0,22.0,12.0,0.16999999999999993,/Users/rasmus/Desktop/Fysik/AppliedML2026/Final_project_data/data/ML_data/NBI/FDM data/Arrivals/Nuuk Arrival_ 213256_OY-GRM_03_04_25_24_13.csv
2025.0,4.0,3.0,14.0,8.0,26.0,0.3899999999999999,/Users/rasmus/Desktop/Fysik/AppliedML2026/Final_project_data/data/ML_data/NBI/FDM data/Arrivals/Nuuk Arrival_ 213259_OY-GRH_03_04_25_11_14.csv
2025.0,4.0,3.0,14.0,29.0,7.0,0.20999999999999996,/Users/rasmus/Desktop/Fysik/AppliedML2026/Final_project_data/data/ML_data/NBI/FDM data/Arrivals/Nuuk Arrival_ 213276_OY-GRG_03_04_25_31_14.csv
2025.0,4.0,3.0,19.0,28.0,31.0,0.27,/Users/rasmus/Desktop/Fysik/AppliedML2026/Final_project_data/data/ML_data/NBI/FDM data/Arrivals/Nuuk Arrival_ 213278_OY-GRO_03_04_25_30_19.csv
2025.0,4.0,3.0,18.0,33.0,39.0,0.18999999999999995,/Users/rasmus/Desktop/Fysik/AppliedML2026/Final_project_data/data/ML_data/NBI/FDM data/Arrivals/Nuuk Arrival_ 213279_OY-GRM_03_04_25_35_18.csv
2025.0,4.0,3.0,18.0,53.0,6.0,0.18999999999999995,/Users/rasmus/Desktop/Fysik/AppliedML2026/Final_project_data/data/ML_data/NBI/FDM data/Arrivals/Nuuk Arrival_ 213280_OY-GRP_03_04_25_55_18.csv
2025.0,4.0,3.0,21.0,13.0,40.0,0.18999999999999995,/Users/rasmus/Desktop/Fysik/AppliedML2026/Final_project_data/data/ML_data/NBI/FDM data/Arrivals/Nuuk Arrival_ 213283_OY-GRP_03_04_25_14_21.csv
2025.0,4.0,4.0,14.0,14.0,57.0,0.24,/Users/rasmus/Desktop/Fysik/AppliedML2026/Final_project_data/data/ML_data/NBI/FDM data/Arrivals/Nuuk Arrival_ 213297_OY-GRH_04_04_25_16_14.csv
2025.0,4.0,4.0,22.0,37.0,19.0,0.18999999999999995,/Users/rasmus/Desktop/Fysik/AppliedML2026/Final_project_data/data/ML_data/NBI/FDM data/Arrivals/Nuuk Arrival_ 213322_OY-GRO_04_04_25_39_22.csv
2025.0,4.0,4.0,22.0,58.0,30.0,0.1299999999999999,/Users/rasmus/Desktop/Fysik/AppliedML2026/Final_project_data/data/ML_data/NBI/FDM data/Arrivals/Nuuk Arrival_ 213323_OY-GRM_04_04_25_00_23.csv
2025.0,4.0,5.0,11.0,38.0,45.0,0.3999999999999999,/Users/rasmus/Desktop/Fysik/AppliedML2026/Final_project_data/data/ML_data/NBI/FDM data/Arrivals/Nuuk Arrival_ 213329_OY-GRG_05_04_25_40_11.csv
2025.0,4.0,5.0,14.0,43.0,28.0,0.1200000000000001,/Users/rasmus/Desktop/Fysik/AppliedML2026/Final_project_data/data/ML_data/NBI/FDM data/Arrivals/Nuuk Arrival_ 213331_OY-GRG_05_04_25_45_14.csv
2025.0,4.0,5.0,18.0,32.0,50.0,0.1299999999999999,/Users/rasmus/Desktop/Fysik/AppliedML2026/Final_project_data/data/ML_data/NBI/FDM data/Arrivals/Nuuk Arrival_ 213333_OY-GRG_05_04_25_35_18.csv
2025.0,4.0,6.0,17.0,1.0,34.0,0.12,/Users/rasmus/Desktop/Fysik/AppliedML2026/Final_project_data/data/ML_data/NBI/FDM data/Arrivals/Nuuk Arrival_ 213337_OY-GRG_06_04_25_03_17.csv
2025.0,4.0,7.0,11.0,59.0,5.0,0.15999999999999992,/Users/rasmus/Desktop/Fysik/AppliedML2026/Final_project_data/data/ML_data/NBI/FDM data/Arrivals/Nuuk Arrival_ 213339_OY-GRG_07_04_25_01_12.csv
2025.0,4.0,7.0,18.0,31.0,31.0,0.17999999999999994,/Users/rasmus/Desktop/Fysik/AppliedML2026/Final_project_data/data/ML_data/NBI/FDM data/Arrivals/Nuuk Arrival_ 213341_OY-GRG_07_04_25_34_18.csv
2025.0,4.0,5.0,15.0,17.0,0.0,0.1299999999999999,/Users/rasmus/Desktop/Fysik/AppliedML2026/Final_project_data/data/ML_data/NBI/FDM data/Arrivals/Nuuk Arrival_ 213345_OY-GRH_05_04_25_18_15.csv
2025.0,4.0,7.0,11.0,55.0,59.0,0.1499999999999999,/Users/rasmus/Desktop/Fysik/AppliedML2026/Final_project_data/data/ML_data/NBI/FDM data/Arrivals/Nuuk Arrival_ 213349_OY-GRH_07_04_25_56_11.csv
2025.0,4.0,7.0,22.0,42.0,54.0,0.19999999999999996,/Users/rasmus/Desktop/Fysik/AppliedML2026/Final_project_data/data/ML_data/NBI/FDM data/Arrivals/Nuuk Arrival_ 213355_OY-GRH_07_04_25_43_22.csv
2025.0,4.0,5.0,14.0,58.0,36.0,0.18999999999999995,/Users/rasmus/Desktop/Fysik/AppliedML2026/Final_project_data/data/ML_data/NBI/FDM data/Arrivals/Nuuk Arrival_ 213357_OY-GRM_05_04_25_59_14.csv
2025.0,4.0,5.0,18.0,37.0,21.0,0.18000000000000005,/Users/rasmus/Desktop/Fysik/AppliedML2026/Final_project_data/data/ML_data/NBI/FDM data/Arrivals/Nuuk Arrival_ 213359_OY-GRM_05_04_25_39_18.csv
2025.0,4.0,5.0,20.0,20.0,12.0,0.30000000000000004,/Users/rasmus/Desktop/Fysik/AppliedML2026/Final_project_data/data/ML_data/NBI/FDM data/Arrivals/Nuuk Arrival_ 213361_OY-GRM_05_04_25_21_20.csv
2025.0,4.0,6.0,12.0,0.0,28.0,0.16999999999999993,/Users/rasmus/Desktop/Fysik/AppliedML2026/Final_project_data/data/ML_data/NBI/FDM data/Arrivals/Nuuk Arrival_ 213363_OY-GRM_06_04_25_02_12.csv
2025.0,4.0,6.0,16.0,45.0,17.0,0.28,/Users/rasmus/Desktop/Fysik/AppliedML2026/Final_project_data/data/ML_data/NBI/FDM data/Arrivals/Nuuk Arrival_ 213365_OY-GRM_06_04_25_47_16.csv
2025.0,4.0,7.0,12.0,42.0,16.0,0.17999999999999994,/Users/rasmus/Desktop/Fysik/AppliedML2026/Final_project_data/data/ML_data/NBI/FDM data/Arrivals/Nuuk Arrival_ 213367_OY-GRM_07_04_25_44_12.csv
2025.0,4.0,5.0,11.0,46.0,41.0,0.20999999999999996,/Users/rasmus/Desktop/Fysik/AppliedML2026/Final_project_data/data/ML_data/NBI/FDM data/Arrivals/Nuuk Arrival_ 213370_OY-GRO_05_04_25_47_11.csv
2025.0,4.0,7.0,13.0,23.0,36.0,0.20999999999999996,/Users/rasmus/Desktop/Fysik/AppliedML2026/Final_project_data/data/ML_data/NBI/FDM data/Arrivals/Nuuk Arrival_ 213372_OY-GRO_07_04_25_25_13.csv
2025.0,4.0,7.0,18.0,13.0,41.0,0.22999999999999998,/Users/rasmus/Desktop/Fysik/AppliedML2026/Final_project_data/data/ML_data/NBI/FDM data/Arrivals/Nuuk Arrival_ 213374_OY-GRO_07_04_25_14_18.csv
2025.0,4.0,5.0,15.0,28.0,13.0,0.18999999999999995,/Users/rasmus/Desktop/Fysik/AppliedML2026/Final_project_data/data/ML_data/NBI/FDM data/Arrivals/Nuuk Arrival_ 213376_OY-GRP_05_04_25_30_15.csv
2025.0,4.0,5.0,20.0,15.0,1.0,0.1100000000000001,/Users/rasmus/Desktop/Fysik/AppliedML2026/Final_project_data/data/ML_data/NBI/FDM data/Arrivals/Nuuk Arrival_ 213378_OY-GRP_05_04_25_16_20.csv
2025.0,4.0,6.0,14.0,41.0,29.0,0.27,/Users/rasmus/Desktop/Fysik/AppliedML2026/Final_project_data/data/ML_data/NBI/FDM data/Arrivals/Nuuk Arrival_ 213379_OY-GRP_06_04_25_43_14.csv
2025.0,4.0,6.0,20.0,55.0,7.0,0.25,/Users/rasmus/Desktop/Fysik/AppliedML2026/Final_project_data/data/ML_data/NBI/FDM data/Arrivals/Nuuk Arrival_ 213381_OY-GRP_06_04_25_57_20.csv
2025.0,4.0,7.0,12.0,34.0,32.0,0.10000000000000009,/Users/rasmus/Desktop/Fysik/AppliedML2026/Final_project_data/data/ML_data/NBI/FDM data/Arrivals/Nuuk Arrival_ 213382_OY-GRP_07_04_25_36_12.csv
2025.0,4.0,7.0,19.0,43.0,25.0,0.28,/Users/rasmus/Desktop/Fysik/AppliedML2026/Final_project_data/data/ML_data/NBI/FDM data/Arrivals/Nuuk Arrival_ 213384_OY-GRP_07_04_25_46_19.csv
2025.0,4.0,8.0,14.0,36.0,43.0,0.1100000000000001,/Users/rasmus/Desktop/Fysik/AppliedML2026/Final_project_data/data/ML_data/NBI/FDM data/Arrivals/Nuuk Arrival_ 213458_OY-GRH_08_04_25_37_14.csv
2025.0,4.0,8.0,13.0,50.0,18.0,0.1100000000000001,/Users/rasmus/Desktop/Fysik/AppliedML2026/Final_project_data/data/ML_data/NBI/FDM data/Arrivals/Nuuk Arrival_ 213459_OY-GRG_08_04_25_53_13.csv
2025.0,4.0,8.0,14.0,46.0,4.0,0.3999999999999999,/Users/rasmus/Desktop/Fysik/AppliedML2026/Final_project_data/data/ML_data/NBI/FDM data/Arrivals/Nuuk Arrival_ 213473_OY-GRM_08_04_25_47_14.csv
2025.0,4.0,8.0,18.0,25.0,53.0,0.1499999999999999,/Users/rasmus/Desktop/Fysik/AppliedML2026/Final_project_data/data/ML_data/NBI/FDM data/Arrivals/Nuuk Arrival_ 213478_OY-GRG_08_04_25_27_18.csv
2025.0,4.0,8.0,19.0,41.0,27.0,0.17999999999999994,/Users/rasmus/Desktop/Fysik/AppliedML2026/Final_project_data/data/ML_data/NBI/FDM data/Arrivals/Nuuk Arrival_ 213487_OY-GRH_08_04_25_43_19.csv
2025.0,4.0,8.0,19.0,53.0,29.0,0.20999999999999996,/Users/rasmus/Desktop/Fysik/AppliedML2026/Final_project_data/data/ML_data/NBI/FDM data/Arrivals/Nuuk Arrival_ 213488_OY-GRO_08_04_25_55_19.csv
2025.0,4.0,8.0,20.0,17.0,26.0,0.28,/Users/rasmus/Desktop/Fysik/AppliedML2026/Final_project_data/data/ML_data/NBI/FDM data/Arrivals/Nuuk Arrival_ 213489_OY-GRP_08_04_25_19_20.csv
2025.0,4.0,9.0,15.0,36.0,19.0,0.32000000000000006,/Users/rasmus/Desktop/Fysik/AppliedML2026/Final_project_data/data/ML_data/NBI/FDM data/Arrivals/Nuuk Arrival_ 213499_OY-GRP_09_04_25_37_15.csv
2025.0,4.0,9.0,15.0,57.0,39.0,0.32999999999999996,/Users/rasmus/Desktop/Fysik/AppliedML2026/Final_project_data/data/ML_data/NBI/FDM data/Arrivals/Nuuk Arrival_ 213500_OY-GRG_09_04_25_00_16.csv
2025.0,4.0,9.0,20.0,13.0,51.0,0.18999999999999995,/Users/rasmus/Desktop/Fysik/AppliedML2026/Final_project_data/data/ML_data/NBI/FDM data/Arrivals/Nuuk Arrival_ 213520_OY-GRO_09_04_25_16_20.csv
2025.0,4.0,9.0,20.0,28.0,35.0,0.14,/Users/rasmus/Desktop/Fysik/AppliedML2026/Final_project_data/data/ML_data/NBI/FDM data/Arrivals/Nuuk Arrival_ 213522_OY-GRP_09_04_25_29_20.csv
2025.0,4.0,9.0,21.0,50.0,29.0,0.1100000000000001,/Users/rasmus/Desktop/Fysik/AppliedML2026/Final_project_data/data/ML_data/NBI/FDM data/Arrivals/Nuuk Arrival_ 213523_OY-GRG_09_04_25_52_21.csv
2025.0,4.0,10.0,11.0,50.0,26.0,0.24,/Users/rasmus/Desktop/Fysik/AppliedML2026/Final_project_data/data/ML_data/NBI/FDM data/Arrivals/Nuuk Arrival_ 213526_OY-GRG_10_04_25_52_11.csv
2025.0,4.0,10.0,13.0,1.0,23.0,0.18999999999999995,/Users/rasmus/Desktop/Fysik/AppliedML2026/Final_project_data/data/ML_data/NBI/FDM data/Arrivals/Nuuk Arrival_ 213530_OY-GRP_10_04_25_02_13.csv
2025.0,4.0,10.0,14.0,49.0,4.0,0.1399999999999999,/Users/rasmus/Desktop/Fysik/AppliedML2026/Final_project_data/data/ML_data/NBI/FDM data/Arrivals/Nuuk Arrival_ 213532_OY-GRO_10_04_25_51_14.csv
2025.0,4.0,10.0,19.0,6.0,32.0,0.09000000000000008,/Users/rasmus/Desktop/Fysik/AppliedML2026/Final_project_data/data/ML_data/NBI/FDM data/Arrivals/Nuuk Arrival_ 213549_OY-GRM_10_04_25_08_19.csv
2025.0,4.0,10.0,19.0,52.0,41.0,0.17999999999999994,/Users/rasmus/Desktop/Fysik/AppliedML2026/Final_project_data/data/ML_data/NBI/FDM data/Arrivals/Nuuk Arrival_ 213551_OY-GRO_10_04_25_56_19.csv
2025.0,4.0,10.0,22.0,10.0,26.0,0.25,/Users/rasmus/Desktop/Fysik/AppliedML2026/Final_project_data/data/ML_data/NBI/FDM data/Arrivals/Nuuk Arrival_ 213554_OY-GRP_10_04_25_12_22.csv
2025.0,4.0,11.0,20.0,52.0,36.0,0.17999999999999994,/Users/rasmus/Desktop/Fysik/AppliedML2026/Final_project_data/data/ML_data/NBI/FDM data/Arrivals/Nuuk Arrival_ 213559_OY-GRO_11_04_25_53_20.csv
2025.0,4.0,11.0,22.0,14.0,19.0,0.10000000000000009,/Users/rasmus/Desktop/Fysik/AppliedML2026/Final_project_data/data/ML_data/NBI/FDM data/Arrivals/Nuuk Arrival_ 213562_OY-GRP_11_04_25_16_22.csv
2025.0,4.0,12.0,12.0,17.0,36.0,0.29000000000000004,/Users/rasmus/Desktop/Fysik/AppliedML2026/Final_project_data/data/ML_data/NBI/FDM data/Arrivals/Nuuk Arrival_ 213565_OY-GRM_12_04_25_18_12.csv
2025.0,4.0,12.0,13.0,40.0,30.0,0.1299999999999999,/Users/rasmus/Desktop/Fysik/AppliedML2026/Final_project_data/data/ML_data/NBI/FDM data/Arrivals/Nuuk Arrival_ 213567_OY-GRG_12_04_25_42_13.csv
2025.0,4.0,12.0,14.0,21.0,40.0,0.22999999999999998,/Users/rasmus/Desktop/Fysik/AppliedML2026/Final_project_data/data/ML_data/NBI/FDM data/Arrivals/Nuuk Arrival_ 213570_OY-GRP_12_04_25_22_14.csv
2025.0,4.0,12.0,15.0,36.0,3.0,0.20999999999999996,/Users/rasmus/Desktop/Fysik/AppliedML2026/Final_project_data/data/ML_data/NBI/FDM data/Arrivals/Nuuk Arrival_ 213571_OY-GRM_12_04_25_37_15.csv
2025.0,4.0,12.0,18.0,53.0,3.0,0.17999999999999994,/Users/rasmus/Desktop/Fysik/AppliedML2026/Final_project_data/data/ML_data/NBI/FDM data/Arrivals/Nuuk Arrival_ 213581_OY-GRG_12_04_25_54_18.csv
2025.0,4.0,12.0,19.0,37.0,0.0,0.1399999999999999,/Users/rasmus/Desktop/Fysik/AppliedML2026/Final_project_data/data/ML_data/NBI/FDM data/Arrivals/Nuuk Arrival_ 213601_OY-GRM_12_04_25_38_19.csv
2025.0,4.0,12.0,22.0,24.0,43.0,0.16999999999999993,/Users/rasmus/Desktop/Fysik/AppliedML2026/Final_project_data/data/ML_data/NBI/FDM data/Arrivals/Nuuk Arrival_ 213606_OY-GRO_12_04_25_25_22.csv
2025.0,4.0,12.0,23.0,24.0,20.0,0.1399999999999999,/Users/rasmus/Desktop/Fysik/AppliedML2026/Final_project_data/data/ML_data/NBI/FDM data/Arrivals/Nuuk Arrival_ 213607_OY-GRG_12_04_25_26_23.csv
2025.0,4.0,13.0,11.0,38.0,0.0,0.1100000000000001,/Users/rasmus/Desktop/Fysik/AppliedML2026/Final_project_data/data/ML_data/NBI/FDM data/Arrivals/Nuuk Arrival_ 213611_OY-GRG_13_04_25_39_11.csv
2025.0,4.0,13.0,11.0,43.0,45.0,0.1299999999999999,/Users/rasmus/Desktop/Fysik/AppliedML2026/Final_project_data/data/ML_data/NBI/FDM data/Arrivals/Nuuk Arrival_ 213612_OY-GRO_13_04_25_44_11.csv
2025.0,4.0,13.0,12.0,19.0,8.0,0.1499999999999999,/Users/rasmus/Desktop/Fysik/AppliedML2026/Final_project_data/data/ML_data/NBI/FDM data/Arrivals/Nuuk Arrival_ 213614_OY-GRM_13_04_25_21_12.csv
2025.0,4.0,13.0,16.0,21.0,47.0,0.1100000000000001,/Users/rasmus/Desktop/Fysik/AppliedML2026/Final_project_data/data/ML_data/NBI/FDM data/Arrivals/Nuuk Arrival_ 213621_OY-GRG_13_04_25_23_16.csv
2025.0,4.0,13.0,17.0,11.0,19.0,0.19999999999999996,/Users/rasmus/Desktop/Fysik/AppliedML2026/Final_project_data/data/ML_data/NBI/FDM data/Arrivals/Nuuk Arrival_ 213623_OY-GRH_13_04_25_13_17.csv
2025.0,4.0,13.0,17.0,16.0,0.0,0.1399999999999999,/Users/rasmus/Desktop/Fysik/AppliedML2026/Final_project_data/data/ML_data/NBI/FDM data/Arrivals/Nuuk Arrival_ 213626_OY-GRM_13_04_25_17_17.csv
2025.0,4.0,13.0,17.0,44.0,18.0,0.15999999999999992,/Users/rasmus/Desktop/Fysik/AppliedML2026/Final_project_data/data/ML_data/NBI/FDM data/Arrivals/Nuuk Arrival_ 213628_OY-GRO_13_04_25_46_17.csv
2025.0,4.0,14.0,11.0,31.0,30.0,0.1499999999999999,/Users/rasmus/Desktop/Fysik/AppliedML2026/Final_project_data/data/ML_data/NBI/FDM data/Arrivals/Nuuk Arrival_ 213632_OY-GRG_14_04_25_33_11.csv
2025.0,4.0,14.0,12.0,8.0,3.0,0.17999999999999994,/Users/rasmus/Desktop/Fysik/AppliedML2026/Final_project_data/data/ML_data/NBI/FDM data/Arrivals/Nuuk Arrival_ 213636_OY-GRO_14_04_25_10_12.csv
2025.0,4.0,14.0,12.0,11.0,22.0,0.1299999999999999,/Users/rasmus/Desktop/Fysik/AppliedML2026/Final_project_data/data/ML_data/NBI/FDM data/Arrivals/Nuuk Arrival_ 213637_OY-GRP_14_04_25_13_12.csv
2025.0,4.0,14.0,12.0,57.0,19.0,0.1499999999999999,/Users/rasmus/Desktop/Fysik/AppliedML2026/Final_project_data/data/ML_data/NBI/FDM data/Arrivals/Nuuk Arrival_ 213638_OY-GRM_14_04_25_59_12.csv
2025.0,4.0,14.0,12.0,4.0,31.0,0.26,/Users/rasmus/Desktop/Fysik/AppliedML2026/Final_project_data/data/ML_data/NBI/FDM data/Arrivals/Nuuk Arrival_ 213641_OY-GRH_14_04_25_05_12.csv
2025.0,4.0,14.0,15.0,32.0,9.0,0.19999999999999996,/Users/rasmus/Desktop/Fysik/AppliedML2026/Final_project_data/data/ML_data/NBI/FDM data/Arrivals/Nuuk Arrival_ 213644_OY-GRP_14_04_25_36_15.csv
2025.0,4.0,14.0,16.0,23.0,52.0,0.1200000000000001,/Users/rasmus/Desktop/Fysik/AppliedML2026/Final_project_data/data/ML_data/NBI/FDM data/Arrivals/Nuuk Arrival_ 213646_OY-GRG_14_04_25_25_16.csv
2025.0,4.0,14.0,16.0,59.0,38.0,0.16999999999999993,/Users/rasmus/Desktop/Fysik/AppliedML2026/Final_project_data/data/ML_data/NBI/FDM data/Arrivals/Nuuk Arrival_ 213664_OY-GRO_14_04_25_00_17.csv
2025.0,4.0,14.0,21.0,13.0,9.0,0.15999999999999992,/Users/rasmus/Desktop/Fysik/AppliedML2026/Final_project_data/data/ML_data/NBI/FDM data/Arrivals/Nuuk Arrival_ 213701_OY-GRO_14_04_25_15_21.csv
2025.0,4.0,14.0,21.0,40.0,53.0,0.19999999999999996,/Users/rasmus/Desktop/Fysik/AppliedML2026/Final_project_data/data/ML_data/NBI/FDM data/Arrivals/Nuuk Arrival_ 213703_OY-GRH_14_04_25_42_21.csv
2025.0,3.0,30.0,16.0,4.0,44.0,0.3999999999999999,/Users/rasmus/Desktop/Fysik/AppliedML2026/Final_project_data/data/ML_data/NBI/FDM data/Arrivals/Nuuk Arrival_ 213705_OY-GRR_30_03_25_51_15.csv
2025.0,3.0,31.0,12.0,26.0,26.0,0.22999999999999998,/Users/rasmus/Desktop/Fysik/AppliedML2026/Final_project_data/data/ML_data/NBI/FDM data/Arrivals/Nuuk Arrival_ 213708_OY-GRR_31_03_25_20_12.csv
2025.0,3.0,31.0,18.0,14.0,53.0,0.4,/Users/rasmus/Desktop/Fysik/AppliedML2026/Final_project_data/data/ML_data/NBI/FDM data/Arrivals/Nuuk Arrival_ 213711_OY-GRR_31_03_25_08_18.csv
2025.0,4.0,1.0,14.0,55.0,45.0,0.42999999999999994,/Users/rasmus/Desktop/Fysik/AppliedML2026/Final_project_data/data/ML_data/NBI/FDM data/Arrivals/Nuuk Arrival_ 213715_OY-GRR_01_04_25_15_14.csv
2025.0,4.0,1.0,19.0,43.0,51.0,0.3899999999999999,/Users/rasmus/Desktop/Fysik/AppliedML2026/Final_project_data/data/ML_data/NBI/FDM data/Arrivals/Nuuk Arrival_ 213718_OY-GRR_01_04_25_39_19.csv
2025.0,4.0,1.0,22.0,45.0,57.0,0.1399999999999999,/Users/rasmus/Desktop/Fysik/AppliedML2026/Final_project_data/data/ML_data/NBI/FDM data/Arrivals/Nuuk Arrival_ 213720_OY-GRR_01_04_25_39_22.csv
2025.0,4.0,2.0,12.0,48.0,52.0,0.20999999999999996,/Users/rasmus/Desktop/Fysik/AppliedML2026/Final_project_data/data/ML_data/NBI/FDM data/Arrivals/Nuuk Arrival_ 213722_OY-GRR_02_04_25_45_12.csv
2025.0,4.0,2.0,19.0,59.0,12.0,0.17999999999999994,/Users/rasmus/Desktop/Fysik/AppliedML2026/Final_project_data/data/ML_data/NBI/FDM data/Arrivals/Nuuk Arrival_ 213728_OY-GRR_02_04_25_56_19.csv
2025.0,4.0,3.0,14.0,38.0,8.0,0.30000000000000004,/Users/rasmus/Desktop/Fysik/AppliedML2026/Final_project_data/data/ML_data/NBI/FDM data/Arrivals/Nuuk Arrival_ 213731_OY-GRR_03_04_25_32_14.csv
2025.0,4.0,3.0,19.0,46.0,36.0,0.3700000000000001,/Users/rasmus/Desktop/Fysik/AppliedML2026/Final_project_data/data/ML_data/NBI/FDM data/Arrivals/Nuuk Arrival_ 213733_OY-GRR_03_04_25_40_19.csv
2025.0,4.0,5.0,15.0,1.0,1.0,0.42000000000000004,/Users/rasmus/Desktop/Fysik/AppliedML2026/Final_project_data/data/ML_data/NBI/FDM data/Arrivals/Nuuk Arrival_ 213736_OY-GRR_05_04_25_45_14.csv
2025.0,4.0,5.0,19.0,48.0,30.0,0.31000000000000005,/Users/rasmus/Desktop/Fysik/AppliedML2026/Final_project_data/data/ML_data/NBI/FDM data/Arrivals/Nuuk Arrival_ 213739_OY-GRR_05_04_25_43_19.csv
2025.0,4.0,14.0,22.0,42.0,32.0,0.1499999999999999,/Users/rasmus/Desktop/Fysik/AppliedML2026/Final_project_data/data/ML_data/NBI/FDM data/Arrivals/Nuuk Arrival_ 213740_OY-GRG_14_04_25_44_22.csv
2025.0,4.0,14.0,21.0,45.0,6.0,0.09000000000000008,/Users/rasmus/Desktop/Fysik/AppliedML2026/Final_project_data/data/ML_data/NBI/FDM data/Arrivals/Nuuk Arrival_ 213741_OY-GRP_14_04_25_47_21.csv
2025.0,4.0,6.0,14.0,2.0,48.0,0.19999999999999996,/Users/rasmus/Desktop/Fysik/AppliedML2026/Final_project_data/data/ML_data/NBI/FDM data/Arrivals/Nuuk Arrival_ 213743_OY-GRR_06_04_25_59_13.csv
2025.0,4.0,6.0,19.0,37.0,34.0,0.17999999999999994,/Users/rasmus/Desktop/Fysik/AppliedML2026/Final_project_data/data/ML_data/NBI/FDM data/Arrivals/Nuuk Arrival_ 213747_OY-GRR_06_04_25_33_19.csv
2025.0,4.0,6.0,20.0,49.0,9.0,0.040000000000000036,/Users/rasmus/Desktop/Fysik/AppliedML2026/Final_project_data/data/ML_data/NBI/FDM data/Arrivals/Nuuk Arrival_ 213748_OY-GRR_06_04_25_47_20.csv
2025.0,4.0,7.0,12.0,2.0,38.0,0.15999999999999992,/Users/rasmus/Desktop/Fysik/AppliedML2026/Final_project_data/data/ML_data/NBI/FDM data/Arrivals/Nuuk Arrival_ 213751_OY-GRR_07_04_25_56_11.csv
2025.0,4.0,7.0,16.0,37.0,50.0,0.3600000000000001,/Users/rasmus/Desktop/Fysik/AppliedML2026/Final_project_data/data/ML_data/NBI/FDM data/Arrivals/Nuuk Arrival_ 213754_OY-GRR_07_04_25_30_16.csv
2025.0,4.0,8.0,13.0,12.0,54.0,0.15999999999999992,/Users/rasmus/Desktop/Fysik/AppliedML2026/Final_project_data/data/ML_data/NBI/FDM data/Arrivals/Nuuk Arrival_ 213756_OY-GRR_08_04_25_09_13.csv
2025.0,4.0,8.0,16.0,58.0,55.0,0.33000000000000007,/Users/rasmus/Desktop/Fysik/AppliedML2026/Final_project_data/data/ML_data/NBI/FDM data/Arrivals/Nuuk Arrival_ 213757_OY-GRR_08_04_25_53_16.csv
2025.0,4.0,9.0,19.0,42.0,5.0,0.17999999999999994,/Users/rasmus/Desktop/Fysik/AppliedML2026/Final_project_data/data/ML_data/NBI/FDM data/Arrivals/Nuuk Arrival_ 213761_OY-GRR_09_04_25_26_19.csv
2025.0,4.0,10.0,14.0,34.0,38.0,0.42000000000000004,/Users/rasmus/Desktop/Fysik/AppliedML2026/Final_project_data/data/ML_data/NBI/FDM data/Arrivals/Nuuk Arrival_ 213764_OY-GRR_10_04_25_18_14.csv
2025.0,4.0,10.0,18.0,16.0,39.0,0.1299999999999999,/Users/rasmus/Desktop/Fysik/AppliedML2026/Final_project_data/data/ML_data/NBI/FDM data/Arrivals/Nuuk Arrival_ 213766_OY-GRR_10_04_25_10_18.csv
2025.0,4.0,10.0,20.0,52.0,11.0,0.20999999999999996,/Users/rasmus/Desktop/Fysik/AppliedML2026/Final_project_data/data/ML_data/NBI/FDM data/Arrivals/Nuuk Arrival_ 213768_OY-GRR_10_04_25_45_20.csv
2025.0,4.0,11.0,21.0,44.0,4.0,0.21999999999999997,/Users/rasmus/Desktop/Fysik/AppliedML2026/Final_project_data/data/ML_data/NBI/FDM data/Arrivals/Nuuk Arrival_ 213769_OY-GRR_11_04_25_26_20.csv
2025.0,4.0,12.0,0.0,59.0,54.0,0.3500000000000001,/Users/rasmus/Desktop/Fysik/AppliedML2026/Final_project_data/data/ML_data/NBI/FDM data/Arrivals/Nuuk Arrival_ 213771_OY-GRR_12_04_25_48_00.csv
2025.0,4.0,12.0,14.0,24.0,37.0,0.20999999999999996,/Users/rasmus/Desktop/Fysik/AppliedML2026/Final_project_data/data/ML_data/NBI/FDM data/Arrivals/Nuuk Arrival_ 213773_OY-GRR_12_04_25_10_14.csv
2025.0,4.0,12.0,18.0,51.0,16.0,0.42999999999999994,/Users/rasmus/Desktop/Fysik/AppliedML2026/Final_project_data/data/ML_data/NBI/FDM data/Arrivals/Nuuk Arrival_ 213775_OY-GRR_12_04_25_45_18.csv
2025.0,4.0,13.0,12.0,30.0,18.0,0.45999999999999996,/Users/rasmus/Desktop/Fysik/AppliedML2026/Final_project_data/data/ML_data/NBI/FDM data/Arrivals/Nuuk Arrival_ 213777_OY-GRR_13_04_25_21_12.csv
2025.0,4.0,13.0,16.0,58.0,25.0,0.30000000000000004,/Users/rasmus/Desktop/Fysik/AppliedML2026/Final_project_data/data/ML_data/NBI/FDM data/Arrivals/Nuuk Arrival_ 213779_OY-GRR_13_04_25_52_16.csv
2025.0,4.0,15.0,11.0,14.0,47.0,0.17999999999999994,/Users/rasmus/Desktop/Fysik/AppliedML2026/Final_project_data/data/ML_data/NBI/FDM data/Arrivals/Nuuk Arrival_ 213803_OY-GRO_15_04_25_15_11.csv
2025.0,4.0,15.0,13.0,32.0,30.0,0.13,/Users/rasmus/Desktop/Fysik/AppliedML2026/Final_project_data/data/ML_data/NBI/FDM data/Arrivals/Nuuk Arrival_ 213805_OY-GRG_15_04_25_34_13.csv
2025.0,4.0,15.0,14.0,36.0,14.0,0.1399999999999999,/Users/rasmus/Desktop/Fysik/AppliedML2026/Final_project_data/data/ML_data/NBI/FDM data/Arrivals/Nuuk Arrival_ 213807_OY-GRM_15_04_25_38_14.csv
2025.0,4.0,15.0,14.0,42.0,4.0,0.20999999999999996,/Users/rasmus/Desktop/Fysik/AppliedML2026/Final_project_data/data/ML_data/NBI/FDM data/Arrivals/Nuuk Arrival_ 213808_OY-GRH_15_04_25_43_14.csv
2025.0,4.0,15.0,14.0,23.0,2.0,0.16999999999999993,/Users/rasmus/Desktop/Fysik/AppliedML2026/Final_project_data/data/ML_data/NBI/FDM data/Arrivals/Nuuk Arrival_ 213809_OY-GRO_15_04_25_24_14.csv
2025.0,4.0,15.0,18.0,12.0,58.0,0.18999999999999995,/Users/rasmus/Desktop/Fysik/AppliedML2026/Final_project_data/data/ML_data/NBI/FDM data/Arrivals/Nuuk Arrival_ 213835_OY-GRO_15_04_25_14_18.csv
2025.0,4.0,15.0,19.0,10.0,54.0,0.1200000000000001,/Users/rasmus/Desktop/Fysik/AppliedML2026/Final_project_data/data/ML_data/NBI/FDM data/Arrivals/Nuuk Arrival_ 213836_OY-GRP_15_04_25_11_19.csv
2025.0,4.0,15.0,18.0,32.0,2.0,0.1100000000000001,/Users/rasmus/Desktop/Fysik/AppliedML2026/Final_project_data/data/ML_data/NBI/FDM data/Arrivals/Nuuk Arrival_ 213837_OY-GRG_15_04_25_34_18.csv
2025.0,4.0,15.0,19.0,29.0,58.0,0.1100000000000001,/Users/rasmus/Desktop/Fysik/AppliedML2026/Final_project_data/data/ML_data/NBI/FDM data/Arrivals/Nuuk Arrival_ 213838_OY-GRH_15_04_25_30_19.csv
2025.0,4.0,15.0,22.0,45.0,1.0,0.15999999999999992,/Users/rasmus/Desktop/Fysik/AppliedML2026/Final_project_data/data/ML_data/NBI/FDM data/Arrivals/Nuuk Arrival_ 213854_OY-GRO_15_04_25_47_22.csv
2025.0,4.0,16.0,11.0,49.0,38.0,0.1100000000000001,/Users/rasmus/Desktop/Fysik/AppliedML2026/Final_project_data/data/ML_data/NBI/FDM data/Arrivals/Nuuk Arrival_ 213884_OY-GRG_16_04_25_51_11.csv
2025.0,4.0,16.0,12.0,9.0,28.0,0.16000000000000003,/Users/rasmus/Desktop/Fysik/AppliedML2026/Final_project_data/data/ML_data/NBI/FDM data/Arrivals/Nuuk Arrival_ 213885_OY-GRP_16_04_25_11_12.csv
2025.0,4.0,16.0,14.0,24.0,14.0,0.17999999999999994,/Users/rasmus/Desktop/Fysik/AppliedML2026/Final_project_data/data/ML_data/NBI/FDM data/Arrivals/Nuuk Arrival_ 213896_OY-GRO_16_04_25_27_14.csv
2025.0,4.0,16.0,11.0,38.0,36.0,0.17999999999999994,/Users/rasmus/Desktop/Fysik/AppliedML2026/Final_project_data/data/ML_data/NBI/FDM data/Arrivals/Nuuk Arrival_ 213898_OY-GRM_16_04_25_39_11.csv
2025.0,4.0,16.0,15.0,1.0,50.0,0.20999999999999996,/Users/rasmus/Desktop/Fysik/AppliedML2026/Final_project_data/data/ML_data/NBI/FDM data/Arrivals/Nuuk Arrival_ 213901_OY-GRP_16_04_25_03_15.csv
2025.0,4.0,16.0,16.0,10.0,32.0,0.1100000000000001,/Users/rasmus/Desktop/Fysik/AppliedML2026/Final_project_data/data/ML_data/NBI/FDM data/Arrivals/Nuuk Arrival_ 213902_OY-GRG_16_04_25_12_16.csv
2025.0,4.0,16.0,21.0,2.0,20.0,0.1499999999999999,/Users/rasmus/Desktop/Fysik/AppliedML2026/Final_project_data/data/ML_data/NBI/FDM data/Arrivals/Nuuk Arrival_ 213937_OY-GRO_16_04_25_05_21.csv
2025.0,4.0,16.0,21.0,6.0,58.0,0.1399999999999999,/Users/rasmus/Desktop/Fysik/AppliedML2026/Final_project_data/data/ML_data/NBI/FDM data/Arrivals/Nuuk Arrival_ 213938_OY-GRG_16_04_25_09_21.csv
2025.0,4.0,16.0,21.0,23.0,39.0,0.30000000000000004,/Users/rasmus/Desktop/Fysik/AppliedML2026/Final_project_data/data/ML_data/NBI/FDM data/Arrivals/Nuuk Arrival_ 213939_OY-GRP_16_04_25_24_21.csv
2025.0,4.0,16.0,17.0,39.0,8.0,0.27,/Users/rasmus/Desktop/Fysik/AppliedML2026/Final_project_data/data/ML_data/NBI/FDM data/Arrivals/Nuuk Arrival_ 213941_OY-GRH_16_04_25_40_17.csv
2025.0,4.0,17.0,14.0,30.0,14.0,0.20999999999999996,/Users/rasmus/Desktop/Fysik/AppliedML2026/Final_project_data/data/ML_data/NBI/FDM data/Arrivals/Nuuk Arrival_ 213947_OY-GRG_17_04_25_32_14.csv
2025.0,4.0,17.0,16.0,44.0,40.0,0.33000000000000007,/Users/rasmus/Desktop/Fysik/AppliedML2026/Final_project_data/data/ML_data/NBI/FDM data/Arrivals/Nuuk Arrival_ 213995_OY-GRO_17_04_25_45_16.csv
2025.0,4.0,17.0,14.0,35.0,59.0,0.29000000000000004,/Users/rasmus/Desktop/Fysik/AppliedML2026/Final_project_data/data/ML_data/NBI/FDM data/Arrivals/Nuuk Arrival_ 213996_OY-GRM_17_04_25_36_14.csv
2025.0,4.0,17.0,19.0,28.0,56.0,0.1299999999999999,/Users/rasmus/Desktop/Fysik/AppliedML2026/Final_project_data/data/ML_data/NBI/FDM data/Arrivals/Nuuk Arrival_ 214001_OY-GRP_17_04_25_29_19.csv
2025.0,4.0,17.0,13.0,39.0,43.0,0.21999999999999997,/Users/rasmus/Desktop/Fysik/AppliedML2026/Final_project_data/data/ML_data/NBI/FDM data/Arrivals/Nuuk Arrival_ 214004_OY-GRH_17_04_25_40_13.csv
2025.0,4.0,18.0,12.0,13.0,13.0,0.1399999999999999,/Users/rasmus/Desktop/Fysik/AppliedML2026/Final_project_data/data/ML_data/NBI/FDM data/Arrivals/Nuuk Arrival_ 214008_OY-GRM_18_04_25_15_12.csv
2025.0,4.0,18.0,12.0,26.0,51.0,0.27,/Users/rasmus/Desktop/Fysik/AppliedML2026/Final_project_data/data/ML_data/NBI/FDM data/Arrivals/Nuuk Arrival_ 214010_OY-GRP_18_04_25_27_12.csv
2025.0,4.0,18.0,14.0,24.0,57.0,0.1499999999999999,/Users/rasmus/Desktop/Fysik/AppliedML2026/Final_project_data/data/ML_data/NBI/FDM data/Arrivals/Nuuk Arrival_ 214011_OY-GRO_18_04_25_26_14.csv
2025.0,4.0,18.0,11.0,43.0,48.0,0.20999999999999996,/Users/rasmus/Desktop/Fysik/AppliedML2026/Final_project_data/data/ML_data/NBI/FDM data/Arrivals/Nuuk Arrival_ 214012_OY-GRG_18_04_25_45_11.csv
2025.0,4.0,18.0,16.0,27.0,10.0,0.1399999999999999,/Users/rasmus/Desktop/Fysik/AppliedML2026/Final_project_data/data/ML_data/NBI/FDM data/Arrivals/Nuuk Arrival_ 214016_OY-GRG_18_04_25_29_16.csv
2025.0,4.0,18.0,17.0,0.0,13.0,0.1499999999999999,/Users/rasmus/Desktop/Fysik/AppliedML2026/Final_project_data/data/ML_data/NBI/FDM data/Arrivals/Nuuk Arrival_ 214024_OY-GRM_18_04_25_02_17.csv
2025.0,4.0,19.0,10.0,58.0,5.0,0.21999999999999997,/Users/rasmus/Desktop/Fysik/AppliedML2026/Final_project_data/data/ML_data/NBI/FDM data/Arrivals/Nuuk Arrival_ 214055_OY-GRG_19_04_25_59_10.csv
2025.0,4.0,19.0,13.0,59.0,49.0,0.09000000000000008,/Users/rasmus/Desktop/Fysik/AppliedML2026/Final_project_data/data/ML_data/NBI/FDM data/Arrivals/Nuuk Arrival_ 214062_OY-GRP_19_04_25_00_14.csv
2025.0,4.0,19.0,14.0,17.0,57.0,0.09000000000000008,/Users/rasmus/Desktop/Fysik/AppliedML2026/Final_project_data/data/ML_data/NBI/FDM data/Arrivals/Nuuk Arrival_ 214063_OY-GRG_19_04_25_19_14.csv
2025.0,4.0,19.0,14.0,34.0,21.0,0.16999999999999993,/Users/rasmus/Desktop/Fysik/AppliedML2026/Final_project_data/data/ML_data/NBI/FDM data/Arrivals/Nuuk Arrival_ 214074_OY-GRM_19_04_25_35_14.csv
2025.0,4.0,19.0,17.0,33.0,45.0,0.09000000000000008,/Users/rasmus/Desktop/Fysik/AppliedML2026/Final_project_data/data/ML_data/NBI/FDM data/Arrivals/Nuuk Arrival_ 214079_OY-GRG_19_04_25_35_17.csv
2025.0,4.0,19.0,20.0,13.0,23.0,0.09000000000000008,/Users/rasmus/Desktop/Fysik/AppliedML2026/Final_project_data/data/ML_data/NBI/FDM data/Arrivals/Nuuk Arrival_ 214083_OY-GRM_19_04_25_15_20.csv
2025.0,4.0,14.0,13.0,56.0,48.0,0.17000000000000004,/Users/rasmus/Desktop/Fysik/AppliedML2026/Final_project_data/data/ML_data/NBI/FDM data/Arrivals/Nuuk Arrival_ 214099_OY-GRR_14_04_25_46_13.csv
2025.0,4.0,14.0,18.0,11.0,8.0,0.1200000000000001,/Users/rasmus/Desktop/Fysik/AppliedML2026/Final_project_data/data/ML_data/NBI/FDM data/Arrivals/Nuuk Arrival_ 214102_OY-GRR_14_04_25_07_18.csv
2025.0,4.0,15.0,14.0,21.0,49.0,0.53,/Users/rasmus/Desktop/Fysik/AppliedML2026/Final_project_data/data/ML_data/NBI/FDM data/Arrivals/Nuuk Arrival_ 214104_OY-GRR_15_04_25_09_14.csv
2025.0,4.0,15.0,19.0,36.0,59.0,0.39,/Users/rasmus/Desktop/Fysik/AppliedML2026/Final_project_data/data/ML_data/NBI/FDM data/Arrivals/Nuuk Arrival_ 214106_OY-GRR_15_04_25_29_19.csv
2025.0,4.0,16.0,12.0,1.0,40.0,0.26,/Users/rasmus/Desktop/Fysik/AppliedML2026/Final_project_data/data/ML_data/NBI/FDM data/Arrivals/Nuuk Arrival_ 214108_OY-GRR_16_04_25_53_11.csv
2025.0,4.0,16.0,18.0,11.0,41.0,0.19999999999999996,/Users/rasmus/Desktop/Fysik/AppliedML2026/Final_project_data/data/ML_data/NBI/FDM data/Arrivals/Nuuk Arrival_ 214112_OY-GRR_16_04_25_05_18.csv
2025.0,4.0,17.0,11.0,2.0,42.0,0.19999999999999996,/Users/rasmus/Desktop/Fysik/AppliedML2026/Final_project_data/data/ML_data/NBI/FDM data/Arrivals/Nuuk Arrival_ 214114_OY-GRR_17_04_25_57_10.csv
2025.0,4.0,17.0,14.0,24.0,17.0,0.22999999999999998,/Users/rasmus/Desktop/Fysik/AppliedML2026/Final_project_data/data/ML_data/NBI/FDM data/Arrivals/Nuuk Arrival_ 214116_OY-GRR_17_04_25_19_14.csv
2025.0,4.0,17.0,17.0,26.0,11.0,0.19999999999999996,/Users/rasmus/Desktop/Fysik/AppliedML2026/Final_project_data/data/ML_data/NBI/FDM data/Arrivals/Nuuk Arrival_ 214118_OY-GRR_17_04_25_21_17.csv
2025.0,4.0,17.0,20.0,4.0,6.0,0.3400000000000001,/Users/rasmus/Desktop/Fysik/AppliedML2026/Final_project_data/data/ML_data/NBI/FDM data/Arrivals/Nuuk Arrival_ 214120_OY-GRR_17_04_25_09_20.csv
2025.0,4.0,19.0,13.0,27.0,44.0,0.16999999999999993,/Users/rasmus/Desktop/Fysik/AppliedML2026/Final_project_data/data/ML_data/NBI/FDM data/Arrivals/Nuuk Arrival_ 214123_OY-GRR_19_04_25_21_13.csv
2025.0,4.0,19.0,18.0,34.0,25.0,0.1100000000000001,/Users/rasmus/Desktop/Fysik/AppliedML2026/Final_project_data/data/ML_data/NBI/FDM data/Arrivals/Nuuk Arrival_ 214126_OY-GRR_19_04_25_30_18.csv
2025.0,4.0,20.0,17.0,40.0,10.0,0.1299999999999999,/Users/rasmus/Desktop/Fysik/AppliedML2026/Final_project_data/data/ML_data/NBI/FDM data/Arrivals/Nuuk Arrival_ 214128_OY-GRG_20_04_25_42_17.csv
2025.0,4.0,20.0,17.0,53.0,7.0,0.19999999999999996,/Users/rasmus/Desktop/Fysik/AppliedML2026/Final_project_data/data/ML_data/NBI/FDM data/Arrivals/Nuuk Arrival_ 214131_OY-GRO_20_04_25_55_17.csv
2025.0,4.0,21.0,12.0,10.0,38.0,0.1399999999999999,/Users/rasmus/Desktop/Fysik/AppliedML2026/Final_project_data/data/ML_data/NBI/FDM data/Arrivals/Nuuk Arrival_ 214137_OY-GRM_21_04_25_12_12.csv
2025.0,4.0,21.0,12.0,19.0,53.0,0.22999999999999998,/Users/rasmus/Desktop/Fysik/AppliedML2026/Final_project_data/data/ML_data/NBI/FDM data/Arrivals/Nuuk Arrival_ 214138_OY-GRO_21_04_25_20_12.csv
2025.0,4.0,21.0,13.0,42.0,34.0,0.10000000000000009,/Users/rasmus/Desktop/Fysik/AppliedML2026/Final_project_data/data/ML_data/NBI/FDM data/Arrivals/Nuuk Arrival_ 214139_OY-GRG_21_04_25_45_13.csv
2025.0,4.0,21.0,15.0,54.0,4.0,0.1499999999999999,/Users/rasmus/Desktop/Fysik/AppliedML2026/Final_project_data/data/ML_data/NBI/FDM data/Arrivals/Nuuk Arrival_ 214143_OY-GRP_21_04_25_55_15.csv
2025.0,4.0,21.0,17.0,26.0,9.0,0.20999999999999996,/Users/rasmus/Desktop/Fysik/AppliedML2026/Final_project_data/data/ML_data/NBI/FDM data/Arrivals/Nuuk Arrival_ 214149_OY-GRO_21_04_25_28_17.csv
2025.0,4.0,21.0,19.0,37.0,4.0,0.10000000000000009,/Users/rasmus/Desktop/Fysik/AppliedML2026/Final_project_data/data/ML_data/NBI/FDM data/Arrivals/Nuuk Arrival_ 214158_OY-GRM_21_04_25_39_19.csv
2025.0,4.0,21.0,18.0,10.0,12.0,0.1299999999999999,/Users/rasmus/Desktop/Fysik/AppliedML2026/Final_project_data/data/ML_data/NBI/FDM data/Arrivals/Nuuk Arrival_ 214174_OY-GRG_21_04_25_12_18.csv
2025.0,4.0,21.0,20.0,15.0,59.0,0.1299999999999999,/Users/rasmus/Desktop/Fysik/AppliedML2026/Final_project_data/data/ML_data/NBI/FDM data/Arrivals/Nuuk Arrival_ 214175_OY-GRP_21_04_25_17_20.csv
2025.0,4.0,21.0,22.0,9.0,19.0,0.1299999999999999,/Users/rasmus/Desktop/Fysik/AppliedML2026/Final_project_data/data/ML_data/NBI/FDM data/Arrivals/Nuuk Arrival_ 214176_OY-GRP_21_04_25_11_22.csv
2025.0,4.0,22.0,15.0,21.0,12.0,0.1399999999999999,/Users/rasmus/Desktop/Fysik/AppliedML2026/Final_project_data/data/ML_data/NBI/FDM data/Arrivals/Nuuk Arrival_ 214180_OY-GRM_22_04_25_24_15.csv
2025.0,4.0,14.0,12.0,16.0,31.0,0.17999999999999994,/Users/rasmus/Desktop/Fysik/AppliedML2026/Final_project_data/data/ML_data/NBI/FDM data/Arrivals/Nuuk Arrival_ 214189_OY-GRJ_14_04_25_17_12.csv
2025.0,4.0,14.0,17.0,32.0,38.0,0.15999999999999992,/Users/rasmus/Desktop/Fysik/AppliedML2026/Final_project_data/data/ML_data/NBI/FDM data/Arrivals/Nuuk Arrival_ 214192_OY-GRJ_14_04_25_33_17.csv
2025.0,4.0,15.0,14.0,47.0,4.0,0.17999999999999994,/Users/rasmus/Desktop/Fysik/AppliedML2026/Final_project_data/data/ML_data/NBI/FDM data/Arrivals/Nuuk Arrival_ 214194_OY-GRJ_15_04_25_49_14.csv
2025.0,4.0,15.0,19.0,26.0,51.0,0.18999999999999995,/Users/rasmus/Desktop/Fysik/AppliedML2026/Final_project_data/data/ML_data/NBI/FDM data/Arrivals/Nuuk Arrival_ 214197_OY-GRJ_15_04_25_28_19.csv
2025.0,4.0,16.0,18.0,9.0,54.0,0.1200000000000001,/Users/rasmus/Desktop/Fysik/AppliedML2026/Final_project_data/data/ML_data/NBI/FDM data/Arrivals/Nuuk Arrival_ 214200_OY-GRJ_16_04_25_10_18.csv
2025.0,4.0,17.0,11.0,35.0,24.0,0.1499999999999999,/Users/rasmus/Desktop/Fysik/AppliedML2026/Final_project_data/data/ML_data/NBI/FDM data/Arrivals/Nuuk Arrival_ 214202_OY-GRJ_17_04_25_38_11.csv
2025.0,4.0,17.0,19.0,21.0,3.0,0.1299999999999999,/Users/rasmus/Desktop/Fysik/AppliedML2026/Final_project_data/data/ML_data/NBI/FDM data/Arrivals/Nuuk Arrival_ 214204_OY-GRJ_17_04_25_22_19.csv
2025.0,4.0,18.0,15.0,16.0,31.0,0.1200000000000001,/Users/rasmus/Desktop/Fysik/AppliedML2026/Final_project_data/data/ML_data/NBI/FDM data/Arrivals/Nuuk Arrival_ 214210_OY-GRJ_18_04_25_18_15.csv
2025.0,4.0,18.0,21.0,9.0,3.0,0.15999999999999992,/Users/rasmus/Desktop/Fysik/AppliedML2026/Final_project_data/data/ML_data/NBI/FDM data/Arrivals/Nuuk Arrival_ 214214_OY-GRJ_18_04_25_10_21.csv
2025.0,4.0,22.0,16.0,16.0,23.0,0.3500000000000001,/Users/rasmus/Desktop/Fysik/AppliedML2026/Final_project_data/data/ML_data/NBI/FDM data/Arrivals/Nuuk Arrival_ 214216_OY-GRO_22_04_25_20_16.csv
2025.0,4.0,22.0,19.0,6.0,51.0,0.1299999999999999,/Users/rasmus/Desktop/Fysik/AppliedML2026/Final_project_data/data/ML_data/NBI/FDM data/Arrivals/Nuuk Arrival_ 214231_OY-GRP_22_04_25_07_19.csv
2025.0,4.0,22.0,19.0,23.0,47.0,0.1399999999999999,/Users/rasmus/Desktop/Fysik/AppliedML2026/Final_project_data/data/ML_data/NBI/FDM data/Arrivals/Nuuk Arrival_ 214232_OY-GRG_22_04_25_25_19.csv
2025.0,4.0,22.0,20.0,22.0,15.0,0.19999999999999996,/Users/rasmus/Desktop/Fysik/AppliedML2026/Final_project_data/data/ML_data/NBI/FDM data/Arrivals/Nuuk Arrival_ 214233_OY-GRM_22_04_25_24_20.csv
2025.0,4.0,23.0,15.0,7.0,44.0,0.1499999999999999,/Users/rasmus/Desktop/Fysik/AppliedML2026/Final_project_data/data/ML_data/NBI/FDM data/Arrivals/Nuuk Arrival_ 214255_OY-GRP_23_04_25_08_15.csv
2025.0,4.0,23.0,15.0,50.0,28.0,0.1100000000000001,/Users/rasmus/Desktop/Fysik/AppliedML2026/Final_project_data/data/ML_data/NBI/FDM data/Arrivals/Nuuk Arrival_ 214257_OY-GRG_23_04_25_52_15.csv
2025.0,4.0,23.0,16.0,19.0,45.0,0.1399999999999999,/Users/rasmus/Desktop/Fysik/AppliedML2026/Final_project_data/data/ML_data/NBI/FDM data/Arrivals/Nuuk Arrival_ 214279_OY-GRO_23_04_25_20_16.csv
2025.0,4.0,23.0,14.0,52.0,5.0,0.1499999999999999,/Users/rasmus/Desktop/Fysik/AppliedML2026/Final_project_data/data/ML_data/NBI/FDM data/Arrivals/Nuuk Arrival_ 214280_OY-GRM_23_04_25_53_14.csv
2025.0,4.0,23.0,18.0,35.0,28.0,0.1499999999999999,/Users/rasmus/Desktop/Fysik/AppliedML2026/Final_project_data/data/ML_data/NBI/FDM data/Arrivals/Nuuk Arrival_ 214287_OY-GRM_23_04_25_37_18.csv
2025.0,4.0,23.0,19.0,45.0,10.0,0.19999999999999996,/Users/rasmus/Desktop/Fysik/AppliedML2026/Final_project_data/data/ML_data/NBI/FDM data/Arrivals/Nuuk Arrival_ 214289_OY-GRO_23_04_25_47_19.csv
2025.0,4.0,23.0,21.0,22.0,56.0,0.18999999999999995,/Users/rasmus/Desktop/Fysik/AppliedML2026/Final_project_data/data/ML_data/NBI/FDM data/Arrivals/Nuuk Arrival_ 214291_OY-GRP_23_04_25_23_21.csv
2025.0,4.0,23.0,21.0,54.0,24.0,0.1100000000000001,/Users/rasmus/Desktop/Fysik/AppliedML2026/Final_project_data/data/ML_data/NBI/FDM data/Arrivals/Nuuk Arrival_ 214293_OY-GRG_23_04_25_56_21.csv
2025.0,4.0,24.0,14.0,32.0,58.0,0.1399999999999999,/Users/rasmus/Desktop/Fysik/AppliedML2026/Final_project_data/data/ML_data/NBI/FDM data/Arrivals/Nuuk Arrival_ 214296_OY-GRM_24_04_25_34_14.csv
2025.0,4.0,24.0,19.0,12.0,20.0,0.16000000000000003,/Users/rasmus/Desktop/Fysik/AppliedML2026/Final_project_data/data/ML_data/NBI/FDM data/Arrivals/Nuuk Arrival_ 214316_OY-GRP_24_04_25_14_19.csv
2025.0,4.0,24.0,20.0,53.0,27.0,0.21999999999999997,/Users/rasmus/Desktop/Fysik/AppliedML2026/Final_project_data/data/ML_data/NBI/FDM data/Arrivals/Nuuk Arrival_ 214331_OY-GRM_24_04_25_58_20.csv
2025.0,4.0,24.0,22.0,24.0,35.0,0.18999999999999995,/Users/rasmus/Desktop/Fysik/AppliedML2026/Final_project_data/data/ML_data/NBI/FDM data/Arrivals/Nuuk Arrival_ 214349_OY-GRO_24_04_25_26_22.csv
2025.0,4.0,25.0,11.0,40.0,59.0,0.24,/Users/rasmus/Desktop/Fysik/AppliedML2026/Final_project_data/data/ML_data/NBI/FDM data/Arrivals/Nuuk Arrival_ 214355_OY-GRO_25_04_25_42_11.csv
2025.0,4.0,25.0,12.0,6.0,9.0,0.16000000000000003,/Users/rasmus/Desktop/Fysik/AppliedML2026/Final_project_data/data/ML_data/NBI/FDM data/Arrivals/Nuuk Arrival_ 214357_OY-GRP_25_04_25_08_12.csv
2025.0,4.0,25.0,12.0,11.0,28.0,0.1499999999999999,/Users/rasmus/Desktop/Fysik/AppliedML2026/Final_project_data/data/ML_data/NBI/FDM data/Arrivals/Nuuk Arrival_ 214358_OY-GRM_25_04_25_13_12.csv
2025.0,4.0,25.0,15.0,4.0,35.0,0.15999999999999992,/Users/rasmus/Desktop/Fysik/AppliedML2026/Final_project_data/data/ML_data/NBI/FDM data/Arrivals/Nuuk Arrival_ 214364_OY-GRM_25_04_25_05_15.csv
2025.0,4.0,25.0,17.0,25.0,43.0,0.17999999999999994,/Users/rasmus/Desktop/Fysik/AppliedML2026/Final_project_data/data/ML_data/NBI/FDM data/Arrivals/Nuuk Arrival_ 214370_OY-GRO_25_04_25_26_17.csv
2025.0,4.0,25.0,17.0,28.0,49.0,0.1200000000000001,/Users/rasmus/Desktop/Fysik/AppliedML2026/Final_project_data/data/ML_data/NBI/FDM data/Arrivals/Nuuk Arrival_ 214371_OY-GRP_25_04_25_30_17.csv
2025.0,4.0,26.0,1.0,9.0,37.0,0.41999999999999993,/Users/rasmus/Desktop/Fysik/AppliedML2026/Final_project_data/data/ML_data/NBI/FDM data/Arrivals/Nuuk Arrival_ 214397_OY-GRG_26_04_25_11_01.csv
2025.0,4.0,26.0,13.0,22.0,9.0,0.1299999999999999,/Users/rasmus/Desktop/Fysik/AppliedML2026/Final_project_data/data/ML_data/NBI/FDM data/Arrivals/Nuuk Arrival_ 214403_OY-GRP_26_04_25_24_13.csv
2025.0,4.0,26.0,14.0,24.0,32.0,0.1399999999999999,/Users/rasmus/Desktop/Fysik/AppliedML2026/Final_project_data/data/ML_data/NBI/FDM data/Arrivals/Nuuk Arrival_ 214405_OY-GRO_26_04_25_25_14.csv
2025.0,4.0,26.0,14.0,54.0,58.0,0.1299999999999999,/Users/rasmus/Desktop/Fysik/AppliedML2026/Final_project_data/data/ML_data/NBI/FDM data/Arrivals/Nuuk Arrival_ 214406_OY-GRM_26_04_25_56_14.csv
2025.0,4.0,26.0,16.0,34.0,5.0,0.15999999999999992,/Users/rasmus/Desktop/Fysik/AppliedML2026/Final_project_data/data/ML_data/NBI/FDM data/Arrivals/Nuuk Arrival_ 214412_OY-GRP_26_04_25_35_16.csv
2025.0,4.0,21.0,12.0,24.0,4.0,0.1299999999999999,/Users/rasmus/Desktop/Fysik/AppliedML2026/Final_project_data/data/ML_data/NBI/FDM data/Arrivals/Nuuk Arrival_ 214417_OY-GRR_21_04_25_18_12.csv
2025.0,4.0,23.0,18.0,19.0,4.0,0.44999999999999996,/Users/rasmus/Desktop/Fysik/AppliedML2026/Final_project_data/data/ML_data/NBI/FDM data/Arrivals/Nuuk Arrival_ 214419_OY-GRR_23_04_25_03_18.csv
2025.0,4.0,23.0,22.0,26.0,39.0,0.030000000000000027,/Users/rasmus/Desktop/Fysik/AppliedML2026/Final_project_data/data/ML_data/NBI/FDM data/Arrivals/Nuuk Arrival_ 214420_OY-GRR_23_04_25_24_22.csv
2025.0,4.0,23.0,22.0,52.0,31.0,0.030000000000000027,/Users/rasmus/Desktop/Fysik/AppliedML2026/Final_project_data/data/ML_data/NBI/FDM data/Arrivals/Nuuk Arrival_ 214421_OY-GRR_23_04_25_00_23.csv
2025.0,4.0,24.0,18.0,57.0,36.0,0.15000000000000002,/Users/rasmus/Desktop/Fysik/AppliedML2026/Final_project_data/data/ML_data/NBI/FDM data/Arrivals/Nuuk Arrival_ 214423_OY-GRR_24_04_25_48_18.csv
2025.0,4.0,25.0,1.0,0.0,44.0,0.49,/Users/rasmus/Desktop/Fysik/AppliedML2026/Final_project_data/data/ML_data/NBI/FDM data/Arrivals/Nuuk Arrival_ 214426_OY-GRR_25_04_25_51_00.csv
2025.0,4.0,26.0,18.0,33.0,46.0,0.18999999999999995,/Users/rasmus/Desktop/Fysik/AppliedML2026/Final_project_data/data/ML_data/NBI/FDM data/Arrivals/Nuuk Arrival_ 214427_OY-GRO_26_04_25_34_18.csv
2025.0,4.0,26.0,19.0,30.0,51.0,0.1100000000000001,/Users/rasmus/Desktop/Fysik/AppliedML2026/Final_project_data/data/ML_data/NBI/FDM data/Arrivals/Nuuk Arrival_ 214430_OY-GRP_26_04_25_31_19.csv
2025.0,4.0,26.0,19.0,38.0,18.0,0.16999999999999993,/Users/rasmus/Desktop/Fysik/AppliedML2026/Final_project_data/data/ML_data/NBI/FDM data/Arrivals/Nuuk Arrival_ 214445_OY-GRM_26_04_25_40_19.csv
2025.0,4.0,27.0,13.0,59.0,52.0,0.1299999999999999,/Users/rasmus/Desktop/Fysik/AppliedML2026/Final_project_data/data/ML_data/NBI/FDM data/Arrivals/Nuuk Arrival_ 214453_OY-GRP_27_04_25_01_14.csv
2025.0,4.0,27.0,11.0,24.0,13.0,0.15999999999999992,/Users/rasmus/Desktop/Fysik/AppliedML2026/Final_project_data/data/ML_data/NBI/FDM data/Arrivals/Nuuk Arrival_ 214454_OY-GRM_27_04_25_26_11.csv
2025.0,4.0,27.0,16.0,36.0,57.0,0.12,/Users/rasmus/Desktop/Fysik/AppliedML2026/Final_project_data/data/ML_data/NBI/FDM data/Arrivals/Nuuk Arrival_ 214458_OY-GRM_27_04_25_37_16.csv
2025.0,4.0,27.0,17.0,9.0,4.0,0.32000000000000006,/Users/rasmus/Desktop/Fysik/AppliedML2026/Final_project_data/data/ML_data/NBI/FDM data/Arrivals/Nuuk Arrival_ 214459_OY-GRO_27_04_25_10_17.csv
2025.0,4.0,29.0,12.0,17.0,10.0,0.20999999999999996,/Users/rasmus/Desktop/Fysik/AppliedML2026/Final_project_data/data/ML_data/NBI/FDM data/Arrivals/Nuuk Arrival_ 214474_OY-GRO_29_04_25_19_12.csv
2025.0,4.0,29.0,17.0,17.0,52.0,0.30000000000000004,/Users/rasmus/Desktop/Fysik/AppliedML2026/Final_project_data/data/ML_data/NBI/FDM data/Arrivals/Nuuk Arrival_ 214478_OY-GRO_29_04_25_18_17.csv
2025.0,5.0,1.0,11.0,59.0,2.0,0.16999999999999993,/Users/rasmus/Desktop/Fysik/AppliedML2026/Final_project_data/data/ML_data/NBI/FDM data/Arrivals/Nuuk Arrival_ 214538_OY-GRO_01_05_25_01_12.csv
2025.0,5.0,1.0,19.0,13.0,22.0,0.24,/Users/rasmus/Desktop/Fysik/AppliedML2026/Final_project_data/data/ML_data/NBI/FDM data/Arrivals/Nuuk Arrival_ 214544_OY-GRP_01_05_25_15_19.csv
2025.0,5.0,1.0,20.0,20.0,34.0,0.18999999999999995,/Users/rasmus/Desktop/Fysik/AppliedML2026/Final_project_data/data/ML_data/NBI/FDM data/Arrivals/Nuuk Arrival_ 214546_OY-GRM_01_05_25_22_20.csv
2025.0,5.0,1.0,22.0,41.0,36.0,0.21999999999999997,/Users/rasmus/Desktop/Fysik/AppliedML2026/Final_project_data/data/ML_data/NBI/FDM data/Arrivals/Nuuk Arrival_ 214596_OY-GRO_01_05_25_42_22.csv
2025.0,5.0,2.0,12.0,24.0,28.0,0.15999999999999992,/Users/rasmus/Desktop/Fysik/AppliedML2026/Final_project_data/data/ML_data/NBI/FDM data/Arrivals/Nuuk Arrival_ 214604_OY-GRO_02_05_25_27_12.csv
2025.0,5.0,2.0,12.0,55.0,38.0,0.1200000000000001,/Users/rasmus/Desktop/Fysik/AppliedML2026/Final_project_data/data/ML_data/NBI/FDM data/Arrivals/Nuuk Arrival_ 214605_OY-GRP_02_05_25_57_12.csv
2025.0,5.0,2.0,15.0,20.0,4.0,0.16999999999999993,/Users/rasmus/Desktop/Fysik/AppliedML2026/Final_project_data/data/ML_data/NBI/FDM data/Arrivals/Nuuk Arrival_ 214625_OY-GRP_02_05_25_22_15.csv
2025.0,5.0,2.0,21.0,36.0,34.0,0.18999999999999995,/Users/rasmus/Desktop/Fysik/AppliedML2026/Final_project_data/data/ML_data/NBI/FDM data/Arrivals/Nuuk Arrival_ 214664_OY-GRP_02_05_25_39_21.csv
2025.0,5.0,3.0,14.0,31.0,41.0,0.26,/Users/rasmus/Desktop/Fysik/AppliedML2026/Final_project_data/data/ML_data/NBI/FDM data/Arrivals/Nuuk Arrival_ 214674_OY-GRO_03_05_25_32_14.csv
2025.0,5.0,3.0,19.0,2.0,33.0,0.26,/Users/rasmus/Desktop/Fysik/AppliedML2026/Final_project_data/data/ML_data/NBI/FDM data/Arrivals/Nuuk Arrival_ 214697_OY-GRO_03_05_25_03_19.csv
2025.0,4.0,29.0,14.0,15.0,15.0,0.3799999999999999,/Users/rasmus/Desktop/Fysik/AppliedML2026/Final_project_data/data/ML_data/NBI/FDM data/Arrivals/Nuuk Arrival_ 214713_OY-GRR_29_04_25_10_14.csv
2025.0,4.0,29.0,19.0,18.0,53.0,0.1399999999999999,/Users/rasmus/Desktop/Fysik/AppliedML2026/Final_project_data/data/ML_data/NBI/FDM data/Arrivals/Nuuk Arrival_ 214716_OY-GRR_29_04_25_10_19.csv
2025.0,5.0,2.0,11.0,52.0,2.0,0.1499999999999999,/Users/rasmus/Desktop/Fysik/AppliedML2026/Final_project_data/data/ML_data/NBI/FDM data/Arrivals/Nuuk Arrival_ 214718_OY-GRR_02_05_25_42_11.csv
2025.0,5.0,2.0,16.0,25.0,19.0,0.1299999999999999,/Users/rasmus/Desktop/Fysik/AppliedML2026/Final_project_data/data/ML_data/NBI/FDM data/Arrivals/Nuuk Arrival_ 214720_OY-GRR_02_05_25_18_16.csv
2025.0,5.0,2.0,22.0,13.0,6.0,0.26,/Users/rasmus/Desktop/Fysik/AppliedML2026/Final_project_data/data/ML_data/NBI/FDM data/Arrivals/Nuuk Arrival_ 214724_OY-GRR_02_05_25_59_21.csv
2025.0,5.0,3.0,14.0,6.0,13.0,0.29000000000000004,/Users/rasmus/Desktop/Fysik/AppliedML2026/Final_project_data/data/ML_data/NBI/FDM data/Arrivals/Nuuk Arrival_ 214728_OY-GRR_03_05_25_00_14.csv
2025.0,5.0,3.0,19.0,51.0,0.0,0.43000000000000005,/Users/rasmus/Desktop/Fysik/AppliedML2026/Final_project_data/data/ML_data/NBI/FDM data/Arrivals/Nuuk Arrival_ 214732_OY-GRR_03_05_25_41_19.csv
2025.0,5.0,5.0,11.0,48.0,35.0,0.21999999999999997,/Users/rasmus/Desktop/Fysik/AppliedML2026/Final_project_data/data/ML_data/NBI/FDM data/Arrivals/Nuuk Arrival_ 214742_OY-GRM_05_05_25_49_11.csv
2025.0,5.0,5.0,11.0,44.0,41.0,0.15999999999999992,/Users/rasmus/Desktop/Fysik/AppliedML2026/Final_project_data/data/ML_data/NBI/FDM data/Arrivals/Nuuk Arrival_ 214743_OY-GRO_05_05_25_45_11.csv
2025.0,5.0,5.0,15.0,11.0,53.0,0.22999999999999998,/Users/rasmus/Desktop/Fysik/AppliedML2026/Final_project_data/data/ML_data/NBI/FDM data/Arrivals/Nuuk Arrival_ 214749_OY-GRO_05_05_25_12_15.csv
2025.0,5.0,5.0,21.0,53.0,52.0,0.1499999999999999,/Users/rasmus/Desktop/Fysik/AppliedML2026/Final_project_data/data/ML_data/NBI/FDM data/Arrivals/Nuuk Arrival_ 214779_OY-GRO_05_05_25_54_21.csv
2025.0,5.0,6.0,14.0,29.0,28.0,0.1499999999999999,/Users/rasmus/Desktop/Fysik/AppliedML2026/Final_project_data/data/ML_data/NBI/FDM data/Arrivals/Nuuk Arrival_ 214808_OY-GRM_06_05_25_31_14.csv
2025.0,5.0,6.0,14.0,26.0,26.0,0.14,/Users/rasmus/Desktop/Fysik/AppliedML2026/Final_project_data/data/ML_data/NBI/FDM data/Arrivals/Nuuk Arrival_ 214809_OY-GRP_06_05_25_28_14.csv
2025.0,5.0,6.0,19.0,16.0,22.0,0.21999999999999997,/Users/rasmus/Desktop/Fysik/AppliedML2026/Final_project_data/data/ML_data/NBI/FDM data/Arrivals/Nuuk Arrival_ 214838_OY-GRP_06_05_25_18_19.csv
2025.0,5.0,6.0,19.0,28.0,23.0,0.18999999999999995,/Users/rasmus/Desktop/Fysik/AppliedML2026/Final_project_data/data/ML_data/NBI/FDM data/Arrivals/Nuuk Arrival_ 214854_OY-GRO_06_05_25_30_19.csv
2025.0,5.0,7.0,14.0,36.0,28.0,0.19999999999999996,/Users/rasmus/Desktop/Fysik/AppliedML2026/Final_project_data/data/ML_data/NBI/FDM data/Arrivals/Nuuk Arrival_ 214860_OY-GRO_07_05_25_38_14.csv
2025.0,5.0,7.0,11.0,56.0,50.0,0.1100000000000001,/Users/rasmus/Desktop/Fysik/AppliedML2026/Final_project_data/data/ML_data/NBI/FDM data/Arrivals/Nuuk Arrival_ 214862_OY-GRM_07_05_25_58_11.csv
2025.0,5.0,7.0,21.0,0.0,13.0,0.25,/Users/rasmus/Desktop/Fysik/AppliedML2026/Final_project_data/data/ML_data/NBI/FDM data/Arrivals/Nuuk Arrival_ 214902_OY-GRO_07_05_25_02_21.csv
2025.0,5.0,8.0,11.0,45.0,55.0,0.20999999999999996,/Users/rasmus/Desktop/Fysik/AppliedML2026/Final_project_data/data/ML_data/NBI/FDM data/Arrivals/Nuuk Arrival_ 214906_OY-GRO_08_05_25_46_11.csv
2025.0,5.0,8.0,15.0,10.0,17.0,0.15999999999999992,/Users/rasmus/Desktop/Fysik/AppliedML2026/Final_project_data/data/ML_data/NBI/FDM data/Arrivals/Nuuk Arrival_ 214913_OY-GRM_08_05_25_12_15.csv
2025.0,5.0,8.0,18.0,57.0,2.0,0.25,/Users/rasmus/Desktop/Fysik/AppliedML2026/Final_project_data/data/ML_data/NBI/FDM data/Arrivals/Nuuk Arrival_ 214934_OY-GRP_08_05_25_59_18.csv
2025.0,5.0,8.0,19.0,7.0,37.0,0.1100000000000001,/Users/rasmus/Desktop/Fysik/AppliedML2026/Final_project_data/data/ML_data/NBI/FDM data/Arrivals/Nuuk Arrival_ 214935_OY-GRM_08_05_25_08_19.csv
2025.0,5.0,8.0,21.0,4.0,21.0,0.15999999999999992,/Users/rasmus/Desktop/Fysik/AppliedML2026/Final_project_data/data/ML_data/NBI/FDM data/Arrivals/Nuuk Arrival_ 214958_OY-GRP_08_05_25_06_21.csv
2025.0,5.0,8.0,22.0,3.0,39.0,0.21999999999999997,/Users/rasmus/Desktop/Fysik/AppliedML2026/Final_project_data/data/ML_data/NBI/FDM data/Arrivals/Nuuk Arrival_ 214959_OY-GRO_08_05_25_04_22.csv
2025.0,5.0,9.0,12.0,4.0,31.0,0.45999999999999996,/Users/rasmus/Desktop/Fysik/AppliedML2026/Final_project_data/data/ML_data/NBI/FDM data/Arrivals/Nuuk Arrival_ 214967_OY-GRO_09_05_25_06_12.csv
2025.0,5.0,9.0,12.0,14.0,0.0,0.52,/Users/rasmus/Desktop/Fysik/AppliedML2026/Final_project_data/data/ML_data/NBI/FDM data/Arrivals/Nuuk Arrival_ 214968_OY-GRP_09_05_25_16_12.csv
2025.0,5.0,5.0,12.0,34.0,3.0,0.43999999999999995,/Users/rasmus/Desktop/Fysik/AppliedML2026/Final_project_data/data/ML_data/NBI/FDM data/Arrivals/Nuuk Arrival_ 215018_OY-GRR_05_05_25_29_12.csv
2025.0,5.0,5.0,17.0,1.0,55.0,0.4099999999999999,/Users/rasmus/Desktop/Fysik/AppliedML2026/Final_project_data/data/ML_data/NBI/FDM data/Arrivals/Nuuk Arrival_ 215020_OY-GRR_05_05_25_39_16.csv
2025.0,5.0,5.0,21.0,36.0,1.0,0.16999999999999993,/Users/rasmus/Desktop/Fysik/AppliedML2026/Final_project_data/data/ML_data/NBI/FDM data/Arrivals/Nuuk Arrival_ 215022_OY-GRR_05_05_25_26_21.csv
2025.0,5.0,6.0,11.0,12.0,5.0,0.53,/Users/rasmus/Desktop/Fysik/AppliedML2026/Final_project_data/data/ML_data/NBI/FDM data/Arrivals/Nuuk Arrival_ 215024_OY-GRR_06_05_25_07_11.csv
2025.0,5.0,6.0,14.0,7.0,26.0,0.56,/Users/rasmus/Desktop/Fysik/AppliedML2026/Final_project_data/data/ML_data/NBI/FDM data/Arrivals/Nuuk Arrival_ 215026_OY-GRR_06_05_25_01_14.csv
2025.0,5.0,6.0,17.0,29.0,19.0,0.4099999999999999,/Users/rasmus/Desktop/Fysik/AppliedML2026/Final_project_data/data/ML_data/NBI/FDM data/Arrivals/Nuuk Arrival_ 215028_OY-GRR_06_05_25_24_17.csv
2025.0,5.0,6.0,21.0,45.0,27.0,0.31000000000000005,/Users/rasmus/Desktop/Fysik/AppliedML2026/Final_project_data/data/ML_data/NBI/FDM data/Arrivals/Nuuk Arrival_ 215030_OY-GRR_06_05_25_33_21.csv
2025.0,5.0,7.0,11.0,39.0,10.0,0.3799999999999999,/Users/rasmus/Desktop/Fysik/AppliedML2026/Final_project_data/data/ML_data/NBI/FDM data/Arrivals/Nuuk Arrival_ 215032_OY-GRR_07_05_25_33_11.csv
2025.0,5.0,7.0,17.0,47.0,50.0,0.30000000000000004,/Users/rasmus/Desktop/Fysik/AppliedML2026/Final_project_data/data/ML_data/NBI/FDM data/Arrivals/Nuuk Arrival_ 215034_OY-GRR_07_05_25_57_16.csv
2025.0,5.0,8.0,14.0,42.0,13.0,0.43999999999999995,/Users/rasmus/Desktop/Fysik/AppliedML2026/Final_project_data/data/ML_data/NBI/FDM data/Arrivals/Nuuk Arrival_ 215037_OY-GRR_08_05_25_27_14.csv
2025.0,5.0,11.0,10.0,10.0,0.0,0.18999999999999995,/Users/rasmus/Desktop/Fysik/AppliedML2026/Final_project_data/data/ML_data/NBI/FDM data/Arrivals/Nuuk Arrival_ 215073_OY-GRM_11_05_25_11_10.csv
2025.0,5.0,11.0,13.0,7.0,6.0,0.24,/Users/rasmus/Desktop/Fysik/AppliedML2026/Final_project_data/data/ML_data/NBI/FDM data/Arrivals/Nuuk Arrival_ 215077_OY-GRO_11_05_25_08_13.csv
2025.0,5.0,11.0,14.0,39.0,36.0,0.1499999999999999,/Users/rasmus/Desktop/Fysik/AppliedML2026/Final_project_data/data/ML_data/NBI/FDM data/Arrivals/Nuuk Arrival_ 215079_OY-GRP_11_05_25_40_14.csv
2025.0,5.0,11.0,17.0,15.0,40.0,0.26,/Users/rasmus/Desktop/Fysik/AppliedML2026/Final_project_data/data/ML_data/NBI/FDM data/Arrivals/Nuuk Arrival_ 215081_OY-GRO_11_05_25_17_17.csv
2025.0,5.0,11.0,19.0,5.0,1.0,0.15999999999999992,/Users/rasmus/Desktop/Fysik/AppliedML2026/Final_project_data/data/ML_data/NBI/FDM data/Arrivals/Nuuk Arrival_ 215084_OY-GRP_11_05_25_06_19.csv
2025.0,5.0,12.0,12.0,7.0,16.0,0.16999999999999993,/Users/rasmus/Desktop/Fysik/AppliedML2026/Final_project_data/data/ML_data/NBI/FDM data/Arrivals/Nuuk Arrival_ 215090_OY-GRM_12_05_25_10_12.csv
2025.0,5.0,12.0,12.0,13.0,3.0,0.30000000000000004,/Users/rasmus/Desktop/Fysik/AppliedML2026/Final_project_data/data/ML_data/NBI/FDM data/Arrivals/Nuuk Arrival_ 215091_OY-GRO_12_05_25_17_12.csv
2025.0,5.0,12.0,15.0,9.0,21.0,0.15999999999999992,/Users/rasmus/Desktop/Fysik/AppliedML2026/Final_project_data/data/ML_data/NBI/FDM data/Arrivals/Nuuk Arrival_ 215095_OY-GRP_12_05_25_11_15.csv
2025.0,5.0,12.0,16.0,58.0,17.0,0.19999999999999996,/Users/rasmus/Desktop/Fysik/AppliedML2026/Final_project_data/data/ML_data/NBI/FDM data/Arrivals/Nuuk Arrival_ 215103_OY-GRO_12_05_25_00_17.csv
2025.0,5.0,12.0,17.0,50.0,44.0,0.18999999999999995,/Users/rasmus/Desktop/Fysik/AppliedML2026/Final_project_data/data/ML_data/NBI/FDM data/Arrivals/Nuuk Arrival_ 215130_OY-GRP_12_05_25_52_17.csv
2025.0,5.0,13.0,12.0,4.0,11.0,0.21999999999999997,/Users/rasmus/Desktop/Fysik/AppliedML2026/Final_project_data/data/ML_data/NBI/FDM data/Arrivals/Nuuk Arrival_ 215151_OY-GRO_13_05_25_07_12.csv
2025.0,5.0,13.0,14.0,25.0,8.0,0.19999999999999996,/Users/rasmus/Desktop/Fysik/AppliedML2026/Final_project_data/data/ML_data/NBI/FDM data/Arrivals/Nuuk Arrival_ 215154_OY-GRM_13_05_25_26_14.csv
2025.0,5.0,13.0,17.0,42.0,59.0,0.17999999999999994,/Users/rasmus/Desktop/Fysik/AppliedML2026/Final_project_data/data/ML_data/NBI/FDM data/Arrivals/Nuuk Arrival_ 215158_OY-GRO_13_05_25_44_17.csv
2025.0,5.0,13.0,19.0,10.0,19.0,0.1299999999999999,/Users/rasmus/Desktop/Fysik/AppliedML2026/Final_project_data/data/ML_data/NBI/FDM data/Arrivals/Nuuk Arrival_ 215202_OY-GRP_13_05_25_12_19.csv
2025.0,5.0,13.0,19.0,58.0,12.0,0.1499999999999999,/Users/rasmus/Desktop/Fysik/AppliedML2026/Final_project_data/data/ML_data/NBI/FDM data/Arrivals/Nuuk Arrival_ 215203_OY-GRM_13_05_25_59_19.csv
2025.0,5.0,14.0,11.0,23.0,0.0,0.15999999999999992,/Users/rasmus/Desktop/Fysik/AppliedML2026/Final_project_data/data/ML_data/NBI/FDM data/Arrivals/Nuuk Arrival_ 215207_OY-GRO_14_05_25_25_11.csv
2025.0,5.0,14.0,13.0,25.0,41.0,0.09000000000000008,/Users/rasmus/Desktop/Fysik/AppliedML2026/Final_project_data/data/ML_data/NBI/FDM data/Arrivals/Nuuk Arrival_ 215209_OY-GRM_14_05_25_27_13.csv
2025.0,5.0,14.0,16.0,7.0,9.0,0.17999999999999994,/Users/rasmus/Desktop/Fysik/AppliedML2026/Final_project_data/data/ML_data/NBI/FDM data/Arrivals/Nuuk Arrival_ 215218_OY-GRM_14_05_25_08_16.csv
2025.0,5.0,14.0,16.0,52.0,56.0,0.3600000000000001,/Users/rasmus/Desktop/Fysik/AppliedML2026/Final_project_data/data/ML_data/NBI/FDM data/Arrivals/Nuuk Arrival_ 215229_OY-GRO_14_05_25_54_16.csv
2025.0,5.0,14.0,22.0,12.0,53.0,0.16999999999999993,/Users/rasmus/Desktop/Fysik/AppliedML2026/Final_project_data/data/ML_data/NBI/FDM data/Arrivals/Nuuk Arrival_ 215257_OY-GRO_14_05_25_13_22.csv
2025.0,5.0,14.0,23.0,7.0,27.0,0.24,/Users/rasmus/Desktop/Fysik/AppliedML2026/Final_project_data/data/ML_data/NBI/FDM data/Arrivals/Nuuk Arrival_ 215258_OY-GRP_14_05_25_10_23.csv
2025.0,5.0,15.0,14.0,19.0,19.0,0.17999999999999994,/Users/rasmus/Desktop/Fysik/AppliedML2026/Final_project_data/data/ML_data/NBI/FDM data/Arrivals/Nuuk Arrival_ 215263_OY-GRO_15_05_25_22_14.csv
2025.0,4.0,12.0,13.0,46.0,32.0,0.12,/Users/rasmus/Desktop/Fysik/AppliedML2026/Final_project_data/data/ML_data/NBI/FDM data/Arrivals/Nuuk Arrival_ 215280_OY-GRJ_12_04_25_48_13.csv
2025.0,4.0,12.0,16.0,4.0,40.0,0.19999999999999996,/Users/rasmus/Desktop/Fysik/AppliedML2026/Final_project_data/data/ML_data/NBI/FDM data/Arrivals/Nuuk Arrival_ 215281_OY-GRJ_12_04_25_05_16.csv
2025.0,4.0,23.0,17.0,48.0,50.0,0.19999999999999996,/Users/rasmus/Desktop/Fysik/AppliedML2026/Final_project_data/data/ML_data/NBI/FDM data/Arrivals/Nuuk Arrival_ 215284_OY-GRJ_23_04_25_49_17.csv
2025.0,4.0,29.0,11.0,54.0,47.0,0.19999999999999996,/Users/rasmus/Desktop/Fysik/AppliedML2026/Final_project_data/data/ML_data/NBI/FDM data/Arrivals/Nuuk Arrival_ 215296_OY-GRJ_29_04_25_55_11.csv
2025.0,4.0,29.0,14.0,46.0,37.0,0.1399999999999999,/Users/rasmus/Desktop/Fysik/AppliedML2026/Final_project_data/data/ML_data/NBI/FDM data/Arrivals/Nuuk Arrival_ 215298_OY-GRJ_29_04_25_47_14.csv
2025.0,5.0,1.0,14.0,35.0,52.0,0.1399999999999999,/Users/rasmus/Desktop/Fysik/AppliedML2026/Final_project_data/data/ML_data/NBI/FDM data/Arrivals/Nuuk Arrival_ 215307_OY-GRJ_01_05_25_36_14.csv
2025.0,5.0,2.0,11.0,46.0,16.0,0.24,/Users/rasmus/Desktop/Fysik/AppliedML2026/Final_project_data/data/ML_data/NBI/FDM data/Arrivals/Nuuk Arrival_ 215309_OY-GRJ_02_05_25_50_11.csv
2025.0,5.0,2.0,16.0,23.0,55.0,0.1399999999999999,/Users/rasmus/Desktop/Fysik/AppliedML2026/Final_project_data/data/ML_data/NBI/FDM data/Arrivals/Nuuk Arrival_ 215312_OY-GRJ_02_05_25_24_16.csv
2025.0,5.0,3.0,14.0,1.0,3.0,0.15999999999999992,/Users/rasmus/Desktop/Fysik/AppliedML2026/Final_project_data/data/ML_data/NBI/FDM data/Arrivals/Nuuk Arrival_ 215315_OY-GRJ_03_05_25_02_14.csv
2025.0,5.0,3.0,18.0,54.0,32.0,0.20999999999999996,/Users/rasmus/Desktop/Fysik/AppliedML2026/Final_project_data/data/ML_data/NBI/FDM data/Arrivals/Nuuk Arrival_ 215317_OY-GRJ_03_05_25_55_18.csv
2025.0,5.0,7.0,15.0,14.0,19.0,0.1399999999999999,/Users/rasmus/Desktop/Fysik/AppliedML2026/Final_project_data/data/ML_data/NBI/FDM data/Arrivals/Nuuk Arrival_ 215321_OY-GRJ_07_05_25_16_15.csv
2025.0,5.0,7.0,20.0,50.0,32.0,0.1499999999999999,/Users/rasmus/Desktop/Fysik/AppliedML2026/Final_project_data/data/ML_data/NBI/FDM data/Arrivals/Nuuk Arrival_ 215324_OY-GRJ_07_05_25_51_20.csv
2025.0,5.0,8.0,11.0,8.0,41.0,0.15999999999999992,/Users/rasmus/Desktop/Fysik/AppliedML2026/Final_project_data/data/ML_data/NBI/FDM data/Arrivals/Nuuk Arrival_ 215326_OY-GRJ_08_05_25_09_11.csv
2025.0,5.0,8.0,14.0,36.0,1.0,0.21999999999999997,/Users/rasmus/Desktop/Fysik/AppliedML2026/Final_project_data/data/ML_data/NBI/FDM data/Arrivals/Nuuk Arrival_ 215328_OY-GRJ_08_05_25_37_14.csv
2025.0,5.0,8.0,17.0,41.0,42.0,0.15999999999999992,/Users/rasmus/Desktop/Fysik/AppliedML2026/Final_project_data/data/ML_data/NBI/FDM data/Arrivals/Nuuk Arrival_ 215330_OY-GRJ_08_05_25_42_17.csv
2025.0,5.0,11.0,12.0,41.0,48.0,0.1299999999999999,/Users/rasmus/Desktop/Fysik/AppliedML2026/Final_project_data/data/ML_data/NBI/FDM data/Arrivals/Nuuk Arrival_ 215334_OY-GRJ_11_05_25_42_12.csv
2025.0,5.0,11.0,17.0,22.0,58.0,0.21999999999999997,/Users/rasmus/Desktop/Fysik/AppliedML2026/Final_project_data/data/ML_data/NBI/FDM data/Arrivals/Nuuk Arrival_ 215336_OY-GRJ_11_05_25_23_17.csv
2025.0,5.0,13.0,13.0,14.0,23.0,0.10000000000000009,/Users/rasmus/Desktop/Fysik/AppliedML2026/Final_project_data/data/ML_data/NBI/FDM data/Arrivals/Nuuk Arrival_ 215340_OY-GRJ_13_05_25_16_13.csv
2025.0,5.0,13.0,17.0,44.0,32.0,0.1100000000000001,/Users/rasmus/Desktop/Fysik/AppliedML2026/Final_project_data/data/ML_data/NBI/FDM data/Arrivals/Nuuk Arrival_ 215342_OY-GRJ_13_05_25_46_17.csv
2025.0,5.0,15.0,19.0,11.0,27.0,0.1399999999999999,/Users/rasmus/Desktop/Fysik/AppliedML2026/Final_project_data/data/ML_data/NBI/FDM data/Arrivals/Nuuk Arrival_ 215362_OY-GRP_15_05_25_13_19.csv
2025.0,5.0,15.0,20.0,22.0,31.0,0.22999999999999998,/Users/rasmus/Desktop/Fysik/AppliedML2026/Final_project_data/data/ML_data/NBI/FDM data/Arrivals/Nuuk Arrival_ 215377_OY-GRO_15_05_25_25_20.csv
2025.0,5.0,16.0,16.0,59.0,7.0,0.18999999999999995,/Users/rasmus/Desktop/Fysik/AppliedML2026/Final_project_data/data/ML_data/NBI/FDM data/Arrivals/Nuuk Arrival_ 215401_OY-GRO_16_05_25_00_17.csv
2025.0,5.0,16.0,14.0,38.0,19.0,0.20999999999999996,/Users/rasmus/Desktop/Fysik/AppliedML2026/Final_project_data/data/ML_data/NBI/FDM data/Arrivals/Nuuk Arrival_ 215402_OY-GRP_16_05_25_40_14.csv
2025.0,5.0,11.0,12.0,59.0,43.0,0.3999999999999999,/Users/rasmus/Desktop/Fysik/AppliedML2026/Final_project_data/data/ML_data/NBI/FDM data/Arrivals/Nuuk Arrival_ 215415_OY-GRR_11_05_25_48_12.csv
2025.0,5.0,11.0,16.0,35.0,8.0,0.28,/Users/rasmus/Desktop/Fysik/AppliedML2026/Final_project_data/data/ML_data/NBI/FDM data/Arrivals/Nuuk Arrival_ 215418_OY-GRR_11_05_25_32_16.csv
2025.0,5.0,12.0,11.0,21.0,24.0,0.5,/Users/rasmus/Desktop/Fysik/AppliedML2026/Final_project_data/data/ML_data/NBI/FDM data/Arrivals/Nuuk Arrival_ 215420_OY-GRR_12_05_25_13_11.csv
2025.0,5.0,12.0,15.0,46.0,7.0,0.33000000000000007,/Users/rasmus/Desktop/Fysik/AppliedML2026/Final_project_data/data/ML_data/NBI/FDM data/Arrivals/Nuuk Arrival_ 215422_OY-GRR_12_05_25_38_15.csv
2025.0,5.0,12.0,22.0,14.0,2.0,0.31000000000000005,/Users/rasmus/Desktop/Fysik/AppliedML2026/Final_project_data/data/ML_data/NBI/FDM data/Arrivals/Nuuk Arrival_ 215427_OY-GRR_12_05_25_07_22.csv
2025.0,5.0,13.0,14.0,27.0,45.0,0.15999999999999992,/Users/rasmus/Desktop/Fysik/AppliedML2026/Final_project_data/data/ML_data/NBI/FDM data/Arrivals/Nuuk Arrival_ 215429_OY-GRR_13_05_25_22_14.csv
2025.0,5.0,13.0,19.0,1.0,28.0,0.42999999999999994,/Users/rasmus/Desktop/Fysik/AppliedML2026/Final_project_data/data/ML_data/NBI/FDM data/Arrivals/Nuuk Arrival_ 215432_OY-GRR_13_05_25_59_18.csv
2025.0,5.0,14.0,17.0,29.0,2.0,0.31000000000000005,/Users/rasmus/Desktop/Fysik/AppliedML2026/Final_project_data/data/ML_data/NBI/FDM data/Arrivals/Nuuk Arrival_ 215436_OY-GRR_14_05_25_23_17.csv
2025.0,5.0,15.0,11.0,12.0,42.0,0.30000000000000004,/Users/rasmus/Desktop/Fysik/AppliedML2026/Final_project_data/data/ML_data/NBI/FDM data/Arrivals/Nuuk Arrival_ 215438_OY-GRR_15_05_25_04_11.csv
2025.0,5.0,15.0,14.0,34.0,23.0,0.3899999999999999,/Users/rasmus/Desktop/Fysik/AppliedML2026/Final_project_data/data/ML_data/NBI/FDM data/Arrivals/Nuuk Arrival_ 215440_OY-GRR_15_05_25_32_14.csv
2025.0,5.0,15.0,17.0,43.0,41.0,0.21999999999999997,/Users/rasmus/Desktop/Fysik/AppliedML2026/Final_project_data/data/ML_data/NBI/FDM data/Arrivals/Nuuk Arrival_ 215442_OY-GRR_15_05_25_36_17.csv
2025.0,5.0,15.0,19.0,57.0,15.0,0.16999999999999993,/Users/rasmus/Desktop/Fysik/AppliedML2026/Final_project_data/data/ML_data/NBI/FDM data/Arrivals/Nuuk Arrival_ 215444_OY-GRR_15_05_25_49_19.csv
2025.0,5.0,16.0,15.0,35.0,22.0,0.3500000000000001,/Users/rasmus/Desktop/Fysik/AppliedML2026/Final_project_data/data/ML_data/NBI/FDM data/Arrivals/Nuuk Arrival_ 215446_OY-GRR_16_05_25_31_15.csv
2025.0,5.0,17.0,13.0,30.0,32.0,0.1399999999999999,/Users/rasmus/Desktop/Fysik/AppliedML2026/Final_project_data/data/ML_data/NBI/FDM data/Arrivals/Nuuk Arrival_ 215449_OY-GRR_17_05_25_21_13.csv
2025.0,5.0,17.0,17.0,47.0,16.0,0.1299999999999999,/Users/rasmus/Desktop/Fysik/AppliedML2026/Final_project_data/data/ML_data/NBI/FDM data/Arrivals/Nuuk Arrival_ 215452_OY-GRO_17_05_25_49_17.csv
2025.0,5.0,17.0,18.0,43.0,43.0,0.14,/Users/rasmus/Desktop/Fysik/AppliedML2026/Final_project_data/data/ML_data/NBI/FDM data/Arrivals/Nuuk Arrival_ 215453_OY-GRP_17_05_25_44_18.csv
2025.0,4.0,17.0,17.0,36.0,26.0,0.17999999999999994,/Users/rasmus/Desktop/Fysik/AppliedML2026/Final_project_data/data/ML_data/NBI/FDM data/Arrivals/Nuuk Arrival_ 215463_OY-GRH_17_04_25_39_17.csv
2025.0,5.0,19.0,10.0,11.0,12.0,0.1499999999999999,/Users/rasmus/Desktop/Fysik/AppliedML2026/Final_project_data/data/ML_data/NBI/FDM data/Arrivals/Nuuk Arrival_ 215464_OY-GRP_19_05_25_13_10.csv
2025.0,5.0,19.0,15.0,19.0,49.0,0.19999999999999996,/Users/rasmus/Desktop/Fysik/AppliedML2026/Final_project_data/data/ML_data/NBI/FDM data/Arrivals/Nuuk Arrival_ 215466_OY-GRP_19_05_25_20_15.csv
2025.0,5.0,19.0,21.0,23.0,4.0,0.1100000000000001,/Users/rasmus/Desktop/Fysik/AppliedML2026/Final_project_data/data/ML_data/NBI/FDM data/Arrivals/Nuuk Arrival_ 215483_OY-GRP_19_05_25_24_21.csv
2025.0,5.0,20.0,13.0,35.0,7.0,0.18999999999999995,/Users/rasmus/Desktop/Fysik/AppliedML2026/Final_project_data/data/ML_data/NBI/FDM data/Arrivals/Nuuk Arrival_ 215493_OY-GRP_20_05_25_38_13.csv
2025.0,5.0,20.0,19.0,29.0,19.0,0.31999999999999995,/Users/rasmus/Desktop/Fysik/AppliedML2026/Final_project_data/data/ML_data/NBI/FDM data/Arrivals/Nuuk Arrival_ 215508_OY-GRP_20_05_25_31_19.csv
2025.0,5.0,21.0,13.0,1.0,38.0,0.1200000000000001,/Users/rasmus/Desktop/Fysik/AppliedML2026/Final_project_data/data/ML_data/NBI/FDM data/Arrivals/Nuuk Arrival_ 215531_OY-GRP_21_05_25_03_13.csv
2025.0,5.0,21.0,11.0,56.0,12.0,0.17999999999999994,/Users/rasmus/Desktop/Fysik/AppliedML2026/Final_project_data/data/ML_data/NBI/FDM data/Arrivals/Nuuk Arrival_ 215536_OY-GRO_21_05_25_57_11.csv
2025.0,5.0,21.0,21.0,26.0,33.0,0.15999999999999992,/Users/rasmus/Desktop/Fysik/AppliedML2026/Final_project_data/data/ML_data/NBI/FDM data/Arrivals/Nuuk Arrival_ 215548_OY-GRP_21_05_25_28_21.csv
2025.0,5.0,22.0,11.0,30.0,55.0,0.13,/Users/rasmus/Desktop/Fysik/AppliedML2026/Final_project_data/data/ML_data/NBI/FDM data/Arrivals/Nuuk Arrival_ 215581_OY-GRP_22_05_25_31_11.csv
2025.0,5.0,22.0,19.0,8.0,26.0,0.27,/Users/rasmus/Desktop/Fysik/AppliedML2026/Final_project_data/data/ML_data/NBI/FDM data/Arrivals/Nuuk Arrival_ 215591_OY-GRO_22_05_25_09_19.csv
2025.0,5.0,22.0,21.0,55.0,2.0,0.21999999999999997,/Users/rasmus/Desktop/Fysik/AppliedML2026/Final_project_data/data/ML_data/NBI/FDM data/Arrivals/Nuuk Arrival_ 215602_OY-GRP_22_05_25_57_21.csv
2025.0,5.0,23.0,11.0,26.0,0.0,0.17999999999999994,/Users/rasmus/Desktop/Fysik/AppliedML2026/Final_project_data/data/ML_data/NBI/FDM data/Arrivals/Nuuk Arrival_ 215607_OY-GRH_23_05_25_28_11.csv
2025.0,5.0,23.0,14.0,15.0,41.0,0.20999999999999996,/Users/rasmus/Desktop/Fysik/AppliedML2026/Final_project_data/data/ML_data/NBI/FDM data/Arrivals/Nuuk Arrival_ 215610_OY-GRO_23_05_25_17_14.csv
2025.0,5.0,23.0,15.0,28.0,34.0,0.17000000000000004,/Users/rasmus/Desktop/Fysik/AppliedML2026/Final_project_data/data/ML_data/NBI/FDM data/Arrivals/Nuuk Arrival_ 215618_OY-GRP_23_05_25_31_15.csv
2025.0,5.0,23.0,21.0,31.0,52.0,0.17999999999999994,/Users/rasmus/Desktop/Fysik/AppliedML2026/Final_project_data/data/ML_data/NBI/FDM data/Arrivals/Nuuk Arrival_ 215641_OY-GRP_23_05_25_33_21.csv
2025.0,5.0,23.0,21.0,35.0,13.0,0.22999999999999998,/Users/rasmus/Desktop/Fysik/AppliedML2026/Final_project_data/data/ML_data/NBI/FDM data/Arrivals/Nuuk Arrival_ 215643_OY-GRH_23_05_25_38_21.csv
2025.0,5.0,24.0,14.0,25.0,21.0,0.25,/Users/rasmus/Desktop/Fysik/AppliedML2026/Final_project_data/data/ML_data/NBI/FDM data/Arrivals/Nuuk Arrival_ 215657_OY-GRO_24_05_25_28_14.csv
2025.0,5.0,24.0,14.0,12.0,53.0,0.3799999999999999,/Users/rasmus/Desktop/Fysik/AppliedML2026/Final_project_data/data/ML_data/NBI/FDM data/Arrivals/Nuuk Arrival_ 215658_OY-GRJ_24_05_25_14_14.csv
2025.0,5.0,24.0,14.0,0.0,32.0,0.14,/Users/rasmus/Desktop/Fysik/AppliedML2026/Final_project_data/data/ML_data/NBI/FDM data/Arrivals/Nuuk Arrival_ 215660_OY-GRH_24_05_25_02_14.csv
2025.0,5.0,24.0,18.0,25.0,22.0,0.3600000000000001,/Users/rasmus/Desktop/Fysik/AppliedML2026/Final_project_data/data/ML_data/NBI/FDM data/Arrivals/Nuuk Arrival_ 215665_OY-GRO_24_05_25_28_18.csv
2025.0,5.0,24.0,19.0,25.0,48.0,0.28,/Users/rasmus/Desktop/Fysik/AppliedML2026/Final_project_data/data/ML_data/NBI/FDM data/Arrivals/Nuuk Arrival_ 215687_OY-GRH_24_05_25_26_19.csv
2025.0,5.0,17.0,19.0,27.0,9.0,0.18999999999999995,/Users/rasmus/Desktop/Fysik/AppliedML2026/Final_project_data/data/ML_data/NBI/FDM data/Arrivals/Nuuk Arrival_ 215693_OY-GRR_17_05_25_20_19.csv
2025.0,5.0,19.0,11.0,42.0,45.0,0.20999999999999996,/Users/rasmus/Desktop/Fysik/AppliedML2026/Final_project_data/data/ML_data/NBI/FDM data/Arrivals/Nuuk Arrival_ 215695_OY-GRR_19_05_25_31_11.csv
2025.0,5.0,19.0,16.0,12.0,34.0,0.1299999999999999,/Users/rasmus/Desktop/Fysik/AppliedML2026/Final_project_data/data/ML_data/NBI/FDM data/Arrivals/Nuuk Arrival_ 215697_OY-GRR_19_05_25_05_16.csv
2025.0,5.0,19.0,21.0,48.0,7.0,0.32000000000000006,/Users/rasmus/Desktop/Fysik/AppliedML2026/Final_project_data/data/ML_data/NBI/FDM data/Arrivals/Nuuk Arrival_ 215701_OY-GRR_19_05_25_39_21.csv
2025.0,5.0,20.0,11.0,29.0,27.0,0.15999999999999992,/Users/rasmus/Desktop/Fysik/AppliedML2026/Final_project_data/data/ML_data/NBI/FDM data/Arrivals/Nuuk Arrival_ 215703_OY-GRR_20_05_25_22_11.csv
2025.0,5.0,20.0,15.0,5.0,57.0,0.20999999999999996,/Users/rasmus/Desktop/Fysik/AppliedML2026/Final_project_data/data/ML_data/NBI/FDM data/Arrivals/Nuuk Arrival_ 215705_OY-GRR_20_05_25_04_15.csv
2025.0,5.0,20.0,17.0,10.0,15.0,0.19999999999999996,/Users/rasmus/Desktop/Fysik/AppliedML2026/Final_project_data/data/ML_data/NBI/FDM data/Arrivals/Nuuk Arrival_ 215706_OY-GRR_20_05_25_56_16.csv
2025.0,5.0,21.0,19.0,23.0,10.0,0.22999999999999998,/Users/rasmus/Desktop/Fysik/AppliedML2026/Final_project_data/data/ML_data/NBI/FDM data/Arrivals/Nuuk Arrival_ 215710_OY-GRR_21_05_25_17_19.csv
2025.0,5.0,22.0,13.0,47.0,17.0,0.17999999999999994,/Users/rasmus/Desktop/Fysik/AppliedML2026/Final_project_data/data/ML_data/NBI/FDM data/Arrivals/Nuuk Arrival_ 215712_OY-GRR_22_05_25_31_13.csv
2025.0,5.0,23.0,18.0,8.0,34.0,0.25,/Users/rasmus/Desktop/Fysik/AppliedML2026/Final_project_data/data/ML_data/NBI/FDM data/Arrivals/Nuuk Arrival_ 215715_OY-GRR_23_05_25_02_18.csv
2025.0,5.0,24.0,11.0,1.0,45.0,0.36,/Users/rasmus/Desktop/Fysik/AppliedML2026/Final_project_data/data/ML_data/NBI/FDM data/Arrivals/Nuuk Arrival_ 215717_OY-GRR_24_05_25_58_10.csv
2025.0,5.0,24.0,13.0,45.0,37.0,0.3700000000000001,/Users/rasmus/Desktop/Fysik/AppliedML2026/Final_project_data/data/ML_data/NBI/FDM data/Arrivals/Nuuk Arrival_ 215719_OY-GRR_24_05_25_41_13.csv
2025.0,5.0,24.0,17.0,32.0,5.0,0.31000000000000005,/Users/rasmus/Desktop/Fysik/AppliedML2026/Final_project_data/data/ML_data/NBI/FDM data/Arrivals/Nuuk Arrival_ 215721_OY-GRR_24_05_25_28_17.csv
2025.0,5.0,26.0,11.0,45.0,26.0,0.1100000000000001,/Users/rasmus/Desktop/Fysik/AppliedML2026/Final_project_data/data/ML_data/NBI/FDM data/Arrivals/Nuuk Arrival_ 215725_OY-GRJ_26_05_25_47_11.csv
2025.0,5.0,26.0,12.0,5.0,49.0,0.18999999999999995,/Users/rasmus/Desktop/Fysik/AppliedML2026/Final_project_data/data/ML_data/NBI/FDM data/Arrivals/Nuuk Arrival_ 215727_OY-GRH_26_05_25_06_12.csv
2025.0,5.0,26.0,15.0,7.0,7.0,0.21999999999999997,/Users/rasmus/Desktop/Fysik/AppliedML2026/Final_project_data/data/ML_data/NBI/FDM data/Arrivals/Nuuk Arrival_ 215735_OY-GRP_26_05_25_08_15.csv
2025.0,5.0,26.0,19.0,58.0,14.0,0.21999999999999997,/Users/rasmus/Desktop/Fysik/AppliedML2026/Final_project_data/data/ML_data/NBI/FDM data/Arrivals/Nuuk Arrival_ 215766_OY-GRH_26_05_25_00_20.csv
2025.0,5.0,26.0,21.0,9.0,57.0,0.22999999999999998,/Users/rasmus/Desktop/Fysik/AppliedML2026/Final_project_data/data/ML_data/NBI/FDM data/Arrivals/Nuuk Arrival_ 215769_OY-GRP_26_05_25_11_21.csv
2025.0,5.0,27.0,10.0,59.0,19.0,0.27,/Users/rasmus/Desktop/Fysik/AppliedML2026/Final_project_data/data/ML_data/NBI/FDM data/Arrivals/Nuuk Arrival_ 215774_OY-GRH_27_05_25_01_11.csv
2025.0,5.0,27.0,14.0,7.0,1.0,0.25,/Users/rasmus/Desktop/Fysik/AppliedML2026/Final_project_data/data/ML_data/NBI/FDM data/Arrivals/Nuuk Arrival_ 215781_OY-GRH_27_05_25_08_14.csv
2025.0,5.0,27.0,14.0,16.0,16.0,0.20999999999999996,/Users/rasmus/Desktop/Fysik/AppliedML2026/Final_project_data/data/ML_data/NBI/FDM data/Arrivals/Nuuk Arrival_ 215789_OY-GRJ_27_05_25_18_14.csv
2025.0,5.0,27.0,17.0,12.0,18.0,0.20999999999999996,/Users/rasmus/Desktop/Fysik/AppliedML2026/Final_project_data/data/ML_data/NBI/FDM data/Arrivals/Nuuk Arrival_ 215793_OY-GRH_27_05_25_14_17.csv
2025.0,5.0,27.0,19.0,0.0,13.0,0.12,/Users/rasmus/Desktop/Fysik/AppliedML2026/Final_project_data/data/ML_data/NBI/FDM data/Arrivals/Nuuk Arrival_ 215804_OY-GRP_27_05_25_02_19.csv
2025.0,5.0,28.0,11.0,18.0,54.0,0.1499999999999999,/Users/rasmus/Desktop/Fysik/AppliedML2026/Final_project_data/data/ML_data/NBI/FDM data/Arrivals/Nuuk Arrival_ 215809_OY-GRJ_28_05_25_19_11.csv
2025.0,5.0,28.0,12.0,46.0,34.0,0.24,/Users/rasmus/Desktop/Fysik/AppliedML2026/Final_project_data/data/ML_data/NBI/FDM data/Arrivals/Nuuk Arrival_ 215812_OY-GRH_28_05_25_48_12.csv
2025.0,5.0,28.0,15.0,24.0,51.0,0.22999999999999998,/Users/rasmus/Desktop/Fysik/AppliedML2026/Final_project_data/data/ML_data/NBI/FDM data/Arrivals/Nuuk Arrival_ 215817_OY-GRM_28_05_25_26_15.csv
2025.0,5.0,28.0,20.0,8.0,34.0,0.08000000000000007,/Users/rasmus/Desktop/Fysik/AppliedML2026/Final_project_data/data/ML_data/NBI/FDM data/Arrivals/Nuuk Arrival_ 215865_OY-GRP_28_05_25_10_20.csv
2025.0,5.0,28.0,20.0,49.0,22.0,0.25,/Users/rasmus/Desktop/Fysik/AppliedML2026/Final_project_data/data/ML_data/NBI/FDM data/Arrivals/Nuuk Arrival_ 215867_OY-GRM_28_05_25_51_20.csv
2025.0,5.0,28.0,22.0,18.0,41.0,0.19999999999999996,/Users/rasmus/Desktop/Fysik/AppliedML2026/Final_project_data/data/ML_data/NBI/FDM data/Arrivals/Nuuk Arrival_ 215868_OY-GRH_28_05_25_19_22.csv
2025.0,5.0,29.0,14.0,17.0,13.0,0.1100000000000001,/Users/rasmus/Desktop/Fysik/AppliedML2026/Final_project_data/data/ML_data/NBI/FDM data/Arrivals/Nuuk Arrival_ 215886_OY-GRO_29_05_25_19_14.csv
2025.0,5.0,29.0,14.0,25.0,48.0,0.24,/Users/rasmus/Desktop/Fysik/AppliedML2026/Final_project_data/data/ML_data/NBI/FDM data/Arrivals/Nuuk Arrival_ 215888_OY-GRH_29_05_25_26_14.csv
2025.0,5.0,29.0,14.0,43.0,15.0,0.1299999999999999,/Users/rasmus/Desktop/Fysik/AppliedML2026/Final_project_data/data/ML_data/NBI/FDM data/Arrivals/Nuuk Arrival_ 215890_OY-GRM_29_05_25_45_14.csv
2025.0,5.0,29.0,17.0,54.0,35.0,0.26,/Users/rasmus/Desktop/Fysik/AppliedML2026/Final_project_data/data/ML_data/NBI/FDM data/Arrivals/Nuuk Arrival_ 215897_OY-GRH_29_05_25_56_17.csv
2025.0,5.0,29.0,19.0,1.0,38.0,0.15999999999999992,/Users/rasmus/Desktop/Fysik/AppliedML2026/Final_project_data/data/ML_data/NBI/FDM data/Arrivals/Nuuk Arrival_ 215899_OY-GRP_29_05_25_02_19.csv
2025.0,5.0,29.0,22.0,59.0,20.0,0.1200000000000001,/Users/rasmus/Desktop/Fysik/AppliedML2026/Final_project_data/data/ML_data/NBI/FDM data/Arrivals/Nuuk Arrival_ 215926_OY-GRM_29_05_25_01_23.csv
2025.0,5.0,29.0,14.0,29.0,25.0,0.17999999999999994,/Users/rasmus/Desktop/Fysik/AppliedML2026/Final_project_data/data/ML_data/NBI/FDM data/Arrivals/Nuuk Arrival_ 215928_OY-GRJ_29_05_25_31_14.csv
2025.0,5.0,30.0,13.0,17.0,37.0,0.1499999999999999,/Users/rasmus/Desktop/Fysik/AppliedML2026/Final_project_data/data/ML_data/NBI/FDM data/Arrivals/Nuuk Arrival_ 215936_OY-GRO_30_05_25_18_13.csv
2025.0,5.0,30.0,15.0,53.0,28.0,0.22999999999999998,/Users/rasmus/Desktop/Fysik/AppliedML2026/Final_project_data/data/ML_data/NBI/FDM data/Arrivals/Nuuk Arrival_ 215943_OY-GRH_30_05_25_56_15.csv
2025.0,5.0,30.0,12.0,52.0,5.0,0.16999999999999993,/Users/rasmus/Desktop/Fysik/AppliedML2026/Final_project_data/data/ML_data/NBI/FDM data/Arrivals/Nuuk Arrival_ 215944_OY-GRJ_30_05_25_54_12.csv
2025.0,5.0,30.0,18.0,40.0,12.0,0.20999999999999996,/Users/rasmus/Desktop/Fysik/AppliedML2026/Final_project_data/data/ML_data/NBI/FDM data/Arrivals/Nuuk Arrival_ 215974_OY-GRO_30_05_25_43_18.csv
2025.0,5.0,30.0,19.0,39.0,6.0,0.18999999999999995,/Users/rasmus/Desktop/Fysik/AppliedML2026/Final_project_data/data/ML_data/NBI/FDM data/Arrivals/Nuuk Arrival_ 215978_OY-GRM_30_05_25_45_19.csv
2025.0,5.0,30.0,19.0,47.0,2.0,0.17999999999999994,/Users/rasmus/Desktop/Fysik/AppliedML2026/Final_project_data/data/ML_data/NBI/FDM data/Arrivals/Nuuk Arrival_ 216002_OY-GRP_30_05_25_49_19.csv
2025.0,5.0,30.0,22.0,5.0,44.0,0.1499999999999999,/Users/rasmus/Desktop/Fysik/AppliedML2026/Final_project_data/data/ML_data/NBI/FDM data/Arrivals/Nuuk Arrival_ 216004_OY-GRH_30_05_25_06_22.csv
2025.0,5.0,31.0,14.0,25.0,43.0,0.18999999999999995,/Users/rasmus/Desktop/Fysik/AppliedML2026/Final_project_data/data/ML_data/NBI/FDM data/Arrivals/Nuuk Arrival_ 216010_OY-GRJ_31_05_25_26_14.csv
2025.0,5.0,31.0,15.0,4.0,40.0,0.20999999999999996,/Users/rasmus/Desktop/Fysik/AppliedML2026/Final_project_data/data/ML_data/NBI/FDM data/Arrivals/Nuuk Arrival_ 216026_OY-GRP_31_05_25_05_15.csv
2025.0,5.0,31.0,18.0,18.0,40.0,0.21999999999999997,/Users/rasmus/Desktop/Fysik/AppliedML2026/Final_project_data/data/ML_data/NBI/FDM data/Arrivals/Nuuk Arrival_ 216028_OY-GRO_31_05_25_20_18.csv
2025.0,5.0,31.0,18.0,12.0,21.0,0.14,/Users/rasmus/Desktop/Fysik/AppliedML2026/Final_project_data/data/ML_data/NBI/FDM data/Arrivals/Nuuk Arrival_ 216030_OY-GRP_31_05_25_14_18.csv
2025.0,5.0,31.0,19.0,38.0,40.0,0.22999999999999998,/Users/rasmus/Desktop/Fysik/AppliedML2026/Final_project_data/data/ML_data/NBI/FDM data/Arrivals/Nuuk Arrival_ 216032_OY-GRH_31_05_25_40_19.csv
2025.0,6.0,1.0,11.0,21.0,52.0,0.18999999999999995,/Users/rasmus/Desktop/Fysik/AppliedML2026/Final_project_data/data/ML_data/NBI/FDM data/Arrivals/Nuuk Arrival_ 216036_OY-GRH_01_06_25_22_11.csv
2025.0,6.0,1.0,11.0,46.0,39.0,0.3899999999999999,/Users/rasmus/Desktop/Fysik/AppliedML2026/Final_project_data/data/ML_data/NBI/FDM data/Arrivals/Nuuk Arrival_ 216038_OY-GRO_01_06_25_47_11.csv
2025.0,5.0,17.0,19.0,27.0,9.0,0.18999999999999995,/Users/rasmus/Desktop/Fysik/AppliedML2026/Final_project_data/data/ML_data/NBI/FDM data/Arrivals/Nuuk Arrival_ 216042_OY-GRR_17_05_25_20_19.csv
2025.0,5.0,19.0,11.0,42.0,45.0,0.20999999999999996,/Users/rasmus/Desktop/Fysik/AppliedML2026/Final_project_data/data/ML_data/NBI/FDM data/Arrivals/Nuuk Arrival_ 216044_OY-GRR_19_05_25_31_11.csv
2025.0,5.0,19.0,16.0,12.0,34.0,0.1299999999999999,/Users/rasmus/Desktop/Fysik/AppliedML2026/Final_project_data/data/ML_data/NBI/FDM data/Arrivals/Nuuk Arrival_ 216046_OY-GRR_19_05_25_05_16.csv
2025.0,5.0,19.0,21.0,48.0,7.0,0.32000000000000006,/Users/rasmus/Desktop/Fysik/AppliedML2026/Final_project_data/data/ML_data/NBI/FDM data/Arrivals/Nuuk Arrival_ 216050_OY-GRR_19_05_25_39_21.csv
2025.0,5.0,20.0,11.0,29.0,27.0,0.15999999999999992,/Users/rasmus/Desktop/Fysik/AppliedML2026/Final_project_data/data/ML_data/NBI/FDM data/Arrivals/Nuuk Arrival_ 216052_OY-GRR_20_05_25_22_11.csv
2025.0,5.0,20.0,15.0,5.0,57.0,0.20999999999999996,/Users/rasmus/Desktop/Fysik/AppliedML2026/Final_project_data/data/ML_data/NBI/FDM data/Arrivals/Nuuk Arrival_ 216054_OY-GRR_20_05_25_04_15.csv
2025.0,5.0,21.0,19.0,23.0,10.0,0.22999999999999998,/Users/rasmus/Desktop/Fysik/AppliedML2026/Final_project_data/data/ML_data/NBI/FDM data/Arrivals/Nuuk Arrival_ 216058_OY-GRR_21_05_25_17_19.csv
2025.0,5.0,22.0,13.0,47.0,17.0,0.17999999999999994,/Users/rasmus/Desktop/Fysik/AppliedML2026/Final_project_data/data/ML_data/NBI/FDM data/Arrivals/Nuuk Arrival_ 216060_OY-GRR_22_05_25_31_13.csv
2025.0,5.0,23.0,14.0,27.0,30.0,0.17999999999999994,/Users/rasmus/Desktop/Fysik/AppliedML2026/Final_project_data/data/ML_data/NBI/FDM data/Arrivals/Nuuk Arrival_ 216061_OY-GRR_23_05_25_50_12.csv
2025.0,5.0,23.0,18.0,8.0,34.0,0.25,/Users/rasmus/Desktop/Fysik/AppliedML2026/Final_project_data/data/ML_data/NBI/FDM data/Arrivals/Nuuk Arrival_ 216063_OY-GRR_23_05_25_02_18.csv
2025.0,5.0,24.0,11.0,1.0,45.0,0.36,/Users/rasmus/Desktop/Fysik/AppliedML2026/Final_project_data/data/ML_data/NBI/FDM data/Arrivals/Nuuk Arrival_ 216065_OY-GRR_24_05_25_58_10.csv
2025.0,5.0,24.0,13.0,45.0,37.0,0.3700000000000001,/Users/rasmus/Desktop/Fysik/AppliedML2026/Final_project_data/data/ML_data/NBI/FDM data/Arrivals/Nuuk Arrival_ 216067_OY-GRR_24_05_25_41_13.csv
2025.0,5.0,24.0,17.0,32.0,5.0,0.31000000000000005,/Users/rasmus/Desktop/Fysik/AppliedML2026/Final_project_data/data/ML_data/NBI/FDM data/Arrivals/Nuuk Arrival_ 216069_OY-GRR_24_05_25_28_17.csv
2025.0,5.0,26.0,12.0,39.0,7.0,0.1299999999999999,/Users/rasmus/Desktop/Fysik/AppliedML2026/Final_project_data/data/ML_data/NBI/FDM data/Arrivals/Nuuk Arrival_ 216071_OY-GRR_26_05_25_19_12.csv
2025.0,5.0,26.0,17.0,14.0,3.0,0.28,/Users/rasmus/Desktop/Fysik/AppliedML2026/Final_project_data/data/ML_data/NBI/FDM data/Arrivals/Nuuk Arrival_ 216073_OY-GRR_26_05_25_57_16.csv
2025.0,5.0,27.0,19.0,15.0,40.0,0.48,/Users/rasmus/Desktop/Fysik/AppliedML2026/Final_project_data/data/ML_data/NBI/FDM data/Arrivals/Nuuk Arrival_ 216076_OY-GRR_27_05_25_13_19.csv
2025.0,5.0,28.0,11.0,50.0,44.0,0.3999999999999999,/Users/rasmus/Desktop/Fysik/AppliedML2026/Final_project_data/data/ML_data/NBI/FDM data/Arrivals/Nuuk Arrival_ 216079_OY-GRR_28_05_25_43_11.csv
2025.0,5.0,28.0,16.0,7.0,50.0,0.43999999999999995,/Users/rasmus/Desktop/Fysik/AppliedML2026/Final_project_data/data/ML_data/NBI/FDM data/Arrivals/Nuuk Arrival_ 216082_OY-GRR_28_05_25_00_16.csv
2025.0,5.0,28.0,21.0,50.0,40.0,0.5,/Users/rasmus/Desktop/Fysik/AppliedML2026/Final_project_data/data/ML_data/NBI/FDM data/Arrivals/Nuuk Arrival_ 216084_OY-GRR_28_05_25_26_21.csv
2025.0,5.0,30.0,12.0,45.0,5.0,0.41000000000000003,/Users/rasmus/Desktop/Fysik/AppliedML2026/Final_project_data/data/ML_data/NBI/FDM data/Arrivals/Nuuk Arrival_ 216086_OY-GRR_30_05_25_19_12.csv
2025.0,5.0,30.0,16.0,55.0,25.0,0.16999999999999993,/Users/rasmus/Desktop/Fysik/AppliedML2026/Final_project_data/data/ML_data/NBI/FDM data/Arrivals/Nuuk Arrival_ 216088_OY-GRR_30_05_25_50_16.csv
2025.0,6.0,1.0,13.0,11.0,30.0,0.22999999999999998,/Users/rasmus/Desktop/Fysik/AppliedML2026/Final_project_data/data/ML_data/NBI/FDM data/Arrivals/Nuuk Arrival_ 216089_OY-GRP_01_06_25_13_13.csv
2025.0,6.0,1.0,17.0,13.0,19.0,0.1100000000000001,/Users/rasmus/Desktop/Fysik/AppliedML2026/Final_project_data/data/ML_data/NBI/FDM data/Arrivals/Nuuk Arrival_ 216096_OY-GRP_01_06_25_15_17.csv
2025.0,6.0,1.0,17.0,57.0,8.0,0.15999999999999992,/Users/rasmus/Desktop/Fysik/AppliedML2026/Final_project_data/data/ML_data/NBI/FDM data/Arrivals/Nuuk Arrival_ 216097_OY-GRO_01_06_25_58_17.csv
2025.0,6.0,2.0,11.0,56.0,11.0,0.15999999999999992,/Users/rasmus/Desktop/Fysik/AppliedML2026/Final_project_data/data/ML_data/NBI/FDM data/Arrivals/Nuuk Arrival_ 216104_OY-GRM_02_06_25_58_11.csv
2025.0,6.0,2.0,12.0,48.0,56.0,0.18999999999999995,/Users/rasmus/Desktop/Fysik/AppliedML2026/Final_project_data/data/ML_data/NBI/FDM data/Arrivals/Nuuk Arrival_ 216105_OY-GRJ_02_06_25_49_12.csv
2025.0,6.0,2.0,12.0,50.0,19.0,0.24,/Users/rasmus/Desktop/Fysik/AppliedML2026/Final_project_data/data/ML_data/NBI/FDM data/Arrivals/Nuuk Arrival_ 216106_OY-GRH_02_06_25_52_12.csv
2025.0,6.0,2.0,12.0,0.0,33.0,0.19999999999999996,/Users/rasmus/Desktop/Fysik/AppliedML2026/Final_project_data/data/ML_data/NBI/FDM data/Arrivals/Nuuk Arrival_ 216116_OY-GRO_02_06_25_02_12.csv
2025.0,6.0,2.0,15.0,22.0,37.0,0.17999999999999994,/Users/rasmus/Desktop/Fysik/AppliedML2026/Final_project_data/data/ML_data/NBI/FDM data/Arrivals/Nuuk Arrival_ 216120_OY-GRP_02_06_25_23_15.csv
2025.0,6.0,2.0,16.0,7.0,1.0,0.1399999999999999,/Users/rasmus/Desktop/Fysik/AppliedML2026/Final_project_data/data/ML_data/NBI/FDM data/Arrivals/Nuuk Arrival_ 216121_OY-GRM_02_06_25_09_16.csv
2025.0,6.0,2.0,17.0,0.0,27.0,0.1499999999999999,/Users/rasmus/Desktop/Fysik/AppliedML2026/Final_project_data/data/ML_data/NBI/FDM data/Arrivals/Nuuk Arrival_ 216122_OY-GRO_02_06_25_01_17.csv
2025.0,6.0,2.0,21.0,22.0,6.0,0.26,/Users/rasmus/Desktop/Fysik/AppliedML2026/Final_project_data/data/ML_data/NBI/FDM data/Arrivals/Nuuk Arrival_ 216163_OY-GRP_02_06_25_24_21.csv
2025.0,6.0,2.0,21.0,34.0,30.0,0.4099999999999999,/Users/rasmus/Desktop/Fysik/AppliedML2026/Final_project_data/data/ML_data/NBI/FDM data/Arrivals/Nuuk Arrival_ 216164_OY-GRM_02_06_25_36_21.csv
2025.0,6.0,2.0,22.0,26.0,13.0,0.31000000000000005,/Users/rasmus/Desktop/Fysik/AppliedML2026/Final_project_data/data/ML_data/NBI/FDM data/Arrivals/Nuuk Arrival_ 216165_OY-GRO_02_06_25_28_22.csv
2025.0,6.0,3.0,14.0,34.0,2.0,0.16999999999999993,/Users/rasmus/Desktop/Fysik/AppliedML2026/Final_project_data/data/ML_data/NBI/FDM data/Arrivals/Nuuk Arrival_ 216175_OY-GRH_03_06_25_35_14.csv
2025.0,6.0,3.0,14.0,45.0,16.0,0.3799999999999999,/Users/rasmus/Desktop/Fysik/AppliedML2026/Final_project_data/data/ML_data/NBI/FDM data/Arrivals/Nuuk Arrival_ 216182_OY-GRJ_03_06_25_47_14.csv
2025.0,6.0,3.0,15.0,19.0,19.0,0.1399999999999999,/Users/rasmus/Desktop/Fysik/AppliedML2026/Final_project_data/data/ML_data/NBI/FDM data/Arrivals/Nuuk Arrival_ 216184_OY-GRM_03_06_25_21_15.csv
2025.0,6.0,3.0,19.0,29.0,18.0,0.20999999999999996,/Users/rasmus/Desktop/Fysik/AppliedML2026/Final_project_data/data/ML_data/NBI/FDM data/Arrivals/Nuuk Arrival_ 216217_OY-GRM_03_06_25_31_19.csv
2025.0,6.0,3.0,20.0,24.0,58.0,0.1299999999999999,/Users/rasmus/Desktop/Fysik/AppliedML2026/Final_project_data/data/ML_data/NBI/FDM data/Arrivals/Nuuk Arrival_ 216223_OY-GRJ_03_06_25_25_20.csv
2025.0,6.0,3.0,15.0,41.0,13.0,0.25,/Users/rasmus/Desktop/Fysik/AppliedML2026/Final_project_data/data/ML_data/NBI/FDM data/Arrivals/Nuuk Arrival_ 216226_OY-GRO_03_06_25_43_15.csv
2025.0,6.0,3.0,21.0,55.0,37.0,0.20999999999999996,/Users/rasmus/Desktop/Fysik/AppliedML2026/Final_project_data/data/ML_data/NBI/FDM data/Arrivals/Nuuk Arrival_ 216229_OY-GRM_03_06_25_56_21.csv
2025.0,6.0,4.0,11.0,10.0,30.0,0.20999999999999996,/Users/rasmus/Desktop/Fysik/AppliedML2026/Final_project_data/data/ML_data/NBI/FDM data/Arrivals/Nuuk Arrival_ 216232_OY-GRH_04_06_25_12_11.csv
2025.0,6.0,4.0,13.0,8.0,34.0,0.28,/Users/rasmus/Desktop/Fysik/AppliedML2026/Final_project_data/data/ML_data/NBI/FDM data/Arrivals/Nuuk Arrival_ 216234_OY-GRJ_04_06_25_09_13.csv
2025.0,6.0,4.0,15.0,54.0,30.0,0.28,/Users/rasmus/Desktop/Fysik/AppliedML2026/Final_project_data/data/ML_data/NBI/FDM data/Arrivals/Nuuk Arrival_ 216244_OY-GRJ_04_06_25_55_15.csv
2025.0,6.0,4.0,17.0,22.0,8.0,0.30000000000000004,/Users/rasmus/Desktop/Fysik/AppliedML2026/Final_project_data/data/ML_data/NBI/FDM data/Arrivals/Nuuk Arrival_ 216245_OY-GRP_04_06_25_24_17.csv
2025.0,6.0,4.0,13.0,1.0,28.0,0.1499999999999999,/Users/rasmus/Desktop/Fysik/AppliedML2026/Final_project_data/data/ML_data/NBI/FDM data/Arrivals/Nuuk Arrival_ 216246_OY-GRO_04_06_25_03_13.csv
2025.0,6.0,4.0,18.0,36.0,14.0,0.27,/Users/rasmus/Desktop/Fysik/AppliedML2026/Final_project_data/data/ML_data/NBI/FDM data/Arrivals/Nuuk Arrival_ 216249_OY-GRM_04_06_25_38_18.csv
2025.0,6.0,4.0,19.0,57.0,11.0,0.27,/Users/rasmus/Desktop/Fysik/AppliedML2026/Final_project_data/data/ML_data/NBI/FDM data/Arrivals/Nuuk Arrival_ 216250_OY-GRJ_04_06_25_59_19.csv
2025.0,6.0,4.0,14.0,40.0,17.0,0.30000000000000004,/Users/rasmus/Desktop/Fysik/AppliedML2026/Final_project_data/data/ML_data/NBI/FDM data/Arrivals/Nuuk Arrival_ 216252_OY-GRO_04_06_25_42_14.csv
2025.0,6.0,4.0,21.0,8.0,1.0,0.21999999999999997,/Users/rasmus/Desktop/Fysik/AppliedML2026/Final_project_data/data/ML_data/NBI/FDM data/Arrivals/Nuuk Arrival_ 216253_OY-GRM_04_06_25_10_21.csv
2025.0,6.0,5.0,13.0,59.0,19.0,0.18999999999999995,/Users/rasmus/Desktop/Fysik/AppliedML2026/Final_project_data/data/ML_data/NBI/FDM data/Arrivals/Nuuk Arrival_ 216264_OY-GRO_05_06_25_01_14.csv
2025.0,6.0,5.0,15.0,22.0,35.0,0.18999999999999995,/Users/rasmus/Desktop/Fysik/AppliedML2026/Final_project_data/data/ML_data/NBI/FDM data/Arrivals/Nuuk Arrival_ 216266_OY-GRH_05_06_25_24_15.csv
2025.0,6.0,5.0,15.0,9.0,22.0,0.1100000000000001,/Users/rasmus/Desktop/Fysik/AppliedML2026/Final_project_data/data/ML_data/NBI/FDM data/Arrivals/Nuuk Arrival_ 216267_OY-GRM_05_06_25_11_15.csv
2025.0,6.0,5.0,16.0,28.0,54.0,0.15999999999999992,/Users/rasmus/Desktop/Fysik/AppliedML2026/Final_project_data/data/ML_data/NBI/FDM data/Arrivals/Nuuk Arrival_ 216270_OY-GRJ_05_06_25_29_16.csv
2025.0,6.0,5.0,16.0,23.0,1.0,0.17999999999999994,/Users/rasmus/Desktop/Fysik/AppliedML2026/Final_project_data/data/ML_data/NBI/FDM data/Arrivals/Nuuk Arrival_ 216272_OY-GRP_05_06_25_24_16.csv
2025.0,6.0,5.0,19.0,13.0,10.0,0.1100000000000001,/Users/rasmus/Desktop/Fysik/AppliedML2026/Final_project_data/data/ML_data/NBI/FDM data/Arrivals/Nuuk Arrival_ 216277_OY-GRP_05_06_25_15_19.csv
2025.0,6.0,5.0,21.0,53.0,13.0,0.3600000000000001,/Users/rasmus/Desktop/Fysik/AppliedML2026/Final_project_data/data/ML_data/NBI/FDM data/Arrivals/Nuuk Arrival_ 216305_OY-GRJ_05_06_25_55_21.csv
2025.0,6.0,6.0,11.0,32.0,46.0,0.12,/Users/rasmus/Desktop/Fysik/AppliedML2026/Final_project_data/data/ML_data/NBI/FDM data/Arrivals/Nuuk Arrival_ 216313_OY-GRP_06_06_25_33_11.csv
2025.0,6.0,6.0,12.0,5.0,16.0,0.1200000000000001,/Users/rasmus/Desktop/Fysik/AppliedML2026/Final_project_data/data/ML_data/NBI/FDM data/Arrivals/Nuuk Arrival_ 216315_OY-GRM_06_06_25_07_12.csv
2025.0,6.0,6.0,16.0,11.0,7.0,0.19999999999999996,/Users/rasmus/Desktop/Fysik/AppliedML2026/Final_project_data/data/ML_data/NBI/FDM data/Arrivals/Nuuk Arrival_ 216329_OY-GRP_06_06_25_12_16.csv
2025.0,6.0,6.0,15.0,34.0,37.0,0.19999999999999996,/Users/rasmus/Desktop/Fysik/AppliedML2026/Final_project_data/data/ML_data/NBI/FDM data/Arrivals/Nuuk Arrival_ 216332_OY-GRJ_06_06_25_35_15.csv
2025.0,6.0,6.0,19.0,8.0,17.0,0.16999999999999993,/Users/rasmus/Desktop/Fysik/AppliedML2026/Final_project_data/data/ML_data/NBI/FDM data/Arrivals/Nuuk Arrival_ 216339_OY-GRO_06_06_25_10_19.csv
2025.0,6.0,6.0,20.0,18.0,14.0,0.21999999999999997,/Users/rasmus/Desktop/Fysik/AppliedML2026/Final_project_data/data/ML_data/NBI/FDM data/Arrivals/Nuuk Arrival_ 216350_OY-GRM_06_06_25_20_20.csv
2025.0,6.0,6.0,20.0,34.0,32.0,0.1399999999999999,/Users/rasmus/Desktop/Fysik/AppliedML2026/Final_project_data/data/ML_data/NBI/FDM data/Arrivals/Nuuk Arrival_ 216358_OY-GRJ_06_06_25_35_20.csv
2025.0,6.0,6.0,22.0,42.0,7.0,0.16999999999999993,/Users/rasmus/Desktop/Fysik/AppliedML2026/Final_project_data/data/ML_data/NBI/FDM data/Arrivals/Nuuk Arrival_ 216359_OY-GRP_06_06_25_44_22.csv
2025.0,6.0,7.0,12.0,51.0,39.0,0.20999999999999996,/Users/rasmus/Desktop/Fysik/AppliedML2026/Final_project_data/data/ML_data/NBI/FDM data/Arrivals/Nuuk Arrival_ 216367_OY-GRO_07_06_25_52_12.csv
2025.0,6.0,7.0,14.0,9.0,28.0,0.17999999999999994,/Users/rasmus/Desktop/Fysik/AppliedML2026/Final_project_data/data/ML_data/NBI/FDM data/Arrivals/Nuuk Arrival_ 216370_OY-GRM_07_06_25_11_14.csv
2025.0,6.0,7.0,14.0,35.0,17.0,0.24,/Users/rasmus/Desktop/Fysik/AppliedML2026/Final_project_data/data/ML_data/NBI/FDM data/Arrivals/Nuuk Arrival_ 216372_OY-GRH_07_06_25_37_14.csv
2025.0,6.0,7.0,16.0,7.0,7.0,0.16999999999999993,/Users/rasmus/Desktop/Fysik/AppliedML2026/Final_project_data/data/ML_data/NBI/FDM data/Arrivals/Nuuk Arrival_ 216374_OY-GRO_07_06_25_09_16.csv
2025.0,6.0,7.0,17.0,44.0,6.0,0.25,/Users/rasmus/Desktop/Fysik/AppliedML2026/Final_project_data/data/ML_data/NBI/FDM data/Arrivals/Nuuk Arrival_ 216380_OY-GRM_07_06_25_46_17.csv
2025.0,6.0,2.0,12.0,7.0,5.0,0.3600000000000001,/Users/rasmus/Desktop/Fysik/AppliedML2026/Final_project_data/data/ML_data/NBI/FDM data/Arrivals/Nuuk Arrival_ 216385_OY-GRR_02_06_25_57_11.csv
2025.0,6.0,2.0,16.0,52.0,26.0,0.14,/Users/rasmus/Desktop/Fysik/AppliedML2026/Final_project_data/data/ML_data/NBI/FDM data/Arrivals/Nuuk Arrival_ 216387_OY-GRR_02_06_25_46_16.csv
2025.0,6.0,2.0,21.0,39.0,30.0,0.39,/Users/rasmus/Desktop/Fysik/AppliedML2026/Final_project_data/data/ML_data/NBI/FDM data/Arrivals/Nuuk Arrival_ 216390_OY-GRR_02_06_25_33_21.csv
2025.0,6.0,3.0,14.0,37.0,9.0,0.47,/Users/rasmus/Desktop/Fysik/AppliedML2026/Final_project_data/data/ML_data/NBI/FDM data/Arrivals/Nuuk Arrival_ 216392_OY-GRR_03_06_25_12_14.csv
2025.0,6.0,3.0,19.0,34.0,42.0,0.3600000000000001,/Users/rasmus/Desktop/Fysik/AppliedML2026/Final_project_data/data/ML_data/NBI/FDM data/Arrivals/Nuuk Arrival_ 216394_OY-GRR_03_06_25_23_19.csv
2025.0,6.0,3.0,22.0,5.0,30.0,0.35,/Users/rasmus/Desktop/Fysik/AppliedML2026/Final_project_data/data/ML_data/NBI/FDM data/Arrivals/Nuuk Arrival_ 216396_OY-GRR_03_06_25_59_21.csv
2025.0,6.0,4.0,20.0,36.0,41.0,0.32000000000000006,/Users/rasmus/Desktop/Fysik/AppliedML2026/Final_project_data/data/ML_data/NBI/FDM data/Arrivals/Nuuk Arrival_ 216399_OY-GRR_04_06_25_30_20.csv
2025.0,6.0,5.0,14.0,27.0,2.0,0.3899999999999999,/Users/rasmus/Desktop/Fysik/AppliedML2026/Final_project_data/data/ML_data/NBI/FDM data/Arrivals/Nuuk Arrival_ 216402_OY-GRR_05_06_25_14_14.csv
2025.0,6.0,5.0,18.0,35.0,27.0,0.53,/Users/rasmus/Desktop/Fysik/AppliedML2026/Final_project_data/data/ML_data/NBI/FDM data/Arrivals/Nuuk Arrival_ 216404_OY-GRR_05_06_25_29_18.csv
2025.0,6.0,6.0,12.0,22.0,17.0,0.19999999999999996,/Users/rasmus/Desktop/Fysik/AppliedML2026/Final_project_data/data/ML_data/NBI/FDM data/Arrivals/Nuuk Arrival_ 216406_OY-GRR_06_06_25_14_12.csv
2025.0,6.0,6.0,17.0,44.0,33.0,0.3899999999999999,/Users/rasmus/Desktop/Fysik/AppliedML2026/Final_project_data/data/ML_data/NBI/FDM data/Arrivals/Nuuk Arrival_ 216409_OY-GRR_06_06_25_40_17.csv
2025.0,6.0,7.0,19.0,34.0,30.0,0.20999999999999996,/Users/rasmus/Desktop/Fysik/AppliedML2026/Final_project_data/data/ML_data/NBI/FDM data/Arrivals/Nuuk Arrival_ 216412_OY-GRR_07_06_25_28_19.csv
2025.0,6.0,8.0,10.0,48.0,35.0,0.1399999999999999,/Users/rasmus/Desktop/Fysik/AppliedML2026/Final_project_data/data/ML_data/NBI/FDM data/Arrivals/Nuuk Arrival_ 216415_OY-GRO_08_06_25_50_10.csv
2025.0,6.0,9.0,12.0,14.0,28.0,0.18999999999999995,/Users/rasmus/Desktop/Fysik/AppliedML2026/Final_project_data/data/ML_data/NBI/FDM data/Arrivals/Nuuk Arrival_ 216426_OY-GRM_09_06_25_16_12.csv
2025.0,6.0,9.0,13.0,51.0,39.0,0.19999999999999996,/Users/rasmus/Desktop/Fysik/AppliedML2026/Final_project_data/data/ML_data/NBI/FDM data/Arrivals/Nuuk Arrival_ 216437_OY-GRP_09_06_25_52_13.csv
2025.0,6.0,9.0,16.0,14.0,36.0,0.20999999999999996,/Users/rasmus/Desktop/Fysik/AppliedML2026/Final_project_data/data/ML_data/NBI/FDM data/Arrivals/Nuuk Arrival_ 216445_OY-GRJ_09_06_25_16_16.csv
2025.0,6.0,9.0,20.0,4.0,4.0,0.24,/Users/rasmus/Desktop/Fysik/AppliedML2026/Final_project_data/data/ML_data/NBI/FDM data/Arrivals/Nuuk Arrival_ 216478_OY-GRH_09_06_25_06_20.csv
2025.0,6.0,9.0,16.0,38.0,29.0,0.3899999999999999,/Users/rasmus/Desktop/Fysik/AppliedML2026/Final_project_data/data/ML_data/NBI/FDM data/Arrivals/Nuuk Arrival_ 216484_OY-GRO_09_06_25_40_16.csv
2025.0,6.0,10.0,0.0,18.0,19.0,0.15999999999999992,/Users/rasmus/Desktop/Fysik/AppliedML2026/Final_project_data/data/ML_data/NBI/FDM data/Arrivals/Nuuk Arrival_ 216486_OY-GRO_10_06_25_20_00.csv
2025.0,6.0,10.0,14.0,22.0,12.0,0.21999999999999997,/Users/rasmus/Desktop/Fysik/AppliedML2026/Final_project_data/data/ML_data/NBI/FDM data/Arrivals/Nuuk Arrival_ 216509_OY-GRH_10_06_25_24_14.csv
2025.0,6.0,10.0,14.0,26.0,26.0,0.1499999999999999,/Users/rasmus/Desktop/Fysik/AppliedML2026/Final_project_data/data/ML_data/NBI/FDM data/Arrivals/Nuuk Arrival_ 216511_OY-GRM_10_06_25_28_14.csv
2025.0,6.0,10.0,19.0,1.0,59.0,0.22999999999999998,/Users/rasmus/Desktop/Fysik/AppliedML2026/Final_project_data/data/ML_data/NBI/FDM data/Arrivals/Nuuk Arrival_ 216521_OY-GRO_10_06_25_03_19.csv
2025.0,6.0,10.0,17.0,42.0,33.0,0.25,/Users/rasmus/Desktop/Fysik/AppliedML2026/Final_project_data/data/ML_data/NBI/FDM data/Arrivals/Nuuk Arrival_ 216532_OY-GRH_10_06_25_43_17.csv
2025.0,6.0,10.0,21.0,8.0,47.0,0.33000000000000007,/Users/rasmus/Desktop/Fysik/AppliedML2026/Final_project_data/data/ML_data/NBI/FDM data/Arrivals/Nuuk Arrival_ 216535_OY-GRJ_10_06_25_09_21.csv
2025.0,6.0,10.0,20.0,25.0,9.0,0.1499999999999999,/Users/rasmus/Desktop/Fysik/AppliedML2026/Final_project_data/data/ML_data/NBI/FDM data/Arrivals/Nuuk Arrival_ 216537_OY-GRP_10_06_25_27_20.csv
2025.0,6.0,10.0,22.0,14.0,41.0,0.21999999999999997,/Users/rasmus/Desktop/Fysik/AppliedML2026/Final_project_data/data/ML_data/NBI/FDM data/Arrivals/Nuuk Arrival_ 216538_OY-GRH_10_06_25_15_22.csv
2025.0,6.0,11.0,12.0,20.0,34.0,0.18999999999999995,/Users/rasmus/Desktop/Fysik/AppliedML2026/Final_project_data/data/ML_data/NBI/FDM data/Arrivals/Nuuk Arrival_ 216542_OY-GRJ_11_06_25_21_12.csv
2025.0,6.0,11.0,14.0,18.0,5.0,0.16999999999999993,/Users/rasmus/Desktop/Fysik/AppliedML2026/Final_project_data/data/ML_data/NBI/FDM data/Arrivals/Nuuk Arrival_ 216546_OY-GRP_11_06_25_20_14.csv
2025.0,6.0,11.0,16.0,44.0,31.0,0.21999999999999997,/Users/rasmus/Desktop/Fysik/AppliedML2026/Final_project_data/data/ML_data/NBI/FDM data/Arrivals/Nuuk Arrival_ 216554_OY-GRH_11_06_25_46_16.csv
2025.0,6.0,11.0,18.0,43.0,44.0,0.3700000000000001,/Users/rasmus/Desktop/Fysik/AppliedML2026/Final_project_data/data/ML_data/NBI/FDM data/Arrivals/Nuuk Arrival_ 216574_OY-GRH_11_06_25_44_18.csv
2025.0,6.0,11.0,21.0,7.0,55.0,0.20999999999999996,/Users/rasmus/Desktop/Fysik/AppliedML2026/Final_project_data/data/ML_data/NBI/FDM data/Arrivals/Nuuk Arrival_ 216586_OY-GRO_11_06_25_08_21.csv
2025.0,6.0,11.0,21.0,49.0,49.0,0.20999999999999996,/Users/rasmus/Desktop/Fysik/AppliedML2026/Final_project_data/data/ML_data/NBI/FDM data/Arrivals/Nuuk Arrival_ 216587_OY-GRP_11_06_25_50_21.csv
2025.0,6.0,12.0,11.0,31.0,12.0,0.21999999999999997,/Users/rasmus/Desktop/Fysik/AppliedML2026/Final_project_data/data/ML_data/NBI/FDM data/Arrivals/Nuuk Arrival_ 216594_OY-GRJ_12_06_25_33_11.csv
2025.0,6.0,12.0,13.0,59.0,18.0,0.28,/Users/rasmus/Desktop/Fysik/AppliedML2026/Final_project_data/data/ML_data/NBI/FDM data/Arrivals/Nuuk Arrival_ 216603_OY-GRO_12_06_25_01_14.csv
2025.0,6.0,12.0,14.0,15.0,55.0,0.24,/Users/rasmus/Desktop/Fysik/AppliedML2026/Final_project_data/data/ML_data/NBI/FDM data/Arrivals/Nuuk Arrival_ 216604_OY-GRJ_12_06_25_16_14.csv
2025.0,6.0,12.0,14.0,43.0,7.0,0.25,/Users/rasmus/Desktop/Fysik/AppliedML2026/Final_project_data/data/ML_data/NBI/FDM data/Arrivals/Nuuk Arrival_ 216606_OY-GRM_12_06_25_46_14.csv
2025.0,6.0,12.0,19.0,11.0,5.0,0.22999999999999998,/Users/rasmus/Desktop/Fysik/AppliedML2026/Final_project_data/data/ML_data/NBI/FDM data/Arrivals/Nuuk Arrival_ 216637_OY-GRO_12_06_25_13_19.csv
2025.0,6.0,12.0,14.0,50.0,58.0,0.21999999999999997,/Users/rasmus/Desktop/Fysik/AppliedML2026/Final_project_data/data/ML_data/NBI/FDM data/Arrivals/Nuuk Arrival_ 216639_OY-GRH_12_06_25_52_14.csv
2025.0,6.0,12.0,18.0,12.0,49.0,0.1499999999999999,/Users/rasmus/Desktop/Fysik/AppliedML2026/Final_project_data/data/ML_data/NBI/FDM data/Arrivals/Nuuk Arrival_ 216640_OY-GRJ_12_06_25_13_18.csv
2025.0,6.0,13.0,12.0,23.0,51.0,0.22999999999999998,/Users/rasmus/Desktop/Fysik/AppliedML2026/Final_project_data/data/ML_data/NBI/FDM data/Arrivals/Nuuk Arrival_ 216657_OY-GRM_13_06_25_25_12.csv
2025.0,6.0,13.0,12.0,58.0,14.0,0.25,/Users/rasmus/Desktop/Fysik/AppliedML2026/Final_project_data/data/ML_data/NBI/FDM data/Arrivals/Nuuk Arrival_ 216659_OY-GRO_13_06_25_00_13.csv
2025.0,6.0,13.0,13.0,39.0,1.0,0.31000000000000005,/Users/rasmus/Desktop/Fysik/AppliedML2026/Final_project_data/data/ML_data/NBI/FDM data/Arrivals/Nuuk Arrival_ 216672_OY-GRP_13_06_25_41_13.csv
2025.0,6.0,13.0,16.0,51.0,58.0,0.3600000000000001,/Users/rasmus/Desktop/Fysik/AppliedML2026/Final_project_data/data/ML_data/NBI/FDM data/Arrivals/Nuuk Arrival_ 216676_OY-GRJ_13_06_25_53_16.csv
2025.0,6.0,14.0,9.0,57.0,54.0,0.28,/Users/rasmus/Desktop/Fysik/AppliedML2026/Final_project_data/data/ML_data/NBI/FDM data/Arrivals/Nuuk Arrival_ 216699_OY-GRO_14_06_25_58_09.csv
2025.0,6.0,14.0,14.0,44.0,37.0,0.18999999999999995,/Users/rasmus/Desktop/Fysik/AppliedML2026/Final_project_data/data/ML_data/NBI/FDM data/Arrivals/Nuuk Arrival_ 216722_OY-GRM_14_06_25_45_14.csv
2025.0,6.0,14.0,15.0,2.0,48.0,0.15999999999999992,/Users/rasmus/Desktop/Fysik/AppliedML2026/Final_project_data/data/ML_data/NBI/FDM data/Arrivals/Nuuk Arrival_ 216723_OY-GRJ_14_06_25_03_15.csv
2025.0,6.0,14.0,13.0,43.0,50.0,0.16999999999999993,/Users/rasmus/Desktop/Fysik/AppliedML2026/Final_project_data/data/ML_data/NBI/FDM data/Arrivals/Nuuk Arrival_ 216725_OY-GRO_14_06_25_45_13.csv
2025.0,6.0,14.0,14.0,53.0,48.0,0.1200000000000001,/Users/rasmus/Desktop/Fysik/AppliedML2026/Final_project_data/data/ML_data/NBI/FDM data/Arrivals/Nuuk Arrival_ 216727_OY-GRP_14_06_25_55_14.csv
2025.0,6.0,14.0,18.0,1.0,57.0,0.1399999999999999,/Users/rasmus/Desktop/Fysik/AppliedML2026/Final_project_data/data/ML_data/NBI/FDM data/Arrivals/Nuuk Arrival_ 216733_OY-GRO_14_06_25_02_18.csv
2025.0,6.0,14.0,20.0,53.0,40.0,0.19999999999999996,/Users/rasmus/Desktop/Fysik/AppliedML2026/Final_project_data/data/ML_data/NBI/FDM data/Arrivals/Nuuk Arrival_ 216744_OY-GRO_14_06_25_54_20.csv
2025.0,6.0,14.0,20.0,21.0,59.0,0.15999999999999992,/Users/rasmus/Desktop/Fysik/AppliedML2026/Final_project_data/data/ML_data/NBI/FDM data/Arrivals/Nuuk Arrival_ 216745_OY-GRM_14_06_25_22_20.csv
2025.0,6.0,14.0,20.0,22.0,17.0,0.15999999999999992,/Users/rasmus/Desktop/Fysik/AppliedML2026/Final_project_data/data/ML_data/NBI/FDM data/Arrivals/Nuuk Arrival_ 216746_OY-GRP_14_06_25_24_20.csv
2025.0,6.0,14.0,20.0,59.0,7.0,0.09000000000000008,/Users/rasmus/Desktop/Fysik/AppliedML2026/Final_project_data/data/ML_data/NBI/FDM data/Arrivals/Nuuk Arrival_ 216747_OY-GRJ_14_06_25_01_21.csv
2025.0,6.0,13.0,12.0,41.0,25.0,0.3799999999999999,/Users/rasmus/Desktop/Fysik/AppliedML2026/Final_project_data/data/ML_data/NBI/FDM data/Arrivals/Nuuk Arrival_ 216750_OY-GRR_13_06_25_35_12.csv
2025.0,6.0,14.0,14.0,46.0,22.0,0.18999999999999995,/Users/rasmus/Desktop/Fysik/AppliedML2026/Final_project_data/data/ML_data/NBI/FDM data/Arrivals/Nuuk Arrival_ 216754_OY-GRR_14_06_25_28_14.csv
2025.0,6.0,14.0,18.0,35.0,21.0,0.45999999999999996,/Users/rasmus/Desktop/Fysik/AppliedML2026/Final_project_data/data/ML_data/NBI/FDM data/Arrivals/Nuuk Arrival_ 216756_OY-GRR_14_06_25_29_18.csv
2025.0,6.0,14.0,22.0,16.0,8.0,0.37,/Users/rasmus/Desktop/Fysik/AppliedML2026/Final_project_data/data/ML_data/NBI/FDM data/Arrivals/Nuuk Arrival_ 216758_OY-GRR_14_06_25_10_22.csv
2025.0,6.0,15.0,16.0,8.0,23.0,0.24,/Users/rasmus/Desktop/Fysik/AppliedML2026/Final_project_data/data/ML_data/NBI/FDM data/Arrivals/Nuuk Arrival_ 216760_OY-GRO_15_06_25_10_16.csv
2025.0,6.0,15.0,17.0,57.0,11.0,0.1299999999999999,/Users/rasmus/Desktop/Fysik/AppliedML2026/Final_project_data/data/ML_data/NBI/FDM data/Arrivals/Nuuk Arrival_ 216762_OY-GRJ_15_06_25_59_17.csv
2025.0,6.0,16.0,14.0,38.0,57.0,0.21999999999999997,/Users/rasmus/Desktop/Fysik/AppliedML2026/Final_project_data/data/ML_data/NBI/FDM data/Arrivals/Nuuk Arrival_ 216766_OY-GRJ_16_06_25_40_14.csv
2025.0,6.0,16.0,18.0,36.0,29.0,0.1399999999999999,/Users/rasmus/Desktop/Fysik/AppliedML2026/Final_project_data/data/ML_data/NBI/FDM data/Arrivals/Nuuk Arrival_ 216774_OY-GRM_16_06_25_38_18.csv
2025.0,6.0,16.0,19.0,53.0,48.0,0.24,/Users/rasmus/Desktop/Fysik/AppliedML2026/Final_project_data/data/ML_data/NBI/FDM data/Arrivals/Nuuk Arrival_ 216777_OY-GRO_16_06_25_55_19.csv
2025.0,6.0,16.0,21.0,59.0,18.0,0.28,/Users/rasmus/Desktop/Fysik/AppliedML2026/Final_project_data/data/ML_data/NBI/FDM data/Arrivals/Nuuk Arrival_ 216785_OY-GRM_16_06_25_01_22.csv
2025.0,6.0,16.0,21.0,56.0,9.0,0.22999999999999998,/Users/rasmus/Desktop/Fysik/AppliedML2026/Final_project_data/data/ML_data/NBI/FDM data/Arrivals/Nuuk Arrival_ 216786_OY-GRH_16_06_25_58_21.csv
2025.0,6.0,17.0,11.0,13.0,28.0,0.09000000000000008,/Users/rasmus/Desktop/Fysik/AppliedML2026/Final_project_data/data/ML_data/NBI/FDM data/Arrivals/Nuuk Arrival_ 216791_OY-GRM_17_06_25_15_11.csv
2025.0,6.0,17.0,14.0,20.0,56.0,0.18999999999999995,/Users/rasmus/Desktop/Fysik/AppliedML2026/Final_project_data/data/ML_data/NBI/FDM data/Arrivals/Nuuk Arrival_ 216799_OY-GRO_17_06_25_22_14.csv
2025.0,6.0,17.0,14.0,54.0,19.0,0.1399999999999999,/Users/rasmus/Desktop/Fysik/AppliedML2026/Final_project_data/data/ML_data/NBI/FDM data/Arrivals/Nuuk Arrival_ 216800_OY-GRH_17_06_25_55_14.csv
2025.0,6.0,17.0,14.0,22.0,22.0,0.16999999999999993,/Users/rasmus/Desktop/Fysik/AppliedML2026/Final_project_data/data/ML_data/NBI/FDM data/Arrivals/Nuuk Arrival_ 216811_OY-GRM_17_06_25_24_14.csv
2025.0,6.0,17.0,18.0,46.0,58.0,0.22999999999999998,/Users/rasmus/Desktop/Fysik/AppliedML2026/Final_project_data/data/ML_data/NBI/FDM data/Arrivals/Nuuk Arrival_ 216829_OY-GRP_17_06_25_48_18.csv
2025.0,6.0,17.0,18.0,52.0,37.0,0.1399999999999999,/Users/rasmus/Desktop/Fysik/AppliedML2026/Final_project_data/data/ML_data/NBI/FDM data/Arrivals/Nuuk Arrival_ 216830_OY-GRM_17_06_25_53_18.csv
2025.0,6.0,17.0,20.0,2.0,19.0,0.19999999999999996,/Users/rasmus/Desktop/Fysik/AppliedML2026/Final_project_data/data/ML_data/NBI/FDM data/Arrivals/Nuuk Arrival_ 216831_OY-GRO_17_06_25_04_20.csv
2025.0,6.0,17.0,20.0,8.0,33.0,0.27,/Users/rasmus/Desktop/Fysik/AppliedML2026/Final_project_data/data/ML_data/NBI/FDM data/Arrivals/Nuuk Arrival_ 216832_OY-GRH_17_06_25_09_20.csv
2025.0,6.0,17.0,22.0,35.0,38.0,0.1499999999999999,/Users/rasmus/Desktop/Fysik/AppliedML2026/Final_project_data/data/ML_data/NBI/FDM data/Arrivals/Nuuk Arrival_ 216835_OY-GRP_17_06_25_37_22.csv
2025.0,6.0,18.0,11.0,25.0,2.0,0.19999999999999996,/Users/rasmus/Desktop/Fysik/AppliedML2026/Final_project_data/data/ML_data/NBI/FDM data/Arrivals/Nuuk Arrival_ 216843_OY-GRP_18_06_25_27_11.csv
2025.0,6.0,18.0,12.0,18.0,2.0,0.19999999999999996,/Users/rasmus/Desktop/Fysik/AppliedML2026/Final_project_data/data/ML_data/NBI/FDM data/Arrivals/Nuuk Arrival_ 216847_OY-GRJ_18_06_25_20_12.csv
2025.0,6.0,18.0,12.0,26.0,18.0,0.30000000000000004,/Users/rasmus/Desktop/Fysik/AppliedML2026/Final_project_data/data/ML_data/NBI/FDM data/Arrivals/Nuuk Arrival_ 216848_OY-GRO_18_06_25_29_12.csv
2025.0,6.0,18.0,13.0,11.0,47.0,0.18999999999999995,/Users/rasmus/Desktop/Fysik/AppliedML2026/Final_project_data/data/ML_data/NBI/FDM data/Arrivals/Nuuk Arrival_ 216850_OY-GRH_18_06_25_12_13.csv
2025.0,6.0,18.0,14.0,33.0,59.0,0.26,/Users/rasmus/Desktop/Fysik/AppliedML2026/Final_project_data/data/ML_data/NBI/FDM data/Arrivals/Nuuk Arrival_ 216855_OY-GRO_18_06_25_35_14.csv
2025.0,6.0,18.0,15.0,0.0,14.0,0.19999999999999996,/Users/rasmus/Desktop/Fysik/AppliedML2026/Final_project_data/data/ML_data/NBI/FDM data/Arrivals/Nuuk Arrival_ 216864_OY-GRP_18_06_25_02_15.csv
2025.0,6.0,18.0,17.0,50.0,30.0,0.17000000000000004,/Users/rasmus/Desktop/Fysik/AppliedML2026/Final_project_data/data/ML_data/NBI/FDM data/Arrivals/Nuuk Arrival_ 216865_OY-GRH_18_06_25_52_17.csv
2025.0,6.0,18.0,20.0,57.0,25.0,0.29000000000000004,/Users/rasmus/Desktop/Fysik/AppliedML2026/Final_project_data/data/ML_data/NBI/FDM data/Arrivals/Nuuk Arrival_ 216874_OY-GRO_18_06_25_00_21.csv
2025.0,6.0,18.0,21.0,32.0,22.0,0.09000000000000008,/Users/rasmus/Desktop/Fysik/AppliedML2026/Final_project_data/data/ML_data/NBI/FDM data/Arrivals/Nuuk Arrival_ 216875_OY-GRP_18_06_25_34_21.csv
2025.0,6.0,18.0,18.0,50.0,47.0,0.15000000000000002,/Users/rasmus/Desktop/Fysik/AppliedML2026/Final_project_data/data/ML_data/NBI/FDM data/Arrivals/Nuuk Arrival_ 216876_OY-GRM_18_06_25_51_18.csv
2025.0,6.0,19.0,11.0,35.0,17.0,0.25,/Users/rasmus/Desktop/Fysik/AppliedML2026/Final_project_data/data/ML_data/NBI/FDM data/Arrivals/Nuuk Arrival_ 216885_OY-GRH_19_06_25_36_11.csv
2025.0,6.0,19.0,13.0,56.0,4.0,0.20999999999999996,/Users/rasmus/Desktop/Fysik/AppliedML2026/Final_project_data/data/ML_data/NBI/FDM data/Arrivals/Nuuk Arrival_ 216891_OY-GRO_19_06_25_58_13.csv
2025.0,6.0,19.0,14.0,22.0,56.0,0.20999999999999996,/Users/rasmus/Desktop/Fysik/AppliedML2026/Final_project_data/data/ML_data/NBI/FDM data/Arrivals/Nuuk Arrival_ 216892_OY-GRH_19_06_25_24_14.csv
2025.0,6.0,19.0,15.0,18.0,16.0,0.1499999999999999,/Users/rasmus/Desktop/Fysik/AppliedML2026/Final_project_data/data/ML_data/NBI/FDM data/Arrivals/Nuuk Arrival_ 216893_OY-GRJ_19_06_25_20_15.csv
2025.0,6.0,19.0,19.0,28.0,10.0,0.17999999999999994,/Users/rasmus/Desktop/Fysik/AppliedML2026/Final_project_data/data/ML_data/NBI/FDM data/Arrivals/Nuuk Arrival_ 216907_OY-GRP_19_06_25_30_19.csv
2025.0,6.0,19.0,20.0,42.0,47.0,0.1299999999999999,/Users/rasmus/Desktop/Fysik/AppliedML2026/Final_project_data/data/ML_data/NBI/FDM data/Arrivals/Nuuk Arrival_ 216919_OY-GRO_19_06_25_43_20.csv
2025.0,6.0,20.0,11.0,50.0,57.0,0.1100000000000001,/Users/rasmus/Desktop/Fysik/AppliedML2026/Final_project_data/data/ML_data/NBI/FDM data/Arrivals/Nuuk Arrival_ 216949_OY-GRM_20_06_25_52_11.csv
2025.0,6.0,20.0,12.0,19.0,7.0,0.1299999999999999,/Users/rasmus/Desktop/Fysik/AppliedML2026/Final_project_data/data/ML_data/NBI/FDM data/Arrivals/Nuuk Arrival_ 216951_OY-GRP_20_06_25_21_12.csv
2025.0,6.0,20.0,12.0,12.0,45.0,0.24,/Users/rasmus/Desktop/Fysik/AppliedML2026/Final_project_data/data/ML_data/NBI/FDM data/Arrivals/Nuuk Arrival_ 216952_OY-GRO_20_06_25_13_12.csv
2025.0,6.0,20.0,12.0,30.0,36.0,0.1100000000000001,/Users/rasmus/Desktop/Fysik/AppliedML2026/Final_project_data/data/ML_data/NBI/FDM data/Arrivals/Nuuk Arrival_ 216953_OY-GRJ_20_06_25_31_12.csv
2025.0,6.0,20.0,12.0,3.0,36.0,0.25,/Users/rasmus/Desktop/Fysik/AppliedML2026/Final_project_data/data/ML_data/NBI/FDM data/Arrivals/Nuuk Arrival_ 216957_OY-GRH_20_06_25_04_12.csv
2025.0,6.0,20.0,16.0,45.0,45.0,0.26,/Users/rasmus/Desktop/Fysik/AppliedML2026/Final_project_data/data/ML_data/NBI/FDM data/Arrivals/Nuuk Arrival_ 216981_OY-GRH_20_06_25_46_16.csv
2025.0,6.0,20.0,21.0,38.0,27.0,0.14,/Users/rasmus/Desktop/Fysik/AppliedML2026/Final_project_data/data/ML_data/NBI/FDM data/Arrivals/Nuuk Arrival_ 216999_OY-GRJ_20_06_25_40_21.csv
2025.0,6.0,20.0,22.0,20.0,2.0,0.1499999999999999,/Users/rasmus/Desktop/Fysik/AppliedML2026/Final_project_data/data/ML_data/NBI/FDM data/Arrivals/Nuuk Arrival_ 217001_OY-GRM_20_06_25_22_22.csv
2025.0,6.0,20.0,17.0,7.0,37.0,0.18000000000000005,/Users/rasmus/Desktop/Fysik/AppliedML2026/Final_project_data/data/ML_data/NBI/FDM data/Arrivals/Nuuk Arrival_ 217002_OY-GRP_20_06_25_08_17.csv
2025.0,6.0,20.0,23.0,11.0,9.0,0.18999999999999995,/Users/rasmus/Desktop/Fysik/AppliedML2026/Final_project_data/data/ML_data/NBI/FDM data/Arrivals/Nuuk Arrival_ 217004_OY-GRH_20_06_25_13_23.csv
2025.0,6.0,21.0,12.0,20.0,36.0,0.1499999999999999,/Users/rasmus/Desktop/Fysik/AppliedML2026/Final_project_data/data/ML_data/NBI/FDM data/Arrivals/Nuuk Arrival_ 217012_OY-GRJ_21_06_25_21_12.csv
2025.0,6.0,21.0,14.0,23.0,52.0,0.24,/Users/rasmus/Desktop/Fysik/AppliedML2026/Final_project_data/data/ML_data/NBI/FDM data/Arrivals/Nuuk Arrival_ 217023_OY-GRH_21_06_25_25_14.csv
2025.0,6.0,21.0,14.0,16.0,40.0,0.16000000000000003,/Users/rasmus/Desktop/Fysik/AppliedML2026/Final_project_data/data/ML_data/NBI/FDM data/Arrivals/Nuuk Arrival_ 217024_OY-GRM_21_06_25_17_14.csv
2025.0,6.0,21.0,14.0,49.0,0.0,0.4099999999999999,/Users/rasmus/Desktop/Fysik/AppliedML2026/Final_project_data/data/ML_data/NBI/FDM data/Arrivals/Nuuk Arrival_ 217025_OY-GRP_21_06_25_50_14.csv
2025.0,6.0,21.0,15.0,34.0,34.0,0.20999999999999996,/Users/rasmus/Desktop/Fysik/AppliedML2026/Final_project_data/data/ML_data/NBI/FDM data/Arrivals/Nuuk Arrival_ 217027_OY-GRO_21_06_25_35_15.csv
2025.0,6.0,21.0,17.0,42.0,23.0,0.18999999999999995,/Users/rasmus/Desktop/Fysik/AppliedML2026/Final_project_data/data/ML_data/NBI/FDM data/Arrivals/Nuuk Arrival_ 217034_OY-GRJ_21_06_25_44_17.csv
2025.0,6.0,21.0,18.0,42.0,32.0,0.1299999999999999,/Users/rasmus/Desktop/Fysik/AppliedML2026/Final_project_data/data/ML_data/NBI/FDM data/Arrivals/Nuuk Arrival_ 217035_OY-GRP_21_06_25_44_18.csv
2025.0,6.0,21.0,20.0,8.0,58.0,0.26,/Users/rasmus/Desktop/Fysik/AppliedML2026/Final_project_data/data/ML_data/NBI/FDM data/Arrivals/Nuuk Arrival_ 217048_OY-GRM_21_06_25_11_20.csv
2025.0,6.0,22.0,11.0,18.0,34.0,0.24,/Users/rasmus/Desktop/Fysik/AppliedML2026/Final_project_data/data/ML_data/NBI/FDM data/Arrivals/Nuuk Arrival_ 217052_OY-GRM_22_06_25_19_11.csv
2025.0,6.0,22.0,12.0,11.0,26.0,0.1499999999999999,/Users/rasmus/Desktop/Fysik/AppliedML2026/Final_project_data/data/ML_data/NBI/FDM data/Arrivals/Nuuk Arrival_ 217054_OY-GRJ_22_06_25_13_12.csv
2025.0,6.0,22.0,15.0,30.0,30.0,0.27,/Users/rasmus/Desktop/Fysik/AppliedML2026/Final_project_data/data/ML_data/NBI/FDM data/Arrivals/Nuuk Arrival_ 217055_OY-GRM_22_06_25_31_15.csv
2025.0,6.0,22.0,16.0,14.0,16.0,0.1499999999999999,/Users/rasmus/Desktop/Fysik/AppliedML2026/Final_project_data/data/ML_data/NBI/FDM data/Arrivals/Nuuk Arrival_ 217056_OY-GRJ_22_06_25_15_16.csv
2025.0,6.0,16.0,17.0,26.0,39.0,0.30000000000000004,/Users/rasmus/Desktop/Fysik/AppliedML2026/Final_project_data/data/ML_data/NBI/FDM data/Arrivals/Nuuk Arrival_ 217058_OY-GRR_16_06_25_13_17.csv
2025.0,6.0,16.0,20.0,34.0,42.0,0.21999999999999997,/Users/rasmus/Desktop/Fysik/AppliedML2026/Final_project_data/data/ML_data/NBI/FDM data/Arrivals/Nuuk Arrival_ 217060_OY-GRR_16_06_25_28_20.csv
2025.0,6.0,17.0,13.0,44.0,12.0,0.12,/Users/rasmus/Desktop/Fysik/AppliedML2026/Final_project_data/data/ML_data/NBI/FDM data/Arrivals/Nuuk Arrival_ 217062_OY-GRR_17_06_25_34_13.csv
2025.0,6.0,17.0,18.0,19.0,36.0,0.19999999999999996,/Users/rasmus/Desktop/Fysik/AppliedML2026/Final_project_data/data/ML_data/NBI/FDM data/Arrivals/Nuuk Arrival_ 217064_OY-GRR_17_06_25_10_18.csv
2025.0,6.0,17.0,22.0,14.0,59.0,0.17999999999999994,/Users/rasmus/Desktop/Fysik/AppliedML2026/Final_project_data/data/ML_data/NBI/FDM data/Arrivals/Nuuk Arrival_ 217066_OY-GRR_17_06_25_12_22.csv
2025.0,6.0,18.0,11.0,49.0,24.0,0.3600000000000001,/Users/rasmus/Desktop/Fysik/AppliedML2026/Final_project_data/data/ML_data/NBI/FDM data/Arrivals/Nuuk Arrival_ 217068_OY-GRR_18_06_25_38_11.csv
2025.0,6.0,18.0,17.0,43.0,11.0,0.19999999999999996,/Users/rasmus/Desktop/Fysik/AppliedML2026/Final_project_data/data/ML_data/NBI/FDM data/Arrivals/Nuuk Arrival_ 217072_OY-GRR_18_06_25_37_17.csv
2025.0,6.0,19.0,14.0,48.0,24.0,0.31000000000000005,/Users/rasmus/Desktop/Fysik/AppliedML2026/Final_project_data/data/ML_data/NBI/FDM data/Arrivals/Nuuk Arrival_ 217074_OY-GRR_19_06_25_42_14.csv
2025.0,6.0,19.0,19.0,5.0,40.0,0.39,/Users/rasmus/Desktop/Fysik/AppliedML2026/Final_project_data/data/ML_data/NBI/FDM data/Arrivals/Nuuk Arrival_ 217076_OY-GRR_19_06_25_59_18.csv
2025.0,6.0,19.0,23.0,45.0,20.0,0.1200000000000001,/Users/rasmus/Desktop/Fysik/AppliedML2026/Final_project_data/data/ML_data/NBI/FDM data/Arrivals/Nuuk Arrival_ 217078_OY-GRR_19_06_25_35_23.csv
2025.0,6.0,20.0,17.0,22.0,32.0,0.17999999999999994,/Users/rasmus/Desktop/Fysik/AppliedML2026/Final_project_data/data/ML_data/NBI/FDM data/Arrivals/Nuuk Arrival_ 217080_OY-GRR_20_06_25_07_17.csv
2025.0,6.0,23.0,11.0,43.0,45.0,0.1100000000000001,/Users/rasmus/Desktop/Fysik/AppliedML2026/Final_project_data/data/ML_data/NBI/FDM data/Arrivals/Nuuk Arrival_ 217091_OY-GRJ_23_06_25_45_11.csv
2025.0,6.0,23.0,11.0,52.0,2.0,0.1200000000000001,/Users/rasmus/Desktop/Fysik/AppliedML2026/Final_project_data/data/ML_data/NBI/FDM data/Arrivals/Nuuk Arrival_ 217093_OY-GRP_23_06_25_54_11.csv
2025.0,6.0,23.0,11.0,48.0,7.0,0.17999999999999994,/Users/rasmus/Desktop/Fysik/AppliedML2026/Final_project_data/data/ML_data/NBI/FDM data/Arrivals/Nuuk Arrival_ 217095_OY-GRH_23_06_25_50_11.csv
2025.0,6.0,23.0,12.0,46.0,51.0,0.1399999999999999,/Users/rasmus/Desktop/Fysik/AppliedML2026/Final_project_data/data/ML_data/NBI/FDM data/Arrivals/Nuuk Arrival_ 217097_OY-GRM_23_06_25_50_12.csv
2025.0,6.0,23.0,20.0,40.0,25.0,0.1100000000000001,/Users/rasmus/Desktop/Fysik/AppliedML2026/Final_project_data/data/ML_data/NBI/FDM data/Arrivals/Nuuk Arrival_ 217126_OY-GRM_23_06_25_42_20.csv
2025.0,6.0,23.0,16.0,43.0,17.0,0.1499999999999999,/Users/rasmus/Desktop/Fysik/AppliedML2026/Final_project_data/data/ML_data/NBI/FDM data/Arrivals/Nuuk Arrival_ 217128_OY-GRJ_23_06_25_45_16.csv
2025.0,6.0,23.0,19.0,51.0,52.0,0.18999999999999995,/Users/rasmus/Desktop/Fysik/AppliedML2026/Final_project_data/data/ML_data/NBI/FDM data/Arrivals/Nuuk Arrival_ 217142_OY-GRO_23_06_25_52_19.csv
2025.0,6.0,23.0,20.0,45.0,19.0,0.16999999999999993,/Users/rasmus/Desktop/Fysik/AppliedML2026/Final_project_data/data/ML_data/NBI/FDM data/Arrivals/Nuuk Arrival_ 217145_OY-GRJ_23_06_25_47_20.csv
2025.0,6.0,23.0,22.0,44.0,30.0,0.20999999999999996,/Users/rasmus/Desktop/Fysik/AppliedML2026/Final_project_data/data/ML_data/NBI/FDM data/Arrivals/Nuuk Arrival_ 217148_OY-GRH_23_06_25_45_22.csv
2025.0,6.0,24.0,10.0,47.0,16.0,0.1200000000000001,/Users/rasmus/Desktop/Fysik/AppliedML2026/Final_project_data/data/ML_data/NBI/FDM data/Arrivals/Nuuk Arrival_ 217152_OY-GRJ_24_06_25_49_10.csv
2025.0,6.0,24.0,11.0,8.0,55.0,0.15999999999999992,/Users/rasmus/Desktop/Fysik/AppliedML2026/Final_project_data/data/ML_data/NBI/FDM data/Arrivals/Nuuk Arrival_ 217153_OY-GRM_24_06_25_11_11.csv
2025.0,6.0,24.0,14.0,10.0,7.0,0.15999999999999992,/Users/rasmus/Desktop/Fysik/AppliedML2026/Final_project_data/data/ML_data/NBI/FDM data/Arrivals/Nuuk Arrival_ 217162_OY-GRH_24_06_25_11_14.csv
2025.0,6.0,24.0,14.0,12.0,29.0,0.1299999999999999,/Users/rasmus/Desktop/Fysik/AppliedML2026/Final_project_data/data/ML_data/NBI/FDM data/Arrivals/Nuuk Arrival_ 217163_OY-GRM_24_06_25_14_14.csv
2025.0,6.0,24.0,14.0,27.0,6.0,0.15999999999999992,/Users/rasmus/Desktop/Fysik/AppliedML2026/Final_project_data/data/ML_data/NBI/FDM data/Arrivals/Nuuk Arrival_ 217165_OY-GRO_24_06_25_28_14.csv
2025.0,6.0,24.0,15.0,14.0,57.0,0.16999999999999993,/Users/rasmus/Desktop/Fysik/AppliedML2026/Final_project_data/data/ML_data/NBI/FDM data/Arrivals/Nuuk Arrival_ 217166_OY-GRJ_24_06_25_16_15.csv
2025.0,6.0,24.0,17.0,44.0,49.0,0.1200000000000001,/Users/rasmus/Desktop/Fysik/AppliedML2026/Final_project_data/data/ML_data/NBI/FDM data/Arrivals/Nuuk Arrival_ 217183_OY-GRM_24_06_25_45_17.csv
2025.0,6.0,24.0,19.0,8.0,45.0,0.21999999999999997,/Users/rasmus/Desktop/Fysik/AppliedML2026/Final_project_data/data/ML_data/NBI/FDM data/Arrivals/Nuuk Arrival_ 217188_OY-GRH_24_06_25_09_19.csv
2025.0,6.0,24.0,20.0,23.0,47.0,0.1299999999999999,/Users/rasmus/Desktop/Fysik/AppliedML2026/Final_project_data/data/ML_data/NBI/FDM data/Arrivals/Nuuk Arrival_ 217202_OY-GRJ_24_06_25_25_20.csv
2025.0,6.0,25.0,11.0,25.0,12.0,0.15999999999999992,/Users/rasmus/Desktop/Fysik/AppliedML2026/Final_project_data/data/ML_data/NBI/FDM data/Arrivals/Nuuk Arrival_ 217206_OY-GRO_25_06_25_27_11.csv
2025.0,6.0,25.0,12.0,6.0,21.0,0.19999999999999996,/Users/rasmus/Desktop/Fysik/AppliedML2026/Final_project_data/data/ML_data/NBI/FDM data/Arrivals/Nuuk Arrival_ 217208_OY-GRP_25_06_25_08_12.csv
2025.0,6.0,25.0,10.0,46.0,23.0,0.18999999999999995,/Users/rasmus/Desktop/Fysik/AppliedML2026/Final_project_data/data/ML_data/NBI/FDM data/Arrivals/Nuuk Arrival_ 217216_OY-GRM_25_06_25_48_10.csv
2025.0,6.0,25.0,16.0,22.0,32.0,0.21999999999999997,/Users/rasmus/Desktop/Fysik/AppliedML2026/Final_project_data/data/ML_data/NBI/FDM data/Arrivals/Nuuk Arrival_ 217217_OY-GRJ_25_06_25_23_16.csv
2025.0,6.0,25.0,20.0,47.0,25.0,0.1200000000000001,/Users/rasmus/Desktop/Fysik/AppliedML2026/Final_project_data/data/ML_data/NBI/FDM data/Arrivals/Nuuk Arrival_ 217242_OY-GRJ_25_06_25_49_20.csv
2025.0,6.0,25.0,22.0,20.0,18.0,0.24,/Users/rasmus/Desktop/Fysik/AppliedML2026/Final_project_data/data/ML_data/NBI/FDM data/Arrivals/Nuuk Arrival_ 217250_OY-GRO_25_06_25_22_22.csv
2025.0,6.0,25.0,21.0,52.0,48.0,0.1299999999999999,/Users/rasmus/Desktop/Fysik/AppliedML2026/Final_project_data/data/ML_data/NBI/FDM data/Arrivals/Nuuk Arrival_ 217251_OY-GRM_25_06_25_53_21.csv
2025.0,6.0,26.0,15.0,5.0,20.0,0.16000000000000003,/Users/rasmus/Desktop/Fysik/AppliedML2026/Final_project_data/data/ML_data/NBI/FDM data/Arrivals/Nuuk Arrival_ 217255_OY-GRP_26_06_25_08_15.csv
2025.0,6.0,26.0,14.0,9.0,1.0,0.1200000000000001,/Users/rasmus/Desktop/Fysik/AppliedML2026/Final_project_data/data/ML_data/NBI/FDM data/Arrivals/Nuuk Arrival_ 217256_OY-GRJ_26_06_25_10_14.csv
2025.0,6.0,26.0,18.0,39.0,22.0,0.16999999999999993,/Users/rasmus/Desktop/Fysik/AppliedML2026/Final_project_data/data/ML_data/NBI/FDM data/Arrivals/Nuuk Arrival_ 217264_OY-GRJ_26_06_25_41_18.csv
2025.0,6.0,26.0,19.0,30.0,33.0,0.1100000000000001,/Users/rasmus/Desktop/Fysik/AppliedML2026/Final_project_data/data/ML_data/NBI/FDM data/Arrivals/Nuuk Arrival_ 217267_OY-GRM_26_06_25_32_19.csv
2025.0,6.0,26.0,21.0,55.0,50.0,0.30000000000000004,/Users/rasmus/Desktop/Fysik/AppliedML2026/Final_project_data/data/ML_data/NBI/FDM data/Arrivals/Nuuk Arrival_ 217294_OY-GRH_26_06_25_56_21.csv
2025.0,6.0,26.0,22.0,42.0,23.0,0.17999999999999994,/Users/rasmus/Desktop/Fysik/AppliedML2026/Final_project_data/data/ML_data/NBI/FDM data/Arrivals/Nuuk Arrival_ 217296_OY-GRO_26_06_25_44_22.csv
2025.0,6.0,27.0,12.0,29.0,48.0,0.1200000000000001,/Users/rasmus/Desktop/Fysik/AppliedML2026/Final_project_data/data/ML_data/NBI/FDM data/Arrivals/Nuuk Arrival_ 217301_OY-GRP_27_06_25_30_12.csv
2025.0,6.0,27.0,12.0,24.0,23.0,0.15999999999999992,/Users/rasmus/Desktop/Fysik/AppliedML2026/Final_project_data/data/ML_data/NBI/FDM data/Arrivals/Nuuk Arrival_ 217307_OY-GRO_27_06_25_26_12.csv
2025.0,6.0,27.0,17.0,38.0,49.0,0.14,/Users/rasmus/Desktop/Fysik/AppliedML2026/Final_project_data/data/ML_data/NBI/FDM data/Arrivals/Nuuk Arrival_ 217317_OY-GRJ_27_06_25_39_17.csv
2025.0,6.0,27.0,17.0,29.0,53.0,0.20999999999999996,/Users/rasmus/Desktop/Fysik/AppliedML2026/Final_project_data/data/ML_data/NBI/FDM data/Arrivals/Nuuk Arrival_ 217318_OY-GRO_27_06_25_31_17.csv
2025.0,6.0,27.0,20.0,54.0,54.0,0.15999999999999992,/Users/rasmus/Desktop/Fysik/AppliedML2026/Final_project_data/data/ML_data/NBI/FDM data/Arrivals/Nuuk Arrival_ 217335_OY-GRO_27_06_25_56_20.csv
2025.0,6.0,27.0,21.0,54.0,15.0,0.17999999999999994,/Users/rasmus/Desktop/Fysik/AppliedML2026/Final_project_data/data/ML_data/NBI/FDM data/Arrivals/Nuuk Arrival_ 217338_OY-GRJ_27_06_25_56_21.csv
2025.0,6.0,28.0,15.0,42.0,59.0,0.10000000000000009,/Users/rasmus/Desktop/Fysik/AppliedML2026/Final_project_data/data/ML_data/NBI/FDM data/Arrivals/Nuuk Arrival_ 217361_OY-GRP_28_06_25_44_15.csv
2025.0,6.0,28.0,15.0,22.0,46.0,0.19999999999999996,/Users/rasmus/Desktop/Fysik/AppliedML2026/Final_project_data/data/ML_data/NBI/FDM data/Arrivals/Nuuk Arrival_ 217365_OY-GRJ_28_06_25_23_15.csv
2025.0,6.0,28.0,18.0,54.0,9.0,0.1499999999999999,/Users/rasmus/Desktop/Fysik/AppliedML2026/Final_project_data/data/ML_data/NBI/FDM data/Arrivals/Nuuk Arrival_ 217374_OY-GRO_28_06_25_56_18.csv
2025.0,6.0,28.0,18.0,16.0,11.0,0.30000000000000004,/Users/rasmus/Desktop/Fysik/AppliedML2026/Final_project_data/data/ML_data/NBI/FDM data/Arrivals/Nuuk Arrival_ 217377_OY-GRJ_28_06_25_18_18.csv
2025.0,6.0,28.0,20.0,56.0,14.0,0.22999999999999998,/Users/rasmus/Desktop/Fysik/AppliedML2026/Final_project_data/data/ML_data/NBI/FDM data/Arrivals/Nuuk Arrival_ 217379_OY-GRH_28_06_25_58_20.csv
2025.0,6.0,29.0,12.0,45.0,37.0,0.27,/Users/rasmus/Desktop/Fysik/AppliedML2026/Final_project_data/data/ML_data/NBI/FDM data/Arrivals/Nuuk Arrival_ 217390_OY-GRH_29_06_25_46_12.csv
2025.0,6.0,29.0,13.0,34.0,50.0,0.17999999999999994,/Users/rasmus/Desktop/Fysik/AppliedML2026/Final_project_data/data/ML_data/NBI/FDM data/Arrivals/Nuuk Arrival_ 217393_OY-GRM_29_06_25_35_13.csv
2025.0,6.0,29.0,13.0,46.0,54.0,0.29000000000000004,/Users/rasmus/Desktop/Fysik/AppliedML2026/Final_project_data/data/ML_data/NBI/FDM data/Arrivals/Nuuk Arrival_ 217400_OY-GRJ_29_06_25_47_13.csv
2025.0,6.0,29.0,18.0,4.0,54.0,0.33000000000000007,/Users/rasmus/Desktop/Fysik/AppliedML2026/Final_project_data/data/ML_data/NBI/FDM data/Arrivals/Nuuk Arrival_ 217403_OY-GRM_29_06_25_06_18.csv
2025.0,6.0,29.0,18.0,27.0,4.0,0.27,/Users/rasmus/Desktop/Fysik/AppliedML2026/Final_project_data/data/ML_data/NBI/FDM data/Arrivals/Nuuk Arrival_ 217405_OY-GRJ_29_06_25_29_18.csv
2025.0,6.0,29.0,17.0,25.0,13.0,0.27,/Users/rasmus/Desktop/Fysik/AppliedML2026/Final_project_data/data/ML_data/NBI/FDM data/Arrivals/Nuuk Arrival_ 217406_OY-GRH_29_06_25_27_17.csv
2025.0,6.0,29.0,19.0,22.0,11.0,0.29000000000000004,/Users/rasmus/Desktop/Fysik/AppliedML2026/Final_project_data/data/ML_data/NBI/FDM data/Arrivals/Nuuk Arrival_ 217407_OY-GRO_29_06_25_24_19.csv
2025.0,6.0,29.0,21.0,58.0,22.0,0.25,/Users/rasmus/Desktop/Fysik/AppliedML2026/Final_project_data/data/ML_data/NBI/FDM data/Arrivals/Nuuk Arrival_ 217416_OY-GRM_29_06_25_01_22.csv
2025.0,6.0,25.0,17.0,33.0,48.0,0.31000000000000005,/Users/rasmus/Desktop/Fysik/AppliedML2026/Final_project_data/data/ML_data/NBI/FDM data/Arrivals/Nuuk Arrival_ 217421_OY-GRR_25_06_25_22_17.csv
2025.0,6.0,26.0,13.0,55.0,47.0,0.41000000000000003,/Users/rasmus/Desktop/Fysik/AppliedML2026/Final_project_data/data/ML_data/NBI/FDM data/Arrivals/Nuuk Arrival_ 217423_OY-GRR_26_06_25_40_13.csv
2025.0,6.0,26.0,18.0,55.0,59.0,0.1499999999999999,/Users/rasmus/Desktop/Fysik/AppliedML2026/Final_project_data/data/ML_data/NBI/FDM data/Arrivals/Nuuk Arrival_ 217425_OY-GRR_26_06_25_46_18.csv
2025.0,6.0,27.0,18.0,24.0,45.0,0.26,/Users/rasmus/Desktop/Fysik/AppliedML2026/Final_project_data/data/ML_data/NBI/FDM data/Arrivals/Nuuk Arrival_ 217427_OY-GRR_27_06_25_12_18.csv
2025.0,6.0,27.0,22.0,32.0,41.0,0.33000000000000007,/Users/rasmus/Desktop/Fysik/AppliedML2026/Final_project_data/data/ML_data/NBI/FDM data/Arrivals/Nuuk Arrival_ 217429_OY-GRR_27_06_25_04_22.csv
2025.0,6.0,28.0,15.0,8.0,9.0,0.42999999999999994,/Users/rasmus/Desktop/Fysik/AppliedML2026/Final_project_data/data/ML_data/NBI/FDM data/Arrivals/Nuuk Arrival_ 217431_OY-GRR_28_06_25_55_14.csv
2025.0,6.0,28.0,19.0,5.0,50.0,0.1499999999999999,/Users/rasmus/Desktop/Fysik/AppliedML2026/Final_project_data/data/ML_data/NBI/FDM data/Arrivals/Nuuk Arrival_ 217433_OY-GRR_28_06_25_56_18.csv
2025.0,6.0,28.0,23.0,36.0,3.0,0.32999999999999996,/Users/rasmus/Desktop/Fysik/AppliedML2026/Final_project_data/data/ML_data/NBI/FDM data/Arrivals/Nuuk Arrival_ 217435_OY-GRR_28_06_25_26_23.csv
2025.0,6.0,29.0,13.0,25.0,46.0,0.31000000000000005,/Users/rasmus/Desktop/Fysik/AppliedML2026/Final_project_data/data/ML_data/NBI/FDM data/Arrivals/Nuuk Arrival_ 217438_OY-GRR_29_06_25_22_13.csv
2025.0,6.0,29.0,18.0,9.0,46.0,0.44999999999999996,/Users/rasmus/Desktop/Fysik/AppliedML2026/Final_project_data/data/ML_data/NBI/FDM data/Arrivals/Nuuk Arrival_ 217440_OY-GRR_29_06_25_00_18.csv
2025.0,7.0,1.0,10.0,9.0,42.0,0.25,/Users/rasmus/Desktop/Fysik/AppliedML2026/Final_project_data/data/ML_data/NBI/FDM data/Arrivals/Nuuk Arrival_ 217481_OY-GRG_01_07_25_12_10.csv
2025.0,7.0,1.0,15.0,15.0,47.0,0.15999999999999992,/Users/rasmus/Desktop/Fysik/AppliedML2026/Final_project_data/data/ML_data/NBI/FDM data/Arrivals/Nuuk Arrival_ 217484_OY-GRG_01_07_25_18_15.csv
2025.0,7.0,1.0,21.0,2.0,56.0,0.31999999999999995,/Users/rasmus/Desktop/Fysik/AppliedML2026/Final_project_data/data/ML_data/NBI/FDM data/Arrivals/Nuuk Arrival_ 217487_OY-GRG_01_07_25_04_21.csv
2025.0,7.0,2.0,14.0,10.0,48.0,0.09000000000000008,/Users/rasmus/Desktop/Fysik/AppliedML2026/Final_project_data/data/ML_data/NBI/FDM data/Arrivals/Nuuk Arrival_ 217489_OY-GRG_02_07_25_13_14.csv
2025.0,7.0,2.0,22.0,51.0,10.0,0.1100000000000001,/Users/rasmus/Desktop/Fysik/AppliedML2026/Final_project_data/data/ML_data/NBI/FDM data/Arrivals/Nuuk Arrival_ 217493_OY-GRG_02_07_25_53_22.csv
2025.0,7.0,3.0,15.0,16.0,26.0,0.1299999999999999,/Users/rasmus/Desktop/Fysik/AppliedML2026/Final_project_data/data/ML_data/NBI/FDM data/Arrivals/Nuuk Arrival_ 217496_OY-GRG_03_07_25_18_15.csv
2025.0,7.0,1.0,15.0,34.0,17.0,0.30000000000000004,/Users/rasmus/Desktop/Fysik/AppliedML2026/Final_project_data/data/ML_data/NBI/FDM data/Arrivals/Nuuk Arrival_ 217501_OY-GRH_01_07_25_36_15.csv
2025.0,7.0,2.0,11.0,21.0,29.0,0.24,/Users/rasmus/Desktop/Fysik/AppliedML2026/Final_project_data/data/ML_data/NBI/FDM data/Arrivals/Nuuk Arrival_ 217503_OY-GRH_02_07_25_24_11.csv
2025.0,7.0,2.0,19.0,48.0,24.0,0.1399999999999999,/Users/rasmus/Desktop/Fysik/AppliedML2026/Final_project_data/data/ML_data/NBI/FDM data/Arrivals/Nuuk Arrival_ 217508_OY-GRH_02_07_25_50_19.csv
2025.0,7.0,3.0,19.0,36.0,11.0,0.20999999999999996,/Users/rasmus/Desktop/Fysik/AppliedML2026/Final_project_data/data/ML_data/NBI/FDM data/Arrivals/Nuuk Arrival_ 217510_OY-GRH_03_07_25_38_19.csv
2025.0,7.0,3.0,23.0,36.0,46.0,0.17999999999999994,/Users/rasmus/Desktop/Fysik/AppliedML2026/Final_project_data/data/ML_data/NBI/FDM data/Arrivals/Nuuk Arrival_ 217512_OY-GRH_03_07_25_38_23.csv
2025.0,7.0,1.0,14.0,58.0,49.0,0.19999999999999996,/Users/rasmus/Desktop/Fysik/AppliedML2026/Final_project_data/data/ML_data/NBI/FDM data/Arrivals/Nuuk Arrival_ 217514_OY-GRJ_01_07_25_00_15.csv
2025.0,7.0,1.0,19.0,41.0,11.0,0.30000000000000004,/Users/rasmus/Desktop/Fysik/AppliedML2026/Final_project_data/data/ML_data/NBI/FDM data/Arrivals/Nuuk Arrival_ 217516_OY-GRJ_01_07_25_43_19.csv
2025.0,7.0,2.0,11.0,49.0,24.0,0.3500000000000001,/Users/rasmus/Desktop/Fysik/AppliedML2026/Final_project_data/data/ML_data/NBI/FDM data/Arrivals/Nuuk Arrival_ 217519_OY-GRJ_02_07_25_51_11.csv
2025.0,7.0,2.0,18.0,4.0,37.0,0.13,/Users/rasmus/Desktop/Fysik/AppliedML2026/Final_project_data/data/ML_data/NBI/FDM data/Arrivals/Nuuk Arrival_ 217522_OY-GRJ_02_07_25_05_18.csv
2025.0,7.0,2.0,22.0,57.0,28.0,0.1100000000000001,/Users/rasmus/Desktop/Fysik/AppliedML2026/Final_project_data/data/ML_data/NBI/FDM data/Arrivals/Nuuk Arrival_ 217524_OY-GRJ_02_07_25_59_22.csv
2025.0,7.0,3.0,11.0,49.0,53.0,0.22999999999999998,/Users/rasmus/Desktop/Fysik/AppliedML2026/Final_project_data/data/ML_data/NBI/FDM data/Arrivals/Nuuk Arrival_ 217526_OY-GRJ_03_07_25_52_11.csv
2025.0,7.0,3.0,16.0,1.0,0.0,0.27,/Users/rasmus/Desktop/Fysik/AppliedML2026/Final_project_data/data/ML_data/NBI/FDM data/Arrivals/Nuuk Arrival_ 217529_OY-GRJ_03_07_25_03_16.csv
2025.0,7.0,4.0,0.0,33.0,0.0,0.16000000000000003,/Users/rasmus/Desktop/Fysik/AppliedML2026/Final_project_data/data/ML_data/NBI/FDM data/Arrivals/Nuuk Arrival_ 217533_OY-GRJ_04_07_25_34_00.csv
2025.0,7.0,1.0,11.0,19.0,15.0,0.27,/Users/rasmus/Desktop/Fysik/AppliedML2026/Final_project_data/data/ML_data/NBI/FDM data/Arrivals/Nuuk Arrival_ 217535_OY-GRM_01_07_25_21_11.csv
2025.0,7.0,1.0,15.0,19.0,9.0,0.27,/Users/rasmus/Desktop/Fysik/AppliedML2026/Final_project_data/data/ML_data/NBI/FDM data/Arrivals/Nuuk Arrival_ 217537_OY-GRM_01_07_25_21_15.csv
2025.0,7.0,2.0,11.0,47.0,26.0,0.1100000000000001,/Users/rasmus/Desktop/Fysik/AppliedML2026/Final_project_data/data/ML_data/NBI/FDM data/Arrivals/Nuuk Arrival_ 217539_OY-GRM_02_07_25_49_11.csv
2025.0,7.0,2.0,18.0,34.0,38.0,0.1399999999999999,/Users/rasmus/Desktop/Fysik/AppliedML2026/Final_project_data/data/ML_data/NBI/FDM data/Arrivals/Nuuk Arrival_ 217541_OY-GRM_02_07_25_35_18.csv
2025.0,7.0,3.0,0.0,24.0,55.0,0.1200000000000001,/Users/rasmus/Desktop/Fysik/AppliedML2026/Final_project_data/data/ML_data/NBI/FDM data/Arrivals/Nuuk Arrival_ 217545_OY-GRM_03_07_25_25_00.csv
2025.0,7.0,3.0,12.0,4.0,54.0,0.10000000000000009,/Users/rasmus/Desktop/Fysik/AppliedML2026/Final_project_data/data/ML_data/NBI/FDM data/Arrivals/Nuuk Arrival_ 217547_OY-GRM_03_07_25_05_12.csv
2025.0,7.0,3.0,15.0,4.0,0.0,0.1499999999999999,/Users/rasmus/Desktop/Fysik/AppliedML2026/Final_project_data/data/ML_data/NBI/FDM data/Arrivals/Nuuk Arrival_ 217549_OY-GRM_03_07_25_05_15.csv
2025.0,7.0,3.0,18.0,49.0,46.0,0.14,/Users/rasmus/Desktop/Fysik/AppliedML2026/Final_project_data/data/ML_data/NBI/FDM data/Arrivals/Nuuk Arrival_ 217551_OY-GRM_03_07_25_51_18.csv
2025.0,7.0,3.0,23.0,9.0,48.0,0.1499999999999999,/Users/rasmus/Desktop/Fysik/AppliedML2026/Final_project_data/data/ML_data/NBI/FDM data/Arrivals/Nuuk Arrival_ 217553_OY-GRM_03_07_25_10_23.csv
2025.0,7.0,1.0,11.0,59.0,52.0,0.3600000000000001,/Users/rasmus/Desktop/Fysik/AppliedML2026/Final_project_data/data/ML_data/NBI/FDM data/Arrivals/Nuuk Arrival_ 217554_OY-GRO_01_07_25_01_12.csv
2025.0,7.0,1.0,15.0,57.0,49.0,0.4099999999999999,/Users/rasmus/Desktop/Fysik/AppliedML2026/Final_project_data/data/ML_data/NBI/FDM data/Arrivals/Nuuk Arrival_ 217556_OY-GRO_01_07_25_58_15.csv
2025.0,7.0,1.0,21.0,23.0,51.0,0.3500000000000001,/Users/rasmus/Desktop/Fysik/AppliedML2026/Final_project_data/data/ML_data/NBI/FDM data/Arrivals/Nuuk Arrival_ 217558_OY-GRO_01_07_25_24_21.csv
2025.0,7.0,2.0,13.0,27.0,52.0,0.18999999999999995,/Users/rasmus/Desktop/Fysik/AppliedML2026/Final_project_data/data/ML_data/NBI/FDM data/Arrivals/Nuuk Arrival_ 217561_OY-GRO_02_07_25_29_13.csv
2025.0,7.0,2.0,16.0,43.0,16.0,0.25,/Users/rasmus/Desktop/Fysik/AppliedML2026/Final_project_data/data/ML_data/NBI/FDM data/Arrivals/Nuuk Arrival_ 217563_OY-GRO_02_07_25_45_16.csv
2025.0,7.0,2.0,22.0,48.0,56.0,0.19999999999999996,/Users/rasmus/Desktop/Fysik/AppliedML2026/Final_project_data/data/ML_data/NBI/FDM data/Arrivals/Nuuk Arrival_ 217565_OY-GRO_02_07_25_49_22.csv
2025.0,7.0,3.0,20.0,14.0,21.0,0.19999999999999996,/Users/rasmus/Desktop/Fysik/AppliedML2026/Final_project_data/data/ML_data/NBI/FDM data/Arrivals/Nuuk Arrival_ 217569_OY-GRO_03_07_25_16_20.csv
2025.0,7.0,2.0,11.0,34.0,32.0,0.1100000000000001,/Users/rasmus/Desktop/Fysik/AppliedML2026/Final_project_data/data/ML_data/NBI/FDM data/Arrivals/Nuuk Arrival_ 217576_OY-GRP_02_07_25_35_11.csv
2025.0,7.0,3.0,14.0,39.0,37.0,0.09000000000000008,/Users/rasmus/Desktop/Fysik/AppliedML2026/Final_project_data/data/ML_data/NBI/FDM data/Arrivals/Nuuk Arrival_ 217583_OY-GRP_03_07_25_40_14.csv
2025.0,7.0,3.0,22.0,48.0,41.0,0.1299999999999999,/Users/rasmus/Desktop/Fysik/AppliedML2026/Final_project_data/data/ML_data/NBI/FDM data/Arrivals/Nuuk Arrival_ 217587_OY-GRP_03_07_25_50_22.csv
2025.0,7.0,4.0,13.0,14.0,50.0,0.1399999999999999,/Users/rasmus/Desktop/Fysik/AppliedML2026/Final_project_data/data/ML_data/NBI/FDM data/Arrivals/Nuuk Arrival_ 217685_OY-GRJ_04_07_25_15_13.csv
2025.0,7.0,4.0,13.0,46.0,37.0,0.30000000000000004,/Users/rasmus/Desktop/Fysik/AppliedML2026/Final_project_data/data/ML_data/NBI/FDM data/Arrivals/Nuuk Arrival_ 217686_OY-GRP_04_07_25_47_13.csv
2025.0,7.0,4.0,13.0,54.0,10.0,0.45999999999999996,/Users/rasmus/Desktop/Fysik/AppliedML2026/Final_project_data/data/ML_data/NBI/FDM data/Arrivals/Nuuk Arrival_ 217687_OY-GRO_04_07_25_56_13.csv
2025.0,7.0,4.0,13.0,10.0,51.0,0.15999999999999992,/Users/rasmus/Desktop/Fysik/AppliedML2026/Final_project_data/data/ML_data/NBI/FDM data/Arrivals/Nuuk Arrival_ 217695_OY-GRH_04_07_25_11_13.csv
2025.0,7.0,4.0,18.0,6.0,15.0,0.27,/Users/rasmus/Desktop/Fysik/AppliedML2026/Final_project_data/data/ML_data/NBI/FDM data/Arrivals/Nuuk Arrival_ 217696_OY-GRJ_04_07_25_08_18.csv
2025.0,7.0,4.0,16.0,45.0,36.0,0.19999999999999996,/Users/rasmus/Desktop/Fysik/AppliedML2026/Final_project_data/data/ML_data/NBI/FDM data/Arrivals/Nuuk Arrival_ 217708_OY-GRP_04_07_25_47_16.csv
2025.0,7.0,4.0,18.0,2.0,1.0,0.22999999999999998,/Users/rasmus/Desktop/Fysik/AppliedML2026/Final_project_data/data/ML_data/NBI/FDM data/Arrivals/Nuuk Arrival_ 217718_OY-GRM_04_07_25_04_18.csv
2025.0,7.0,4.0,16.0,18.0,40.0,0.25,/Users/rasmus/Desktop/Fysik/AppliedML2026/Final_project_data/data/ML_data/NBI/FDM data/Arrivals/Nuuk Arrival_ 217720_OY-GRO_04_07_25_19_16.csv
2025.0,7.0,4.0,22.0,16.0,25.0,0.15999999999999992,/Users/rasmus/Desktop/Fysik/AppliedML2026/Final_project_data/data/ML_data/NBI/FDM data/Arrivals/Nuuk Arrival_ 217729_OY-GRM_04_07_25_18_22.csv
2025.0,7.0,5.0,11.0,15.0,13.0,0.24,/Users/rasmus/Desktop/Fysik/AppliedML2026/Final_project_data/data/ML_data/NBI/FDM data/Arrivals/Nuuk Arrival_ 217737_OY-GRJ_05_07_25_16_11.csv
2025.0,7.0,5.0,13.0,13.0,0.0,0.16999999999999993,/Users/rasmus/Desktop/Fysik/AppliedML2026/Final_project_data/data/ML_data/NBI/FDM data/Arrivals/Nuuk Arrival_ 217740_OY-GRP_05_07_25_15_13.csv
2025.0,7.0,5.0,14.0,13.0,17.0,0.1399999999999999,/Users/rasmus/Desktop/Fysik/AppliedML2026/Final_project_data/data/ML_data/NBI/FDM data/Arrivals/Nuuk Arrival_ 217741_OY-GRJ_05_07_25_15_14.csv
2025.0,7.0,5.0,14.0,22.0,55.0,0.28,/Users/rasmus/Desktop/Fysik/AppliedML2026/Final_project_data/data/ML_data/NBI/FDM data/Arrivals/Nuuk Arrival_ 217742_OY-GRO_05_07_25_24_14.csv
2025.0,7.0,5.0,18.0,44.0,31.0,0.3500000000000001,/Users/rasmus/Desktop/Fysik/AppliedML2026/Final_project_data/data/ML_data/NBI/FDM data/Arrivals/Nuuk Arrival_ 217770_OY-GRJ_05_07_25_46_18.csv
2025.0,7.0,5.0,19.0,16.0,37.0,0.24,/Users/rasmus/Desktop/Fysik/AppliedML2026/Final_project_data/data/ML_data/NBI/FDM data/Arrivals/Nuuk Arrival_ 217771_OY-GRP_05_07_25_19_19.csv
2025.0,6.0,30.0,10.0,38.0,17.0,0.010000000000000009,/Users/rasmus/Desktop/Fysik/AppliedML2026/Final_project_data/data/ML_data/NBI/FDM data/Arrivals/Nuuk Arrival_ 217780_OY-GRR_30_06_25_45_10.csv
2025.0,7.0,1.0,13.0,54.0,48.0,0.21999999999999997,/Users/rasmus/Desktop/Fysik/AppliedML2026/Final_project_data/data/ML_data/NBI/FDM data/Arrivals/Nuuk Arrival_ 217782_OY-GRR_01_07_25_42_13.csv
2025.0,7.0,1.0,20.0,45.0,12.0,0.62,/Users/rasmus/Desktop/Fysik/AppliedML2026/Final_project_data/data/ML_data/NBI/FDM data/Arrivals/Nuuk Arrival_ 217785_OY-GRR_01_07_25_39_20.csv
2025.0,7.0,2.0,12.0,27.0,18.0,0.18999999999999995,/Users/rasmus/Desktop/Fysik/AppliedML2026/Final_project_data/data/ML_data/NBI/FDM data/Arrivals/Nuuk Arrival_ 217787_OY-GRR_02_07_25_20_12.csv
2025.0,7.0,2.0,17.0,10.0,36.0,0.1299999999999999,/Users/rasmus/Desktop/Fysik/AppliedML2026/Final_project_data/data/ML_data/NBI/FDM data/Arrivals/Nuuk Arrival_ 217789_OY-GRR_02_07_25_05_17.csv
2025.0,7.0,2.0,21.0,27.0,49.0,0.1200000000000001,/Users/rasmus/Desktop/Fysik/AppliedML2026/Final_project_data/data/ML_data/NBI/FDM data/Arrivals/Nuuk Arrival_ 217791_OY-GRR_02_07_25_20_21.csv
2025.0,7.0,3.0,14.0,7.0,36.0,0.3600000000000001,/Users/rasmus/Desktop/Fysik/AppliedML2026/Final_project_data/data/ML_data/NBI/FDM data/Arrivals/Nuuk Arrival_ 217794_OY-GRR_03_07_25_58_13.csv
2025.0,7.0,3.0,19.0,28.0,17.0,0.24,/Users/rasmus/Desktop/Fysik/AppliedML2026/Final_project_data/data/ML_data/NBI/FDM data/Arrivals/Nuuk Arrival_ 217796_OY-GRR_03_07_25_16_19.csv
2025.0,7.0,4.0,17.0,54.0,48.0,0.18000000000000005,/Users/rasmus/Desktop/Fysik/AppliedML2026/Final_project_data/data/ML_data/NBI/FDM data/Arrivals/Nuuk Arrival_ 217799_OY-GRR_04_07_25_52_17.csv
2025.0,7.0,5.0,14.0,24.0,21.0,0.26,/Users/rasmus/Desktop/Fysik/AppliedML2026/Final_project_data/data/ML_data/NBI/FDM data/Arrivals/Nuuk Arrival_ 217801_OY-GRR_05_07_25_14_14.csv
2025.0,7.0,5.0,19.0,54.0,33.0,0.31999999999999995,/Users/rasmus/Desktop/Fysik/AppliedML2026/Final_project_data/data/ML_data/NBI/FDM data/Arrivals/Nuuk Arrival_ 217803_OY-GRR_05_07_25_50_19.csv
2025.0,7.0,8.0,18.0,58.0,35.0,0.32000000000000006,/Users/rasmus/Desktop/Fysik/AppliedML2026/Final_project_data/data/ML_data/NBI/FDM data/Arrivals/Nuuk Arrival_ 217921_OY-GRM_08_07_25_00_19.csv
2025.0,7.0,8.0,19.0,44.0,39.0,0.3400000000000001,/Users/rasmus/Desktop/Fysik/AppliedML2026/Final_project_data/data/ML_data/NBI/FDM data/Arrivals/Nuuk Arrival_ 217923_OY-GRH_08_07_25_45_19.csv
2025.0,7.0,8.0,20.0,25.0,58.0,0.28,/Users/rasmus/Desktop/Fysik/AppliedML2026/Final_project_data/data/ML_data/NBI/FDM data/Arrivals/Nuuk Arrival_ 217925_OY-GRJ_08_07_25_26_20.csv
2025.0,7.0,8.0,20.0,58.0,29.0,0.24,/Users/rasmus/Desktop/Fysik/AppliedML2026/Final_project_data/data/ML_data/NBI/FDM data/Arrivals/Nuuk Arrival_ 217927_OY-GRO_08_07_25_00_21.csv
2025.0,7.0,8.0,20.0,6.0,27.0,0.44999999999999996,/Users/rasmus/Desktop/Fysik/AppliedML2026/Final_project_data/data/ML_data/NBI/FDM data/Arrivals/Nuuk Arrival_ 217928_OY-GRP_08_07_25_08_20.csv
2025.0,7.0,8.0,23.0,42.0,30.0,0.29000000000000004,/Users/rasmus/Desktop/Fysik/AppliedML2026/Final_project_data/data/ML_data/NBI/FDM data/Arrivals/Nuuk Arrival_ 217939_OY-GRH_08_07_25_43_23.csv
2025.0,7.0,9.0,11.0,52.0,27.0,0.21999999999999997,/Users/rasmus/Desktop/Fysik/AppliedML2026/Final_project_data/data/ML_data/NBI/FDM data/Arrivals/Nuuk Arrival_ 217944_OY-GRJ_09_07_25_55_11.csv
2025.0,7.0,9.0,12.0,7.0,36.0,0.18999999999999995,/Users/rasmus/Desktop/Fysik/AppliedML2026/Final_project_data/data/ML_data/NBI/FDM data/Arrivals/Nuuk Arrival_ 217946_OY-GRP_09_07_25_08_12.csv
2025.0,7.0,9.0,14.0,43.0,37.0,0.1100000000000001,/Users/rasmus/Desktop/Fysik/AppliedML2026/Final_project_data/data/ML_data/NBI/FDM data/Arrivals/Nuuk Arrival_ 217951_OY-GRM_09_07_25_45_14.csv
2025.0,7.0,9.0,15.0,19.0,18.0,0.15999999999999992,/Users/rasmus/Desktop/Fysik/AppliedML2026/Final_project_data/data/ML_data/NBI/FDM data/Arrivals/Nuuk Arrival_ 217954_OY-GRO_09_07_25_21_15.csv
2025.0,7.0,9.0,21.0,45.0,9.0,0.17999999999999994,/Users/rasmus/Desktop/Fysik/AppliedML2026/Final_project_data/data/ML_data/NBI/FDM data/Arrivals/Nuuk Arrival_ 217970_OY-GRM_09_07_25_47_21.csv
2025.0,7.0,9.0,21.0,42.0,12.0,0.22999999999999998,/Users/rasmus/Desktop/Fysik/AppliedML2026/Final_project_data/data/ML_data/NBI/FDM data/Arrivals/Nuuk Arrival_ 217971_OY-GRO_09_07_25_43_21.csv
2025.0,7.0,9.0,16.0,37.0,44.0,0.24,/Users/rasmus/Desktop/Fysik/AppliedML2026/Final_project_data/data/ML_data/NBI/FDM data/Arrivals/Nuuk Arrival_ 217972_OY-GRJ_09_07_25_38_16.csv
2025.0,7.0,9.0,23.0,29.0,19.0,0.24,/Users/rasmus/Desktop/Fysik/AppliedML2026/Final_project_data/data/ML_data/NBI/FDM data/Arrivals/Nuuk Arrival_ 217974_OY-GRP_09_07_25_31_23.csv
2025.0,7.0,9.0,23.0,14.0,27.0,0.3700000000000001,/Users/rasmus/Desktop/Fysik/AppliedML2026/Final_project_data/data/ML_data/NBI/FDM data/Arrivals/Nuuk Arrival_ 217976_OY-GRJ_09_07_25_17_23.csv
2025.0,7.0,10.0,11.0,36.0,16.0,0.18999999999999995,/Users/rasmus/Desktop/Fysik/AppliedML2026/Final_project_data/data/ML_data/NBI/FDM data/Arrivals/Nuuk Arrival_ 217981_OY-GRO_10_07_25_37_11.csv
2025.0,7.0,10.0,14.0,5.0,0.0,0.21999999999999997,/Users/rasmus/Desktop/Fysik/AppliedML2026/Final_project_data/data/ML_data/NBI/FDM data/Arrivals/Nuuk Arrival_ 217988_OY-GRO_10_07_25_07_14.csv
2025.0,7.0,10.0,14.0,40.0,31.0,0.26,/Users/rasmus/Desktop/Fysik/AppliedML2026/Final_project_data/data/ML_data/NBI/FDM data/Arrivals/Nuuk Arrival_ 217989_OY-GRM_10_07_25_42_14.csv
2025.0,7.0,10.0,15.0,26.0,32.0,0.25,/Users/rasmus/Desktop/Fysik/AppliedML2026/Final_project_data/data/ML_data/NBI/FDM data/Arrivals/Nuuk Arrival_ 217991_OY-GRJ_10_07_25_28_15.csv
2025.0,7.0,10.0,15.0,43.0,39.0,0.18999999999999995,/Users/rasmus/Desktop/Fysik/AppliedML2026/Final_project_data/data/ML_data/NBI/FDM data/Arrivals/Nuuk Arrival_ 217996_OY-GRP_10_07_25_45_15.csv
2025.0,7.0,10.0,19.0,58.0,15.0,0.22999999999999998,/Users/rasmus/Desktop/Fysik/AppliedML2026/Final_project_data/data/ML_data/NBI/FDM data/Arrivals/Nuuk Arrival_ 218004_OY-GRJ_10_07_25_59_19.csv
2025.0,7.0,10.0,18.0,44.0,40.0,0.22999999999999998,/Users/rasmus/Desktop/Fysik/AppliedML2026/Final_project_data/data/ML_data/NBI/FDM data/Arrivals/Nuuk Arrival_ 218007_OY-GRP_10_07_25_45_18.csv
2025.0,7.0,10.0,22.0,45.0,46.0,0.21999999999999997,/Users/rasmus/Desktop/Fysik/AppliedML2026/Final_project_data/data/ML_data/NBI/FDM data/Arrivals/Nuuk Arrival_ 218036_OY-GRM_10_07_25_46_22.csv
2025.0,7.0,10.0,23.0,8.0,52.0,0.09000000000000008,/Users/rasmus/Desktop/Fysik/AppliedML2026/Final_project_data/data/ML_data/NBI/FDM data/Arrivals/Nuuk Arrival_ 218037_OY-GRP_10_07_25_09_23.csv
2025.0,7.0,11.0,12.0,21.0,19.0,0.15999999999999992,/Users/rasmus/Desktop/Fysik/AppliedML2026/Final_project_data/data/ML_data/NBI/FDM data/Arrivals/Nuuk Arrival_ 218045_OY-GRM_11_07_25_23_12.csv
2025.0,7.0,11.0,12.0,57.0,5.0,0.1100000000000001,/Users/rasmus/Desktop/Fysik/AppliedML2026/Final_project_data/data/ML_data/NBI/FDM data/Arrivals/Nuuk Arrival_ 218048_OY-GRP_11_07_25_59_12.csv
2025.0,7.0,11.0,14.0,54.0,4.0,0.16000000000000003,/Users/rasmus/Desktop/Fysik/AppliedML2026/Final_project_data/data/ML_data/NBI/FDM data/Arrivals/Nuuk Arrival_ 218053_OY-GRH_11_07_25_56_14.csv
2025.0,7.0,11.0,14.0,37.0,18.0,0.17999999999999994,/Users/rasmus/Desktop/Fysik/AppliedML2026/Final_project_data/data/ML_data/NBI/FDM data/Arrivals/Nuuk Arrival_ 218054_OY-GRO_11_07_25_39_14.csv
2025.0,7.0,11.0,15.0,10.0,4.0,0.1399999999999999,/Users/rasmus/Desktop/Fysik/AppliedML2026/Final_project_data/data/ML_data/NBI/FDM data/Arrivals/Nuuk Arrival_ 218056_OY-GRP_11_07_25_11_15.csv
2025.0,7.0,11.0,16.0,26.0,48.0,0.10000000000000009,/Users/rasmus/Desktop/Fysik/AppliedML2026/Final_project_data/data/ML_data/NBI/FDM data/Arrivals/Nuuk Arrival_ 218058_OY-GRJ_11_07_25_27_16.csv
2025.0,7.0,11.0,20.0,59.0,20.0,0.1200000000000001,/Users/rasmus/Desktop/Fysik/AppliedML2026/Final_project_data/data/ML_data/NBI/FDM data/Arrivals/Nuuk Arrival_ 218086_OY-GRJ_11_07_25_01_21.csv
2025.0,7.0,11.0,23.0,29.0,25.0,0.10999999999999999,/Users/rasmus/Desktop/Fysik/AppliedML2026/Final_project_data/data/ML_data/NBI/FDM data/Arrivals/Nuuk Arrival_ 218101_OY-GRP_11_07_25_31_23.csv
2025.0,7.0,12.0,0.0,18.0,30.0,0.20999999999999996,/Users/rasmus/Desktop/Fysik/AppliedML2026/Final_project_data/data/ML_data/NBI/FDM data/Arrivals/Nuuk Arrival_ 218102_OY-GRM_12_07_25_19_00.csv
2025.0,7.0,12.0,11.0,5.0,1.0,0.45999999999999996,/Users/rasmus/Desktop/Fysik/AppliedML2026/Final_project_data/data/ML_data/NBI/FDM data/Arrivals/Nuuk Arrival_ 218119_OY-GRP_12_07_25_07_11.csv
2025.0,7.0,12.0,14.0,10.0,54.0,0.20999999999999996,/Users/rasmus/Desktop/Fysik/AppliedML2026/Final_project_data/data/ML_data/NBI/FDM data/Arrivals/Nuuk Arrival_ 218130_OY-GRP_12_07_25_12_14.csv
2025.0,7.0,12.0,14.0,49.0,54.0,0.22999999999999998,/Users/rasmus/Desktop/Fysik/AppliedML2026/Final_project_data/data/ML_data/NBI/FDM data/Arrivals/Nuuk Arrival_ 218131_OY-GRO_12_07_25_51_14.csv
2025.0,7.0,12.0,14.0,46.0,8.0,0.21999999999999997,/Users/rasmus/Desktop/Fysik/AppliedML2026/Final_project_data/data/ML_data/NBI/FDM data/Arrivals/Nuuk Arrival_ 218132_OY-GRM_12_07_25_48_14.csv
2025.0,7.0,12.0,14.0,52.0,34.0,0.16999999999999993,/Users/rasmus/Desktop/Fysik/AppliedML2026/Final_project_data/data/ML_data/NBI/FDM data/Arrivals/Nuuk Arrival_ 218133_OY-GRH_12_07_25_54_14.csv
2025.0,7.0,12.0,13.0,53.0,17.0,0.26,/Users/rasmus/Desktop/Fysik/AppliedML2026/Final_project_data/data/ML_data/NBI/FDM data/Arrivals/Nuuk Arrival_ 218137_OY-GRJ_12_07_25_55_13.csv
2025.0,7.0,12.0,17.0,55.0,39.0,0.48,/Users/rasmus/Desktop/Fysik/AppliedML2026/Final_project_data/data/ML_data/NBI/FDM data/Arrivals/Nuuk Arrival_ 218158_OY-GRM_12_07_25_56_17.csv
2025.0,7.0,13.0,9.0,11.0,56.0,0.29000000000000004,/Users/rasmus/Desktop/Fysik/AppliedML2026/Final_project_data/data/ML_data/NBI/FDM data/Arrivals/Nuuk Arrival_ 218163_OY-GRP_13_07_25_12_09.csv
2025.0,7.0,13.0,13.0,30.0,26.0,0.1499999999999999,/Users/rasmus/Desktop/Fysik/AppliedML2026/Final_project_data/data/ML_data/NBI/FDM data/Arrivals/Nuuk Arrival_ 218168_OY-GRJ_13_07_25_32_13.csv
2025.0,7.0,13.0,11.0,32.0,55.0,0.31000000000000005,/Users/rasmus/Desktop/Fysik/AppliedML2026/Final_project_data/data/ML_data/NBI/FDM data/Arrivals/Nuuk Arrival_ 218170_OY-GRO_13_07_25_33_11.csv
2025.0,7.0,13.0,15.0,46.0,49.0,0.1200000000000001,/Users/rasmus/Desktop/Fysik/AppliedML2026/Final_project_data/data/ML_data/NBI/FDM data/Arrivals/Nuuk Arrival_ 218172_OY-GRP_13_07_25_47_15.csv
2025.0,7.0,13.0,13.0,32.0,10.0,0.1499999999999999,/Users/rasmus/Desktop/Fysik/AppliedML2026/Final_project_data/data/ML_data/NBI/FDM data/Arrivals/Nuuk Arrival_ 218174_OY-GRM_13_07_25_34_13.csv
2025.0,7.0,13.0,16.0,24.0,14.0,0.26,/Users/rasmus/Desktop/Fysik/AppliedML2026/Final_project_data/data/ML_data/NBI/FDM data/Arrivals/Nuuk Arrival_ 218175_OY-GRO_13_07_25_26_16.csv
2025.0,7.0,13.0,17.0,14.0,8.0,0.18999999999999995,/Users/rasmus/Desktop/Fysik/AppliedML2026/Final_project_data/data/ML_data/NBI/FDM data/Arrivals/Nuuk Arrival_ 218176_OY-GRJ_13_07_25_16_17.csv
2025.0,7.0,13.0,17.0,58.0,49.0,0.18999999999999995,/Users/rasmus/Desktop/Fysik/AppliedML2026/Final_project_data/data/ML_data/NBI/FDM data/Arrivals/Nuuk Arrival_ 218177_OY-GRM_13_07_25_59_17.csv
2025.0,7.0,13.0,20.0,13.0,43.0,0.1100000000000001,/Users/rasmus/Desktop/Fysik/AppliedML2026/Final_project_data/data/ML_data/NBI/FDM data/Arrivals/Nuuk Arrival_ 218184_OY-GRP_13_07_25_14_20.csv
2025.0,7.0,14.0,11.0,37.0,54.0,0.20999999999999996,/Users/rasmus/Desktop/Fysik/AppliedML2026/Final_project_data/data/ML_data/NBI/FDM data/Arrivals/Nuuk Arrival_ 218189_OY-GRH_14_07_25_39_11.csv
2025.0,7.0,14.0,11.0,52.0,51.0,0.3400000000000001,/Users/rasmus/Desktop/Fysik/AppliedML2026/Final_project_data/data/ML_data/NBI/FDM data/Arrivals/Nuuk Arrival_ 218192_OY-GRJ_14_07_25_53_11.csv
2025.0,7.0,14.0,12.0,40.0,48.0,0.25,/Users/rasmus/Desktop/Fysik/AppliedML2026/Final_project_data/data/ML_data/NBI/FDM data/Arrivals/Nuuk Arrival_ 218193_OY-GRO_14_07_25_42_12.csv
2025.0,7.0,14.0,13.0,53.0,38.0,0.3500000000000001,/Users/rasmus/Desktop/Fysik/AppliedML2026/Final_project_data/data/ML_data/NBI/FDM data/Arrivals/Nuuk Arrival_ 218195_OY-GRM_14_07_25_54_13.csv
2025.0,7.0,14.0,16.0,23.0,50.0,0.16999999999999993,/Users/rasmus/Desktop/Fysik/AppliedML2026/Final_project_data/data/ML_data/NBI/FDM data/Arrivals/Nuuk Arrival_ 218210_OY-GRJ_14_07_25_24_16.csv
2025.0,7.0,14.0,17.0,54.0,6.0,0.26,/Users/rasmus/Desktop/Fysik/AppliedML2026/Final_project_data/data/ML_data/NBI/FDM data/Arrivals/Nuuk Arrival_ 218212_OY-GRO_14_07_25_57_17.csv
2025.0,7.0,14.0,19.0,45.0,19.0,0.30000000000000004,/Users/rasmus/Desktop/Fysik/AppliedML2026/Final_project_data/data/ML_data/NBI/FDM data/Arrivals/Nuuk Arrival_ 218229_OY-GRP_14_07_25_47_19.csv
2025.0,7.0,14.0,22.0,13.0,16.0,0.18999999999999995,/Users/rasmus/Desktop/Fysik/AppliedML2026/Final_project_data/data/ML_data/NBI/FDM data/Arrivals/Nuuk Arrival_ 218243_OY-GRM_14_07_25_15_22.csv
2025.0,7.0,8.0,21.0,31.0,36.0,0.31000000000000005,/Users/rasmus/Desktop/Fysik/AppliedML2026/Final_project_data/data/ML_data/NBI/FDM data/Arrivals/Nuuk Arrival_ 218247_OY-GRR_08_07_25_17_21.csv
2025.0,7.0,9.0,13.0,34.0,6.0,0.1499999999999999,/Users/rasmus/Desktop/Fysik/AppliedML2026/Final_project_data/data/ML_data/NBI/FDM data/Arrivals/Nuuk Arrival_ 218250_OY-GRR_09_07_25_26_13.csv
2025.0,7.0,9.0,18.0,27.0,59.0,0.5,/Users/rasmus/Desktop/Fysik/AppliedML2026/Final_project_data/data/ML_data/NBI/FDM data/Arrivals/Nuuk Arrival_ 218253_OY-GRR_09_07_25_20_18.csv
2025.0,7.0,9.0,21.0,31.0,3.0,0.3500000000000001,/Users/rasmus/Desktop/Fysik/AppliedML2026/Final_project_data/data/ML_data/NBI/FDM data/Arrivals/Nuuk Arrival_ 218255_OY-GRR_09_07_25_24_21.csv
2025.0,7.0,10.0,14.0,51.0,28.0,0.55,/Users/rasmus/Desktop/Fysik/AppliedML2026/Final_project_data/data/ML_data/NBI/FDM data/Arrivals/Nuuk Arrival_ 218257_OY-GRR_10_07_25_38_14.csv
2025.0,7.0,10.0,18.0,4.0,54.0,0.1499999999999999,/Users/rasmus/Desktop/Fysik/AppliedML2026/Final_project_data/data/ML_data/NBI/FDM data/Arrivals/Nuuk Arrival_ 218259_OY-GRR_10_07_25_59_17.csv
2025.0,7.0,10.0,22.0,15.0,7.0,0.17999999999999994,/Users/rasmus/Desktop/Fysik/AppliedML2026/Final_project_data/data/ML_data/NBI/FDM data/Arrivals/Nuuk Arrival_ 218261_OY-GRR_10_07_25_08_22.csv
2025.0,7.0,11.0,12.0,0.0,59.0,0.1200000000000001,/Users/rasmus/Desktop/Fysik/AppliedML2026/Final_project_data/data/ML_data/NBI/FDM data/Arrivals/Nuuk Arrival_ 218264_OY-GRR_11_07_25_56_11.csv
2025.0,7.0,11.0,17.0,35.0,13.0,0.27,/Users/rasmus/Desktop/Fysik/AppliedML2026/Final_project_data/data/ML_data/NBI/FDM data/Arrivals/Nuuk Arrival_ 218267_OY-GRR_11_07_25_33_17.csv
2025.0,7.0,11.0,21.0,58.0,8.0,0.14,/Users/rasmus/Desktop/Fysik/AppliedML2026/Final_project_data/data/ML_data/NBI/FDM data/Arrivals/Nuuk Arrival_ 218269_OY-GRR_11_07_25_51_21.csv
2025.0,7.0,12.0,13.0,50.0,13.0,0.26,/Users/rasmus/Desktop/Fysik/AppliedML2026/Final_project_data/data/ML_data/NBI/FDM data/Arrivals/Nuuk Arrival_ 218273_OY-GRR_12_07_25_47_13.csv
2025.0,7.0,13.0,0.0,36.0,7.0,0.3400000000000001,/Users/rasmus/Desktop/Fysik/AppliedML2026/Final_project_data/data/ML_data/NBI/FDM data/Arrivals/Nuuk Arrival_ 218276_OY-GRR_12_07_25_24_23.csv
2025.0,7.0,13.0,13.0,53.0,42.0,0.42000000000000004,/Users/rasmus/Desktop/Fysik/AppliedML2026/Final_project_data/data/ML_data/NBI/FDM data/Arrivals/Nuuk Arrival_ 218279_OY-GRR_13_07_25_47_13.csv
2025.0,7.0,13.0,18.0,24.0,19.0,0.13,/Users/rasmus/Desktop/Fysik/AppliedML2026/Final_project_data/data/ML_data/NBI/FDM data/Arrivals/Nuuk Arrival_ 218281_OY-GRR_13_07_25_15_18.csv
2025.0,7.0,14.0,13.0,14.0,29.0,0.26,/Users/rasmus/Desktop/Fysik/AppliedML2026/Final_project_data/data/ML_data/NBI/FDM data/Arrivals/Nuuk Arrival_ 218284_OY-GRR_14_07_25_04_13.csv
2025.0,7.0,14.0,15.0,36.0,8.0,0.3700000000000001,/Users/rasmus/Desktop/Fysik/AppliedML2026/Final_project_data/data/ML_data/NBI/FDM data/Arrivals/Nuuk Arrival_ 218285_OY-GRR_14_07_25_16_15.csv
2025.0,7.0,14.0,22.0,10.0,57.0,0.44999999999999996,/Users/rasmus/Desktop/Fysik/AppliedML2026/Final_project_data/data/ML_data/NBI/FDM data/Arrivals/Nuuk Arrival_ 218289_OY-GRR_14_07_25_06_22.csv
2025.0,7.0,15.0,13.0,24.0,55.0,0.1299999999999999,/Users/rasmus/Desktop/Fysik/AppliedML2026/Final_project_data/data/ML_data/NBI/FDM data/Arrivals/Nuuk Arrival_ 218303_OY-GRP_15_07_25_25_13.csv
2025.0,7.0,15.0,10.0,52.0,13.0,0.1499999999999999,/Users/rasmus/Desktop/Fysik/AppliedML2026/Final_project_data/data/ML_data/NBI/FDM data/Arrivals/Nuuk Arrival_ 218307_OY-GRO_15_07_25_54_10.csv
2025.0,7.0,15.0,14.0,15.0,49.0,0.18000000000000005,/Users/rasmus/Desktop/Fysik/AppliedML2026/Final_project_data/data/ML_data/NBI/FDM data/Arrivals/Nuuk Arrival_ 218308_OY-GRM_15_07_25_16_14.csv
2025.0,7.0,15.0,17.0,3.0,48.0,0.3899999999999999,/Users/rasmus/Desktop/Fysik/AppliedML2026/Final_project_data/data/ML_data/NBI/FDM data/Arrivals/Nuuk Arrival_ 218331_OY-GRM_15_07_25_06_17.csv
2025.0,7.0,15.0,17.0,52.0,43.0,0.1299999999999999,/Users/rasmus/Desktop/Fysik/AppliedML2026/Final_project_data/data/ML_data/NBI/FDM data/Arrivals/Nuuk Arrival_ 218343_OY-GRP_15_07_25_53_17.csv
2025.0,7.0,15.0,19.0,58.0,1.0,0.16999999999999993,/Users/rasmus/Desktop/Fysik/AppliedML2026/Final_project_data/data/ML_data/NBI/FDM data/Arrivals/Nuuk Arrival_ 218344_OY-GRO_15_07_25_59_19.csv
2025.0,7.0,15.0,22.0,54.0,36.0,0.1499999999999999,/Users/rasmus/Desktop/Fysik/AppliedML2026/Final_project_data/data/ML_data/NBI/FDM data/Arrivals/Nuuk Arrival_ 218348_OY-GRP_15_07_25_55_22.csv
2025.0,7.0,16.0,11.0,49.0,36.0,0.27,/Users/rasmus/Desktop/Fysik/AppliedML2026/Final_project_data/data/ML_data/NBI/FDM data/Arrivals/Nuuk Arrival_ 218354_OY-GRJ_16_07_25_50_11.csv
2025.0,7.0,16.0,12.0,13.0,36.0,0.32000000000000006,/Users/rasmus/Desktop/Fysik/AppliedML2026/Final_project_data/data/ML_data/NBI/FDM data/Arrivals/Nuuk Arrival_ 218356_OY-GRO_16_07_25_14_12.csv
2025.0,7.0,16.0,11.0,55.0,15.0,0.1499999999999999,/Users/rasmus/Desktop/Fysik/AppliedML2026/Final_project_data/data/ML_data/NBI/FDM data/Arrivals/Nuuk Arrival_ 218360_OY-GRH_16_07_25_57_11.csv
2025.0,7.0,16.0,15.0,14.0,15.0,0.1499999999999999,/Users/rasmus/Desktop/Fysik/AppliedML2026/Final_project_data/data/ML_data/NBI/FDM data/Arrivals/Nuuk Arrival_ 218364_OY-GRP_16_07_25_16_15.csv
2025.0,7.0,16.0,16.0,8.0,3.0,0.17999999999999994,/Users/rasmus/Desktop/Fysik/AppliedML2026/Final_project_data/data/ML_data/NBI/FDM data/Arrivals/Nuuk Arrival_ 218367_OY-GRJ_16_07_25_10_16.csv
2025.0,7.0,16.0,16.0,58.0,48.0,0.26,/Users/rasmus/Desktop/Fysik/AppliedML2026/Final_project_data/data/ML_data/NBI/FDM data/Arrivals/Nuuk Arrival_ 218382_OY-GRM_16_07_25_00_17.csv
2025.0,7.0,16.0,16.0,54.0,45.0,0.24,/Users/rasmus/Desktop/Fysik/AppliedML2026/Final_project_data/data/ML_data/NBI/FDM data/Arrivals/Nuuk Arrival_ 218384_OY-GRO_16_07_25_56_16.csv
2025.0,7.0,16.0,21.0,30.0,5.0,0.10000000000000009,/Users/rasmus/Desktop/Fysik/AppliedML2026/Final_project_data/data/ML_data/NBI/FDM data/Arrivals/Nuuk Arrival_ 218394_OY-GRM_16_07_25_31_21.csv
2025.0,7.0,16.0,22.0,19.0,6.0,0.26,/Users/rasmus/Desktop/Fysik/AppliedML2026/Final_project_data/data/ML_data/NBI/FDM data/Arrivals/Nuuk Arrival_ 218395_OY-GRO_16_07_25_20_22.csv
2025.0,7.0,16.0,16.0,30.0,23.0,0.15999999999999992,/Users/rasmus/Desktop/Fysik/AppliedML2026/Final_project_data/data/ML_data/NBI/FDM data/Arrivals/Nuuk Arrival_ 218397_OY-GRG_16_07_25_32_16.csv
2025.0,7.0,17.0,11.0,51.0,29.0,0.1100000000000001,/Users/rasmus/Desktop/Fysik/AppliedML2026/Final_project_data/data/ML_data/NBI/FDM data/Arrivals/Nuuk Arrival_ 218406_OY-GRJ_17_07_25_53_11.csv
2025.0,7.0,17.0,13.0,53.0,7.0,0.16999999999999993,/Users/rasmus/Desktop/Fysik/AppliedML2026/Final_project_data/data/ML_data/NBI/FDM data/Arrivals/Nuuk Arrival_ 218410_OY-GRM_17_07_25_55_13.csv
2025.0,7.0,17.0,11.0,6.0,9.0,0.20999999999999996,/Users/rasmus/Desktop/Fysik/AppliedML2026/Final_project_data/data/ML_data/NBI/FDM data/Arrivals/Nuuk Arrival_ 218411_OY-GRO_17_07_25_07_11.csv
2025.0,7.0,17.0,14.0,30.0,34.0,0.19999999999999996,/Users/rasmus/Desktop/Fysik/AppliedML2026/Final_project_data/data/ML_data/NBI/FDM data/Arrivals/Nuuk Arrival_ 218413_OY-GRH_17_07_25_31_14.csv
2025.0,7.0,17.0,17.0,4.0,59.0,0.1200000000000001,/Users/rasmus/Desktop/Fysik/AppliedML2026/Final_project_data/data/ML_data/NBI/FDM data/Arrivals/Nuuk Arrival_ 218429_OY-GRJ_17_07_25_05_17.csv
2025.0,7.0,17.0,18.0,15.0,21.0,0.16999999999999993,/Users/rasmus/Desktop/Fysik/AppliedML2026/Final_project_data/data/ML_data/NBI/FDM data/Arrivals/Nuuk Arrival_ 218431_OY-GRO_17_07_25_17_18.csv
2025.0,7.0,17.0,19.0,2.0,28.0,0.08000000000000007,/Users/rasmus/Desktop/Fysik/AppliedML2026/Final_project_data/data/ML_data/NBI/FDM data/Arrivals/Nuuk Arrival_ 218434_OY-GRM_17_07_25_04_19.csv
2025.0,7.0,17.0,20.0,9.0,54.0,0.22999999999999998,/Users/rasmus/Desktop/Fysik/AppliedML2026/Final_project_data/data/ML_data/NBI/FDM data/Arrivals/Nuuk Arrival_ 218445_OY-GRH_17_07_25_10_20.csv
2025.0,7.0,17.0,19.0,50.0,10.0,0.1200000000000001,/Users/rasmus/Desktop/Fysik/AppliedML2026/Final_project_data/data/ML_data/NBI/FDM data/Arrivals/Nuuk Arrival_ 218448_OY-GRP_17_07_25_52_19.csv
2025.0,7.0,17.0,21.0,19.0,1.0,0.1200000000000001,/Users/rasmus/Desktop/Fysik/AppliedML2026/Final_project_data/data/ML_data/NBI/FDM data/Arrivals/Nuuk Arrival_ 218449_OY-GRJ_17_07_25_20_21.csv
2025.0,7.0,17.0,22.0,20.0,1.0,0.1499999999999999,/Users/rasmus/Desktop/Fysik/AppliedML2026/Final_project_data/data/ML_data/NBI/FDM data/Arrivals/Nuuk Arrival_ 218450_OY-GRO_17_07_25_22_22.csv
2025.0,7.0,18.0,14.0,20.0,33.0,0.26,/Users/rasmus/Desktop/Fysik/AppliedML2026/Final_project_data/data/ML_data/NBI/FDM data/Arrivals/Nuuk Arrival_ 218454_OY-GRJ_18_07_25_22_14.csv
2025.0,7.0,18.0,12.0,52.0,1.0,0.26,/Users/rasmus/Desktop/Fysik/AppliedML2026/Final_project_data/data/ML_data/NBI/FDM data/Arrivals/Nuuk Arrival_ 218456_OY-GRO_18_07_25_54_12.csv
2025.0,7.0,18.0,17.0,11.0,27.0,0.13,/Users/rasmus/Desktop/Fysik/AppliedML2026/Final_project_data/data/ML_data/NBI/FDM data/Arrivals/Nuuk Arrival_ 218457_OY-GRM_18_07_25_13_17.csv
2025.0,7.0,18.0,16.0,52.0,24.0,0.17999999999999994,/Users/rasmus/Desktop/Fysik/AppliedML2026/Final_project_data/data/ML_data/NBI/FDM data/Arrivals/Nuuk Arrival_ 218458_OY-GRO_18_07_25_54_16.csv
2025.0,7.0,18.0,19.0,9.0,39.0,0.1399999999999999,/Users/rasmus/Desktop/Fysik/AppliedML2026/Final_project_data/data/ML_data/NBI/FDM data/Arrivals/Nuuk Arrival_ 218487_OY-GRJ_18_07_25_10_19.csv
2025.0,7.0,18.0,22.0,17.0,2.0,0.1200000000000001,/Users/rasmus/Desktop/Fysik/AppliedML2026/Final_project_data/data/ML_data/NBI/FDM data/Arrivals/Nuuk Arrival_ 218499_OY-GRP_18_07_25_18_22.csv
2025.0,7.0,18.0,22.0,42.0,56.0,0.19999999999999996,/Users/rasmus/Desktop/Fysik/AppliedML2026/Final_project_data/data/ML_data/NBI/FDM data/Arrivals/Nuuk Arrival_ 218500_OY-GRO_18_07_25_44_22.csv
2025.0,7.0,19.0,11.0,23.0,29.0,0.21999999999999997,/Users/rasmus/Desktop/Fysik/AppliedML2026/Final_project_data/data/ML_data/NBI/FDM data/Arrivals/Nuuk Arrival_ 218503_OY-GRJ_19_07_25_25_11.csv
2025.0,7.0,19.0,14.0,13.0,57.0,0.1399999999999999,/Users/rasmus/Desktop/Fysik/AppliedML2026/Final_project_data/data/ML_data/NBI/FDM data/Arrivals/Nuuk Arrival_ 218507_OY-GRJ_19_07_25_14_14.csv
2025.0,7.0,19.0,14.0,20.0,58.0,0.16999999999999993,/Users/rasmus/Desktop/Fysik/AppliedML2026/Final_project_data/data/ML_data/NBI/FDM data/Arrivals/Nuuk Arrival_ 218509_OY-GRM_19_07_25_21_14.csv
2025.0,7.0,19.0,14.0,25.0,57.0,0.18999999999999995,/Users/rasmus/Desktop/Fysik/AppliedML2026/Final_project_data/data/ML_data/NBI/FDM data/Arrivals/Nuuk Arrival_ 218510_OY-GRO_19_07_25_26_14.csv
2025.0,7.0,19.0,17.0,58.0,27.0,0.15999999999999992,/Users/rasmus/Desktop/Fysik/AppliedML2026/Final_project_data/data/ML_data/NBI/FDM data/Arrivals/Nuuk Arrival_ 218517_OY-GRP_19_07_25_00_18.csv
2025.0,7.0,19.0,18.0,57.0,6.0,0.18999999999999995,/Users/rasmus/Desktop/Fysik/AppliedML2026/Final_project_data/data/ML_data/NBI/FDM data/Arrivals/Nuuk Arrival_ 218528_OY-GRO_19_07_25_59_18.csv
2025.0,7.0,19.0,18.0,50.0,51.0,0.15999999999999992,/Users/rasmus/Desktop/Fysik/AppliedML2026/Final_project_data/data/ML_data/NBI/FDM data/Arrivals/Nuuk Arrival_ 218529_OY-GRJ_19_07_25_51_18.csv
2025.0,7.0,19.0,18.0,52.0,36.0,0.1100000000000001,/Users/rasmus/Desktop/Fysik/AppliedML2026/Final_project_data/data/ML_data/NBI/FDM data/Arrivals/Nuuk Arrival_ 218531_OY-GRM_19_07_25_53_18.csv
2025.0,7.0,20.0,10.0,37.0,38.0,0.15999999999999992,/Users/rasmus/Desktop/Fysik/AppliedML2026/Final_project_data/data/ML_data/NBI/FDM data/Arrivals/Nuuk Arrival_ 218536_OY-GRO_20_07_25_38_10.csv
2025.0,7.0,20.0,11.0,17.0,16.0,0.15999999999999992,/Users/rasmus/Desktop/Fysik/AppliedML2026/Final_project_data/data/ML_data/NBI/FDM data/Arrivals/Nuuk Arrival_ 218537_OY-GRM_20_07_25_19_11.csv
2025.0,7.0,20.0,11.0,25.0,39.0,0.15999999999999992,/Users/rasmus/Desktop/Fysik/AppliedML2026/Final_project_data/data/ML_data/NBI/FDM data/Arrivals/Nuuk Arrival_ 218538_OY-GRJ_20_07_25_27_11.csv
2025.0,7.0,20.0,11.0,39.0,46.0,0.1200000000000001,/Users/rasmus/Desktop/Fysik/AppliedML2026/Final_project_data/data/ML_data/NBI/FDM data/Arrivals/Nuuk Arrival_ 218541_OY-GRP_20_07_25_40_11.csv
2025.0,7.0,20.0,13.0,33.0,1.0,0.18999999999999995,/Users/rasmus/Desktop/Fysik/AppliedML2026/Final_project_data/data/ML_data/NBI/FDM data/Arrivals/Nuuk Arrival_ 218542_OY-GRO_20_07_25_37_13.csv
2025.0,7.0,20.0,15.0,40.0,43.0,0.18999999999999995,/Users/rasmus/Desktop/Fysik/AppliedML2026/Final_project_data/data/ML_data/NBI/FDM data/Arrivals/Nuuk Arrival_ 218544_OY-GRJ_20_07_25_41_15.csv
2025.0,7.0,20.0,19.0,9.0,27.0,0.17999999999999994,/Users/rasmus/Desktop/Fysik/AppliedML2026/Final_project_data/data/ML_data/NBI/FDM data/Arrivals/Nuuk Arrival_ 218548_OY-GRO_20_07_25_11_19.csv
2025.0,7.0,20.0,18.0,54.0,39.0,0.16999999999999993,/Users/rasmus/Desktop/Fysik/AppliedML2026/Final_project_data/data/ML_data/NBI/FDM data/Arrivals/Nuuk Arrival_ 218549_OY-GRP_20_07_25_55_18.csv
2025.0,7.0,21.0,11.0,13.0,26.0,0.16999999999999993,/Users/rasmus/Desktop/Fysik/AppliedML2026/Final_project_data/data/ML_data/NBI/FDM data/Arrivals/Nuuk Arrival_ 218555_OY-GRP_21_07_25_16_11.csv
2025.0,7.0,21.0,13.0,50.0,11.0,0.21999999999999997,/Users/rasmus/Desktop/Fysik/AppliedML2026/Final_project_data/data/ML_data/NBI/FDM data/Arrivals/Nuuk Arrival_ 218561_OY-GRM_21_07_25_52_13.csv
2025.0,7.0,21.0,12.0,11.0,40.0,0.27,/Users/rasmus/Desktop/Fysik/AppliedML2026/Final_project_data/data/ML_data/NBI/FDM data/Arrivals/Nuuk Arrival_ 218563_OY-GRJ_21_07_25_12_12.csv
2025.0,7.0,21.0,15.0,48.0,2.0,0.1399999999999999,/Users/rasmus/Desktop/Fysik/AppliedML2026/Final_project_data/data/ML_data/NBI/FDM data/Arrivals/Nuuk Arrival_ 218570_OY-GRM_21_07_25_49_15.csv
2025.0,7.0,21.0,19.0,55.0,58.0,0.17999999999999994,/Users/rasmus/Desktop/Fysik/AppliedML2026/Final_project_data/data/ML_data/NBI/FDM data/Arrivals/Nuuk Arrival_ 218582_OY-GRP_21_07_25_56_19.csv
2025.0,7.0,21.0,21.0,55.0,15.0,0.15999999999999992,/Users/rasmus/Desktop/Fysik/AppliedML2026/Final_project_data/data/ML_data/NBI/FDM data/Arrivals/Nuuk Arrival_ 218601_OY-GRM_21_07_25_57_21.csv
2025.0,7.0,15.0,14.0,27.0,30.0,0.44999999999999996,/Users/rasmus/Desktop/Fysik/AppliedML2026/Final_project_data/data/ML_data/NBI/FDM data/Arrivals/Nuuk Arrival_ 218612_OY-GRR_15_07_25_18_14.csv
2025.0,7.0,15.0,20.0,3.0,39.0,0.16999999999999993,/Users/rasmus/Desktop/Fysik/AppliedML2026/Final_project_data/data/ML_data/NBI/FDM data/Arrivals/Nuuk Arrival_ 218615_OY-GRR_15_07_25_48_19.csv
2025.0,7.0,16.0,11.0,14.0,36.0,0.17999999999999994,/Users/rasmus/Desktop/Fysik/AppliedML2026/Final_project_data/data/ML_data/NBI/FDM data/Arrivals/Nuuk Arrival_ 218617_OY-GRR_16_07_25_07_11.csv
2025.0,7.0,16.0,17.0,28.0,33.0,0.1100000000000001,/Users/rasmus/Desktop/Fysik/AppliedML2026/Final_project_data/data/ML_data/NBI/FDM data/Arrivals/Nuuk Arrival_ 218621_OY-GRR_16_07_25_22_17.csv
2025.0,7.0,17.0,14.0,46.0,7.0,0.20999999999999996,/Users/rasmus/Desktop/Fysik/AppliedML2026/Final_project_data/data/ML_data/NBI/FDM data/Arrivals/Nuuk Arrival_ 218624_OY-GRR_17_07_25_41_14.csv
2025.0,7.0,18.0,14.0,0.0,52.0,0.4,/Users/rasmus/Desktop/Fysik/AppliedML2026/Final_project_data/data/ML_data/NBI/FDM data/Arrivals/Nuuk Arrival_ 218627_OY-GRR_18_07_25_50_13.csv
2025.0,7.0,18.0,15.0,57.0,0.0,0.36,/Users/rasmus/Desktop/Fysik/AppliedML2026/Final_project_data/data/ML_data/NBI/FDM data/Arrivals/Nuuk Arrival_ 218629_OY-GRR_18_07_25_51_15.csv
2025.0,7.0,18.0,21.0,30.0,55.0,0.13,/Users/rasmus/Desktop/Fysik/AppliedML2026/Final_project_data/data/ML_data/NBI/FDM data/Arrivals/Nuuk Arrival_ 218633_OY-GRR_18_07_25_24_21.csv
2025.0,7.0,19.0,11.0,18.0,20.0,0.16999999999999993,/Users/rasmus/Desktop/Fysik/AppliedML2026/Final_project_data/data/ML_data/NBI/FDM data/Arrivals/Nuuk Arrival_ 218634_OY-GRR_19_07_25_03_11.csv
2025.0,7.0,19.0,19.0,19.0,9.0,0.1399999999999999,/Users/rasmus/Desktop/Fysik/AppliedML2026/Final_project_data/data/ML_data/NBI/FDM data/Arrivals/Nuuk Arrival_ 218635_OY-GRR_19_07_25_58_17.csv
2025.0,7.0,21.0,12.0,1.0,14.0,0.29000000000000004,/Users/rasmus/Desktop/Fysik/AppliedML2026/Final_project_data/data/ML_data/NBI/FDM data/Arrivals/Nuuk Arrival_ 218638_OY-GRR_21_07_25_49_11.csv
2025.0,7.0,21.0,16.0,43.0,31.0,0.16999999999999993,/Users/rasmus/Desktop/Fysik/AppliedML2026/Final_project_data/data/ML_data/NBI/FDM data/Arrivals/Nuuk Arrival_ 218640_OY-GRR_21_07_25_33_16.csv
2025.0,7.0,21.0,21.0,0.0,31.0,0.1399999999999999,/Users/rasmus/Desktop/Fysik/AppliedML2026/Final_project_data/data/ML_data/NBI/FDM data/Arrivals/Nuuk Arrival_ 218642_OY-GRR_21_07_25_47_20.csv
2025.0,7.0,22.0,11.0,6.0,30.0,0.22999999999999998,/Users/rasmus/Desktop/Fysik/AppliedML2026/Final_project_data/data/ML_data/NBI/FDM data/Arrivals/Nuuk Arrival_ 218647_OY-GRM_22_07_25_08_11.csv
2025.0,7.0,22.0,14.0,10.0,41.0,0.21999999999999997,/Users/rasmus/Desktop/Fysik/AppliedML2026/Final_project_data/data/ML_data/NBI/FDM data/Arrivals/Nuuk Arrival_ 218653_OY-GRM_22_07_25_11_14.csv
2025.0,7.0,22.0,14.0,26.0,50.0,0.18999999999999995,/Users/rasmus/Desktop/Fysik/AppliedML2026/Final_project_data/data/ML_data/NBI/FDM data/Arrivals/Nuuk Arrival_ 218654_OY-GRO_22_07_25_28_14.csv
2025.0,7.0,22.0,17.0,40.0,31.0,0.24,/Users/rasmus/Desktop/Fysik/AppliedML2026/Final_project_data/data/ML_data/NBI/FDM data/Arrivals/Nuuk Arrival_ 218672_OY-GRO_22_07_25_41_17.csv
2025.0,7.0,22.0,21.0,12.0,3.0,0.22999999999999998,/Users/rasmus/Desktop/Fysik/AppliedML2026/Final_project_data/data/ML_data/NBI/FDM data/Arrivals/Nuuk Arrival_ 218695_OY-GRJ_22_07_25_13_21.csv
2025.0,7.0,22.0,22.0,19.0,11.0,0.19999999999999996,/Users/rasmus/Desktop/Fysik/AppliedML2026/Final_project_data/data/ML_data/NBI/FDM data/Arrivals/Nuuk Arrival_ 218698_OY-GRO_22_07_25_20_22.csv
2025.0,7.0,23.0,11.0,44.0,27.0,0.18999999999999995,/Users/rasmus/Desktop/Fysik/AppliedML2026/Final_project_data/data/ML_data/NBI/FDM data/Arrivals/Nuuk Arrival_ 218703_OY-GRJ_23_07_25_46_11.csv
2025.0,7.0,23.0,12.0,4.0,35.0,0.16999999999999993,/Users/rasmus/Desktop/Fysik/AppliedML2026/Final_project_data/data/ML_data/NBI/FDM data/Arrivals/Nuuk Arrival_ 218707_OY-GRP_23_07_25_05_12.csv
2025.0,7.0,23.0,12.0,21.0,58.0,0.21999999999999997,/Users/rasmus/Desktop/Fysik/AppliedML2026/Final_project_data/data/ML_data/NBI/FDM data/Arrivals/Nuuk Arrival_ 218708_OY-GRO_23_07_25_22_12.csv
2025.0,7.0,23.0,13.0,29.0,4.0,0.16999999999999993,/Users/rasmus/Desktop/Fysik/AppliedML2026/Final_project_data/data/ML_data/NBI/FDM data/Arrivals/Nuuk Arrival_ 218709_OY-GRM_23_07_25_30_13.csv
2025.0,7.0,23.0,14.0,55.0,6.0,0.32999999999999996,/Users/rasmus/Desktop/Fysik/AppliedML2026/Final_project_data/data/ML_data/NBI/FDM data/Arrivals/Nuuk Arrival_ 218715_OY-GRP_23_07_25_57_14.csv
2025.0,7.0,23.0,16.0,54.0,48.0,0.24,/Users/rasmus/Desktop/Fysik/AppliedML2026/Final_project_data/data/ML_data/NBI/FDM data/Arrivals/Nuuk Arrival_ 218719_OY-GRO_23_07_25_55_16.csv
2025.0,7.0,23.0,17.0,35.0,47.0,0.3799999999999999,/Users/rasmus/Desktop/Fysik/AppliedML2026/Final_project_data/data/ML_data/NBI/FDM data/Arrivals/Nuuk Arrival_ 218721_OY-GRM_23_07_25_37_17.csv
2025.0,7.0,23.0,21.0,19.0,13.0,0.18999999999999995,/Users/rasmus/Desktop/Fysik/AppliedML2026/Final_project_data/data/ML_data/NBI/FDM data/Arrivals/Nuuk Arrival_ 218749_OY-GRM_23_07_25_21_21.csv
2025.0,7.0,23.0,23.0,4.0,50.0,0.1299999999999999,/Users/rasmus/Desktop/Fysik/AppliedML2026/Final_project_data/data/ML_data/NBI/FDM data/Arrivals/Nuuk Arrival_ 218753_OY-GRO_23_07_25_05_23.csv
2025.0,7.0,24.0,0.0,54.0,46.0,0.1499999999999999,/Users/rasmus/Desktop/Fysik/AppliedML2026/Final_project_data/data/ML_data/NBI/FDM data/Arrivals/Nuuk Arrival_ 218754_OY-GRM_24_07_25_55_00.csv
2025.0,7.0,24.0,11.0,2.0,53.0,0.16999999999999993,/Users/rasmus/Desktop/Fysik/AppliedML2026/Final_project_data/data/ML_data/NBI/FDM data/Arrivals/Nuuk Arrival_ 218759_OY-GRM_24_07_25_04_11.csv
2025.0,7.0,24.0,13.0,22.0,8.0,0.1499999999999999,/Users/rasmus/Desktop/Fysik/AppliedML2026/Final_project_data/data/ML_data/NBI/FDM data/Arrivals/Nuuk Arrival_ 218764_OY-GRG_24_07_25_24_13.csv
2025.0,7.0,24.0,14.0,39.0,24.0,0.1499999999999999,/Users/rasmus/Desktop/Fysik/AppliedML2026/Final_project_data/data/ML_data/NBI/FDM data/Arrivals/Nuuk Arrival_ 218765_OY-GRO_24_07_25_41_14.csv
2025.0,7.0,24.0,14.0,56.0,0.0,0.18999999999999995,/Users/rasmus/Desktop/Fysik/AppliedML2026/Final_project_data/data/ML_data/NBI/FDM data/Arrivals/Nuuk Arrival_ 218768_OY-GRJ_24_07_25_58_14.csv
2025.0,7.0,24.0,14.0,3.0,41.0,0.09000000000000008,/Users/rasmus/Desktop/Fysik/AppliedML2026/Final_project_data/data/ML_data/NBI/FDM data/Arrivals/Nuuk Arrival_ 218788_OY-GRM_24_07_25_05_14.csv
2025.0,7.0,24.0,19.0,29.0,3.0,0.18000000000000005,/Users/rasmus/Desktop/Fysik/AppliedML2026/Final_project_data/data/ML_data/NBI/FDM data/Arrivals/Nuuk Arrival_ 218790_OY-GRP_24_07_25_31_19.csv
2025.0,7.0,24.0,20.0,35.0,5.0,0.18999999999999995,/Users/rasmus/Desktop/Fysik/AppliedML2026/Final_project_data/data/ML_data/NBI/FDM data/Arrivals/Nuuk Arrival_ 219784_OY-GRM_24_07_25_36_20.csv
2025.0,7.0,24.0,21.0,43.0,14.0,0.19999999999999996,/Users/rasmus/Desktop/Fysik/AppliedML2026/Final_project_data/data/ML_data/NBI/FDM data/Arrivals/Nuuk Arrival_ 219795_OY-GRO_24_07_25_45_21.csv
2025.0,7.0,25.0,13.0,53.0,48.0,0.15999999999999992,/Users/rasmus/Desktop/Fysik/AppliedML2026/Final_project_data/data/ML_data/NBI/FDM data/Arrivals/Nuuk Arrival_ 219805_OY-GRM_25_07_25_54_13.csv
2025.0,7.0,25.0,14.0,23.0,14.0,0.20999999999999996,/Users/rasmus/Desktop/Fysik/AppliedML2026/Final_project_data/data/ML_data/NBI/FDM data/Arrivals/Nuuk Arrival_ 219807_OY-GRO_25_07_25_25_14.csv
2025.0,7.0,25.0,16.0,27.0,13.0,0.16999999999999993,/Users/rasmus/Desktop/Fysik/AppliedML2026/Final_project_data/data/ML_data/NBI/FDM data/Arrivals/Nuuk Arrival_ 219814_OY-GRO_25_07_25_29_16.csv
2025.0,7.0,25.0,16.0,36.0,12.0,0.4099999999999999,/Users/rasmus/Desktop/Fysik/AppliedML2026/Final_project_data/data/ML_data/NBI/FDM data/Arrivals/Nuuk Arrival_ 219815_OY-GRJ_25_07_25_38_16.csv
2025.0,7.0,25.0,16.0,11.0,22.0,0.21999999999999997,/Users/rasmus/Desktop/Fysik/AppliedML2026/Final_project_data/data/ML_data/NBI/FDM data/Arrivals/Nuuk Arrival_ 219816_OY-GRP_25_07_25_13_16.csv
2025.0,7.0,25.0,21.0,13.0,5.0,0.21999999999999997,/Users/rasmus/Desktop/Fysik/AppliedML2026/Final_project_data/data/ML_data/NBI/FDM data/Arrivals/Nuuk Arrival_ 219833_OY-GRJ_25_07_25_17_21.csv
2025.0,7.0,25.0,21.0,37.0,42.0,0.22999999999999998,/Users/rasmus/Desktop/Fysik/AppliedML2026/Final_project_data/data/ML_data/NBI/FDM data/Arrivals/Nuuk Arrival_ 219835_OY-GRO_25_07_25_38_21.csv
2025.0,7.0,25.0,21.0,25.0,25.0,0.14,/Users/rasmus/Desktop/Fysik/AppliedML2026/Final_project_data/data/ML_data/NBI/FDM data/Arrivals/Nuuk Arrival_ 219836_OY-GRP_25_07_25_25_21.csv
2025.0,7.0,25.0,22.0,29.0,27.0,0.1299999999999999,/Users/rasmus/Desktop/Fysik/AppliedML2026/Final_project_data/data/ML_data/NBI/FDM data/Arrivals/Nuuk Arrival_ 219837_OY-GRM_25_07_25_31_22.csv
2025.0,7.0,26.0,12.0,57.0,40.0,0.17999999999999994,/Users/rasmus/Desktop/Fysik/AppliedML2026/Final_project_data/data/ML_data/NBI/FDM data/Arrivals/Nuuk Arrival_ 219844_OY-GRJ_26_07_25_58_12.csv
2025.0,7.0,26.0,14.0,20.0,33.0,0.17999999999999994,/Users/rasmus/Desktop/Fysik/AppliedML2026/Final_project_data/data/ML_data/NBI/FDM data/Arrivals/Nuuk Arrival_ 219858_OY-GRP_26_07_25_22_14.csv
2025.0,7.0,26.0,14.0,43.0,58.0,0.3500000000000001,/Users/rasmus/Desktop/Fysik/AppliedML2026/Final_project_data/data/ML_data/NBI/FDM data/Arrivals/Nuuk Arrival_ 219859_OY-GRO_26_07_25_45_14.csv
2025.0,7.0,26.0,14.0,8.0,51.0,0.22999999999999998,/Users/rasmus/Desktop/Fysik/AppliedML2026/Final_project_data/data/ML_data/NBI/FDM data/Arrivals/Nuuk Arrival_ 219863_OY-GRM_26_07_25_10_14.csv
2025.0,7.0,26.0,17.0,54.0,35.0,0.20999999999999996,/Users/rasmus/Desktop/Fysik/AppliedML2026/Final_project_data/data/ML_data/NBI/FDM data/Arrivals/Nuuk Arrival_ 219870_OY-GRJ_26_07_25_57_17.csv
2025.0,7.0,26.0,18.0,38.0,10.0,0.18999999999999995,/Users/rasmus/Desktop/Fysik/AppliedML2026/Final_project_data/data/ML_data/NBI/FDM data/Arrivals/Nuuk Arrival_ 219875_OY-GRO_26_07_25_40_18.csv
2025.0,7.0,26.0,18.0,45.0,50.0,0.18999999999999995,/Users/rasmus/Desktop/Fysik/AppliedML2026/Final_project_data/data/ML_data/NBI/FDM data/Arrivals/Nuuk Arrival_ 219876_OY-GRP_26_07_25_46_18.csv
2025.0,7.0,26.0,19.0,21.0,24.0,0.24,/Users/rasmus/Desktop/Fysik/AppliedML2026/Final_project_data/data/ML_data/NBI/FDM data/Arrivals/Nuuk Arrival_ 219877_OY-GRM_26_07_25_23_19.csv
2025.0,7.0,26.0,21.0,42.0,53.0,0.1499999999999999,/Users/rasmus/Desktop/Fysik/AppliedML2026/Final_project_data/data/ML_data/NBI/FDM data/Arrivals/Nuuk Arrival_ 219883_OY-GRJ_26_07_25_43_21.csv
2025.0,7.0,26.0,22.0,25.0,40.0,0.10000000000000009,/Users/rasmus/Desktop/Fysik/AppliedML2026/Final_project_data/data/ML_data/NBI/FDM data/Arrivals/Nuuk Arrival_ 219884_OY-GRP_26_07_25_26_22.csv
2025.0,7.0,27.0,11.0,42.0,52.0,0.18999999999999995,/Users/rasmus/Desktop/Fysik/AppliedML2026/Final_project_data/data/ML_data/NBI/FDM data/Arrivals/Nuuk Arrival_ 219887_OY-GRP_27_07_25_43_11.csv
2025.0,7.0,27.0,13.0,16.0,41.0,0.32999999999999996,/Users/rasmus/Desktop/Fysik/AppliedML2026/Final_project_data/data/ML_data/NBI/FDM data/Arrivals/Nuuk Arrival_ 219890_OY-GRJ_27_07_25_18_13.csv
2025.0,7.0,27.0,17.0,10.0,48.0,0.1499999999999999,/Users/rasmus/Desktop/Fysik/AppliedML2026/Final_project_data/data/ML_data/NBI/FDM data/Arrivals/Nuuk Arrival_ 219896_OY-GRJ_27_07_25_12_17.csv
2025.0,7.0,27.0,16.0,10.0,50.0,0.1299999999999999,/Users/rasmus/Desktop/Fysik/AppliedML2026/Final_project_data/data/ML_data/NBI/FDM data/Arrivals/Nuuk Arrival_ 219897_OY-GRP_27_07_25_11_16.csv
2025.0,7.0,27.0,19.0,4.0,29.0,0.1499999999999999,/Users/rasmus/Desktop/Fysik/AppliedML2026/Final_project_data/data/ML_data/NBI/FDM data/Arrivals/Nuuk Arrival_ 219901_OY-GRP_27_07_25_06_19.csv
2025.0,7.0,27.0,19.0,59.0,59.0,0.24,/Users/rasmus/Desktop/Fysik/AppliedML2026/Final_project_data/data/ML_data/NBI/FDM data/Arrivals/Nuuk Arrival_ 219903_OY-GRO_27_07_25_00_20.csv
2025.0,7.0,28.0,11.0,35.0,4.0,0.1299999999999999,/Users/rasmus/Desktop/Fysik/AppliedML2026/Final_project_data/data/ML_data/NBI/FDM data/Arrivals/Nuuk Arrival_ 219909_OY-GRJ_28_07_25_36_11.csv
2025.0,7.0,28.0,11.0,48.0,48.0,0.1399999999999999,/Users/rasmus/Desktop/Fysik/AppliedML2026/Final_project_data/data/ML_data/NBI/FDM data/Arrivals/Nuuk Arrival_ 219911_OY-GRP_28_07_25_49_11.csv
2025.0,7.0,28.0,12.0,58.0,4.0,0.16999999999999993,/Users/rasmus/Desktop/Fysik/AppliedML2026/Final_project_data/data/ML_data/NBI/FDM data/Arrivals/Nuuk Arrival_ 219915_OY-GRM_28_07_25_01_13.csv
2025.0,7.0,28.0,12.0,24.0,7.0,0.24,/Users/rasmus/Desktop/Fysik/AppliedML2026/Final_project_data/data/ML_data/NBI/FDM data/Arrivals/Nuuk Arrival_ 219916_OY-GRO_28_07_25_25_12.csv
2025.0,7.0,28.0,16.0,53.0,43.0,0.19999999999999996,/Users/rasmus/Desktop/Fysik/AppliedML2026/Final_project_data/data/ML_data/NBI/FDM data/Arrivals/Nuuk Arrival_ 219926_OY-GRM_28_07_25_55_16.csv
2025.0,7.0,28.0,17.0,2.0,48.0,0.4099999999999999,/Users/rasmus/Desktop/Fysik/AppliedML2026/Final_project_data/data/ML_data/NBI/FDM data/Arrivals/Nuuk Arrival_ 219929_OY-GRJ_28_07_25_03_17.csv
2025.0,7.0,28.0,19.0,57.0,24.0,0.25,/Users/rasmus/Desktop/Fysik/AppliedML2026/Final_project_data/data/ML_data/NBI/FDM data/Arrivals/Nuuk Arrival_ 219955_OY-GRO_28_07_25_59_19.csv
2025.0,7.0,28.0,19.0,49.0,55.0,0.10000000000000009,/Users/rasmus/Desktop/Fysik/AppliedML2026/Final_project_data/data/ML_data/NBI/FDM data/Arrivals/Nuuk Arrival_ 219957_OY-GRP_28_07_25_51_19.csv
2025.0,7.0,28.0,22.0,28.0,56.0,0.1399999999999999,/Users/rasmus/Desktop/Fysik/AppliedML2026/Final_project_data/data/ML_data/NBI/FDM data/Arrivals/Nuuk Arrival_ 219960_OY-GRJ_28_07_25_29_22.csv
2025.0,7.0,22.0,14.0,4.0,41.0,0.17999999999999994,/Users/rasmus/Desktop/Fysik/AppliedML2026/Final_project_data/data/ML_data/NBI/FDM data/Arrivals/Nuuk Arrival_ 219962_OY-GRR_22_07_25_53_13.csv
2025.0,7.0,23.0,12.0,10.0,25.0,0.45999999999999996,/Users/rasmus/Desktop/Fysik/AppliedML2026/Final_project_data/data/ML_data/NBI/FDM data/Arrivals/Nuuk Arrival_ 219966_OY-GRR_23_07_25_03_12.csv
2025.0,7.0,23.0,17.0,43.0,22.0,0.20999999999999996,/Users/rasmus/Desktop/Fysik/AppliedML2026/Final_project_data/data/ML_data/NBI/FDM data/Arrivals/Nuuk Arrival_ 219970_OY-GRR_23_07_25_39_17.csv
2025.0,7.0,23.0,22.0,23.0,17.0,0.1100000000000001,/Users/rasmus/Desktop/Fysik/AppliedML2026/Final_project_data/data/ML_data/NBI/FDM data/Arrivals/Nuuk Arrival_ 219973_OY-GRR_23_07_25_14_22.csv
2025.0,7.0,24.0,13.0,25.0,13.0,0.33000000000000007,/Users/rasmus/Desktop/Fysik/AppliedML2026/Final_project_data/data/ML_data/NBI/FDM data/Arrivals/Nuuk Arrival_ 219975_OY-GRR_24_07_25_13_13.csv
2025.0,7.0,24.0,20.0,6.0,1.0,0.15000000000000002,/Users/rasmus/Desktop/Fysik/AppliedML2026/Final_project_data/data/ML_data/NBI/FDM data/Arrivals/Nuuk Arrival_ 219977_OY-GRR_24_07_25_59_19.csv
2025.0,7.0,25.0,13.0,36.0,15.0,0.4099999999999999,/Users/rasmus/Desktop/Fysik/AppliedML2026/Final_project_data/data/ML_data/NBI/FDM data/Arrivals/Nuuk Arrival_ 219979_OY-GRR_25_07_25_19_13.csv
2025.0,7.0,25.0,21.0,44.0,7.0,0.1499999999999999,/Users/rasmus/Desktop/Fysik/AppliedML2026/Final_project_data/data/ML_data/NBI/FDM data/Arrivals/Nuuk Arrival_ 219981_OY-GRR_25_07_25_33_21.csv
2025.0,7.0,26.0,14.0,14.0,58.0,0.39,/Users/rasmus/Desktop/Fysik/AppliedML2026/Final_project_data/data/ML_data/NBI/FDM data/Arrivals/Nuuk Arrival_ 219983_OY-GRR_26_07_25_11_14.csv
2025.0,7.0,26.0,18.0,19.0,40.0,0.1200000000000001,/Users/rasmus/Desktop/Fysik/AppliedML2026/Final_project_data/data/ML_data/NBI/FDM data/Arrivals/Nuuk Arrival_ 219985_OY-GRR_26_07_25_12_18.csv
2025.0,7.0,26.0,22.0,49.0,55.0,0.1499999999999999,/Users/rasmus/Desktop/Fysik/AppliedML2026/Final_project_data/data/ML_data/NBI/FDM data/Arrivals/Nuuk Arrival_ 219988_OY-GRR_26_07_25_44_22.csv
2025.0,7.0,27.0,9.0,18.0,8.0,0.17999999999999994,/Users/rasmus/Desktop/Fysik/AppliedML2026/Final_project_data/data/ML_data/NBI/FDM data/Arrivals/Nuuk Arrival_ 219989_OY-GRR_27_07_25_13_09.csv
2025.0,7.0,27.0,13.0,36.0,44.0,0.10000000000000009,/Users/rasmus/Desktop/Fysik/AppliedML2026/Final_project_data/data/ML_data/NBI/FDM data/Arrivals/Nuuk Arrival_ 219991_OY-GRR_27_07_25_29_13.csv
2025.0,7.0,27.0,18.0,11.0,53.0,0.1100000000000001,/Users/rasmus/Desktop/Fysik/AppliedML2026/Final_project_data/data/ML_data/NBI/FDM data/Arrivals/Nuuk Arrival_ 219993_OY-GRR_27_07_25_04_18.csv
2025.0,7.0,28.0,12.0,5.0,13.0,0.1299999999999999,/Users/rasmus/Desktop/Fysik/AppliedML2026/Final_project_data/data/ML_data/NBI/FDM data/Arrivals/Nuuk Arrival_ 219996_OY-GRR_28_07_25_59_11.csv
2025.0,7.0,28.0,15.0,9.0,0.0,0.13,/Users/rasmus/Desktop/Fysik/AppliedML2026/Final_project_data/data/ML_data/NBI/FDM data/Arrivals/Nuuk Arrival_ 219998_OY-GRR_28_07_25_03_15.csv
2025.0,7.0,28.0,21.0,12.0,4.0,0.1200000000000001,/Users/rasmus/Desktop/Fysik/AppliedML2026/Final_project_data/data/ML_data/NBI/FDM data/Arrivals/Nuuk Arrival_ 220002_OY-GRR_28_07_25_05_21.csv
2025.0,7.0,29.0,10.0,45.0,19.0,0.15999999999999992,/Users/rasmus/Desktop/Fysik/AppliedML2026/Final_project_data/data/ML_data/NBI/FDM data/Arrivals/Nuuk Arrival_ 220006_OY-GRP_29_07_25_47_10.csv
2025.0,7.0,29.0,14.0,16.0,0.0,0.21999999999999997,/Users/rasmus/Desktop/Fysik/AppliedML2026/Final_project_data/data/ML_data/NBI/FDM data/Arrivals/Nuuk Arrival_ 220013_OY-GRM_29_07_25_18_14.csv
2025.0,7.0,29.0,13.0,58.0,50.0,0.16999999999999993,/Users/rasmus/Desktop/Fysik/AppliedML2026/Final_project_data/data/ML_data/NBI/FDM data/Arrivals/Nuuk Arrival_ 220023_OY-GRP_29_07_25_59_13.csv
2025.0,7.0,29.0,18.0,14.0,28.0,0.19999999999999996,/Users/rasmus/Desktop/Fysik/AppliedML2026/Final_project_data/data/ML_data/NBI/FDM data/Arrivals/Nuuk Arrival_ 220028_OY-GRP_29_07_25_16_18.csv
2025.0,7.0,29.0,15.0,28.0,4.0,0.35,/Users/rasmus/Desktop/Fysik/AppliedML2026/Final_project_data/data/ML_data/NBI/FDM data/Arrivals/Nuuk Arrival_ 220029_OY-GRJ_29_07_25_31_15.csv
2025.0,7.0,29.0,19.0,4.0,39.0,0.26,/Users/rasmus/Desktop/Fysik/AppliedML2026/Final_project_data/data/ML_data/NBI/FDM data/Arrivals/Nuuk Arrival_ 220031_OY-GRJ_29_07_25_10_19.csv
2025.0,7.0,29.0,19.0,53.0,56.0,0.18000000000000005,/Users/rasmus/Desktop/Fysik/AppliedML2026/Final_project_data/data/ML_data/NBI/FDM data/Arrivals/Nuuk Arrival_ 220042_OY-GRM_29_07_25_55_19.csv
2025.0,7.0,29.0,22.0,20.0,33.0,0.19999999999999996,/Users/rasmus/Desktop/Fysik/AppliedML2026/Final_project_data/data/ML_data/NBI/FDM data/Arrivals/Nuuk Arrival_ 220049_OY-GRO_29_07_25_21_22.csv
2025.0,7.0,29.0,22.0,36.0,31.0,0.22999999999999998,/Users/rasmus/Desktop/Fysik/AppliedML2026/Final_project_data/data/ML_data/NBI/FDM data/Arrivals/Nuuk Arrival_ 220050_OY-GRP_29_07_25_38_22.csv
2025.0,7.0,29.0,23.0,24.0,17.0,0.19999999999999996,/Users/rasmus/Desktop/Fysik/AppliedML2026/Final_project_data/data/ML_data/NBI/FDM data/Arrivals/Nuuk Arrival_ 220051_OY-GRJ_29_07_25_26_23.csv
2025.0,7.0,30.0,14.0,38.0,2.0,0.17999999999999994,/Users/rasmus/Desktop/Fysik/AppliedML2026/Final_project_data/data/ML_data/NBI/FDM data/Arrivals/Nuuk Arrival_ 220061_OY-GRO_30_07_25_40_14.csv
2025.0,7.0,30.0,17.0,31.0,59.0,0.15999999999999992,/Users/rasmus/Desktop/Fysik/AppliedML2026/Final_project_data/data/ML_data/NBI/FDM data/Arrivals/Nuuk Arrival_ 220066_OY-GRJ_30_07_25_32_17.csv
2025.0,7.0,30.0,19.0,10.0,5.0,0.1499999999999999,/Users/rasmus/Desktop/Fysik/AppliedML2026/Final_project_data/data/ML_data/NBI/FDM data/Arrivals/Nuuk Arrival_ 220073_OY-GRM_30_07_25_12_19.csv
2025.0,7.0,30.0,15.0,19.0,56.0,0.14,/Users/rasmus/Desktop/Fysik/AppliedML2026/Final_project_data/data/ML_data/NBI/FDM data/Arrivals/Nuuk Arrival_ 220077_OY-GRP_30_07_25_20_15.csv
2025.0,7.0,30.0,21.0,46.0,2.0,0.19999999999999996,/Users/rasmus/Desktop/Fysik/AppliedML2026/Final_project_data/data/ML_data/NBI/FDM data/Arrivals/Nuuk Arrival_ 220091_OY-GRO_30_07_25_49_21.csv
2025.0,7.0,30.0,22.0,3.0,12.0,0.15999999999999992,/Users/rasmus/Desktop/Fysik/AppliedML2026/Final_project_data/data/ML_data/NBI/FDM data/Arrivals/Nuuk Arrival_ 220092_OY-GRJ_30_07_25_05_22.csv
2025.0,7.0,31.0,11.0,45.0,36.0,0.1399999999999999,/Users/rasmus/Desktop/Fysik/AppliedML2026/Final_project_data/data/ML_data/NBI/FDM data/Arrivals/Nuuk Arrival_ 220098_OY-GRM_31_07_25_46_11.csv
2025.0,7.0,31.0,14.0,14.0,23.0,0.3799999999999999,/Users/rasmus/Desktop/Fysik/AppliedML2026/Final_project_data/data/ML_data/NBI/FDM data/Arrivals/Nuuk Arrival_ 220109_OY-GRO_31_07_25_16_14.csv
2025.0,7.0,31.0,15.0,19.0,59.0,0.17999999999999994,/Users/rasmus/Desktop/Fysik/AppliedML2026/Final_project_data/data/ML_data/NBI/FDM data/Arrivals/Nuuk Arrival_ 220110_OY-GRJ_31_07_25_21_15.csv
2025.0,7.0,31.0,15.0,28.0,24.0,0.19999999999999996,/Users/rasmus/Desktop/Fysik/AppliedML2026/Final_project_data/data/ML_data/NBI/FDM data/Arrivals/Nuuk Arrival_ 220111_OY-GRM_31_07_25_30_15.csv
2025.0,7.0,31.0,19.0,50.0,32.0,0.12,/Users/rasmus/Desktop/Fysik/AppliedML2026/Final_project_data/data/ML_data/NBI/FDM data/Arrivals/Nuuk Arrival_ 220122_OY-GRM_31_07_25_52_19.csv
2025.0,7.0,31.0,21.0,55.0,45.0,0.16999999999999993,/Users/rasmus/Desktop/Fysik/AppliedML2026/Final_project_data/data/ML_data/NBI/FDM data/Arrivals/Nuuk Arrival_ 220139_OY-GRO_31_07_25_56_21.csv
2025.0,8.0,1.0,12.0,11.0,13.0,0.27,/Users/rasmus/Desktop/Fysik/AppliedML2026/Final_project_data/data/ML_data/NBI/FDM data/Arrivals/Nuuk Arrival_ 220149_OY-GRO_01_08_25_14_12.csv
2025.0,8.0,1.0,12.0,17.0,51.0,0.17999999999999994,/Users/rasmus/Desktop/Fysik/AppliedML2026/Final_project_data/data/ML_data/NBI/FDM data/Arrivals/Nuuk Arrival_ 220150_OY-GRP_01_08_25_20_12.csv
2025.0,8.0,1.0,12.0,13.0,22.0,0.17999999999999994,/Users/rasmus/Desktop/Fysik/AppliedML2026/Final_project_data/data/ML_data/NBI/FDM data/Arrivals/Nuuk Arrival_ 220151_OY-GRJ_01_08_25_16_12.csv
2025.0,8.0,1.0,12.0,27.0,16.0,0.1200000000000001,/Users/rasmus/Desktop/Fysik/AppliedML2026/Final_project_data/data/ML_data/NBI/FDM data/Arrivals/Nuuk Arrival_ 220152_OY-GRM_01_08_25_29_12.csv
2025.0,8.0,1.0,16.0,34.0,0.0,0.1399999999999999,/Users/rasmus/Desktop/Fysik/AppliedML2026/Final_project_data/data/ML_data/NBI/FDM data/Arrivals/Nuuk Arrival_ 220159_OY-GRJ_01_08_25_35_16.csv
2025.0,8.0,1.0,17.0,24.0,59.0,0.30000000000000004,/Users/rasmus/Desktop/Fysik/AppliedML2026/Final_project_data/data/ML_data/NBI/FDM data/Arrivals/Nuuk Arrival_ 220161_OY-GRO_01_08_25_26_17.csv
2025.0,8.0,1.0,20.0,30.0,3.0,0.29000000000000004,/Users/rasmus/Desktop/Fysik/AppliedML2026/Final_project_data/data/ML_data/NBI/FDM data/Arrivals/Nuuk Arrival_ 220184_OY-GRJ_01_08_25_32_20.csv
2025.0,8.0,1.0,20.0,46.0,17.0,0.21999999999999997,/Users/rasmus/Desktop/Fysik/AppliedML2026/Final_project_data/data/ML_data/NBI/FDM data/Arrivals/Nuuk Arrival_ 220185_OY-GRM_01_08_25_47_20.csv
2025.0,8.0,2.0,13.0,43.0,9.0,0.18999999999999995,/Users/rasmus/Desktop/Fysik/AppliedML2026/Final_project_data/data/ML_data/NBI/FDM data/Arrivals/Nuuk Arrival_ 220205_OY-GRJ_02_08_25_44_13.csv
2025.0,8.0,2.0,14.0,14.0,36.0,0.3700000000000001,/Users/rasmus/Desktop/Fysik/AppliedML2026/Final_project_data/data/ML_data/NBI/FDM data/Arrivals/Nuuk Arrival_ 220208_OY-GRO_02_08_25_16_14.csv
2025.0,8.0,2.0,14.0,27.0,7.0,0.20999999999999996,/Users/rasmus/Desktop/Fysik/AppliedML2026/Final_project_data/data/ML_data/NBI/FDM data/Arrivals/Nuuk Arrival_ 220209_OY-GRM_02_08_25_29_14.csv
2025.0,8.0,2.0,14.0,47.0,36.0,0.26,/Users/rasmus/Desktop/Fysik/AppliedML2026/Final_project_data/data/ML_data/NBI/FDM data/Arrivals/Nuuk Arrival_ 220211_OY-GRP_02_08_25_51_14.csv
2025.0,8.0,2.0,18.0,21.0,29.0,0.21999999999999997,/Users/rasmus/Desktop/Fysik/AppliedML2026/Final_project_data/data/ML_data/NBI/FDM data/Arrivals/Nuuk Arrival_ 220225_OY-GRO_02_08_25_23_18.csv
2025.0,8.0,2.0,19.0,4.0,45.0,0.1499999999999999,/Users/rasmus/Desktop/Fysik/AppliedML2026/Final_project_data/data/ML_data/NBI/FDM data/Arrivals/Nuuk Arrival_ 220242_OY-GRM_02_08_25_05_19.csv
2025.0,8.0,2.0,19.0,56.0,33.0,0.15999999999999992,/Users/rasmus/Desktop/Fysik/AppliedML2026/Final_project_data/data/ML_data/NBI/FDM data/Arrivals/Nuuk Arrival_ 220243_OY-GRP_02_08_25_57_19.csv
2025.0,8.0,2.0,20.0,12.0,55.0,0.22999999999999998,/Users/rasmus/Desktop/Fysik/AppliedML2026/Final_project_data/data/ML_data/NBI/FDM data/Arrivals/Nuuk Arrival_ 220245_OY-GRJ_02_08_25_14_20.csv
2025.0,8.0,2.0,22.0,24.0,44.0,0.19999999999999996,/Users/rasmus/Desktop/Fysik/AppliedML2026/Final_project_data/data/ML_data/NBI/FDM data/Arrivals/Nuuk Arrival_ 220248_OY-GRO_02_08_25_25_22.csv
2025.0,8.0,3.0,14.0,44.0,3.0,0.19999999999999996,/Users/rasmus/Desktop/Fysik/AppliedML2026/Final_project_data/data/ML_data/NBI/FDM data/Arrivals/Nuuk Arrival_ 220259_OY-GRO_03_08_25_46_14.csv
2025.0,8.0,3.0,18.0,12.0,59.0,0.14,/Users/rasmus/Desktop/Fysik/AppliedML2026/Final_project_data/data/ML_data/NBI/FDM data/Arrivals/Nuuk Arrival_ 220263_OY-GRJ_03_08_25_13_18.csv
2025.0,8.0,3.0,19.0,41.0,5.0,0.15000000000000002,/Users/rasmus/Desktop/Fysik/AppliedML2026/Final_project_data/data/ML_data/NBI/FDM data/Arrivals/Nuuk Arrival_ 220266_OY-GRP_03_08_25_43_19.csv
2025.0,8.0,3.0,18.0,42.0,46.0,0.20999999999999996,/Users/rasmus/Desktop/Fysik/AppliedML2026/Final_project_data/data/ML_data/NBI/FDM data/Arrivals/Nuuk Arrival_ 220267_OY-GRO_03_08_25_43_18.csv
2025.0,8.0,3.0,19.0,50.0,21.0,0.24,/Users/rasmus/Desktop/Fysik/AppliedML2026/Final_project_data/data/ML_data/NBI/FDM data/Arrivals/Nuuk Arrival_ 220268_OY-GRM_03_08_25_51_19.csv
2025.0,8.0,4.0,11.0,28.0,50.0,0.16999999999999993,/Users/rasmus/Desktop/Fysik/AppliedML2026/Final_project_data/data/ML_data/NBI/FDM data/Arrivals/Nuuk Arrival_ 220274_OY-GRO_04_08_25_29_11.csv
2025.0,8.0,4.0,11.0,51.0,45.0,0.1299999999999999,/Users/rasmus/Desktop/Fysik/AppliedML2026/Final_project_data/data/ML_data/NBI/FDM data/Arrivals/Nuuk Arrival_ 220276_OY-GRJ_04_08_25_52_11.csv
2025.0,8.0,4.0,12.0,12.0,34.0,0.09000000000000008,/Users/rasmus/Desktop/Fysik/AppliedML2026/Final_project_data/data/ML_data/NBI/FDM data/Arrivals/Nuuk Arrival_ 220279_OY-GRP_04_08_25_13_12.csv
2025.0,8.0,4.0,12.0,18.0,33.0,0.19999999999999996,/Users/rasmus/Desktop/Fysik/AppliedML2026/Final_project_data/data/ML_data/NBI/FDM data/Arrivals/Nuuk Arrival_ 220281_OY-GRM_04_08_25_20_12.csv
2025.0,8.0,4.0,15.0,18.0,43.0,0.33000000000000007,/Users/rasmus/Desktop/Fysik/AppliedML2026/Final_project_data/data/ML_data/NBI/FDM data/Arrivals/Nuuk Arrival_ 220284_OY-GRM_04_08_25_20_15.csv
2025.0,8.0,4.0,18.0,17.0,3.0,0.08000000000000007,/Users/rasmus/Desktop/Fysik/AppliedML2026/Final_project_data/data/ML_data/NBI/FDM data/Arrivals/Nuuk Arrival_ 220293_OY-GRM_04_08_25_19_18.csv
2025.0,8.0,4.0,16.0,49.0,11.0,0.1299999999999999,/Users/rasmus/Desktop/Fysik/AppliedML2026/Final_project_data/data/ML_data/NBI/FDM data/Arrivals/Nuuk Arrival_ 220295_OY-GRJ_04_08_25_51_16.csv
2025.0,8.0,4.0,20.0,39.0,0.0,0.1100000000000001,/Users/rasmus/Desktop/Fysik/AppliedML2026/Final_project_data/data/ML_data/NBI/FDM data/Arrivals/Nuuk Arrival_ 220310_OY-GRJ_04_08_25_40_20.csv
2025.0,8.0,4.0,20.0,46.0,1.0,0.17999999999999994,/Users/rasmus/Desktop/Fysik/AppliedML2026/Final_project_data/data/ML_data/NBI/FDM data/Arrivals/Nuuk Arrival_ 220311_OY-GRM_04_08_25_47_20.csv
2025.0,8.0,4.0,21.0,0.0,26.0,0.41999999999999993,/Users/rasmus/Desktop/Fysik/AppliedML2026/Final_project_data/data/ML_data/NBI/FDM data/Arrivals/Nuuk Arrival_ 220314_OY-GRP_04_08_25_03_21.csv
2025.0,8.0,4.0,23.0,58.0,18.0,0.16999999999999993,/Users/rasmus/Desktop/Fysik/AppliedML2026/Final_project_data/data/ML_data/NBI/FDM data/Arrivals/Nuuk Arrival_ 220316_OY-GRO_05_08_25_00_00.csv
2025.0,7.0,29.0,13.0,54.0,31.0,0.3899999999999999,/Users/rasmus/Desktop/Fysik/AppliedML2026/Final_project_data/data/ML_data/NBI/FDM data/Arrivals/Nuuk Arrival_ 220318_OY-GRR_29_07_25_39_13.csv
2025.0,7.0,30.0,22.0,13.0,1.0,0.20999999999999996,/Users/rasmus/Desktop/Fysik/AppliedML2026/Final_project_data/data/ML_data/NBI/FDM data/Arrivals/Nuuk Arrival_ 220322_OY-GRR_30_07_25_07_22.csv
2025.0,7.0,31.0,13.0,50.0,9.0,0.14,/Users/rasmus/Desktop/Fysik/AppliedML2026/Final_project_data/data/ML_data/NBI/FDM data/Arrivals/Nuuk Arrival_ 220324_OY-GRR_31_07_25_39_13.csv
2025.0,7.0,31.0,18.0,6.0,23.0,0.24,/Users/rasmus/Desktop/Fysik/AppliedML2026/Final_project_data/data/ML_data/NBI/FDM data/Arrivals/Nuuk Arrival_ 220326_OY-GRR_31_07_25_58_17.csv
2025.0,7.0,31.0,22.0,1.0,58.0,0.4,/Users/rasmus/Desktop/Fysik/AppliedML2026/Final_project_data/data/ML_data/NBI/FDM data/Arrivals/Nuuk Arrival_ 220328_OY-GRR_31_07_25_53_21.csv
2025.0,8.0,1.0,11.0,44.0,42.0,0.32000000000000006,/Users/rasmus/Desktop/Fysik/AppliedML2026/Final_project_data/data/ML_data/NBI/FDM data/Arrivals/Nuuk Arrival_ 220330_OY-GRR_01_08_25_38_11.csv
2025.0,8.0,1.0,16.0,27.0,7.0,0.17999999999999994,/Users/rasmus/Desktop/Fysik/AppliedML2026/Final_project_data/data/ML_data/NBI/FDM data/Arrivals/Nuuk Arrival_ 220332_OY-GRR_01_08_25_15_16.csv
2025.0,8.0,1.0,22.0,24.0,18.0,0.10000000000000009,/Users/rasmus/Desktop/Fysik/AppliedML2026/Final_project_data/data/ML_data/NBI/FDM data/Arrivals/Nuuk Arrival_ 220337_OY-GRR_01_08_25_19_22.csv
2025.0,8.0,2.0,14.0,7.0,52.0,0.17999999999999994,/Users/rasmus/Desktop/Fysik/AppliedML2026/Final_project_data/data/ML_data/NBI/FDM data/Arrivals/Nuuk Arrival_ 220340_OY-GRR_02_08_25_55_13.csv
2025.0,8.0,2.0,17.0,48.0,8.0,0.1499999999999999,/Users/rasmus/Desktop/Fysik/AppliedML2026/Final_project_data/data/ML_data/NBI/FDM data/Arrivals/Nuuk Arrival_ 220342_OY-GRR_02_08_25_41_17.csv
2025.0,8.0,2.0,21.0,57.0,31.0,0.10000000000000009,/Users/rasmus/Desktop/Fysik/AppliedML2026/Final_project_data/data/ML_data/NBI/FDM data/Arrivals/Nuuk Arrival_ 220344_OY-GRR_02_08_25_51_21.csv
2025.0,8.0,3.0,13.0,51.0,20.0,0.28,/Users/rasmus/Desktop/Fysik/AppliedML2026/Final_project_data/data/ML_data/NBI/FDM data/Arrivals/Nuuk Arrival_ 220346_OY-GRR_03_08_25_40_13.csv
2025.0,8.0,3.0,18.0,14.0,56.0,0.21999999999999997,/Users/rasmus/Desktop/Fysik/AppliedML2026/Final_project_data/data/ML_data/NBI/FDM data/Arrivals/Nuuk Arrival_ 220348_OY-GRR_03_08_25_08_18.csv
2025.0,8.0,4.0,14.0,16.0,2.0,0.18999999999999995,/Users/rasmus/Desktop/Fysik/AppliedML2026/Final_project_data/data/ML_data/NBI/FDM data/Arrivals/Nuuk Arrival_ 220350_OY-GRR_04_08_25_43_13.csv
2025.0,8.0,4.0,17.0,51.0,29.0,0.16000000000000003,/Users/rasmus/Desktop/Fysik/AppliedML2026/Final_project_data/data/ML_data/NBI/FDM data/Arrivals/Nuuk Arrival_ 220352_OY-GRR_04_08_25_42_17.csv
2025.0,8.0,4.0,23.0,10.0,25.0,0.3700000000000001,/Users/rasmus/Desktop/Fysik/AppliedML2026/Final_project_data/data/ML_data/NBI/FDM data/Arrivals/Nuuk Arrival_ 220356_OY-GRR_04_08_25_05_23.csv
2025.0,8.0,5.0,13.0,20.0,35.0,0.25,/Users/rasmus/Desktop/Fysik/AppliedML2026/Final_project_data/data/ML_data/NBI/FDM data/Arrivals/Nuuk Arrival_ 220367_OY-GRO_05_08_25_22_13.csv
2025.0,8.0,5.0,14.0,34.0,31.0,0.18999999999999995,/Users/rasmus/Desktop/Fysik/AppliedML2026/Final_project_data/data/ML_data/NBI/FDM data/Arrivals/Nuuk Arrival_ 220376_OY-GRP_05_08_25_36_14.csv
2025.0,8.0,5.0,15.0,2.0,0.0,0.20999999999999996,/Users/rasmus/Desktop/Fysik/AppliedML2026/Final_project_data/data/ML_data/NBI/FDM data/Arrivals/Nuuk Arrival_ 220378_OY-GRM_05_08_25_04_15.csv
2025.0,8.0,5.0,19.0,59.0,1.0,0.22999999999999998,/Users/rasmus/Desktop/Fysik/AppliedML2026/Final_project_data/data/ML_data/NBI/FDM data/Arrivals/Nuuk Arrival_ 220397_OY-GRJ_05_08_25_01_20.csv
2025.0,8.0,5.0,18.0,2.0,35.0,0.24,/Users/rasmus/Desktop/Fysik/AppliedML2026/Final_project_data/data/ML_data/NBI/FDM data/Arrivals/Nuuk Arrival_ 220398_OY-GRO_05_08_25_04_18.csv
2025.0,8.0,5.0,20.0,10.0,46.0,0.16999999999999993,/Users/rasmus/Desktop/Fysik/AppliedML2026/Final_project_data/data/ML_data/NBI/FDM data/Arrivals/Nuuk Arrival_ 220400_OY-GRM_05_08_25_11_20.csv
2025.0,8.0,5.0,20.0,13.0,53.0,0.21999999999999997,/Users/rasmus/Desktop/Fysik/AppliedML2026/Final_project_data/data/ML_data/NBI/FDM data/Arrivals/Nuuk Arrival_ 220401_OY-GRP_05_08_25_15_20.csv
2025.0,8.0,5.0,21.0,48.0,22.0,0.26,/Users/rasmus/Desktop/Fysik/AppliedML2026/Final_project_data/data/ML_data/NBI/FDM data/Arrivals/Nuuk Arrival_ 220410_OY-GRO_05_08_25_50_21.csv
2025.0,8.0,5.0,23.0,14.0,21.0,0.21999999999999997,/Users/rasmus/Desktop/Fysik/AppliedML2026/Final_project_data/data/ML_data/NBI/FDM data/Arrivals/Nuuk Arrival_ 220412_OY-GRP_05_08_25_15_23.csv
2025.0,8.0,6.0,12.0,11.0,57.0,0.1299999999999999,/Users/rasmus/Desktop/Fysik/AppliedML2026/Final_project_data/data/ML_data/NBI/FDM data/Arrivals/Nuuk Arrival_ 220417_OY-GRJ_06_08_25_12_12.csv
2025.0,8.0,6.0,11.0,54.0,12.0,0.33000000000000007,/Users/rasmus/Desktop/Fysik/AppliedML2026/Final_project_data/data/ML_data/NBI/FDM data/Arrivals/Nuuk Arrival_ 220420_OY-GRO_06_08_25_56_11.csv
2025.0,8.0,6.0,13.0,28.0,31.0,0.1399999999999999,/Users/rasmus/Desktop/Fysik/AppliedML2026/Final_project_data/data/ML_data/NBI/FDM data/Arrivals/Nuuk Arrival_ 220423_OY-GRM_06_08_25_29_13.csv
2025.0,8.0,6.0,15.0,38.0,6.0,0.1499999999999999,/Users/rasmus/Desktop/Fysik/AppliedML2026/Final_project_data/data/ML_data/NBI/FDM data/Arrivals/Nuuk Arrival_ 220441_OY-GRP_06_08_25_39_15.csv
2025.0,8.0,6.0,21.0,27.0,19.0,0.16999999999999993,/Users/rasmus/Desktop/Fysik/AppliedML2026/Final_project_data/data/ML_data/NBI/FDM data/Arrivals/Nuuk Arrival_ 220457_OY-GRJ_06_08_25_30_21.csv
2025.0,8.0,6.0,17.0,42.0,11.0,0.1499999999999999,/Users/rasmus/Desktop/Fysik/AppliedML2026/Final_project_data/data/ML_data/NBI/FDM data/Arrivals/Nuuk Arrival_ 220460_OY-GRM_06_08_25_44_17.csv
2025.0,8.0,6.0,22.0,6.0,22.0,0.1499999999999999,/Users/rasmus/Desktop/Fysik/AppliedML2026/Final_project_data/data/ML_data/NBI/FDM data/Arrivals/Nuuk Arrival_ 220462_OY-GRM_06_08_25_08_22.csv
2025.0,8.0,7.0,11.0,32.0,26.0,0.10999999999999999,/Users/rasmus/Desktop/Fysik/AppliedML2026/Final_project_data/data/ML_data/NBI/FDM data/Arrivals/Nuuk Arrival_ 220466_OY-GRM_07_08_25_34_11.csv
2025.0,8.0,7.0,14.0,52.0,56.0,0.1399999999999999,/Users/rasmus/Desktop/Fysik/AppliedML2026/Final_project_data/data/ML_data/NBI/FDM data/Arrivals/Nuuk Arrival_ 220476_OY-GRP_07_08_25_53_14.csv
2025.0,8.0,7.0,19.0,9.0,59.0,0.1299999999999999,/Users/rasmus/Desktop/Fysik/AppliedML2026/Final_project_data/data/ML_data/NBI/FDM data/Arrivals/Nuuk Arrival_ 220507_OY-GRJ_07_08_25_11_19.csv
2025.0,8.0,7.0,20.0,26.0,15.0,0.10000000000000009,/Users/rasmus/Desktop/Fysik/AppliedML2026/Final_project_data/data/ML_data/NBI/FDM data/Arrivals/Nuuk Arrival_ 220519_OY-GRM_07_08_25_28_20.csv
2025.0,8.0,7.0,22.0,28.0,18.0,0.1399999999999999,/Users/rasmus/Desktop/Fysik/AppliedML2026/Final_project_data/data/ML_data/NBI/FDM data/Arrivals/Nuuk Arrival_ 220538_OY-GRP_07_08_25_30_22.csv
2025.0,8.0,7.0,23.0,12.0,7.0,0.15999999999999992,/Users/rasmus/Desktop/Fysik/AppliedML2026/Final_project_data/data/ML_data/NBI/FDM data/Arrivals/Nuuk Arrival_ 220540_OY-GRJ_07_08_25_14_23.csv
2025.0,8.0,8.0,12.0,25.0,27.0,0.42999999999999994,/Users/rasmus/Desktop/Fysik/AppliedML2026/Final_project_data/data/ML_data/NBI/FDM data/Arrivals/Nuuk Arrival_ 220547_OY-GRJ_08_08_25_27_12.csv
2025.0,8.0,8.0,12.0,33.0,57.0,0.27,/Users/rasmus/Desktop/Fysik/AppliedML2026/Final_project_data/data/ML_data/NBI/FDM data/Arrivals/Nuuk Arrival_ 220549_OY-GRP_08_08_25_35_12.csv
2025.0,8.0,8.0,16.0,26.0,3.0,0.3799999999999999,/Users/rasmus/Desktop/Fysik/AppliedML2026/Final_project_data/data/ML_data/NBI/FDM data/Arrivals/Nuuk Arrival_ 220560_OY-GRM_08_08_25_28_16.csv
2025.0,8.0,8.0,18.0,2.0,39.0,0.33000000000000007,/Users/rasmus/Desktop/Fysik/AppliedML2026/Final_project_data/data/ML_data/NBI/FDM data/Arrivals/Nuuk Arrival_ 220567_OY-GRJ_08_08_25_03_18.csv
2025.0,8.0,8.0,20.0,55.0,44.0,0.1200000000000001,/Users/rasmus/Desktop/Fysik/AppliedML2026/Final_project_data/data/ML_data/NBI/FDM data/Arrivals/Nuuk Arrival_ 220615_OY-GRM_08_08_25_56_20.csv
2025.0,8.0,8.0,22.0,53.0,26.0,0.18999999999999995,/Users/rasmus/Desktop/Fysik/AppliedML2026/Final_project_data/data/ML_data/NBI/FDM data/Arrivals/Nuuk Arrival_ 220619_OY-GRJ_08_08_25_55_22.csv
2025.0,8.0,9.0,13.0,34.0,25.0,0.26,/Users/rasmus/Desktop/Fysik/AppliedML2026/Final_project_data/data/ML_data/NBI/FDM data/Arrivals/Nuuk Arrival_ 220628_OY-GRM_09_08_25_37_13.csv
2025.0,8.0,9.0,15.0,0.0,25.0,0.21999999999999997,/Users/rasmus/Desktop/Fysik/AppliedML2026/Final_project_data/data/ML_data/NBI/FDM data/Arrivals/Nuuk Arrival_ 220633_OY-GRH_09_08_25_02_15.csv
2025.0,8.0,9.0,16.0,58.0,58.0,0.1299999999999999,/Users/rasmus/Desktop/Fysik/AppliedML2026/Final_project_data/data/ML_data/NBI/FDM data/Arrivals/Nuuk Arrival_ 220651_OY-GRM_09_08_25_00_17.csv
2025.0,8.0,9.0,19.0,12.0,11.0,0.1499999999999999,/Users/rasmus/Desktop/Fysik/AppliedML2026/Final_project_data/data/ML_data/NBI/FDM data/Arrivals/Nuuk Arrival_ 220663_OY-GRH_09_08_25_13_19.csv
2025.0,8.0,9.0,21.0,33.0,15.0,0.1399999999999999,/Users/rasmus/Desktop/Fysik/AppliedML2026/Final_project_data/data/ML_data/NBI/FDM data/Arrivals/Nuuk Arrival_ 220667_OY-GRM_09_08_25_36_21.csv
2025.0,8.0,9.0,20.0,38.0,18.0,0.16999999999999993,/Users/rasmus/Desktop/Fysik/AppliedML2026/Final_project_data/data/ML_data/NBI/FDM data/Arrivals/Nuuk Arrival_ 220668_OY-GRJ_09_08_25_46_20.csv
2025.0,8.0,9.0,22.0,25.0,5.0,0.10000000000000009,/Users/rasmus/Desktop/Fysik/AppliedML2026/Final_project_data/data/ML_data/NBI/FDM data/Arrivals/Nuuk Arrival_ 220669_OY-GRP_09_08_25_27_22.csv
2025.0,8.0,10.0,12.0,44.0,26.0,0.1299999999999999,/Users/rasmus/Desktop/Fysik/AppliedML2026/Final_project_data/data/ML_data/NBI/FDM data/Arrivals/Nuuk Arrival_ 220677_OY-GRP_10_08_25_46_12.csv
2025.0,8.0,10.0,15.0,43.0,17.0,0.1399999999999999,/Users/rasmus/Desktop/Fysik/AppliedML2026/Final_project_data/data/ML_data/NBI/FDM data/Arrivals/Nuuk Arrival_ 220682_OY-GRJ_10_08_25_45_15.csv
2025.0,8.0,10.0,17.0,17.0,28.0,0.1100000000000001,/Users/rasmus/Desktop/Fysik/AppliedML2026/Final_project_data/data/ML_data/NBI/FDM data/Arrivals/Nuuk Arrival_ 220684_OY-GRM_10_08_25_19_17.csv
2025.0,8.0,10.0,18.0,3.0,39.0,0.17999999999999994,/Users/rasmus/Desktop/Fysik/AppliedML2026/Final_project_data/data/ML_data/NBI/FDM data/Arrivals/Nuuk Arrival_ 220686_OY-GRP_10_08_25_04_18.csv
2025.0,8.0,10.0,12.0,19.0,55.0,0.18999999999999995,/Users/rasmus/Desktop/Fysik/AppliedML2026/Final_project_data/data/ML_data/NBI/FDM data/Arrivals/Nuuk Arrival_ 220687_OY-GRH_10_08_25_21_12.csv
2025.0,8.0,10.0,18.0,6.0,29.0,0.19999999999999996,/Users/rasmus/Desktop/Fysik/AppliedML2026/Final_project_data/data/ML_data/NBI/FDM data/Arrivals/Nuuk Arrival_ 220689_OY-GRH_10_08_25_08_18.csv
2025.0,8.0,10.0,19.0,57.0,15.0,0.24,/Users/rasmus/Desktop/Fysik/AppliedML2026/Final_project_data/data/ML_data/NBI/FDM data/Arrivals/Nuuk Arrival_ 220693_OY-GRJ_10_08_25_59_19.csv
2025.0,8.0,11.0,12.0,3.0,15.0,0.1399999999999999,/Users/rasmus/Desktop/Fysik/AppliedML2026/Final_project_data/data/ML_data/NBI/FDM data/Arrivals/Nuuk Arrival_ 220699_OY-GRM_11_08_25_05_12.csv
2025.0,8.0,11.0,12.0,28.0,26.0,0.1299999999999999,/Users/rasmus/Desktop/Fysik/AppliedML2026/Final_project_data/data/ML_data/NBI/FDM data/Arrivals/Nuuk Arrival_ 220700_OY-GRJ_11_08_25_30_12.csv
2025.0,8.0,11.0,13.0,16.0,36.0,0.18000000000000005,/Users/rasmus/Desktop/Fysik/AppliedML2026/Final_project_data/data/ML_data/NBI/FDM data/Arrivals/Nuuk Arrival_ 220701_OY-GRP_11_08_25_17_13.csv
2025.0,8.0,11.0,16.0,58.0,32.0,0.22999999999999998,/Users/rasmus/Desktop/Fysik/AppliedML2026/Final_project_data/data/ML_data/NBI/FDM data/Arrivals/Nuuk Arrival_ 220710_OY-GRH_11_08_25_00_17.csv
2025.0,8.0,11.0,19.0,52.0,25.0,0.18999999999999995,/Users/rasmus/Desktop/Fysik/AppliedML2026/Final_project_data/data/ML_data/NBI/FDM data/Arrivals/Nuuk Arrival_ 220727_OY-GRJ_11_08_25_54_19.csv
2025.0,8.0,11.0,23.0,33.0,10.0,0.18999999999999995,/Users/rasmus/Desktop/Fysik/AppliedML2026/Final_project_data/data/ML_data/NBI/FDM data/Arrivals/Nuuk Arrival_ 220741_OY-GRP_11_08_25_34_23.csv
2025.0,8.0,11.0,23.0,40.0,28.0,0.18999999999999995,/Users/rasmus/Desktop/Fysik/AppliedML2026/Final_project_data/data/ML_data/NBI/FDM data/Arrivals/Nuuk Arrival_ 220742_OY-GRJ_11_08_25_42_23.csv
2025.0,8.0,11.0,23.0,43.0,0.0,0.09000000000000008,/Users/rasmus/Desktop/Fysik/AppliedML2026/Final_project_data/data/ML_data/NBI/FDM data/Arrivals/Nuuk Arrival_ 220743_OY-GRH_11_08_25_44_23.csv
2025.0,8.0,11.0,23.0,28.0,4.0,0.3400000000000001,/Users/rasmus/Desktop/Fysik/AppliedML2026/Final_project_data/data/ML_data/NBI/FDM data/Arrivals/Nuuk Arrival_ 220744_OY-GRM_11_08_25_30_23.csv
2025.0,8.0,12.0,12.0,2.0,56.0,0.1499999999999999,/Users/rasmus/Desktop/Fysik/AppliedML2026/Final_project_data/data/ML_data/NBI/FDM data/Arrivals/Nuuk Arrival_ 220750_OY-GRH_12_08_25_03_12.csv
2025.0,8.0,12.0,12.0,59.0,56.0,0.10000000000000009,/Users/rasmus/Desktop/Fysik/AppliedML2026/Final_project_data/data/ML_data/NBI/FDM data/Arrivals/Nuuk Arrival_ 220752_OY-GRJ_12_08_25_00_13.csv
2025.0,8.0,12.0,15.0,1.0,37.0,0.1299999999999999,/Users/rasmus/Desktop/Fysik/AppliedML2026/Final_project_data/data/ML_data/NBI/FDM data/Arrivals/Nuuk Arrival_ 220778_OY-GRM_12_08_25_02_15.csv
2025.0,8.0,12.0,19.0,31.0,42.0,0.09000000000000008,/Users/rasmus/Desktop/Fysik/AppliedML2026/Final_project_data/data/ML_data/NBI/FDM data/Arrivals/Nuuk Arrival_ 220782_OY-GRH_12_08_25_32_19.csv
2025.0,8.0,12.0,16.0,20.0,15.0,0.10000000000000009,/Users/rasmus/Desktop/Fysik/AppliedML2026/Final_project_data/data/ML_data/NBI/FDM data/Arrivals/Nuuk Arrival_ 220785_OY-GRP_12_08_25_22_16.csv
2025.0,8.0,12.0,18.0,15.0,40.0,0.08000000000000007,/Users/rasmus/Desktop/Fysik/AppliedML2026/Final_project_data/data/ML_data/NBI/FDM data/Arrivals/Nuuk Arrival_ 220788_OY-GRJ_12_08_25_16_18.csv
2025.0,8.0,12.0,21.0,59.0,53.0,0.08000000000000007,/Users/rasmus/Desktop/Fysik/AppliedML2026/Final_project_data/data/ML_data/NBI/FDM data/Arrivals/Nuuk Arrival_ 220801_OY-GRP_12_08_25_00_22.csv
2025.0,8.0,12.0,22.0,16.0,38.0,0.31000000000000005,/Users/rasmus/Desktop/Fysik/AppliedML2026/Final_project_data/data/ML_data/NBI/FDM data/Arrivals/Nuuk Arrival_ 220802_OY-GRJ_12_08_25_17_22.csv
2025.0,8.0,12.0,23.0,58.0,21.0,0.1399999999999999,/Users/rasmus/Desktop/Fysik/AppliedML2026/Final_project_data/data/ML_data/NBI/FDM data/Arrivals/Nuuk Arrival_ 220804_OY-GRM_13_08_25_00_00.csv
2025.0,8.0,13.0,11.0,58.0,41.0,0.20999999999999996,/Users/rasmus/Desktop/Fysik/AppliedML2026/Final_project_data/data/ML_data/NBI/FDM data/Arrivals/Nuuk Arrival_ 220814_OY-GRO_13_08_25_59_11.csv
2025.0,8.0,13.0,12.0,6.0,31.0,0.1399999999999999,/Users/rasmus/Desktop/Fysik/AppliedML2026/Final_project_data/data/ML_data/NBI/FDM data/Arrivals/Nuuk Arrival_ 220815_OY-GRM_13_08_25_07_12.csv
2025.0,8.0,13.0,12.0,27.0,24.0,0.17999999999999994,/Users/rasmus/Desktop/Fysik/AppliedML2026/Final_project_data/data/ML_data/NBI/FDM data/Arrivals/Nuuk Arrival_ 220816_OY-GRJ_13_08_25_29_12.csv
2025.0,8.0,13.0,13.0,5.0,7.0,0.17999999999999994,/Users/rasmus/Desktop/Fysik/AppliedML2026/Final_project_data/data/ML_data/NBI/FDM data/Arrivals/Nuuk Arrival_ 220817_OY-GRH_13_08_25_06_13.csv
2025.0,8.0,13.0,12.0,12.0,12.0,0.1100000000000001,/Users/rasmus/Desktop/Fysik/AppliedML2026/Final_project_data/data/ML_data/NBI/FDM data/Arrivals/Nuuk Arrival_ 220821_OY-GRP_13_08_25_14_12.csv
2025.0,8.0,13.0,16.0,17.0,30.0,0.1399999999999999,/Users/rasmus/Desktop/Fysik/AppliedML2026/Final_project_data/data/ML_data/NBI/FDM data/Arrivals/Nuuk Arrival_ 220828_OY-GRO_13_08_25_19_16.csv
2025.0,8.0,13.0,17.0,12.0,5.0,0.18999999999999995,/Users/rasmus/Desktop/Fysik/AppliedML2026/Final_project_data/data/ML_data/NBI/FDM data/Arrivals/Nuuk Arrival_ 220831_OY-GRM_13_08_25_15_17.csv
2025.0,8.0,13.0,17.0,35.0,39.0,0.1100000000000001,/Users/rasmus/Desktop/Fysik/AppliedML2026/Final_project_data/data/ML_data/NBI/FDM data/Arrivals/Nuuk Arrival_ 220832_OY-GRJ_13_08_25_36_17.csv
2025.0,8.0,13.0,19.0,1.0,45.0,0.24,/Users/rasmus/Desktop/Fysik/AppliedML2026/Final_project_data/data/ML_data/NBI/FDM data/Arrivals/Nuuk Arrival_ 220844_OY-GRO_13_08_25_10_19.csv
2025.0,8.0,13.0,20.0,28.0,8.0,0.3899999999999999,/Users/rasmus/Desktop/Fysik/AppliedML2026/Final_project_data/data/ML_data/NBI/FDM data/Arrivals/Nuuk Arrival_ 220855_OY-GRP_13_08_25_30_20.csv
2025.0,8.0,13.0,21.0,58.0,35.0,0.16999999999999993,/Users/rasmus/Desktop/Fysik/AppliedML2026/Final_project_data/data/ML_data/NBI/FDM data/Arrivals/Nuuk Arrival_ 220858_OY-GRJ_13_08_25_00_22.csv
2025.0,8.0,13.0,23.0,4.0,12.0,0.1100000000000001,/Users/rasmus/Desktop/Fysik/AppliedML2026/Final_project_data/data/ML_data/NBI/FDM data/Arrivals/Nuuk Arrival_ 220861_OY-GRM_13_08_25_06_23.csv
2025.0,8.0,14.0,0.0,35.0,26.0,0.27,/Users/rasmus/Desktop/Fysik/AppliedML2026/Final_project_data/data/ML_data/NBI/FDM data/Arrivals/Nuuk Arrival_ 220862_OY-GRP_14_08_25_37_00.csv
2025.0,8.0,5.0,14.0,18.0,25.0,0.36,/Users/rasmus/Desktop/Fysik/AppliedML2026/Final_project_data/data/ML_data/NBI/FDM data/Arrivals/Nuuk Arrival_ 220903_OY-GRR_05_08_25_06_14.csv
2025.0,8.0,5.0,19.0,43.0,52.0,0.17999999999999994,/Users/rasmus/Desktop/Fysik/AppliedML2026/Final_project_data/data/ML_data/NBI/FDM data/Arrivals/Nuuk Arrival_ 220905_OY-GRR_05_08_25_27_19.csv
2025.0,8.0,5.0,22.0,10.0,35.0,0.4099999999999999,/Users/rasmus/Desktop/Fysik/AppliedML2026/Final_project_data/data/ML_data/NBI/FDM data/Arrivals/Nuuk Arrival_ 220907_OY-GRR_05_08_25_07_22.csv
2025.0,8.0,6.0,12.0,1.0,38.0,0.29000000000000004,/Users/rasmus/Desktop/Fysik/AppliedML2026/Final_project_data/data/ML_data/NBI/FDM data/Arrivals/Nuuk Arrival_ 220910_OY-GRR_06_08_25_00_12.csv
2025.0,8.0,6.0,16.0,11.0,9.0,0.1499999999999999,/Users/rasmus/Desktop/Fysik/AppliedML2026/Final_project_data/data/ML_data/NBI/FDM data/Arrivals/Nuuk Arrival_ 220913_OY-GRR_06_08_25_02_16.csv
2025.0,8.0,6.0,20.0,26.0,15.0,0.15999999999999992,/Users/rasmus/Desktop/Fysik/AppliedML2026/Final_project_data/data/ML_data/NBI/FDM data/Arrivals/Nuuk Arrival_ 220915_OY-GRR_06_08_25_19_20.csv
2025.0,8.0,7.0,14.0,2.0,5.0,0.1499999999999999,/Users/rasmus/Desktop/Fysik/AppliedML2026/Final_project_data/data/ML_data/NBI/FDM data/Arrivals/Nuuk Arrival_ 220917_OY-GRR_07_08_25_58_13.csv
2025.0,8.0,7.0,17.0,48.0,39.0,0.14,/Users/rasmus/Desktop/Fysik/AppliedML2026/Final_project_data/data/ML_data/NBI/FDM data/Arrivals/Nuuk Arrival_ 220919_OY-GRR_07_08_25_43_17.csv
2025.0,8.0,7.0,22.0,45.0,5.0,0.17999999999999994,/Users/rasmus/Desktop/Fysik/AppliedML2026/Final_project_data/data/ML_data/NBI/FDM data/Arrivals/Nuuk Arrival_ 220922_OY-GRR_07_08_25_32_22.csv
2025.0,8.0,8.0,12.0,36.0,59.0,0.31000000000000005,/Users/rasmus/Desktop/Fysik/AppliedML2026/Final_project_data/data/ML_data/NBI/FDM data/Arrivals/Nuuk Arrival_ 220925_OY-GRR_08_08_25_24_12.csv
2025.0,8.0,15.0,13.0,7.0,14.0,0.1399999999999999,/Users/rasmus/Desktop/Fysik/AppliedML2026/Final_project_data/data/ML_data/NBI/FDM data/Arrivals/Nuuk Arrival_ 220933_OY-GRH_15_08_25_09_13.csv
2025.0,8.0,15.0,12.0,34.0,37.0,0.25,/Users/rasmus/Desktop/Fysik/AppliedML2026/Final_project_data/data/ML_data/NBI/FDM data/Arrivals/Nuuk Arrival_ 220935_OY-GRJ_15_08_25_35_12.csv
2025.0,8.0,15.0,13.0,18.0,37.0,0.16999999999999993,/Users/rasmus/Desktop/Fysik/AppliedML2026/Final_project_data/data/ML_data/NBI/FDM data/Arrivals/Nuuk Arrival_ 220938_OY-GRP_15_08_25_19_13.csv
2025.0,8.0,15.0,13.0,55.0,14.0,0.17999999999999994,/Users/rasmus/Desktop/Fysik/AppliedML2026/Final_project_data/data/ML_data/NBI/FDM data/Arrivals/Nuuk Arrival_ 220942_OY-GRM_15_08_25_57_13.csv
2025.0,8.0,15.0,18.0,50.0,33.0,0.1100000000000001,/Users/rasmus/Desktop/Fysik/AppliedML2026/Final_project_data/data/ML_data/NBI/FDM data/Arrivals/Nuuk Arrival_ 220959_OY-GRP_15_08_25_52_18.csv
2025.0,8.0,15.0,19.0,42.0,22.0,0.25,/Users/rasmus/Desktop/Fysik/AppliedML2026/Final_project_data/data/ML_data/NBI/FDM data/Arrivals/Nuuk Arrival_ 220960_OY-GRJ_15_08_25_44_19.csv
2025.0,8.0,15.0,19.0,55.0,2.0,0.19999999999999996,/Users/rasmus/Desktop/Fysik/AppliedML2026/Final_project_data/data/ML_data/NBI/FDM data/Arrivals/Nuuk Arrival_ 220965_OY-GRO_15_08_25_56_19.csv
2025.0,8.0,15.0,22.0,47.0,47.0,0.22999999999999998,/Users/rasmus/Desktop/Fysik/AppliedML2026/Final_project_data/data/ML_data/NBI/FDM data/Arrivals/Nuuk Arrival_ 220999_OY-GRH_15_08_25_48_22.csv
2025.0,8.0,15.0,23.0,34.0,41.0,0.21999999999999997,/Users/rasmus/Desktop/Fysik/AppliedML2026/Final_project_data/data/ML_data/NBI/FDM data/Arrivals/Nuuk Arrival_ 221001_OY-GRO_15_08_25_35_23.csv
2025.0,8.0,16.0,0.0,24.0,6.0,0.1399999999999999,/Users/rasmus/Desktop/Fysik/AppliedML2026/Final_project_data/data/ML_data/NBI/FDM data/Arrivals/Nuuk Arrival_ 221002_OY-GRP_16_08_25_25_00.csv
2025.0,8.0,16.0,12.0,7.0,55.0,0.24,/Users/rasmus/Desktop/Fysik/AppliedML2026/Final_project_data/data/ML_data/NBI/FDM data/Arrivals/Nuuk Arrival_ 221008_OY-GRH_16_08_25_08_12.csv
2025.0,8.0,16.0,14.0,16.0,47.0,0.1200000000000001,/Users/rasmus/Desktop/Fysik/AppliedML2026/Final_project_data/data/ML_data/NBI/FDM data/Arrivals/Nuuk Arrival_ 221013_OY-GRM_16_08_25_18_14.csv
2025.0,8.0,16.0,14.0,46.0,17.0,0.1399999999999999,/Users/rasmus/Desktop/Fysik/AppliedML2026/Final_project_data/data/ML_data/NBI/FDM data/Arrivals/Nuuk Arrival_ 221018_OY-GRP_16_08_25_48_14.csv
2025.0,8.0,16.0,15.0,15.0,2.0,0.24,/Users/rasmus/Desktop/Fysik/AppliedML2026/Final_project_data/data/ML_data/NBI/FDM data/Arrivals/Nuuk Arrival_ 221019_OY-GRH_16_08_25_16_15.csv
2025.0,8.0,16.0,18.0,30.0,20.0,0.20999999999999996,/Users/rasmus/Desktop/Fysik/AppliedML2026/Final_project_data/data/ML_data/NBI/FDM data/Arrivals/Nuuk Arrival_ 221032_OY-GRH_16_08_25_34_18.csv
2025.0,8.0,16.0,19.0,6.0,47.0,0.1499999999999999,/Users/rasmus/Desktop/Fysik/AppliedML2026/Final_project_data/data/ML_data/NBI/FDM data/Arrivals/Nuuk Arrival_ 221033_OY-GRP_16_08_25_08_19.csv
2025.0,8.0,16.0,19.0,25.0,43.0,0.15999999999999992,/Users/rasmus/Desktop/Fysik/AppliedML2026/Final_project_data/data/ML_data/NBI/FDM data/Arrivals/Nuuk Arrival_ 221037_OY-GRM_16_08_25_27_19.csv
2025.0,8.0,17.0,11.0,52.0,16.0,0.1499999999999999,/Users/rasmus/Desktop/Fysik/AppliedML2026/Final_project_data/data/ML_data/NBI/FDM data/Arrivals/Nuuk Arrival_ 221061_OY-GRM_17_08_25_54_11.csv
2025.0,8.0,17.0,14.0,42.0,54.0,0.16999999999999993,/Users/rasmus/Desktop/Fysik/AppliedML2026/Final_project_data/data/ML_data/NBI/FDM data/Arrivals/Nuuk Arrival_ 221063_OY-GRP_17_08_25_43_14.csv
2025.0,8.0,17.0,12.0,38.0,0.0,0.16999999999999993,/Users/rasmus/Desktop/Fysik/AppliedML2026/Final_project_data/data/ML_data/NBI/FDM data/Arrivals/Nuuk Arrival_ 221065_OY-GRH_17_08_25_39_12.csv
2025.0,8.0,17.0,17.0,9.0,52.0,0.17999999999999994,/Users/rasmus/Desktop/Fysik/AppliedML2026/Final_project_data/data/ML_data/NBI/FDM data/Arrivals/Nuuk Arrival_ 221068_OY-GRH_17_08_25_10_17.csv
2025.0,8.0,17.0,16.0,15.0,2.0,0.1399999999999999,/Users/rasmus/Desktop/Fysik/AppliedML2026/Final_project_data/data/ML_data/NBI/FDM data/Arrivals/Nuuk Arrival_ 221070_OY-GRM_17_08_25_17_16.csv
2025.0,8.0,17.0,18.0,16.0,9.0,0.1100000000000001,/Users/rasmus/Desktop/Fysik/AppliedML2026/Final_project_data/data/ML_data/NBI/FDM data/Arrivals/Nuuk Arrival_ 221071_OY-GRP_17_08_25_19_18.csv
2025.0,8.0,17.0,19.0,53.0,15.0,0.17999999999999994,/Users/rasmus/Desktop/Fysik/AppliedML2026/Final_project_data/data/ML_data/NBI/FDM data/Arrivals/Nuuk Arrival_ 221076_OY-GRM_17_08_25_54_19.csv
2025.0,8.0,18.0,12.0,30.0,13.0,0.5700000000000001,/Users/rasmus/Desktop/Fysik/AppliedML2026/Final_project_data/data/ML_data/NBI/FDM data/Arrivals/Nuuk Arrival_ 221082_OY-GRH_18_08_25_31_12.csv
2025.0,8.0,18.0,13.0,28.0,41.0,0.21999999999999997,/Users/rasmus/Desktop/Fysik/AppliedML2026/Final_project_data/data/ML_data/NBI/FDM data/Arrivals/Nuuk Arrival_ 221085_OY-GRM_18_08_25_29_13.csv
2025.0,8.0,18.0,13.0,13.0,16.0,0.17999999999999994,/Users/rasmus/Desktop/Fysik/AppliedML2026/Final_project_data/data/ML_data/NBI/FDM data/Arrivals/Nuuk Arrival_ 221087_OY-GRP_18_08_25_15_13.csv
2025.0,8.0,18.0,15.0,53.0,14.0,0.14,/Users/rasmus/Desktop/Fysik/AppliedML2026/Final_project_data/data/ML_data/NBI/FDM data/Arrivals/Nuuk Arrival_ 221092_OY-GRP_18_08_25_55_15.csv
2025.0,8.0,18.0,19.0,12.0,2.0,0.3799999999999999,/Users/rasmus/Desktop/Fysik/AppliedML2026/Final_project_data/data/ML_data/NBI/FDM data/Arrivals/Nuuk Arrival_ 221105_OY-GRH_18_08_25_13_19.csv
2025.0,8.0,18.0,21.0,34.0,32.0,0.3899999999999999,/Users/rasmus/Desktop/Fysik/AppliedML2026/Final_project_data/data/ML_data/NBI/FDM data/Arrivals/Nuuk Arrival_ 221107_OY-GRM_18_08_25_35_21.csv
2025.0,8.0,18.0,22.0,37.0,36.0,0.64,/Users/rasmus/Desktop/Fysik/AppliedML2026/Final_project_data/data/ML_data/NBI/FDM data/Arrivals/Nuuk Arrival_ 221125_OY-GRP_18_08_25_38_22.csv
2025.0,8.0,16.0,19.0,1.0,6.0,0.19999999999999996,/Users/rasmus/Desktop/Fysik/AppliedML2026/Final_project_data/data/ML_data/NBI/FDM data/Arrivals/Nuuk Arrival_ 221132_OY-GRO_16_08_25_03_19.csv
2025.0,8.0,19.0,11.0,0.0,14.0,0.27,/Users/rasmus/Desktop/Fysik/AppliedML2026/Final_project_data/data/ML_data/NBI/FDM data/Arrivals/Nuuk Arrival_ 221134_OY-GRH_19_08_25_01_11.csv
2025.0,8.0,19.0,11.0,5.0,54.0,0.18999999999999995,/Users/rasmus/Desktop/Fysik/AppliedML2026/Final_project_data/data/ML_data/NBI/FDM data/Arrivals/Nuuk Arrival_ 221136_OY-GRP_19_08_25_06_11.csv
2025.0,8.0,19.0,15.0,23.0,50.0,0.1399999999999999,/Users/rasmus/Desktop/Fysik/AppliedML2026/Final_project_data/data/ML_data/NBI/FDM data/Arrivals/Nuuk Arrival_ 221140_OY-GRP_19_08_25_24_15.csv
2025.0,8.0,19.0,16.0,12.0,28.0,0.27,/Users/rasmus/Desktop/Fysik/AppliedML2026/Final_project_data/data/ML_data/NBI/FDM data/Arrivals/Nuuk Arrival_ 221160_OY-GRH_19_08_25_14_16.csv
2025.0,8.0,19.0,14.0,4.0,57.0,0.1299999999999999,/Users/rasmus/Desktop/Fysik/AppliedML2026/Final_project_data/data/ML_data/NBI/FDM data/Arrivals/Nuuk Arrival_ 221162_OY-GRM_19_08_25_05_14.csv
2025.0,8.0,19.0,19.0,56.0,33.0,0.1100000000000001,/Users/rasmus/Desktop/Fysik/AppliedML2026/Final_project_data/data/ML_data/NBI/FDM data/Arrivals/Nuuk Arrival_ 221170_OY-GRP_19_08_25_57_19.csv
2025.0,8.0,19.0,20.0,7.0,21.0,0.1200000000000001,/Users/rasmus/Desktop/Fysik/AppliedML2026/Final_project_data/data/ML_data/NBI/FDM data/Arrivals/Nuuk Arrival_ 221171_OY-GRH_19_08_25_09_20.csv
2025.0,8.0,20.0,11.0,46.0,18.0,0.27,/Users/rasmus/Desktop/Fysik/AppliedML2026/Final_project_data/data/ML_data/NBI/FDM data/Arrivals/Nuuk Arrival_ 221189_OY-GRH_20_08_25_48_11.csv
2025.0,8.0,20.0,12.0,6.0,32.0,0.15999999999999992,/Users/rasmus/Desktop/Fysik/AppliedML2026/Final_project_data/data/ML_data/NBI/FDM data/Arrivals/Nuuk Arrival_ 221192_OY-GRM_20_08_25_08_12.csv
2025.0,8.0,20.0,12.0,25.0,36.0,0.25,/Users/rasmus/Desktop/Fysik/AppliedML2026/Final_project_data/data/ML_data/NBI/FDM data/Arrivals/Nuuk Arrival_ 221193_OY-GRJ_20_08_25_26_12.csv
2025.0,8.0,20.0,16.0,55.0,53.0,0.16999999999999993,/Users/rasmus/Desktop/Fysik/AppliedML2026/Final_project_data/data/ML_data/NBI/FDM data/Arrivals/Nuuk Arrival_ 221210_OY-GRJ_20_08_25_56_16.csv
2025.0,8.0,20.0,17.0,44.0,28.0,0.18999999999999995,/Users/rasmus/Desktop/Fysik/AppliedML2026/Final_project_data/data/ML_data/NBI/FDM data/Arrivals/Nuuk Arrival_ 221212_OY-GRH_20_08_25_46_17.csv
2025.0,8.0,20.0,17.0,51.0,6.0,0.1299999999999999,/Users/rasmus/Desktop/Fysik/AppliedML2026/Final_project_data/data/ML_data/NBI/FDM data/Arrivals/Nuuk Arrival_ 221214_OY-GRM_20_08_25_52_17.csv
2025.0,8.0,20.0,19.0,36.0,3.0,0.15000000000000002,/Users/rasmus/Desktop/Fysik/AppliedML2026/Final_project_data/data/ML_data/NBI/FDM data/Arrivals/Nuuk Arrival_ 221216_OY-GRP_20_08_25_37_19.csv
2025.0,8.0,20.0,23.0,28.0,35.0,0.15999999999999992,/Users/rasmus/Desktop/Fysik/AppliedML2026/Final_project_data/data/ML_data/NBI/FDM data/Arrivals/Nuuk Arrival_ 221227_OY-GRM_20_08_25_31_23.csv
2025.0,8.0,21.0,16.0,43.0,36.0,0.24,/Users/rasmus/Desktop/Fysik/AppliedML2026/Final_project_data/data/ML_data/NBI/FDM data/Arrivals/Nuuk Arrival_ 221239_OY-GRM_21_08_25_46_16.csv
2025.0,8.0,21.0,14.0,56.0,59.0,0.25,/Users/rasmus/Desktop/Fysik/AppliedML2026/Final_project_data/data/ML_data/NBI/FDM data/Arrivals/Nuuk Arrival_ 221241_OY-GRJ_21_08_25_57_14.csv
2025.0,8.0,21.0,19.0,30.0,35.0,0.18999999999999995,/Users/rasmus/Desktop/Fysik/AppliedML2026/Final_project_data/data/ML_data/NBI/FDM data/Arrivals/Nuuk Arrival_ 221255_OY-GRH_21_08_25_31_19.csv
2025.0,8.0,21.0,20.0,6.0,45.0,0.19999999999999996,/Users/rasmus/Desktop/Fysik/AppliedML2026/Final_project_data/data/ML_data/NBI/FDM data/Arrivals/Nuuk Arrival_ 221257_OY-GRP_21_08_25_07_20.csv
2025.0,8.0,22.0,12.0,14.0,56.0,0.19999999999999996,/Users/rasmus/Desktop/Fysik/AppliedML2026/Final_project_data/data/ML_data/NBI/FDM data/Arrivals/Nuuk Arrival_ 221272_OY-GRJ_22_08_25_16_12.csv
2025.0,8.0,22.0,12.0,26.0,48.0,0.1399999999999999,/Users/rasmus/Desktop/Fysik/AppliedML2026/Final_project_data/data/ML_data/NBI/FDM data/Arrivals/Nuuk Arrival_ 221273_OY-GRP_22_08_25_28_12.csv
2025.0,8.0,22.0,11.0,50.0,35.0,0.1399999999999999,/Users/rasmus/Desktop/Fysik/AppliedML2026/Final_project_data/data/ML_data/NBI/FDM data/Arrivals/Nuuk Arrival_ 221275_OY-GRH_22_08_25_52_11.csv
2025.0,8.0,22.0,16.0,44.0,26.0,0.21999999999999997,/Users/rasmus/Desktop/Fysik/AppliedML2026/Final_project_data/data/ML_data/NBI/FDM data/Arrivals/Nuuk Arrival_ 221285_OY-GRH_22_08_25_46_16.csv
2025.0,8.0,22.0,16.0,55.0,26.0,0.24,/Users/rasmus/Desktop/Fysik/AppliedML2026/Final_project_data/data/ML_data/NBI/FDM data/Arrivals/Nuuk Arrival_ 221286_OY-GRJ_22_08_25_58_16.csv
2025.0,8.0,22.0,20.0,3.0,16.0,0.14,/Users/rasmus/Desktop/Fysik/AppliedML2026/Final_project_data/data/ML_data/NBI/FDM data/Arrivals/Nuuk Arrival_ 221294_OY-GRP_22_08_25_04_20.csv
2025.0,8.0,22.0,22.0,29.0,17.0,0.1100000000000001,/Users/rasmus/Desktop/Fysik/AppliedML2026/Final_project_data/data/ML_data/NBI/FDM data/Arrivals/Nuuk Arrival_ 221314_OY-GRH_22_08_25_31_22.csv
2025.0,8.0,16.0,14.0,49.0,9.0,0.15999999999999992,/Users/rasmus/Desktop/Fysik/AppliedML2026/Final_project_data/data/ML_data/NBI/FDM data/Arrivals/Nuuk Arrival_ 221316_OY-GRR_16_08_25_34_14.csv
2025.0,8.0,16.0,20.0,9.0,41.0,0.1299999999999999,/Users/rasmus/Desktop/Fysik/AppliedML2026/Final_project_data/data/ML_data/NBI/FDM data/Arrivals/Nuuk Arrival_ 221319_OY-GRR_16_08_25_56_19.csv
2025.0,8.0,17.0,12.0,24.0,41.0,0.15999999999999992,/Users/rasmus/Desktop/Fysik/AppliedML2026/Final_project_data/data/ML_data/NBI/FDM data/Arrivals/Nuuk Arrival_ 221321_OY-GRR_17_08_25_13_12.csv
2025.0,8.0,17.0,16.0,51.0,23.0,0.3799999999999999,/Users/rasmus/Desktop/Fysik/AppliedML2026/Final_project_data/data/ML_data/NBI/FDM data/Arrivals/Nuuk Arrival_ 221323_OY-GRR_17_08_25_41_16.csv
2025.0,8.0,18.0,13.0,35.0,39.0,0.37,/Users/rasmus/Desktop/Fysik/AppliedML2026/Final_project_data/data/ML_data/NBI/FDM data/Arrivals/Nuuk Arrival_ 221326_OY-GRR_18_08_25_34_13.csv
2025.0,8.0,18.0,18.0,3.0,21.0,0.26,/Users/rasmus/Desktop/Fysik/AppliedML2026/Final_project_data/data/ML_data/NBI/FDM data/Arrivals/Nuuk Arrival_ 221328_OY-GRR_18_08_25_52_17.csv
2025.0,8.0,19.0,13.0,38.0,35.0,0.35,/Users/rasmus/Desktop/Fysik/AppliedML2026/Final_project_data/data/ML_data/NBI/FDM data/Arrivals/Nuuk Arrival_ 221332_OY-GRR_19_08_25_21_13.csv
2025.0,8.0,19.0,17.0,10.0,8.0,0.36,/Users/rasmus/Desktop/Fysik/AppliedML2026/Final_project_data/data/ML_data/NBI/FDM data/Arrivals/Nuuk Arrival_ 221334_OY-GRR_19_08_25_06_17.csv
2025.0,8.0,19.0,21.0,7.0,37.0,0.1200000000000001,/Users/rasmus/Desktop/Fysik/AppliedML2026/Final_project_data/data/ML_data/NBI/FDM data/Arrivals/Nuuk Arrival_ 221336_OY-GRR_19_08_25_03_21.csv
2025.0,8.0,20.0,14.0,15.0,32.0,0.6100000000000001,/Users/rasmus/Desktop/Fysik/AppliedML2026/Final_project_data/data/ML_data/NBI/FDM data/Arrivals/Nuuk Arrival_ 221338_OY-GRR_20_08_25_07_14.csv
2025.0,8.0,20.0,21.0,52.0,49.0,0.17999999999999994,/Users/rasmus/Desktop/Fysik/AppliedML2026/Final_project_data/data/ML_data/NBI/FDM data/Arrivals/Nuuk Arrival_ 221341_OY-GRR_20_08_25_40_21.csv
2025.0,8.0,21.0,16.0,52.0,0.0,0.16999999999999993,/Users/rasmus/Desktop/Fysik/AppliedML2026/Final_project_data/data/ML_data/NBI/FDM data/Arrivals/Nuuk Arrival_ 221343_OY-GRR_21_08_25_06_16.csv
2025.0,8.0,22.0,11.0,9.0,46.0,0.18999999999999995,/Users/rasmus/Desktop/Fysik/AppliedML2026/Final_project_data/data/ML_data/NBI/FDM data/Arrivals/Nuuk Arrival_ 221345_OY-GRR_22_08_25_02_11.csv
2025.0,8.0,22.0,14.0,23.0,0.0,0.3700000000000001,/Users/rasmus/Desktop/Fysik/AppliedML2026/Final_project_data/data/ML_data/NBI/FDM data/Arrivals/Nuuk Arrival_ 221347_OY-GRR_22_08_25_16_14.csv
2025.0,8.0,22.0,21.0,23.0,28.0,0.14,/Users/rasmus/Desktop/Fysik/AppliedML2026/Final_project_data/data/ML_data/NBI/FDM data/Arrivals/Nuuk Arrival_ 221352_OY-GRR_22_08_25_18_21.csv
2025.0,8.0,21.0,19.0,14.0,30.0,0.15999999999999992,/Users/rasmus/Desktop/Fysik/AppliedML2026/Final_project_data/data/ML_data/NBI/FDM data/Arrivals/Nuuk Arrival_ 221353_OY-GRK_21_08_25_16_19.csv
2025.0,8.0,23.0,13.0,8.0,52.0,0.19999999999999996,/Users/rasmus/Desktop/Fysik/AppliedML2026/Final_project_data/data/ML_data/NBI/FDM data/Arrivals/Nuuk Arrival_ 221359_OY-GRJ_23_08_25_09_13.csv
2025.0,8.0,23.0,13.0,53.0,36.0,0.1499999999999999,/Users/rasmus/Desktop/Fysik/AppliedML2026/Final_project_data/data/ML_data/NBI/FDM data/Arrivals/Nuuk Arrival_ 221361_OY-GRM_23_08_25_55_13.csv
2025.0,8.0,23.0,14.0,0.0,13.0,0.20999999999999996,/Users/rasmus/Desktop/Fysik/AppliedML2026/Final_project_data/data/ML_data/NBI/FDM data/Arrivals/Nuuk Arrival_ 221362_OY-GRP_23_08_25_01_14.csv
2025.0,8.0,23.0,14.0,8.0,54.0,0.17999999999999994,/Users/rasmus/Desktop/Fysik/AppliedML2026/Final_project_data/data/ML_data/NBI/FDM data/Arrivals/Nuuk Arrival_ 221373_OY-GRK_23_08_25_09_14.csv
2025.0,8.0,23.0,14.0,4.0,34.0,0.20999999999999996,/Users/rasmus/Desktop/Fysik/AppliedML2026/Final_project_data/data/ML_data/NBI/FDM data/Arrivals/Nuuk Arrival_ 221375_OY-GRH_23_08_25_05_14.csv
2025.0,8.0,23.0,17.0,49.0,4.0,0.17999999999999994,/Users/rasmus/Desktop/Fysik/AppliedML2026/Final_project_data/data/ML_data/NBI/FDM data/Arrivals/Nuuk Arrival_ 221380_OY-GRK_23_08_25_51_17.csv
2025.0,8.0,23.0,18.0,39.0,52.0,0.15999999999999992,/Users/rasmus/Desktop/Fysik/AppliedML2026/Final_project_data/data/ML_data/NBI/FDM data/Arrivals/Nuuk Arrival_ 221381_OY-GRJ_23_08_25_40_18.csv
2025.0,8.0,23.0,18.0,54.0,34.0,0.28,/Users/rasmus/Desktop/Fysik/AppliedML2026/Final_project_data/data/ML_data/NBI/FDM data/Arrivals/Nuuk Arrival_ 221382_OY-GRP_23_08_25_55_18.csv
2025.0,8.0,23.0,19.0,18.0,19.0,0.25,/Users/rasmus/Desktop/Fysik/AppliedML2026/Final_project_data/data/ML_data/NBI/FDM data/Arrivals/Nuuk Arrival_ 221390_OY-GRH_23_08_25_20_19.csv
2025.0,8.0,24.0,11.0,12.0,21.0,0.1399999999999999,/Users/rasmus/Desktop/Fysik/AppliedML2026/Final_project_data/data/ML_data/NBI/FDM data/Arrivals/Nuuk Arrival_ 221394_OY-GRP_24_08_25_14_11.csv
2025.0,8.0,24.0,12.0,3.0,49.0,0.15999999999999992,/Users/rasmus/Desktop/Fysik/AppliedML2026/Final_project_data/data/ML_data/NBI/FDM data/Arrivals/Nuuk Arrival_ 221396_OY-GRJ_24_08_25_04_12.csv
2025.0,8.0,24.0,15.0,14.0,36.0,0.19999999999999996,/Users/rasmus/Desktop/Fysik/AppliedML2026/Final_project_data/data/ML_data/NBI/FDM data/Arrivals/Nuuk Arrival_ 221399_OY-GRJ_24_08_25_15_15.csv
2025.0,8.0,24.0,15.0,25.0,9.0,0.13,/Users/rasmus/Desktop/Fysik/AppliedML2026/Final_project_data/data/ML_data/NBI/FDM data/Arrivals/Nuuk Arrival_ 221401_OY-GRP_24_08_25_26_15.csv
2025.0,8.0,25.0,11.0,27.0,45.0,0.1499999999999999,/Users/rasmus/Desktop/Fysik/AppliedML2026/Final_project_data/data/ML_data/NBI/FDM data/Arrivals/Nuuk Arrival_ 221404_OY-GRJ_25_08_25_29_11.csv
2025.0,8.0,25.0,12.0,44.0,22.0,0.16999999999999993,/Users/rasmus/Desktop/Fysik/AppliedML2026/Final_project_data/data/ML_data/NBI/FDM data/Arrivals/Nuuk Arrival_ 221407_OY-GRK_25_08_25_46_12.csv
2025.0,8.0,25.0,11.0,39.0,52.0,0.1299999999999999,/Users/rasmus/Desktop/Fysik/AppliedML2026/Final_project_data/data/ML_data/NBI/FDM data/Arrivals/Nuuk Arrival_ 221412_OY-GRM_25_08_25_40_11.csv
2025.0,8.0,25.0,11.0,33.0,50.0,0.18999999999999995,/Users/rasmus/Desktop/Fysik/AppliedML2026/Final_project_data/data/ML_data/NBI/FDM data/Arrivals/Nuuk Arrival_ 221416_OY-GRH_25_08_25_34_11.csv
2025.0,8.0,25.0,16.0,57.0,15.0,0.16000000000000003,/Users/rasmus/Desktop/Fysik/AppliedML2026/Final_project_data/data/ML_data/NBI/FDM data/Arrivals/Nuuk Arrival_ 221421_OY-GRH_25_08_25_58_16.csv
2025.0,8.0,25.0,17.0,56.0,22.0,0.15999999999999992,/Users/rasmus/Desktop/Fysik/AppliedML2026/Final_project_data/data/ML_data/NBI/FDM data/Arrivals/Nuuk Arrival_ 221430_OY-GRJ_25_08_25_58_17.csv
2025.0,8.0,25.0,20.0,27.0,12.0,0.19999999999999996,/Users/rasmus/Desktop/Fysik/AppliedML2026/Final_project_data/data/ML_data/NBI/FDM data/Arrivals/Nuuk Arrival_ 221436_OY-GRP_25_08_25_29_20.csv
2025.0,8.0,25.0,21.0,30.0,31.0,0.1499999999999999,/Users/rasmus/Desktop/Fysik/AppliedML2026/Final_project_data/data/ML_data/NBI/FDM data/Arrivals/Nuuk Arrival_ 221443_OY-GRJ_25_08_25_32_21.csv
2025.0,8.0,25.0,22.0,52.0,10.0,0.15999999999999992,/Users/rasmus/Desktop/Fysik/AppliedML2026/Final_project_data/data/ML_data/NBI/FDM data/Arrivals/Nuuk Arrival_ 221462_OY-GRH_25_08_25_53_22.csv
2025.0,8.0,26.0,13.0,42.0,35.0,0.20999999999999996,/Users/rasmus/Desktop/Fysik/AppliedML2026/Final_project_data/data/ML_data/NBI/FDM data/Arrivals/Nuuk Arrival_ 221468_OY-GRH_26_08_25_44_13.csv
2025.0,8.0,26.0,14.0,31.0,55.0,0.15999999999999992,/Users/rasmus/Desktop/Fysik/AppliedML2026/Final_project_data/data/ML_data/NBI/FDM data/Arrivals/Nuuk Arrival_ 221469_OY-GRP_26_08_25_33_14.csv
2025.0,8.0,26.0,18.0,44.0,30.0,0.15999999999999992,/Users/rasmus/Desktop/Fysik/AppliedML2026/Final_project_data/data/ML_data/NBI/FDM data/Arrivals/Nuuk Arrival_ 221488_OY-GRK_26_08_25_45_18.csv
2025.0,8.0,26.0,14.0,35.0,18.0,0.24,/Users/rasmus/Desktop/Fysik/AppliedML2026/Final_project_data/data/ML_data/NBI/FDM data/Arrivals/Nuuk Arrival_ 221489_OY-GRM_26_08_25_36_14.csv
2025.0,8.0,26.0,19.0,5.0,52.0,0.1399999999999999,/Users/rasmus/Desktop/Fysik/AppliedML2026/Final_project_data/data/ML_data/NBI/FDM data/Arrivals/Nuuk Arrival_ 221492_OY-GRJ_26_08_25_07_19.csv
2025.0,8.0,26.0,18.0,7.0,38.0,0.1100000000000001,/Users/rasmus/Desktop/Fysik/AppliedML2026/Final_project_data/data/ML_data/NBI/FDM data/Arrivals/Nuuk Arrival_ 221493_OY-GRH_26_08_25_08_18.csv
2025.0,8.0,26.0,18.0,39.0,57.0,0.15999999999999992,/Users/rasmus/Desktop/Fysik/AppliedML2026/Final_project_data/data/ML_data/NBI/FDM data/Arrivals/Nuuk Arrival_ 221494_OY-GRP_26_08_25_43_18.csv
2025.0,8.0,27.0,10.0,24.0,34.0,0.28,/Users/rasmus/Desktop/Fysik/AppliedML2026/Final_project_data/data/ML_data/NBI/FDM data/Arrivals/Nuuk Arrival_ 221510_OY-GRO_27_08_25_27_10.csv
2025.0,8.0,27.0,14.0,16.0,29.0,0.1499999999999999,/Users/rasmus/Desktop/Fysik/AppliedML2026/Final_project_data/data/ML_data/NBI/FDM data/Arrivals/Nuuk Arrival_ 221517_OY-GRO_27_08_25_18_14.csv
2025.0,8.0,27.0,14.0,44.0,32.0,0.17999999999999994,/Users/rasmus/Desktop/Fysik/AppliedML2026/Final_project_data/data/ML_data/NBI/FDM data/Arrivals/Nuuk Arrival_ 221522_OY-GRM_27_08_25_46_14.csv
2025.0,8.0,27.0,17.0,12.0,31.0,0.16000000000000003,/Users/rasmus/Desktop/Fysik/AppliedML2026/Final_project_data/data/ML_data/NBI/FDM data/Arrivals/Nuuk Arrival_ 221530_OY-GRJ_27_08_25_13_17.csv
2025.0,8.0,27.0,17.0,13.0,6.0,0.20999999999999996,/Users/rasmus/Desktop/Fysik/AppliedML2026/Final_project_data/data/ML_data/NBI/FDM data/Arrivals/Nuuk Arrival_ 221532_OY-GRH_27_08_25_15_17.csv
2025.0,8.0,27.0,17.0,19.0,52.0,0.21999999999999997,/Users/rasmus/Desktop/Fysik/AppliedML2026/Final_project_data/data/ML_data/NBI/FDM data/Arrivals/Nuuk Arrival_ 221533_OY-GRO_27_08_25_20_17.csv
2025.0,8.0,27.0,17.0,48.0,21.0,0.26,/Users/rasmus/Desktop/Fysik/AppliedML2026/Final_project_data/data/ML_data/NBI/FDM data/Arrivals/Nuuk Arrival_ 221537_OY-GRM_27_08_25_50_17.csv
2025.0,8.0,27.0,15.0,0.0,2.0,0.1499999999999999,/Users/rasmus/Desktop/Fysik/AppliedML2026/Final_project_data/data/ML_data/NBI/FDM data/Arrivals/Nuuk Arrival_ 221542_OY-GRK_27_08_25_01_15.csv
2025.0,8.0,27.0,20.0,36.0,30.0,0.10999999999999999,/Users/rasmus/Desktop/Fysik/AppliedML2026/Final_project_data/data/ML_data/NBI/FDM data/Arrivals/Nuuk Arrival_ 221547_OY-GRP_27_08_25_38_20.csv
2025.0,8.0,27.0,21.0,14.0,0.0,0.24,/Users/rasmus/Desktop/Fysik/AppliedML2026/Final_project_data/data/ML_data/NBI/FDM data/Arrivals/Nuuk Arrival_ 221549_OY-GRJ_27_08_25_16_21.csv
2025.0,8.0,27.0,21.0,4.0,6.0,0.16999999999999993,/Users/rasmus/Desktop/Fysik/AppliedML2026/Final_project_data/data/ML_data/NBI/FDM data/Arrivals/Nuuk Arrival_ 221550_OY-GRK_27_08_25_06_21.csv
2025.0,8.0,27.0,22.0,25.0,25.0,0.10000000000000009,/Users/rasmus/Desktop/Fysik/AppliedML2026/Final_project_data/data/ML_data/NBI/FDM data/Arrivals/Nuuk Arrival_ 221554_OY-GRH_27_08_25_27_22.csv
2025.0,8.0,28.0,13.0,58.0,46.0,0.3700000000000001,/Users/rasmus/Desktop/Fysik/AppliedML2026/Final_project_data/data/ML_data/NBI/FDM data/Arrivals/Nuuk Arrival_ 221561_OY-GRO_28_08_25_59_13.csv
2025.0,8.0,28.0,12.0,22.0,0.0,0.1200000000000001,/Users/rasmus/Desktop/Fysik/AppliedML2026/Final_project_data/data/ML_data/NBI/FDM data/Arrivals/Nuuk Arrival_ 221565_OY-GRJ_28_08_25_23_12.csv
2025.0,8.0,28.0,14.0,50.0,14.0,0.1499999999999999,/Users/rasmus/Desktop/Fysik/AppliedML2026/Final_project_data/data/ML_data/NBI/FDM data/Arrivals/Nuuk Arrival_ 221567_OY-GRJ_28_08_25_52_14.csv
2025.0,8.0,28.0,14.0,56.0,18.0,0.19999999999999996,/Users/rasmus/Desktop/Fysik/AppliedML2026/Final_project_data/data/ML_data/NBI/FDM data/Arrivals/Nuuk Arrival_ 221571_OY-GRH_28_08_25_58_14.csv
2025.0,8.0,28.0,17.0,16.0,22.0,0.1200000000000001,/Users/rasmus/Desktop/Fysik/AppliedML2026/Final_project_data/data/ML_data/NBI/FDM data/Arrivals/Nuuk Arrival_ 221574_OY-GRK_28_08_25_18_17.csv
2025.0,8.0,28.0,18.0,51.0,55.0,0.15999999999999992,/Users/rasmus/Desktop/Fysik/AppliedML2026/Final_project_data/data/ML_data/NBI/FDM data/Arrivals/Nuuk Arrival_ 221576_OY-GRJ_28_08_25_52_18.csv
2025.0,8.0,28.0,19.0,25.0,37.0,0.16999999999999993,/Users/rasmus/Desktop/Fysik/AppliedML2026/Final_project_data/data/ML_data/NBI/FDM data/Arrivals/Nuuk Arrival_ 221577_OY-GRO_28_08_25_26_19.csv
2025.0,8.0,28.0,19.0,29.0,52.0,0.1299999999999999,/Users/rasmus/Desktop/Fysik/AppliedML2026/Final_project_data/data/ML_data/NBI/FDM data/Arrivals/Nuuk Arrival_ 221578_OY-GRP_28_08_25_30_19.csv
2025.0,8.0,28.0,19.0,44.0,31.0,0.25,/Users/rasmus/Desktop/Fysik/AppliedML2026/Final_project_data/data/ML_data/NBI/FDM data/Arrivals/Nuuk Arrival_ 221579_OY-GRK_28_08_25_46_19.csv
2025.0,8.0,28.0,20.0,21.0,21.0,0.26,/Users/rasmus/Desktop/Fysik/AppliedML2026/Final_project_data/data/ML_data/NBI/FDM data/Arrivals/Nuuk Arrival_ 221589_OY-GRH_28_08_25_23_20.csv
2025.0,8.0,28.0,22.0,54.0,7.0,0.29000000000000004,/Users/rasmus/Desktop/Fysik/AppliedML2026/Final_project_data/data/ML_data/NBI/FDM data/Arrivals/Nuuk Arrival_ 221604_OY-GRJ_28_08_25_56_22.csv
2025.0,8.0,29.0,10.0,38.0,14.0,0.15999999999999992,/Users/rasmus/Desktop/Fysik/AppliedML2026/Final_project_data/data/ML_data/NBI/FDM data/Arrivals/Nuuk Arrival_ 221608_OY-GRJ_29_08_25_40_10.csv
2025.0,8.0,29.0,11.0,24.0,11.0,0.18999999999999995,/Users/rasmus/Desktop/Fysik/AppliedML2026/Final_project_data/data/ML_data/NBI/FDM data/Arrivals/Nuuk Arrival_ 221610_OY-GRP_29_08_25_26_11.csv
2025.0,8.0,29.0,11.0,41.0,57.0,0.24,/Users/rasmus/Desktop/Fysik/AppliedML2026/Final_project_data/data/ML_data/NBI/FDM data/Arrivals/Nuuk Arrival_ 221612_OY-GRH_29_08_25_42_11.csv
2025.0,8.0,29.0,12.0,32.0,50.0,0.26,/Users/rasmus/Desktop/Fysik/AppliedML2026/Final_project_data/data/ML_data/NBI/FDM data/Arrivals/Nuuk Arrival_ 221614_OY-GRO_29_08_25_33_12.csv
2025.0,8.0,29.0,17.0,40.0,35.0,0.1499999999999999,/Users/rasmus/Desktop/Fysik/AppliedML2026/Final_project_data/data/ML_data/NBI/FDM data/Arrivals/Nuuk Arrival_ 221627_OY-GRP_29_08_25_41_17.csv
2025.0,8.0,29.0,17.0,52.0,48.0,0.15999999999999992,/Users/rasmus/Desktop/Fysik/AppliedML2026/Final_project_data/data/ML_data/NBI/FDM data/Arrivals/Nuuk Arrival_ 221631_OY-GRJ_29_08_25_53_17.csv
2025.0,8.0,29.0,19.0,2.0,18.0,0.1399999999999999,/Users/rasmus/Desktop/Fysik/AppliedML2026/Final_project_data/data/ML_data/NBI/FDM data/Arrivals/Nuuk Arrival_ 221635_OY-GRM_29_08_25_04_19.csv
2025.0,8.0,29.0,21.0,38.0,54.0,0.17999999999999994,/Users/rasmus/Desktop/Fysik/AppliedML2026/Final_project_data/data/ML_data/NBI/FDM data/Arrivals/Nuuk Arrival_ 221659_OY-GRK_29_08_25_42_21.csv
2025.0,8.0,29.0,17.0,0.0,1.0,0.1399999999999999,/Users/rasmus/Desktop/Fysik/AppliedML2026/Final_project_data/data/ML_data/NBI/FDM data/Arrivals/Nuuk Arrival_ 221660_OY-GRH_29_08_25_01_17.csv
2025.0,8.0,29.0,22.0,22.0,42.0,0.16999999999999993,/Users/rasmus/Desktop/Fysik/AppliedML2026/Final_project_data/data/ML_data/NBI/FDM data/Arrivals/Nuuk Arrival_ 221664_OY-GRH_29_08_25_23_22.csv
2025.0,9.0,1.0,12.0,2.0,53.0,0.17999999999999994,/Users/rasmus/Desktop/Fysik/AppliedML2026/Final_project_data/data/ML_data/NBI/FDM data/Arrivals/Nuuk Arrival_ 221731_OY-GRJ_01_09_25_03_12.csv
2025.0,9.0,1.0,11.0,58.0,1.0,0.1100000000000001,/Users/rasmus/Desktop/Fysik/AppliedML2026/Final_project_data/data/ML_data/NBI/FDM data/Arrivals/Nuuk Arrival_ 221732_OY-GRM_01_09_25_59_11.csv
2025.0,9.0,1.0,14.0,35.0,39.0,0.21999999999999997,/Users/rasmus/Desktop/Fysik/AppliedML2026/Final_project_data/data/ML_data/NBI/FDM data/Arrivals/Nuuk Arrival_ 221736_OY-GRP_01_09_25_37_14.csv
2025.0,9.0,1.0,11.0,29.0,5.0,0.18999999999999995,/Users/rasmus/Desktop/Fysik/AppliedML2026/Final_project_data/data/ML_data/NBI/FDM data/Arrivals/Nuuk Arrival_ 221737_OY-GRO_01_09_25_30_11.csv
2025.0,9.0,1.0,17.0,36.0,23.0,0.1399999999999999,/Users/rasmus/Desktop/Fysik/AppliedML2026/Final_project_data/data/ML_data/NBI/FDM data/Arrivals/Nuuk Arrival_ 221751_OY-GRM_01_09_25_38_17.csv
2025.0,9.0,1.0,18.0,28.0,0.0,0.18999999999999995,/Users/rasmus/Desktop/Fysik/AppliedML2026/Final_project_data/data/ML_data/NBI/FDM data/Arrivals/Nuuk Arrival_ 221763_OY-GRH_01_09_25_31_18.csv
2025.0,9.0,1.0,18.0,39.0,15.0,0.20999999999999996,/Users/rasmus/Desktop/Fysik/AppliedML2026/Final_project_data/data/ML_data/NBI/FDM data/Arrivals/Nuuk Arrival_ 221781_OY-GRJ_01_09_25_42_18.csv
2025.0,9.0,1.0,21.0,4.0,58.0,0.20999999999999996,/Users/rasmus/Desktop/Fysik/AppliedML2026/Final_project_data/data/ML_data/NBI/FDM data/Arrivals/Nuuk Arrival_ 221783_OY-GRO_01_09_25_06_21.csv
2025.0,9.0,1.0,21.0,52.0,42.0,0.16999999999999993,/Users/rasmus/Desktop/Fysik/AppliedML2026/Final_project_data/data/ML_data/NBI/FDM data/Arrivals/Nuuk Arrival_ 221785_OY-GRM_01_09_25_53_21.csv
2025.0,9.0,1.0,22.0,56.0,30.0,0.21999999999999997,/Users/rasmus/Desktop/Fysik/AppliedML2026/Final_project_data/data/ML_data/NBI/FDM data/Arrivals/Nuuk Arrival_ 221788_OY-GRJ_01_09_25_57_22.csv
2025.0,9.0,2.0,16.0,23.0,7.0,0.22999999999999998,/Users/rasmus/Desktop/Fysik/AppliedML2026/Final_project_data/data/ML_data/NBI/FDM data/Arrivals/Nuuk Arrival_ 221816_OY-GRK_02_09_25_26_16.csv
2025.0,9.0,2.0,20.0,21.0,21.0,0.19999999999999996,/Users/rasmus/Desktop/Fysik/AppliedML2026/Final_project_data/data/ML_data/NBI/FDM data/Arrivals/Nuuk Arrival_ 221818_OY-GRM_02_09_25_23_20.csv
2025.0,9.0,2.0,22.0,11.0,57.0,0.20999999999999996,/Users/rasmus/Desktop/Fysik/AppliedML2026/Final_project_data/data/ML_data/NBI/FDM data/Arrivals/Nuuk Arrival_ 221820_OY-GRH_02_09_25_13_22.csv
2025.0,9.0,2.0,22.0,33.0,28.0,0.17999999999999994,/Users/rasmus/Desktop/Fysik/AppliedML2026/Final_project_data/data/ML_data/NBI/FDM data/Arrivals/Nuuk Arrival_ 221821_OY-GRP_02_09_25_36_22.csv
2025.0,9.0,3.0,12.0,4.0,55.0,0.18999999999999995,/Users/rasmus/Desktop/Fysik/AppliedML2026/Final_project_data/data/ML_data/NBI/FDM data/Arrivals/Nuuk Arrival_ 221829_OY-GRH_03_09_25_06_12.csv
2025.0,9.0,3.0,12.0,34.0,48.0,0.1299999999999999,/Users/rasmus/Desktop/Fysik/AppliedML2026/Final_project_data/data/ML_data/NBI/FDM data/Arrivals/Nuuk Arrival_ 221830_OY-GRJ_03_09_25_36_12.csv
2025.0,9.0,3.0,12.0,44.0,17.0,0.20999999999999996,/Users/rasmus/Desktop/Fysik/AppliedML2026/Final_project_data/data/ML_data/NBI/FDM data/Arrivals/Nuuk Arrival_ 221831_OY-GRM_03_09_25_46_12.csv
2025.0,9.0,3.0,11.0,57.0,55.0,0.1100000000000001,/Users/rasmus/Desktop/Fysik/AppliedML2026/Final_project_data/data/ML_data/NBI/FDM data/Arrivals/Nuuk Arrival_ 221833_OY-GRK_03_09_25_59_11.csv
2025.0,9.0,3.0,17.0,22.0,51.0,0.1499999999999999,/Users/rasmus/Desktop/Fysik/AppliedML2026/Final_project_data/data/ML_data/NBI/FDM data/Arrivals/Nuuk Arrival_ 221847_OY-GRJ_03_09_25_23_17.csv
2025.0,9.0,3.0,17.0,38.0,33.0,0.1299999999999999,/Users/rasmus/Desktop/Fysik/AppliedML2026/Final_project_data/data/ML_data/NBI/FDM data/Arrivals/Nuuk Arrival_ 221848_OY-GRM_03_09_25_39_17.csv
2025.0,9.0,3.0,18.0,31.0,39.0,0.19999999999999996,/Users/rasmus/Desktop/Fysik/AppliedML2026/Final_project_data/data/ML_data/NBI/FDM data/Arrivals/Nuuk Arrival_ 221853_OY-GRO_03_09_25_32_18.csv
2025.0,9.0,3.0,19.0,12.0,16.0,0.09000000000000008,/Users/rasmus/Desktop/Fysik/AppliedML2026/Final_project_data/data/ML_data/NBI/FDM data/Arrivals/Nuuk Arrival_ 221856_OY-GRP_03_09_25_14_19.csv
2025.0,9.0,3.0,19.0,25.0,39.0,0.18999999999999995,/Users/rasmus/Desktop/Fysik/AppliedML2026/Final_project_data/data/ML_data/NBI/FDM data/Arrivals/Nuuk Arrival_ 221872_OY-GRH_03_09_25_26_19.csv
2025.0,9.0,3.0,23.0,12.0,30.0,0.1499999999999999,/Users/rasmus/Desktop/Fysik/AppliedML2026/Final_project_data/data/ML_data/NBI/FDM data/Arrivals/Nuuk Arrival_ 221874_OY-GRJ_03_09_25_14_23.csv
2025.0,9.0,3.0,23.0,9.0,25.0,0.15999999999999992,/Users/rasmus/Desktop/Fysik/AppliedML2026/Final_project_data/data/ML_data/NBI/FDM data/Arrivals/Nuuk Arrival_ 221875_OY-GRM_03_09_25_11_23.csv
2025.0,9.0,4.0,12.0,3.0,53.0,0.17999999999999994,/Users/rasmus/Desktop/Fysik/AppliedML2026/Final_project_data/data/ML_data/NBI/FDM data/Arrivals/Nuuk Arrival_ 221889_OY-GRO_04_09_25_05_12.csv
2025.0,9.0,4.0,14.0,3.0,42.0,0.16999999999999993,/Users/rasmus/Desktop/Fysik/AppliedML2026/Final_project_data/data/ML_data/NBI/FDM data/Arrivals/Nuuk Arrival_ 221891_OY-GRK_04_09_25_06_14.csv
2025.0,9.0,4.0,15.0,4.0,56.0,0.1499999999999999,/Users/rasmus/Desktop/Fysik/AppliedML2026/Final_project_data/data/ML_data/NBI/FDM data/Arrivals/Nuuk Arrival_ 221892_OY-GRM_04_09_25_08_15.csv
2025.0,9.0,4.0,13.0,43.0,39.0,0.1499999999999999,/Users/rasmus/Desktop/Fysik/AppliedML2026/Final_project_data/data/ML_data/NBI/FDM data/Arrivals/Nuuk Arrival_ 221893_OY-GRH_04_09_25_44_13.csv
2025.0,9.0,4.0,14.0,15.0,59.0,0.17999999999999994,/Users/rasmus/Desktop/Fysik/AppliedML2026/Final_project_data/data/ML_data/NBI/FDM data/Arrivals/Nuuk Arrival_ 221896_OY-GRJ_04_09_25_17_14.csv
2025.0,9.0,4.0,18.0,6.0,32.0,0.21999999999999997,/Users/rasmus/Desktop/Fysik/AppliedML2026/Final_project_data/data/ML_data/NBI/FDM data/Arrivals/Nuuk Arrival_ 221902_OY-GRH_04_09_25_07_18.csv
2025.0,9.0,4.0,19.0,14.0,36.0,0.1399999999999999,/Users/rasmus/Desktop/Fysik/AppliedML2026/Final_project_data/data/ML_data/NBI/FDM data/Arrivals/Nuuk Arrival_ 221903_OY-GRP_04_09_25_15_19.csv
2025.0,9.0,4.0,19.0,54.0,36.0,0.29000000000000004,/Users/rasmus/Desktop/Fysik/AppliedML2026/Final_project_data/data/ML_data/NBI/FDM data/Arrivals/Nuuk Arrival_ 221904_OY-GRJ_04_09_25_55_19.csv
2025.0,9.0,4.0,20.0,42.0,54.0,0.16999999999999993,/Users/rasmus/Desktop/Fysik/AppliedML2026/Final_project_data/data/ML_data/NBI/FDM data/Arrivals/Nuuk Arrival_ 221908_OY-GRM_04_09_25_44_20.csv
2025.0,9.0,4.0,21.0,59.0,51.0,0.29000000000000004,/Users/rasmus/Desktop/Fysik/AppliedML2026/Final_project_data/data/ML_data/NBI/FDM data/Arrivals/Nuuk Arrival_ 221919_OY-GRH_04_09_25_00_22.csv
2025.0,9.0,4.0,23.0,5.0,45.0,0.15999999999999992,/Users/rasmus/Desktop/Fysik/AppliedML2026/Final_project_data/data/ML_data/NBI/FDM data/Arrivals/Nuuk Arrival_ 221937_OY-GRO_04_09_25_09_23.csv
2025.0,9.0,5.0,11.0,34.0,3.0,0.26,/Users/rasmus/Desktop/Fysik/AppliedML2026/Final_project_data/data/ML_data/NBI/FDM data/Arrivals/Nuuk Arrival_ 221946_OY-GRO_05_09_25_36_11.csv
2025.0,9.0,5.0,11.0,56.0,44.0,0.1399999999999999,/Users/rasmus/Desktop/Fysik/AppliedML2026/Final_project_data/data/ML_data/NBI/FDM data/Arrivals/Nuuk Arrival_ 221949_OY-GRK_05_09_25_57_11.csv
2025.0,9.0,5.0,12.0,41.0,11.0,0.17999999999999994,/Users/rasmus/Desktop/Fysik/AppliedML2026/Final_project_data/data/ML_data/NBI/FDM data/Arrivals/Nuuk Arrival_ 221950_OY-GRH_05_09_25_44_12.csv
2025.0,9.0,5.0,12.0,36.0,19.0,0.26,/Users/rasmus/Desktop/Fysik/AppliedML2026/Final_project_data/data/ML_data/NBI/FDM data/Arrivals/Nuuk Arrival_ 221956_OY-GRM_05_09_25_38_12.csv
2025.0,9.0,5.0,12.0,21.0,8.0,0.22999999999999998,/Users/rasmus/Desktop/Fysik/AppliedML2026/Final_project_data/data/ML_data/NBI/FDM data/Arrivals/Nuuk Arrival_ 221958_OY-GRP_05_09_25_23_12.csv
2025.0,9.0,5.0,16.0,14.0,11.0,0.1499999999999999,/Users/rasmus/Desktop/Fysik/AppliedML2026/Final_project_data/data/ML_data/NBI/FDM data/Arrivals/Nuuk Arrival_ 221960_OY-GRO_05_09_25_15_16.csv
2025.0,9.0,5.0,17.0,38.0,12.0,0.26,/Users/rasmus/Desktop/Fysik/AppliedML2026/Final_project_data/data/ML_data/NBI/FDM data/Arrivals/Nuuk Arrival_ 221965_OY-GRH_05_09_25_40_17.csv
2025.0,9.0,5.0,20.0,53.0,17.0,0.24,/Users/rasmus/Desktop/Fysik/AppliedML2026/Final_project_data/data/ML_data/NBI/FDM data/Arrivals/Nuuk Arrival_ 222001_OY-GRM_05_09_25_55_20.csv
2025.0,9.0,5.0,21.0,16.0,31.0,0.1100000000000001,/Users/rasmus/Desktop/Fysik/AppliedML2026/Final_project_data/data/ML_data/NBI/FDM data/Arrivals/Nuuk Arrival_ 222004_OY-GRP_05_09_25_18_21.csv
2025.0,9.0,5.0,22.0,6.0,53.0,0.27,/Users/rasmus/Desktop/Fysik/AppliedML2026/Final_project_data/data/ML_data/NBI/FDM data/Arrivals/Nuuk Arrival_ 222005_OY-GRO_05_09_25_08_22.csv
2025.0,9.0,5.0,16.0,9.0,40.0,0.25,/Users/rasmus/Desktop/Fysik/AppliedML2026/Final_project_data/data/ML_data/NBI/FDM data/Arrivals/Nuuk Arrival_ 222016_OY-GRJ_05_09_25_10_16.csv
2025.0,9.0,5.0,20.0,38.0,12.0,0.21999999999999997,/Users/rasmus/Desktop/Fysik/AppliedML2026/Final_project_data/data/ML_data/NBI/FDM data/Arrivals/Nuuk Arrival_ 222019_OY-GRJ_05_09_25_41_20.csv
2025.0,9.0,6.0,11.0,16.0,20.0,0.32000000000000006,/Users/rasmus/Desktop/Fysik/AppliedML2026/Final_project_data/data/ML_data/NBI/FDM data/Arrivals/Nuuk Arrival_ 222022_OY-GRP_06_09_25_19_11.csv
2025.0,9.0,6.0,14.0,10.0,37.0,0.15999999999999992,/Users/rasmus/Desktop/Fysik/AppliedML2026/Final_project_data/data/ML_data/NBI/FDM data/Arrivals/Nuuk Arrival_ 222029_OY-GRM_06_09_25_13_14.csv
2025.0,9.0,6.0,14.0,12.0,28.0,0.25,/Users/rasmus/Desktop/Fysik/AppliedML2026/Final_project_data/data/ML_data/NBI/FDM data/Arrivals/Nuuk Arrival_ 222030_OY-GRO_06_09_25_16_14.csv
2025.0,9.0,6.0,14.0,23.0,58.0,0.16999999999999993,/Users/rasmus/Desktop/Fysik/AppliedML2026/Final_project_data/data/ML_data/NBI/FDM data/Arrivals/Nuuk Arrival_ 222031_OY-GRJ_06_09_25_25_14.csv
2025.0,9.0,6.0,14.0,31.0,26.0,0.3700000000000001,/Users/rasmus/Desktop/Fysik/AppliedML2026/Final_project_data/data/ML_data/NBI/FDM data/Arrivals/Nuuk Arrival_ 222032_OY-GRP_06_09_25_34_14.csv
2025.0,9.0,6.0,18.0,15.0,25.0,0.15999999999999992,/Users/rasmus/Desktop/Fysik/AppliedML2026/Final_project_data/data/ML_data/NBI/FDM data/Arrivals/Nuuk Arrival_ 222037_OY-GRM_06_09_25_17_18.csv
2025.0,9.0,6.0,18.0,28.0,33.0,0.27,/Users/rasmus/Desktop/Fysik/AppliedML2026/Final_project_data/data/ML_data/NBI/FDM data/Arrivals/Nuuk Arrival_ 222040_OY-GRO_06_09_25_30_18.csv
2025.0,9.0,6.0,18.0,34.0,30.0,0.15999999999999992,/Users/rasmus/Desktop/Fysik/AppliedML2026/Final_project_data/data/ML_data/NBI/FDM data/Arrivals/Nuuk Arrival_ 222041_OY-GRH_06_09_25_35_18.csv
2025.0,9.0,6.0,20.0,10.0,3.0,0.1399999999999999,/Users/rasmus/Desktop/Fysik/AppliedML2026/Final_project_data/data/ML_data/NBI/FDM data/Arrivals/Nuuk Arrival_ 222065_OY-GRJ_06_09_25_12_20.csv
2025.0,9.0,1.0,11.0,55.0,27.0,0.26,/Users/rasmus/Desktop/Fysik/AppliedML2026/Final_project_data/data/ML_data/NBI/FDM data/Arrivals/Nuuk Arrival_ 222068_OY-GRR_01_09_25_43_11.csv
2025.0,9.0,1.0,17.0,43.0,33.0,0.22999999999999998,/Users/rasmus/Desktop/Fysik/AppliedML2026/Final_project_data/data/ML_data/NBI/FDM data/Arrivals/Nuuk Arrival_ 222070_OY-GRR_01_09_25_27_17.csv
2025.0,9.0,1.0,21.0,37.0,54.0,0.20999999999999996,/Users/rasmus/Desktop/Fysik/AppliedML2026/Final_project_data/data/ML_data/NBI/FDM data/Arrivals/Nuuk Arrival_ 222072_OY-GRR_01_09_25_33_21.csv
2025.0,9.0,3.0,10.0,11.0,26.0,0.33000000000000007,/Users/rasmus/Desktop/Fysik/AppliedML2026/Final_project_data/data/ML_data/NBI/FDM data/Arrivals/Nuuk Arrival_ 222074_OY-GRR_03_09_25_06_10.csv
2025.0,9.0,3.0,15.0,0.0,50.0,0.3400000000000001,/Users/rasmus/Desktop/Fysik/AppliedML2026/Final_project_data/data/ML_data/NBI/FDM data/Arrivals/Nuuk Arrival_ 222076_OY-GRR_03_09_25_51_14.csv
2025.0,9.0,3.0,21.0,30.0,3.0,0.3600000000000001,/Users/rasmus/Desktop/Fysik/AppliedML2026/Final_project_data/data/ML_data/NBI/FDM data/Arrivals/Nuuk Arrival_ 222078_OY-GRR_03_09_25_52_20.csv
2025.0,9.0,4.0,11.0,10.0,8.0,0.21999999999999997,/Users/rasmus/Desktop/Fysik/AppliedML2026/Final_project_data/data/ML_data/NBI/FDM data/Arrivals/Nuuk Arrival_ 222080_OY-GRR_04_09_25_07_11.csv
2025.0,9.0,4.0,14.0,27.0,36.0,0.20999999999999996,/Users/rasmus/Desktop/Fysik/AppliedML2026/Final_project_data/data/ML_data/NBI/FDM data/Arrivals/Nuuk Arrival_ 222082_OY-GRR_04_09_25_20_14.csv
2025.0,9.0,4.0,17.0,40.0,57.0,0.45999999999999996,/Users/rasmus/Desktop/Fysik/AppliedML2026/Final_project_data/data/ML_data/NBI/FDM data/Arrivals/Nuuk Arrival_ 222084_OY-GRR_04_09_25_35_17.csv
2025.0,9.0,6.0,13.0,44.0,3.0,0.1200000000000001,/Users/rasmus/Desktop/Fysik/AppliedML2026/Final_project_data/data/ML_data/NBI/FDM data/Arrivals/Nuuk Arrival_ 222087_OY-GRR_06_09_25_28_13.csv
2025.0,9.0,6.0,17.0,31.0,36.0,0.16999999999999993,/Users/rasmus/Desktop/Fysik/AppliedML2026/Final_project_data/data/ML_data/NBI/FDM data/Arrivals/Nuuk Arrival_ 222089_OY-GRR_06_09_25_24_17.csv
2025.0,9.0,7.0,11.0,25.0,25.0,0.32000000000000006,/Users/rasmus/Desktop/Fysik/AppliedML2026/Final_project_data/data/ML_data/NBI/FDM data/Arrivals/Nuuk Arrival_ 222090_OY-GRJ_07_09_25_29_11.csv
2025.0,9.0,7.0,15.0,59.0,27.0,0.09000000000000008,/Users/rasmus/Desktop/Fysik/AppliedML2026/Final_project_data/data/ML_data/NBI/FDM data/Arrivals/Nuuk Arrival_ 222094_OY-GRP_07_09_25_01_16.csv
2025.0,9.0,7.0,16.0,2.0,30.0,0.21999999999999997,/Users/rasmus/Desktop/Fysik/AppliedML2026/Final_project_data/data/ML_data/NBI/FDM data/Arrivals/Nuuk Arrival_ 222095_OY-GRO_07_09_25_04_16.csv
2025.0,9.0,6.0,10.0,18.0,9.0,0.14,/Users/rasmus/Desktop/Fysik/AppliedML2026/Final_project_data/data/ML_data/NBI/FDM data/Arrivals/Nuuk Arrival_ 222097_OY-GRK_06_09_25_20_10.csv
2025.0,9.0,6.0,15.0,6.0,52.0,0.24,/Users/rasmus/Desktop/Fysik/AppliedML2026/Final_project_data/data/ML_data/NBI/FDM data/Arrivals/Nuuk Arrival_ 222100_OY-GRK_06_09_25_07_15.csv
2025.0,9.0,8.0,11.0,29.0,15.0,0.17999999999999994,/Users/rasmus/Desktop/Fysik/AppliedML2026/Final_project_data/data/ML_data/NBI/FDM data/Arrivals/Nuuk Arrival_ 222104_OY-GRP_08_09_25_31_11.csv
2025.0,9.0,8.0,11.0,53.0,52.0,0.1399999999999999,/Users/rasmus/Desktop/Fysik/AppliedML2026/Final_project_data/data/ML_data/NBI/FDM data/Arrivals/Nuuk Arrival_ 222106_OY-GRJ_08_09_25_54_11.csv
2025.0,9.0,8.0,11.0,48.0,17.0,0.1399999999999999,/Users/rasmus/Desktop/Fysik/AppliedML2026/Final_project_data/data/ML_data/NBI/FDM data/Arrivals/Nuuk Arrival_ 222109_OY-GRK_08_09_25_50_11.csv
2025.0,9.0,8.0,12.0,37.0,57.0,0.25,/Users/rasmus/Desktop/Fysik/AppliedML2026/Final_project_data/data/ML_data/NBI/FDM data/Arrivals/Nuuk Arrival_ 222110_OY-GRH_08_09_25_38_12.csv
2025.0,9.0,8.0,15.0,39.0,40.0,0.18999999999999995,/Users/rasmus/Desktop/Fysik/AppliedML2026/Final_project_data/data/ML_data/NBI/FDM data/Arrivals/Nuuk Arrival_ 222120_OY-GRP_08_09_25_40_15.csv
2025.0,9.0,8.0,18.0,34.0,33.0,0.25,/Users/rasmus/Desktop/Fysik/AppliedML2026/Final_project_data/data/ML_data/NBI/FDM data/Arrivals/Nuuk Arrival_ 222139_OY-GRO_08_09_25_36_18.csv
2025.0,9.0,8.0,21.0,38.0,5.0,0.1499999999999999,/Users/rasmus/Desktop/Fysik/AppliedML2026/Final_project_data/data/ML_data/NBI/FDM data/Arrivals/Nuuk Arrival_ 222142_OY-GRJ_08_09_25_40_21.csv
2025.0,9.0,8.0,21.0,58.0,29.0,0.1499999999999999,/Users/rasmus/Desktop/Fysik/AppliedML2026/Final_project_data/data/ML_data/NBI/FDM data/Arrivals/Nuuk Arrival_ 222144_OY-GRP_08_09_25_00_22.csv
2025.0,9.0,8.0,20.0,31.0,40.0,0.21999999999999997,/Users/rasmus/Desktop/Fysik/AppliedML2026/Final_project_data/data/ML_data/NBI/FDM data/Arrivals/Nuuk Arrival_ 222145_OY-GRH_08_09_25_32_20.csv
2025.0,9.0,9.0,11.0,50.0,22.0,0.14,/Users/rasmus/Desktop/Fysik/AppliedML2026/Final_project_data/data/ML_data/NBI/FDM data/Arrivals/Nuuk Arrival_ 222154_OY-GRH_09_09_25_52_11.csv
2025.0,9.0,9.0,14.0,42.0,38.0,0.29000000000000004,/Users/rasmus/Desktop/Fysik/AppliedML2026/Final_project_data/data/ML_data/NBI/FDM data/Arrivals/Nuuk Arrival_ 222159_OY-GRO_09_09_25_43_14.csv
2025.0,9.0,9.0,14.0,38.0,44.0,0.16000000000000003,/Users/rasmus/Desktop/Fysik/AppliedML2026/Final_project_data/data/ML_data/NBI/FDM data/Arrivals/Nuuk Arrival_ 222161_OY-GRJ_09_09_25_39_14.csv
2025.0,9.0,9.0,14.0,28.0,0.0,0.16999999999999993,/Users/rasmus/Desktop/Fysik/AppliedML2026/Final_project_data/data/ML_data/NBI/FDM data/Arrivals/Nuuk Arrival_ 222171_OY-GRK_09_09_25_29_14.csv
2025.0,9.0,9.0,14.0,35.0,19.0,0.19999999999999996,/Users/rasmus/Desktop/Fysik/AppliedML2026/Final_project_data/data/ML_data/NBI/FDM data/Arrivals/Nuuk Arrival_ 222187_OY-GRH_09_09_25_37_14.csv
2025.0,9.0,9.0,18.0,16.0,11.0,0.19999999999999996,/Users/rasmus/Desktop/Fysik/AppliedML2026/Final_project_data/data/ML_data/NBI/FDM data/Arrivals/Nuuk Arrival_ 222189_OY-GRH_09_09_25_18_18.csv
2025.0,9.0,9.0,19.0,48.0,27.0,0.19999999999999996,/Users/rasmus/Desktop/Fysik/AppliedML2026/Final_project_data/data/ML_data/NBI/FDM data/Arrivals/Nuuk Arrival_ 222192_OY-GRP_09_09_25_50_19.csv
2025.0,9.0,9.0,20.0,0.0,0.0,0.16999999999999993,/Users/rasmus/Desktop/Fysik/AppliedML2026/Final_project_data/data/ML_data/NBI/FDM data/Arrivals/Nuuk Arrival_ 222203_OY-GRO_09_09_25_01_20.csv
2025.0,9.0,10.0,11.0,28.0,15.0,0.1100000000000001,/Users/rasmus/Desktop/Fysik/AppliedML2026/Final_project_data/data/ML_data/NBI/FDM data/Arrivals/Nuuk Arrival_ 222208_OY-GRP_10_09_25_30_11.csv
2025.0,9.0,10.0,11.0,35.0,8.0,0.1399999999999999,/Users/rasmus/Desktop/Fysik/AppliedML2026/Final_project_data/data/ML_data/NBI/FDM data/Arrivals/Nuuk Arrival_ 222209_OY-GRK_10_09_25_37_11.csv
2025.0,9.0,10.0,11.0,49.0,47.0,0.1200000000000001,/Users/rasmus/Desktop/Fysik/AppliedML2026/Final_project_data/data/ML_data/NBI/FDM data/Arrivals/Nuuk Arrival_ 222210_OY-GRJ_10_09_25_50_11.csv
2025.0,9.0,10.0,12.0,2.0,50.0,0.17999999999999994,/Users/rasmus/Desktop/Fysik/AppliedML2026/Final_project_data/data/ML_data/NBI/FDM data/Arrivals/Nuuk Arrival_ 222211_OY-GRM_10_09_25_04_12.csv
2025.0,9.0,10.0,17.0,58.0,16.0,0.09000000000000008,/Users/rasmus/Desktop/Fysik/AppliedML2026/Final_project_data/data/ML_data/NBI/FDM data/Arrivals/Nuuk Arrival_ 222229_OY-GRM_10_09_25_00_18.csv
2025.0,9.0,10.0,19.0,28.0,35.0,0.21999999999999997,/Users/rasmus/Desktop/Fysik/AppliedML2026/Final_project_data/data/ML_data/NBI/FDM data/Arrivals/Nuuk Arrival_ 222242_OY-GRO_10_09_25_30_19.csv
2025.0,9.0,10.0,20.0,9.0,16.0,0.10000000000000009,/Users/rasmus/Desktop/Fysik/AppliedML2026/Final_project_data/data/ML_data/NBI/FDM data/Arrivals/Nuuk Arrival_ 222244_OY-GRP_10_09_25_11_20.csv
2025.0,9.0,10.0,16.0,2.0,34.0,0.1499999999999999,/Users/rasmus/Desktop/Fysik/AppliedML2026/Final_project_data/data/ML_data/NBI/FDM data/Arrivals/Nuuk Arrival_ 222247_OY-GRK_10_09_25_04_16.csv
2025.0,9.0,10.0,20.0,3.0,6.0,0.20999999999999996,/Users/rasmus/Desktop/Fysik/AppliedML2026/Final_project_data/data/ML_data/NBI/FDM data/Arrivals/Nuuk Arrival_ 222249_OY-GRK_10_09_25_05_20.csv
2025.0,9.0,11.0,11.0,8.0,19.0,0.1100000000000001,/Users/rasmus/Desktop/Fysik/AppliedML2026/Final_project_data/data/ML_data/NBI/FDM data/Arrivals/Nuuk Arrival_ 222254_OY-GRM_11_09_25_10_11.csv
2025.0,9.0,11.0,13.0,30.0,42.0,0.1399999999999999,/Users/rasmus/Desktop/Fysik/AppliedML2026/Final_project_data/data/ML_data/NBI/FDM data/Arrivals/Nuuk Arrival_ 222260_OY-GRP_11_09_25_31_13.csv
2025.0,9.0,11.0,14.0,22.0,10.0,0.20999999999999996,/Users/rasmus/Desktop/Fysik/AppliedML2026/Final_project_data/data/ML_data/NBI/FDM data/Arrivals/Nuuk Arrival_ 222262_OY-GRJ_11_09_25_24_14.csv
2025.0,9.0,11.0,14.0,27.0,20.0,0.17999999999999994,/Users/rasmus/Desktop/Fysik/AppliedML2026/Final_project_data/data/ML_data/NBI/FDM data/Arrivals/Nuuk Arrival_ 222263_OY-GRM_11_09_25_29_14.csv
2025.0,9.0,11.0,18.0,4.0,25.0,0.28,/Users/rasmus/Desktop/Fysik/AppliedML2026/Final_project_data/data/ML_data/NBI/FDM data/Arrivals/Nuuk Arrival_ 222285_OY-GRJ_11_09_25_06_18.csv
2025.0,9.0,11.0,14.0,16.0,16.0,0.1299999999999999,/Users/rasmus/Desktop/Fysik/AppliedML2026/Final_project_data/data/ML_data/NBI/FDM data/Arrivals/Nuuk Arrival_ 222286_OY-GRK_11_09_25_18_14.csv
2025.0,9.0,11.0,18.0,53.0,24.0,0.21999999999999997,/Users/rasmus/Desktop/Fysik/AppliedML2026/Final_project_data/data/ML_data/NBI/FDM data/Arrivals/Nuuk Arrival_ 222289_OY-GRO_11_09_25_55_18.csv
2025.0,9.0,11.0,19.0,41.0,12.0,0.1399999999999999,/Users/rasmus/Desktop/Fysik/AppliedML2026/Final_project_data/data/ML_data/NBI/FDM data/Arrivals/Nuuk Arrival_ 222306_OY-GRM_11_09_25_42_19.csv
2025.0,9.0,11.0,20.0,12.0,4.0,0.18999999999999995,/Users/rasmus/Desktop/Fysik/AppliedML2026/Final_project_data/data/ML_data/NBI/FDM data/Arrivals/Nuuk Arrival_ 222308_OY-GRK_11_09_25_13_20.csv
2025.0,9.0,11.0,21.0,52.0,9.0,0.3500000000000001,/Users/rasmus/Desktop/Fysik/AppliedML2026/Final_project_data/data/ML_data/NBI/FDM data/Arrivals/Nuuk Arrival_ 222310_OY-GRP_11_09_25_55_21.csv
2025.0,9.0,12.0,12.0,50.0,25.0,0.30000000000000004,/Users/rasmus/Desktop/Fysik/AppliedML2026/Final_project_data/data/ML_data/NBI/FDM data/Arrivals/Nuuk Arrival_ 222316_OY-GRJ_12_09_25_53_12.csv
2025.0,9.0,12.0,12.0,44.0,35.0,0.16999999999999993,/Users/rasmus/Desktop/Fysik/AppliedML2026/Final_project_data/data/ML_data/NBI/FDM data/Arrivals/Nuuk Arrival_ 222317_OY-GRM_12_09_25_46_12.csv
2025.0,9.0,12.0,12.0,59.0,0.0,0.18999999999999995,/Users/rasmus/Desktop/Fysik/AppliedML2026/Final_project_data/data/ML_data/NBI/FDM data/Arrivals/Nuuk Arrival_ 222318_OY-GRO_12_09_25_01_13.csv
2025.0,9.0,12.0,12.0,38.0,54.0,0.1399999999999999,/Users/rasmus/Desktop/Fysik/AppliedML2026/Final_project_data/data/ML_data/NBI/FDM data/Arrivals/Nuuk Arrival_ 222323_OY-GRP_12_09_25_40_12.csv
2025.0,9.0,12.0,15.0,20.0,29.0,0.10000000000000009,/Users/rasmus/Desktop/Fysik/AppliedML2026/Final_project_data/data/ML_data/NBI/FDM data/Arrivals/Nuuk Arrival_ 222324_OY-GRP_12_09_25_23_15.csv
2025.0,9.0,12.0,17.0,9.0,17.0,0.31000000000000005,/Users/rasmus/Desktop/Fysik/AppliedML2026/Final_project_data/data/ML_data/NBI/FDM data/Arrivals/Nuuk Arrival_ 222338_OY-GRH_12_09_25_11_17.csv
2025.0,9.0,12.0,16.0,59.0,51.0,0.1100000000000001,/Users/rasmus/Desktop/Fysik/AppliedML2026/Final_project_data/data/ML_data/NBI/FDM data/Arrivals/Nuuk Arrival_ 222342_OY-GRM_12_09_25_00_17.csv
2025.0,9.0,12.0,21.0,4.0,34.0,0.19999999999999996,/Users/rasmus/Desktop/Fysik/AppliedML2026/Final_project_data/data/ML_data/NBI/FDM data/Arrivals/Nuuk Arrival_ 222357_OY-GRO_12_09_25_05_21.csv
2025.0,9.0,12.0,21.0,54.0,35.0,0.18000000000000005,/Users/rasmus/Desktop/Fysik/AppliedML2026/Final_project_data/data/ML_data/NBI/FDM data/Arrivals/Nuuk Arrival_ 222368_OY-GRP_12_09_25_55_21.csv
2025.0,9.0,13.0,13.0,47.0,18.0,0.15999999999999992,/Users/rasmus/Desktop/Fysik/AppliedML2026/Final_project_data/data/ML_data/NBI/FDM data/Arrivals/Nuuk Arrival_ 222372_OY-GRM_13_09_25_49_13.csv
2025.0,9.0,13.0,14.0,22.0,21.0,0.10000000000000009,/Users/rasmus/Desktop/Fysik/AppliedML2026/Final_project_data/data/ML_data/NBI/FDM data/Arrivals/Nuuk Arrival_ 222374_OY-GRJ_13_09_25_24_14.csv
2025.0,9.0,13.0,14.0,43.0,51.0,0.26,/Users/rasmus/Desktop/Fysik/AppliedML2026/Final_project_data/data/ML_data/NBI/FDM data/Arrivals/Nuuk Arrival_ 222401_OY-GRO_13_09_25_44_14.csv
2025.0,9.0,13.0,18.0,54.0,49.0,0.17999999999999994,/Users/rasmus/Desktop/Fysik/AppliedML2026/Final_project_data/data/ML_data/NBI/FDM data/Arrivals/Nuuk Arrival_ 222402_OY-GRM_13_09_25_55_18.csv
2025.0,9.0,13.0,19.0,14.0,47.0,0.09000000000000008,/Users/rasmus/Desktop/Fysik/AppliedML2026/Final_project_data/data/ML_data/NBI/FDM data/Arrivals/Nuuk Arrival_ 222407_OY-GRP_13_09_25_15_19.csv
2025.0,9.0,13.0,18.0,45.0,38.0,0.20999999999999996,/Users/rasmus/Desktop/Fysik/AppliedML2026/Final_project_data/data/ML_data/NBI/FDM data/Arrivals/Nuuk Arrival_ 222408_OY-GRO_13_09_25_46_18.csv
2025.0,9.0,14.0,11.0,47.0,11.0,0.27,/Users/rasmus/Desktop/Fysik/AppliedML2026/Final_project_data/data/ML_data/NBI/FDM data/Arrivals/Nuuk Arrival_ 222410_OY-GRO_14_09_25_49_11.csv
2025.0,9.0,8.0,12.0,32.0,15.0,0.20999999999999996,/Users/rasmus/Desktop/Fysik/AppliedML2026/Final_project_data/data/ML_data/NBI/FDM data/Arrivals/Nuuk Arrival_ 222413_OY-GRR_08_09_25_20_12.csv
2025.0,9.0,8.0,16.0,21.0,54.0,0.1499999999999999,/Users/rasmus/Desktop/Fysik/AppliedML2026/Final_project_data/data/ML_data/NBI/FDM data/Arrivals/Nuuk Arrival_ 222416_OY-GRR_08_09_25_15_16.csv
2025.0,9.0,9.0,13.0,39.0,8.0,0.31000000000000005,/Users/rasmus/Desktop/Fysik/AppliedML2026/Final_project_data/data/ML_data/NBI/FDM data/Arrivals/Nuuk Arrival_ 222418_OY-GRR_09_09_25_29_13.csv
2025.0,9.0,9.0,19.0,53.0,17.0,0.43999999999999995,/Users/rasmus/Desktop/Fysik/AppliedML2026/Final_project_data/data/ML_data/NBI/FDM data/Arrivals/Nuuk Arrival_ 222420_OY-GRR_09_09_25_18_19.csv
2025.0,9.0,10.0,15.0,58.0,49.0,0.45999999999999996,/Users/rasmus/Desktop/Fysik/AppliedML2026/Final_project_data/data/ML_data/NBI/FDM data/Arrivals/Nuuk Arrival_ 222422_OY-GRR_10_09_25_49_15.csv
2025.0,9.0,10.0,21.0,33.0,40.0,0.33999999999999997,/Users/rasmus/Desktop/Fysik/AppliedML2026/Final_project_data/data/ML_data/NBI/FDM data/Arrivals/Nuuk Arrival_ 222424_OY-GRR_10_09_25_25_21.csv
2025.0,9.0,11.0,14.0,5.0,58.0,0.3700000000000001,/Users/rasmus/Desktop/Fysik/AppliedML2026/Final_project_data/data/ML_data/NBI/FDM data/Arrivals/Nuuk Arrival_ 222427_OY-GRR_11_09_25_54_13.csv
2025.0,9.0,11.0,18.0,0.0,50.0,0.25,/Users/rasmus/Desktop/Fysik/AppliedML2026/Final_project_data/data/ML_data/NBI/FDM data/Arrivals/Nuuk Arrival_ 222429_OY-GRR_11_09_25_54_17.csv
2025.0,9.0,12.0,14.0,1.0,35.0,0.35,/Users/rasmus/Desktop/Fysik/AppliedML2026/Final_project_data/data/ML_data/NBI/FDM data/Arrivals/Nuuk Arrival_ 222432_OY-GRR_12_09_25_50_13.csv
2025.0,9.0,12.0,17.0,41.0,10.0,0.1200000000000001,/Users/rasmus/Desktop/Fysik/AppliedML2026/Final_project_data/data/ML_data/NBI/FDM data/Arrivals/Nuuk Arrival_ 222434_OY-GRR_12_09_25_33_17.csv
2025.0,9.0,12.0,23.0,39.0,17.0,0.45999999999999996,/Users/rasmus/Desktop/Fysik/AppliedML2026/Final_project_data/data/ML_data/NBI/FDM data/Arrivals/Nuuk Arrival_ 222438_OY-GRR_12_09_25_30_23.csv
2025.0,9.0,13.0,14.0,14.0,27.0,0.25,/Users/rasmus/Desktop/Fysik/AppliedML2026/Final_project_data/data/ML_data/NBI/FDM data/Arrivals/Nuuk Arrival_ 222440_OY-GRR_13_09_25_06_14.csv
2025.0,9.0,13.0,19.0,56.0,35.0,0.1299999999999999,/Users/rasmus/Desktop/Fysik/AppliedML2026/Final_project_data/data/ML_data/NBI/FDM data/Arrivals/Nuuk Arrival_ 222443_OY-GRR_13_09_25_42_19.csv
2025.0,9.0,14.0,14.0,8.0,0.0,0.16000000000000003,/Users/rasmus/Desktop/Fysik/AppliedML2026/Final_project_data/data/ML_data/NBI/FDM data/Arrivals/Nuuk Arrival_ 222445_OY-GRP_14_09_25_10_14.csv
2025.0,9.0,14.0,15.0,50.0,6.0,0.1399999999999999,/Users/rasmus/Desktop/Fysik/AppliedML2026/Final_project_data/data/ML_data/NBI/FDM data/Arrivals/Nuuk Arrival_ 222446_OY-GRO_14_09_25_52_15.csv
2025.0,9.0,14.0,18.0,7.0,48.0,0.1299999999999999,/Users/rasmus/Desktop/Fysik/AppliedML2026/Final_project_data/data/ML_data/NBI/FDM data/Arrivals/Nuuk Arrival_ 222448_OY-GRP_14_09_25_09_18.csv
2025.0,9.0,15.0,11.0,36.0,49.0,0.20999999999999996,/Users/rasmus/Desktop/Fysik/AppliedML2026/Final_project_data/data/ML_data/NBI/FDM data/Arrivals/Nuuk Arrival_ 222452_OY-GRO_15_09_25_37_11.csv
2025.0,9.0,15.0,11.0,51.0,42.0,0.16999999999999993,/Users/rasmus/Desktop/Fysik/AppliedML2026/Final_project_data/data/ML_data/NBI/FDM data/Arrivals/Nuuk Arrival_ 222454_OY-GRJ_15_09_25_52_11.csv
2025.0,9.0,13.0,14.0,37.0,38.0,0.10000000000000009,/Users/rasmus/Desktop/Fysik/AppliedML2026/Final_project_data/data/ML_data/NBI/FDM data/Arrivals/Nuuk Arrival_ 222457_OY-GRK_13_09_25_38_14.csv
2025.0,9.0,13.0,17.0,57.0,47.0,0.09000000000000008,/Users/rasmus/Desktop/Fysik/AppliedML2026/Final_project_data/data/ML_data/NBI/FDM data/Arrivals/Nuuk Arrival_ 222459_OY-GRK_13_09_25_58_17.csv
2025.0,9.0,15.0,12.0,8.0,31.0,0.1299999999999999,/Users/rasmus/Desktop/Fysik/AppliedML2026/Final_project_data/data/ML_data/NBI/FDM data/Arrivals/Nuuk Arrival_ 222460_OY-GRM_15_09_25_10_12.csv
2025.0,9.0,15.0,11.0,47.0,39.0,0.18999999999999995,/Users/rasmus/Desktop/Fysik/AppliedML2026/Final_project_data/data/ML_data/NBI/FDM data/Arrivals/Nuuk Arrival_ 222463_OY-GRK_15_09_25_48_11.csv
2025.0,9.0,15.0,16.0,4.0,31.0,0.29000000000000004,/Users/rasmus/Desktop/Fysik/AppliedML2026/Final_project_data/data/ML_data/NBI/FDM data/Arrivals/Nuuk Arrival_ 222469_OY-GRO_15_09_25_05_16.csv
2025.0,9.0,15.0,16.0,46.0,35.0,0.18999999999999995,/Users/rasmus/Desktop/Fysik/AppliedML2026/Final_project_data/data/ML_data/NBI/FDM data/Arrivals/Nuuk Arrival_ 222473_OY-GRH_15_09_25_47_16.csv
2025.0,9.0,15.0,17.0,18.0,50.0,0.15999999999999992,/Users/rasmus/Desktop/Fysik/AppliedML2026/Final_project_data/data/ML_data/NBI/FDM data/Arrivals/Nuuk Arrival_ 222496_OY-GRK_15_09_25_19_17.csv
2025.0,9.0,15.0,21.0,12.0,22.0,0.1299999999999999,/Users/rasmus/Desktop/Fysik/AppliedML2026/Final_project_data/data/ML_data/NBI/FDM data/Arrivals/Nuuk Arrival_ 222509_OY-GRM_15_09_25_14_21.csv
2025.0,9.0,15.0,21.0,43.0,56.0,0.20999999999999996,/Users/rasmus/Desktop/Fysik/AppliedML2026/Final_project_data/data/ML_data/NBI/FDM data/Arrivals/Nuuk Arrival_ 222510_OY-GRO_15_09_25_44_21.csv
2025.0,9.0,15.0,21.0,33.0,59.0,0.1499999999999999,/Users/rasmus/Desktop/Fysik/AppliedML2026/Final_project_data/data/ML_data/NBI/FDM data/Arrivals/Nuuk Arrival_ 222511_OY-GRP_15_09_25_34_21.csv
2025.0,9.0,16.0,13.0,17.0,7.0,0.20999999999999996,/Users/rasmus/Desktop/Fysik/AppliedML2026/Final_project_data/data/ML_data/NBI/FDM data/Arrivals/Nuuk Arrival_ 222520_OY-GRO_16_09_25_19_13.csv
2025.0,9.0,16.0,14.0,53.0,43.0,0.16999999999999993,/Users/rasmus/Desktop/Fysik/AppliedML2026/Final_project_data/data/ML_data/NBI/FDM data/Arrivals/Nuuk Arrival_ 222523_OY-GRM_16_09_25_55_14.csv
2025.0,9.0,16.0,15.0,15.0,50.0,0.29000000000000004,/Users/rasmus/Desktop/Fysik/AppliedML2026/Final_project_data/data/ML_data/NBI/FDM data/Arrivals/Nuuk Arrival_ 222525_OY-GRP_16_09_25_17_15.csv
2025.0,9.0,16.0,15.0,58.0,53.0,0.32000000000000006,/Users/rasmus/Desktop/Fysik/AppliedML2026/Final_project_data/data/ML_data/NBI/FDM data/Arrivals/Nuuk Arrival_ 222556_OY-GRO_16_09_25_59_15.csv
2025.0,9.0,16.0,14.0,45.0,11.0,0.22999999999999998,/Users/rasmus/Desktop/Fysik/AppliedML2026/Final_project_data/data/ML_data/NBI/FDM data/Arrivals/Nuuk Arrival_ 222558_OY-GRJ_16_09_25_47_14.csv
2025.0,9.0,16.0,18.0,53.0,5.0,0.1499999999999999,/Users/rasmus/Desktop/Fysik/AppliedML2026/Final_project_data/data/ML_data/NBI/FDM data/Arrivals/Nuuk Arrival_ 222561_OY-GRO_16_09_25_55_18.csv
2025.0,9.0,16.0,20.0,21.0,54.0,0.1299999999999999,/Users/rasmus/Desktop/Fysik/AppliedML2026/Final_project_data/data/ML_data/NBI/FDM data/Arrivals/Nuuk Arrival_ 222562_OY-GRM_16_09_25_22_20.csv
2025.0,9.0,16.0,19.0,13.0,59.0,0.13,/Users/rasmus/Desktop/Fysik/AppliedML2026/Final_project_data/data/ML_data/NBI/FDM data/Arrivals/Nuuk Arrival_ 222565_OY-GRP_16_09_25_15_19.csv
2025.0,9.0,17.0,11.0,15.0,39.0,0.19999999999999996,/Users/rasmus/Desktop/Fysik/AppliedML2026/Final_project_data/data/ML_data/NBI/FDM data/Arrivals/Nuuk Arrival_ 222568_OY-GRM_17_09_25_16_11.csv
2025.0,9.0,17.0,12.0,1.0,51.0,0.16999999999999993,/Users/rasmus/Desktop/Fysik/AppliedML2026/Final_project_data/data/ML_data/NBI/FDM data/Arrivals/Nuuk Arrival_ 222571_OY-GRJ_17_09_25_02_12.csv
2025.0,9.0,17.0,14.0,29.0,22.0,0.18999999999999995,/Users/rasmus/Desktop/Fysik/AppliedML2026/Final_project_data/data/ML_data/NBI/FDM data/Arrivals/Nuuk Arrival_ 222573_OY-GRP_17_09_25_32_14.csv
2025.0,9.0,17.0,19.0,6.0,41.0,0.3799999999999999,/Users/rasmus/Desktop/Fysik/AppliedML2026/Final_project_data/data/ML_data/NBI/FDM data/Arrivals/Nuuk Arrival_ 222604_OY-GRO_17_09_25_07_19.csv
2025.0,9.0,17.0,18.0,59.0,38.0,0.22999999999999998,/Users/rasmus/Desktop/Fysik/AppliedML2026/Final_project_data/data/ML_data/NBI/FDM data/Arrivals/Nuuk Arrival_ 222605_OY-GRM_17_09_25_01_19.csv
2025.0,9.0,17.0,20.0,39.0,23.0,0.32000000000000006,/Users/rasmus/Desktop/Fysik/AppliedML2026/Final_project_data/data/ML_data/NBI/FDM data/Arrivals/Nuuk Arrival_ 222608_OY-GRP_17_09_25_41_20.csv
2025.0,9.0,18.0,11.0,16.0,24.0,0.19999999999999996,/Users/rasmus/Desktop/Fysik/AppliedML2026/Final_project_data/data/ML_data/NBI/FDM data/Arrivals/Nuuk Arrival_ 222614_OY-GRM_18_09_25_20_11.csv
2025.0,9.0,18.0,14.0,8.0,46.0,0.16999999999999993,/Users/rasmus/Desktop/Fysik/AppliedML2026/Final_project_data/data/ML_data/NBI/FDM data/Arrivals/Nuuk Arrival_ 222627_OY-GRO_18_09_25_10_14.csv
2025.0,9.0,18.0,14.0,21.0,0.0,0.19999999999999996,/Users/rasmus/Desktop/Fysik/AppliedML2026/Final_project_data/data/ML_data/NBI/FDM data/Arrivals/Nuuk Arrival_ 222628_OY-GRJ_18_09_25_22_14.csv
2025.0,9.0,18.0,14.0,25.0,9.0,0.16999999999999993,/Users/rasmus/Desktop/Fysik/AppliedML2026/Final_project_data/data/ML_data/NBI/FDM data/Arrivals/Nuuk Arrival_ 222629_OY-GRM_18_09_25_27_14.csv
2025.0,9.0,18.0,14.0,49.0,57.0,0.18999999999999995,/Users/rasmus/Desktop/Fysik/AppliedML2026/Final_project_data/data/ML_data/NBI/FDM data/Arrivals/Nuuk Arrival_ 222631_OY-GRH_18_09_25_51_14.csv
2025.0,9.0,18.0,18.0,12.0,58.0,0.15999999999999992,/Users/rasmus/Desktop/Fysik/AppliedML2026/Final_project_data/data/ML_data/NBI/FDM data/Arrivals/Nuuk Arrival_ 222637_OY-GRM_18_09_25_13_18.csv
2025.0,9.0,18.0,19.0,7.0,7.0,0.1499999999999999,/Users/rasmus/Desktop/Fysik/AppliedML2026/Final_project_data/data/ML_data/NBI/FDM data/Arrivals/Nuuk Arrival_ 222644_OY-GRO_18_09_25_09_19.csv
2025.0,9.0,18.0,19.0,29.0,5.0,0.09000000000000008,/Users/rasmus/Desktop/Fysik/AppliedML2026/Final_project_data/data/ML_data/NBI/FDM data/Arrivals/Nuuk Arrival_ 222653_OY-GRP_18_09_25_31_19.csv
2025.0,9.0,19.0,12.0,13.0,49.0,0.18999999999999995,/Users/rasmus/Desktop/Fysik/AppliedML2026/Final_project_data/data/ML_data/NBI/FDM data/Arrivals/Nuuk Arrival_ 222665_OY-GRJ_19_09_25_15_12.csv
2025.0,9.0,19.0,13.0,33.0,58.0,0.1399999999999999,/Users/rasmus/Desktop/Fysik/AppliedML2026/Final_project_data/data/ML_data/NBI/FDM data/Arrivals/Nuuk Arrival_ 222667_OY-GRM_19_09_25_34_13.csv
2025.0,9.0,19.0,11.0,57.0,57.0,0.20999999999999996,/Users/rasmus/Desktop/Fysik/AppliedML2026/Final_project_data/data/ML_data/NBI/FDM data/Arrivals/Nuuk Arrival_ 222668_OY-GRP_19_09_25_59_11.csv
2025.0,9.0,19.0,17.0,51.0,44.0,0.28,/Users/rasmus/Desktop/Fysik/AppliedML2026/Final_project_data/data/ML_data/NBI/FDM data/Arrivals/Nuuk Arrival_ 222685_OY-GRP_19_09_25_52_17.csv
2025.0,9.0,19.0,21.0,24.0,20.0,0.15999999999999992,/Users/rasmus/Desktop/Fysik/AppliedML2026/Final_project_data/data/ML_data/NBI/FDM data/Arrivals/Nuuk Arrival_ 222689_OY-GRO_19_09_25_26_21.csv
2025.0,9.0,19.0,21.0,51.0,51.0,0.1399999999999999,/Users/rasmus/Desktop/Fysik/AppliedML2026/Final_project_data/data/ML_data/NBI/FDM data/Arrivals/Nuuk Arrival_ 222690_OY-GRM_19_09_25_52_21.csv
2025.0,9.0,20.0,14.0,9.0,29.0,0.15999999999999992,/Users/rasmus/Desktop/Fysik/AppliedML2026/Final_project_data/data/ML_data/NBI/FDM data/Arrivals/Nuuk Arrival_ 222697_OY-GRP_20_09_25_11_14.csv
2025.0,9.0,20.0,14.0,28.0,16.0,0.19999999999999996,/Users/rasmus/Desktop/Fysik/AppliedML2026/Final_project_data/data/ML_data/NBI/FDM data/Arrivals/Nuuk Arrival_ 222698_OY-GRO_20_09_25_29_14.csv
2025.0,9.0,20.0,14.0,24.0,10.0,0.16999999999999993,/Users/rasmus/Desktop/Fysik/AppliedML2026/Final_project_data/data/ML_data/NBI/FDM data/Arrivals/Nuuk Arrival_ 222700_OY-GRM_20_09_25_25_14.csv
2025.0,9.0,20.0,17.0,54.0,31.0,0.25,/Users/rasmus/Desktop/Fysik/AppliedML2026/Final_project_data/data/ML_data/NBI/FDM data/Arrivals/Nuuk Arrival_ 222707_OY-GRM_20_09_25_56_17.csv
2025.0,9.0,20.0,18.0,55.0,54.0,0.1299999999999999,/Users/rasmus/Desktop/Fysik/AppliedML2026/Final_project_data/data/ML_data/NBI/FDM data/Arrivals/Nuuk Arrival_ 222708_OY-GRP_20_09_25_56_18.csv
2025.0,9.0,20.0,20.0,20.0,39.0,0.21999999999999997,/Users/rasmus/Desktop/Fysik/AppliedML2026/Final_project_data/data/ML_data/NBI/FDM data/Arrivals/Nuuk Arrival_ 222709_OY-GRO_20_09_25_22_20.csv
2025.0,9.0,15.0,12.0,31.0,46.0,0.32000000000000006,/Users/rasmus/Desktop/Fysik/AppliedML2026/Final_project_data/data/ML_data/NBI/FDM data/Arrivals/Nuuk Arrival_ 222713_OY-GRR_15_09_25_24_12.csv
2025.0,9.0,15.0,17.0,39.0,43.0,0.27,/Users/rasmus/Desktop/Fysik/AppliedML2026/Final_project_data/data/ML_data/NBI/FDM data/Arrivals/Nuuk Arrival_ 222715_OY-GRR_15_09_25_21_17.csv
2025.0,9.0,16.0,19.0,8.0,19.0,0.18999999999999995,/Users/rasmus/Desktop/Fysik/AppliedML2026/Final_project_data/data/ML_data/NBI/FDM data/Arrivals/Nuuk Arrival_ 222718_OY-GRR_16_09_25_05_19.csv
2025.0,9.0,17.0,11.0,43.0,25.0,0.37,/Users/rasmus/Desktop/Fysik/AppliedML2026/Final_project_data/data/ML_data/NBI/FDM data/Arrivals/Nuuk Arrival_ 222720_OY-GRR_17_09_25_35_11.csv
2025.0,9.0,17.0,17.0,41.0,28.0,0.3500000000000001,/Users/rasmus/Desktop/Fysik/AppliedML2026/Final_project_data/data/ML_data/NBI/FDM data/Arrivals/Nuuk Arrival_ 222724_OY-GRR_17_09_25_35_17.csv
2025.0,9.0,18.0,14.0,5.0,19.0,0.16999999999999993,/Users/rasmus/Desktop/Fysik/AppliedML2026/Final_project_data/data/ML_data/NBI/FDM data/Arrivals/Nuuk Arrival_ 222726_OY-GRR_18_09_25_51_13.csv
2025.0,9.0,18.0,18.0,32.0,37.0,0.16999999999999993,/Users/rasmus/Desktop/Fysik/AppliedML2026/Final_project_data/data/ML_data/NBI/FDM data/Arrivals/Nuuk Arrival_ 222728_OY-GRR_18_09_25_25_18.csv
2025.0,9.0,19.0,13.0,10.0,17.0,0.22999999999999998,/Users/rasmus/Desktop/Fysik/AppliedML2026/Final_project_data/data/ML_data/NBI/FDM data/Arrivals/Nuuk Arrival_ 222730_OY-GRR_19_09_25_59_12.csv
2025.0,9.0,19.0,18.0,16.0,13.0,0.15999999999999992,/Users/rasmus/Desktop/Fysik/AppliedML2026/Final_project_data/data/ML_data/NBI/FDM data/Arrivals/Nuuk Arrival_ 222732_OY-GRR_19_09_25_07_18.csv
2025.0,9.0,21.0,16.0,38.0,35.0,0.21999999999999997,/Users/rasmus/Desktop/Fysik/AppliedML2026/Final_project_data/data/ML_data/NBI/FDM data/Arrivals/Nuuk Arrival_ 222743_OY-GRM_21_09_25_40_16.csv
2025.0,9.0,22.0,11.0,5.0,43.0,0.16999999999999993,/Users/rasmus/Desktop/Fysik/AppliedML2026/Final_project_data/data/ML_data/NBI/FDM data/Arrivals/Nuuk Arrival_ 222750_OY-GRO_22_09_25_06_11.csv
2025.0,9.0,22.0,12.0,15.0,27.0,0.10000000000000009,/Users/rasmus/Desktop/Fysik/AppliedML2026/Final_project_data/data/ML_data/NBI/FDM data/Arrivals/Nuuk Arrival_ 222751_OY-GRM_22_09_25_17_12.csv
2025.0,9.0,22.0,12.0,11.0,36.0,0.10000000000000009,/Users/rasmus/Desktop/Fysik/AppliedML2026/Final_project_data/data/ML_data/NBI/FDM data/Arrivals/Nuuk Arrival_ 222752_OY-GRJ_22_09_25_12_12.csv
2025.0,9.0,22.0,12.0,22.0,42.0,0.1200000000000001,/Users/rasmus/Desktop/Fysik/AppliedML2026/Final_project_data/data/ML_data/NBI/FDM data/Arrivals/Nuuk Arrival_ 222753_OY-GRP_22_09_25_23_12.csv
2025.0,9.0,22.0,17.0,6.0,20.0,0.10000000000000009,/Users/rasmus/Desktop/Fysik/AppliedML2026/Final_project_data/data/ML_data/NBI/FDM data/Arrivals/Nuuk Arrival_ 222762_OY-GRM_22_09_25_09_17.csv
2025.0,9.0,22.0,17.0,29.0,15.0,0.25,/Users/rasmus/Desktop/Fysik/AppliedML2026/Final_project_data/data/ML_data/NBI/FDM data/Arrivals/Nuuk Arrival_ 222763_OY-GRO_22_09_25_31_17.csv
2025.0,9.0,22.0,21.0,22.0,43.0,0.1299999999999999,/Users/rasmus/Desktop/Fysik/AppliedML2026/Final_project_data/data/ML_data/NBI/FDM data/Arrivals/Nuuk Arrival_ 222787_OY-GRJ_22_09_25_23_21.csv
2025.0,9.0,22.0,20.0,39.0,44.0,0.1499999999999999,/Users/rasmus/Desktop/Fysik/AppliedML2026/Final_project_data/data/ML_data/NBI/FDM data/Arrivals/Nuuk Arrival_ 222788_OY-GRP_22_09_25_40_20.csv
2025.0,9.0,23.0,10.0,21.0,14.0,0.21999999999999997,/Users/rasmus/Desktop/Fysik/AppliedML2026/Final_project_data/data/ML_data/NBI/FDM data/Arrivals/Nuuk Arrival_ 222790_OY-GRO_23_09_25_23_10.csv
2025.0,9.0,23.0,13.0,14.0,30.0,0.18999999999999995,/Users/rasmus/Desktop/Fysik/AppliedML2026/Final_project_data/data/ML_data/NBI/FDM data/Arrivals/Nuuk Arrival_ 222793_OY-GRO_23_09_25_15_13.csv
2025.0,9.0,23.0,14.0,24.0,9.0,0.1200000000000001,/Users/rasmus/Desktop/Fysik/AppliedML2026/Final_project_data/data/ML_data/NBI/FDM data/Arrivals/Nuuk Arrival_ 222799_OY-GRM_23_09_25_26_14.csv
2025.0,9.0,23.0,16.0,56.0,40.0,0.1399999999999999,/Users/rasmus/Desktop/Fysik/AppliedML2026/Final_project_data/data/ML_data/NBI/FDM data/Arrivals/Nuuk Arrival_ 222815_OY-GRO_23_09_25_57_16.csv
2025.0,9.0,23.0,19.0,53.0,13.0,0.1299999999999999,/Users/rasmus/Desktop/Fysik/AppliedML2026/Final_project_data/data/ML_data/NBI/FDM data/Arrivals/Nuuk Arrival_ 222828_OY-GRM_23_09_25_55_19.csv
2025.0,9.0,23.0,21.0,14.0,34.0,0.1100000000000001,/Users/rasmus/Desktop/Fysik/AppliedML2026/Final_project_data/data/ML_data/NBI/FDM data/Arrivals/Nuuk Arrival_ 222829_OY-GRP_23_09_25_16_21.csv
2025.0,9.0,23.0,20.0,21.0,42.0,0.1200000000000001,/Users/rasmus/Desktop/Fysik/AppliedML2026/Final_project_data/data/ML_data/NBI/FDM data/Arrivals/Nuuk Arrival_ 222830_OY-GRJ_23_09_25_22_20.csv
2025.0,9.0,24.0,14.0,10.0,20.0,0.1299999999999999,/Users/rasmus/Desktop/Fysik/AppliedML2026/Final_project_data/data/ML_data/NBI/FDM data/Arrivals/Nuuk Arrival_ 222836_OY-GRP_24_09_25_11_14.csv
2025.0,8.0,23.0,19.0,21.0,22.0,0.17999999999999994,/Users/rasmus/Desktop/Fysik/AppliedML2026/Final_project_data/data/ML_data/NBI/FDM data/Arrivals/Nuuk Arrival_ 222840_OY-GRG_23_08_25_23_19.csv
2025.0,8.0,24.0,10.0,51.0,53.0,0.17999999999999994,/Users/rasmus/Desktop/Fysik/AppliedML2026/Final_project_data/data/ML_data/NBI/FDM data/Arrivals/Nuuk Arrival_ 222846_OY-GRG_24_08_25_54_10.csv
2025.0,9.0,24.0,15.0,38.0,40.0,0.1100000000000001,/Users/rasmus/Desktop/Fysik/AppliedML2026/Final_project_data/data/ML_data/NBI/FDM data/Arrivals/Nuuk Arrival_ 222868_OY-GRM_24_09_25_39_15.csv
2025.0,9.0,24.0,18.0,48.0,21.0,0.20999999999999996,/Users/rasmus/Desktop/Fysik/AppliedML2026/Final_project_data/data/ML_data/NBI/FDM data/Arrivals/Nuuk Arrival_ 222889_OY-GRO_24_09_25_50_18.csv
2025.0,9.0,24.0,17.0,33.0,1.0,0.1399999999999999,/Users/rasmus/Desktop/Fysik/AppliedML2026/Final_project_data/data/ML_data/NBI/FDM data/Arrivals/Nuuk Arrival_ 222891_OY-GRJ_24_09_25_35_17.csv
2025.0,9.0,24.0,20.0,58.0,23.0,0.1100000000000001,/Users/rasmus/Desktop/Fysik/AppliedML2026/Final_project_data/data/ML_data/NBI/FDM data/Arrivals/Nuuk Arrival_ 222893_OY-GRP_24_09_25_00_21.csv
2025.0,9.0,24.0,22.0,14.0,7.0,0.24,/Users/rasmus/Desktop/Fysik/AppliedML2026/Final_project_data/data/ML_data/NBI/FDM data/Arrivals/Nuuk Arrival_ 222894_OY-GRM_24_09_25_16_22.csv
2025.0,9.0,26.0,10.0,47.0,11.0,0.1499999999999999,/Users/rasmus/Desktop/Fysik/AppliedML2026/Final_project_data/data/ML_data/NBI/FDM data/Arrivals/Nuuk Arrival_ 222926_OY-GRP_26_09_25_49_10.csv
2025.0,9.0,26.0,11.0,53.0,29.0,0.1399999999999999,/Users/rasmus/Desktop/Fysik/AppliedML2026/Final_project_data/data/ML_data/NBI/FDM data/Arrivals/Nuuk Arrival_ 222929_OY-GRM_26_09_25_55_11.csv
2025.0,9.0,26.0,12.0,26.0,5.0,0.1299999999999999,/Users/rasmus/Desktop/Fysik/AppliedML2026/Final_project_data/data/ML_data/NBI/FDM data/Arrivals/Nuuk Arrival_ 222930_OY-GRJ_26_09_25_28_12.csv
2025.0,9.0,26.0,13.0,1.0,22.0,0.15999999999999992,/Users/rasmus/Desktop/Fysik/AppliedML2026/Final_project_data/data/ML_data/NBI/FDM data/Arrivals/Nuuk Arrival_ 222931_OY-GRO_26_09_25_03_13.csv
2025.0,9.0,26.0,18.0,52.0,35.0,0.1100000000000001,/Users/rasmus/Desktop/Fysik/AppliedML2026/Final_project_data/data/ML_data/NBI/FDM data/Arrivals/Nuuk Arrival_ 222954_OY-GRJ_26_09_25_54_18.csv
2025.0,9.0,26.0,21.0,41.0,48.0,0.16999999999999993,/Users/rasmus/Desktop/Fysik/AppliedML2026/Final_project_data/data/ML_data/NBI/FDM data/Arrivals/Nuuk Arrival_ 222972_OY-GRO_26_09_25_42_21.csv
2025.0,9.0,26.0,21.0,37.0,2.0,0.1399999999999999,/Users/rasmus/Desktop/Fysik/AppliedML2026/Final_project_data/data/ML_data/NBI/FDM data/Arrivals/Nuuk Arrival_ 222974_OY-GRP_26_09_25_38_21.csv
2025.0,9.0,26.0,21.0,15.0,6.0,0.20999999999999996,/Users/rasmus/Desktop/Fysik/AppliedML2026/Final_project_data/data/ML_data/NBI/FDM data/Arrivals/Nuuk Arrival_ 222975_OY-GRM_26_09_25_16_21.csv
2025.0,9.0,27.0,14.0,6.0,30.0,0.18999999999999995,/Users/rasmus/Desktop/Fysik/AppliedML2026/Final_project_data/data/ML_data/NBI/FDM data/Arrivals/Nuuk Arrival_ 222982_OY-GRM_27_09_25_09_14.csv
2025.0,9.0,27.0,18.0,19.0,38.0,0.27,/Users/rasmus/Desktop/Fysik/AppliedML2026/Final_project_data/data/ML_data/NBI/FDM data/Arrivals/Nuuk Arrival_ 222990_OY-GRO_27_09_25_20_18.csv
2025.0,9.0,27.0,17.0,59.0,36.0,0.15000000000000002,/Users/rasmus/Desktop/Fysik/AppliedML2026/Final_project_data/data/ML_data/NBI/FDM data/Arrivals/Nuuk Arrival_ 222991_OY-GRP_27_09_25_00_18.csv
2025.0,9.0,27.0,20.0,14.0,45.0,0.1399999999999999,/Users/rasmus/Desktop/Fysik/AppliedML2026/Final_project_data/data/ML_data/NBI/FDM data/Arrivals/Nuuk Arrival_ 222997_OY-GRM_27_09_25_15_20.csv
2025.0,9.0,28.0,12.0,26.0,13.0,0.1299999999999999,/Users/rasmus/Desktop/Fysik/AppliedML2026/Final_project_data/data/ML_data/NBI/FDM data/Arrivals/Nuuk Arrival_ 223000_OY-GRP_28_09_25_27_12.csv
2025.0,9.0,28.0,16.0,30.0,35.0,0.1299999999999999,/Users/rasmus/Desktop/Fysik/AppliedML2026/Final_project_data/data/ML_data/NBI/FDM data/Arrivals/Nuuk Arrival_ 223003_OY-GRP_28_09_25_31_16.csv
2025.0,9.0,28.0,16.0,15.0,11.0,0.1499999999999999,/Users/rasmus/Desktop/Fysik/AppliedML2026/Final_project_data/data/ML_data/NBI/FDM data/Arrivals/Nuuk Arrival_ 223004_OY-GRJ_28_09_25_17_16.csv
2025.0,9.0,22.0,11.0,16.0,47.0,0.1499999999999999,/Users/rasmus/Desktop/Fysik/AppliedML2026/Final_project_data/data/ML_data/NBI/FDM data/Arrivals/Nuuk Arrival_ 223006_OY-GRR_22_09_25_09_11.csv
2025.0,9.0,22.0,15.0,47.0,56.0,0.1200000000000001,/Users/rasmus/Desktop/Fysik/AppliedML2026/Final_project_data/data/ML_data/NBI/FDM data/Arrivals/Nuuk Arrival_ 223008_OY-GRR_22_09_25_40_15.csv
2025.0,9.0,22.0,21.0,43.0,56.0,0.4,/Users/rasmus/Desktop/Fysik/AppliedML2026/Final_project_data/data/ML_data/NBI/FDM data/Arrivals/Nuuk Arrival_ 223012_OY-GRR_22_09_25_33_21.csv
2025.0,9.0,24.0,15.0,53.0,14.0,0.43000000000000005,/Users/rasmus/Desktop/Fysik/AppliedML2026/Final_project_data/data/ML_data/NBI/FDM data/Arrivals/Nuuk Arrival_ 223015_OY-GRR_24_09_25_24_15.csv
2025.0,9.0,24.0,22.0,20.0,14.0,0.24,/Users/rasmus/Desktop/Fysik/AppliedML2026/Final_project_data/data/ML_data/NBI/FDM data/Arrivals/Nuuk Arrival_ 223019_OY-GRR_24_09_25_14_22.csv
2025.0,9.0,26.0,11.0,33.0,51.0,0.1200000000000001,/Users/rasmus/Desktop/Fysik/AppliedML2026/Final_project_data/data/ML_data/NBI/FDM data/Arrivals/Nuuk Arrival_ 223021_OY-GRR_26_09_25_27_11.csv
2025.0,9.0,26.0,16.0,13.0,5.0,0.1499999999999999,/Users/rasmus/Desktop/Fysik/AppliedML2026/Final_project_data/data/ML_data/NBI/FDM data/Arrivals/Nuuk Arrival_ 223023_OY-GRR_26_09_25_05_16.csv
2025.0,9.0,26.0,22.0,9.0,33.0,0.53,/Users/rasmus/Desktop/Fysik/AppliedML2026/Final_project_data/data/ML_data/NBI/FDM data/Arrivals/Nuuk Arrival_ 223027_OY-GRR_26_09_25_55_21.csv
2025.0,9.0,27.0,12.0,4.0,44.0,0.21999999999999997,/Users/rasmus/Desktop/Fysik/AppliedML2026/Final_project_data/data/ML_data/NBI/FDM data/Arrivals/Nuuk Arrival_ 223029_OY-GRR_27_09_25_54_11.csv
2025.0,9.0,27.0,18.0,48.0,12.0,0.24,/Users/rasmus/Desktop/Fysik/AppliedML2026/Final_project_data/data/ML_data/NBI/FDM data/Arrivals/Nuuk Arrival_ 223033_OY-GRR_27_09_25_40_18.csv
2025.0,9.0,29.0,15.0,58.0,4.0,0.20999999999999996,/Users/rasmus/Desktop/Fysik/AppliedML2026/Final_project_data/data/ML_data/NBI/FDM data/Arrivals/Nuuk Arrival_ 223038_OY-GRO_29_09_25_00_16.csv
2025.0,9.0,29.0,12.0,12.0,8.0,0.17999999999999994,/Users/rasmus/Desktop/Fysik/AppliedML2026/Final_project_data/data/ML_data/NBI/FDM data/Arrivals/Nuuk Arrival_ 223040_OY-GRJ_29_09_25_13_12.csv
2025.0,9.0,29.0,10.0,30.0,6.0,0.1399999999999999,/Users/rasmus/Desktop/Fysik/AppliedML2026/Final_project_data/data/ML_data/NBI/FDM data/Arrivals/Nuuk Arrival_ 223042_OY-GRM_29_09_25_31_10.csv
2025.0,9.0,29.0,12.0,20.0,46.0,0.16999999999999993,/Users/rasmus/Desktop/Fysik/AppliedML2026/Final_project_data/data/ML_data/NBI/FDM data/Arrivals/Nuuk Arrival_ 223044_OY-GRO_29_09_25_22_12.csv
2025.0,9.0,29.0,20.0,55.0,11.0,0.5700000000000001,/Users/rasmus/Desktop/Fysik/AppliedML2026/Final_project_data/data/ML_data/NBI/FDM data/Arrivals/Nuuk Arrival_ 223060_OY-GRP_29_09_25_56_20.csv
2025.0,9.0,30.0,11.0,6.0,53.0,0.21999999999999997,/Users/rasmus/Desktop/Fysik/AppliedML2026/Final_project_data/data/ML_data/NBI/FDM data/Arrivals/Nuuk Arrival_ 223064_OY-GRM_30_09_25_08_11.csv
2025.0,9.0,30.0,14.0,24.0,4.0,0.16999999999999993,/Users/rasmus/Desktop/Fysik/AppliedML2026/Final_project_data/data/ML_data/NBI/FDM data/Arrivals/Nuuk Arrival_ 223074_OY-GRM_30_09_25_25_14.csv
2025.0,9.0,30.0,17.0,26.0,55.0,0.25,/Users/rasmus/Desktop/Fysik/AppliedML2026/Final_project_data/data/ML_data/NBI/FDM data/Arrivals/Nuuk Arrival_ 223079_OY-GRM_30_09_25_28_17.csv
2025.0,9.0,30.0,18.0,20.0,35.0,0.6100000000000001,/Users/rasmus/Desktop/Fysik/AppliedML2026/Final_project_data/data/ML_data/NBI/FDM data/Arrivals/Nuuk Arrival_ 223081_OY-GRO_30_09_25_23_18.csv
2025.0,9.0,30.0,18.0,52.0,20.0,0.3700000000000001,/Users/rasmus/Desktop/Fysik/AppliedML2026/Final_project_data/data/ML_data/NBI/FDM data/Arrivals/Nuuk Arrival_ 223085_OY-GRP_30_09_25_55_18.csv
2025.0,10.0,1.0,15.0,45.0,53.0,0.27,/Users/rasmus/Desktop/Fysik/AppliedML2026/Final_project_data/data/ML_data/NBI/FDM data/Arrivals/Nuuk Arrival_ 223098_OY-GRP_01_10_25_46_15.csv
2025.0,10.0,1.0,19.0,7.0,18.0,0.26,/Users/rasmus/Desktop/Fysik/AppliedML2026/Final_project_data/data/ML_data/NBI/FDM data/Arrivals/Nuuk Arrival_ 223115_OY-GRO_01_10_25_09_19.csv
2025.0,10.0,1.0,20.0,42.0,34.0,0.15999999999999992,/Users/rasmus/Desktop/Fysik/AppliedML2026/Final_project_data/data/ML_data/NBI/FDM data/Arrivals/Nuuk Arrival_ 223118_OY-GRM_01_10_25_45_20.csv
2025.0,10.0,1.0,21.0,26.0,47.0,0.14,/Users/rasmus/Desktop/Fysik/AppliedML2026/Final_project_data/data/ML_data/NBI/FDM data/Arrivals/Nuuk Arrival_ 223119_OY-GRP_01_10_25_28_21.csv
2025.0,10.0,2.0,12.0,53.0,13.0,0.19999999999999996,/Users/rasmus/Desktop/Fysik/AppliedML2026/Final_project_data/data/ML_data/NBI/FDM data/Arrivals/Nuuk Arrival_ 223123_OY-GRM_02_10_25_56_12.csv
2025.0,10.0,2.0,12.0,48.0,7.0,0.27,/Users/rasmus/Desktop/Fysik/AppliedML2026/Final_project_data/data/ML_data/NBI/FDM data/Arrivals/Nuuk Arrival_ 223134_OY-GRJ_02_10_25_50_12.csv
2025.0,10.0,2.0,18.0,13.0,39.0,0.26,/Users/rasmus/Desktop/Fysik/AppliedML2026/Final_project_data/data/ML_data/NBI/FDM data/Arrivals/Nuuk Arrival_ 223138_OY-GRO_02_10_25_14_18.csv
2025.0,10.0,2.0,17.0,42.0,45.0,0.24,/Users/rasmus/Desktop/Fysik/AppliedML2026/Final_project_data/data/ML_data/NBI/FDM data/Arrivals/Nuuk Arrival_ 223149_OY-GRM_02_10_25_44_17.csv
2025.0,10.0,2.0,20.0,40.0,46.0,0.3799999999999999,/Users/rasmus/Desktop/Fysik/AppliedML2026/Final_project_data/data/ML_data/NBI/FDM data/Arrivals/Nuuk Arrival_ 223150_OY-GRO_02_10_25_42_20.csv
2025.0,10.0,3.0,11.0,58.0,28.0,0.30000000000000004,/Users/rasmus/Desktop/Fysik/AppliedML2026/Final_project_data/data/ML_data/NBI/FDM data/Arrivals/Nuuk Arrival_ 223158_OY-GRM_03_10_25_03_12.csv
2025.0,10.0,3.0,12.0,17.0,6.0,0.32999999999999996,/Users/rasmus/Desktop/Fysik/AppliedML2026/Final_project_data/data/ML_data/NBI/FDM data/Arrivals/Nuuk Arrival_ 223159_OY-GRJ_03_10_25_19_12.csv
2025.0,10.0,3.0,12.0,39.0,7.0,0.28,/Users/rasmus/Desktop/Fysik/AppliedML2026/Final_project_data/data/ML_data/NBI/FDM data/Arrivals/Nuuk Arrival_ 223193_OY-GRP_03_10_25_41_12.csv
2025.0,10.0,4.0,14.0,23.0,47.0,0.22999999999999998,/Users/rasmus/Desktop/Fysik/AppliedML2026/Final_project_data/data/ML_data/NBI/FDM data/Arrivals/Nuuk Arrival_ 223199_OY-GRO_04_10_25_25_14.csv
2025.0,10.0,4.0,18.0,36.0,35.0,0.17000000000000004,/Users/rasmus/Desktop/Fysik/AppliedML2026/Final_project_data/data/ML_data/NBI/FDM data/Arrivals/Nuuk Arrival_ 223210_OY-GRM_04_10_25_37_18.csv
2025.0,10.0,4.0,19.0,15.0,39.0,0.32000000000000006,/Users/rasmus/Desktop/Fysik/AppliedML2026/Final_project_data/data/ML_data/NBI/FDM data/Arrivals/Nuuk Arrival_ 223211_OY-GRP_04_10_25_17_19.csv
2025.0,10.0,4.0,18.0,25.0,32.0,0.42999999999999994,/Users/rasmus/Desktop/Fysik/AppliedML2026/Final_project_data/data/ML_data/NBI/FDM data/Arrivals/Nuuk Arrival_ 223212_OY-GRO_04_10_25_27_18.csv
2025.0,9.0,22.0,11.0,16.0,47.0,0.1499999999999999,/Users/rasmus/Desktop/Fysik/AppliedML2026/Final_project_data/data/ML_data/NBI/FDM data/Arrivals/Nuuk Arrival_ 223219_OY-GRR_22_09_25_09_11.csv
2025.0,9.0,22.0,15.0,47.0,56.0,0.1200000000000001,/Users/rasmus/Desktop/Fysik/AppliedML2026/Final_project_data/data/ML_data/NBI/FDM data/Arrivals/Nuuk Arrival_ 223221_OY-GRR_22_09_25_40_15.csv
2025.0,9.0,22.0,21.0,43.0,56.0,0.4,/Users/rasmus/Desktop/Fysik/AppliedML2026/Final_project_data/data/ML_data/NBI/FDM data/Arrivals/Nuuk Arrival_ 223225_OY-GRR_22_09_25_33_21.csv
2025.0,9.0,24.0,15.0,53.0,14.0,0.43000000000000005,/Users/rasmus/Desktop/Fysik/AppliedML2026/Final_project_data/data/ML_data/NBI/FDM data/Arrivals/Nuuk Arrival_ 223228_OY-GRR_24_09_25_24_15.csv
2025.0,9.0,24.0,22.0,20.0,14.0,0.24,/Users/rasmus/Desktop/Fysik/AppliedML2026/Final_project_data/data/ML_data/NBI/FDM data/Arrivals/Nuuk Arrival_ 223232_OY-GRR_24_09_25_14_22.csv
2025.0,9.0,26.0,11.0,33.0,51.0,0.1200000000000001,/Users/rasmus/Desktop/Fysik/AppliedML2026/Final_project_data/data/ML_data/NBI/FDM data/Arrivals/Nuuk Arrival_ 223234_OY-GRR_26_09_25_27_11.csv
2025.0,9.0,26.0,16.0,13.0,5.0,0.1499999999999999,/Users/rasmus/Desktop/Fysik/AppliedML2026/Final_project_data/data/ML_data/NBI/FDM data/Arrivals/Nuuk Arrival_ 223235_OY-GRR_26_09_25_05_16.csv
2025.0,9.0,26.0,22.0,9.0,33.0,0.53,/Users/rasmus/Desktop/Fysik/AppliedML2026/Final_project_data/data/ML_data/NBI/FDM data/Arrivals/Nuuk Arrival_ 223239_OY-GRR_26_09_25_55_21.csv
2025.0,9.0,27.0,12.0,4.0,44.0,0.21999999999999997,/Users/rasmus/Desktop/Fysik/AppliedML2026/Final_project_data/data/ML_data/NBI/FDM data/Arrivals/Nuuk Arrival_ 223241_OY-GRR_27_09_25_54_11.csv
2025.0,9.0,27.0,18.0,48.0,12.0,0.24,/Users/rasmus/Desktop/Fysik/AppliedML2026/Final_project_data/data/ML_data/NBI/FDM data/Arrivals/Nuuk Arrival_ 223245_OY-GRR_27_09_25_40_18.csv
2025.0,9.0,29.0,11.0,12.0,44.0,0.1100000000000001,/Users/rasmus/Desktop/Fysik/AppliedML2026/Final_project_data/data/ML_data/NBI/FDM data/Arrivals/Nuuk Arrival_ 223247_OY-GRR_29_09_25_05_11.csv
2025.0,9.0,29.0,16.0,6.0,24.0,0.32000000000000006,/Users/rasmus/Desktop/Fysik/AppliedML2026/Final_project_data/data/ML_data/NBI/FDM data/Arrivals/Nuuk Arrival_ 223249_OY-GRR_29_09_25_02_16.csv
2025.0,9.0,29.0,22.0,43.0,50.0,0.32999999999999996,/Users/rasmus/Desktop/Fysik/AppliedML2026/Final_project_data/data/ML_data/NBI/FDM data/Arrivals/Nuuk Arrival_ 223254_OY-GRR_29_09_25_33_22.csv
2025.0,9.0,30.0,12.0,31.0,4.0,0.5700000000000001,/Users/rasmus/Desktop/Fysik/AppliedML2026/Final_project_data/data/ML_data/NBI/FDM data/Arrivals/Nuuk Arrival_ 223256_OY-GRR_30_09_25_25_12.csv
2025.0,9.0,30.0,18.0,32.0,16.0,0.31000000000000005,/Users/rasmus/Desktop/Fysik/AppliedML2026/Final_project_data/data/ML_data/NBI/FDM data/Arrivals/Nuuk Arrival_ 223258_OY-GRR_30_09_25_24_18.csv
2025.0,10.0,1.0,10.0,59.0,50.0,0.20999999999999996,/Users/rasmus/Desktop/Fysik/AppliedML2026/Final_project_data/data/ML_data/NBI/FDM data/Arrivals/Nuuk Arrival_ 223260_OY-GRR_01_10_25_53_10.csv
2025.0,10.0,1.0,17.0,38.0,13.0,0.22999999999999998,/Users/rasmus/Desktop/Fysik/AppliedML2026/Final_project_data/data/ML_data/NBI/FDM data/Arrivals/Nuuk Arrival_ 223264_OY-GRR_01_10_25_31_17.csv
2025.0,10.0,1.0,21.0,38.0,5.0,0.16000000000000003,/Users/rasmus/Desktop/Fysik/AppliedML2026/Final_project_data/data/ML_data/NBI/FDM data/Arrivals/Nuuk Arrival_ 223266_OY-GRR_01_10_25_27_21.csv
2025.0,10.0,2.0,12.0,23.0,20.0,0.19999999999999996,/Users/rasmus/Desktop/Fysik/AppliedML2026/Final_project_data/data/ML_data/NBI/FDM data/Arrivals/Nuuk Arrival_ 223269_OY-GRR_02_10_25_17_12.csv
2025.0,10.0,2.0,20.0,19.0,35.0,0.20999999999999996,/Users/rasmus/Desktop/Fysik/AppliedML2026/Final_project_data/data/ML_data/NBI/FDM data/Arrivals/Nuuk Arrival_ 223271_OY-GRR_02_10_25_49_19.csv
2025.0,10.0,3.0,11.0,42.0,45.0,0.38,/Users/rasmus/Desktop/Fysik/AppliedML2026/Final_project_data/data/ML_data/NBI/FDM data/Arrivals/Nuuk Arrival_ 223273_OY-GRR_03_10_25_35_11.csv
2025.0,10.0,4.0,12.0,13.0,37.0,0.26,/Users/rasmus/Desktop/Fysik/AppliedML2026/Final_project_data/data/ML_data/NBI/FDM data/Arrivals/Nuuk Arrival_ 223276_OY-GRR_04_10_25_10_12.csv
2025.0,10.0,4.0,17.0,34.0,56.0,0.3500000000000001,/Users/rasmus/Desktop/Fysik/AppliedML2026/Final_project_data/data/ML_data/NBI/FDM data/Arrivals/Nuuk Arrival_ 223278_OY-GRR_04_10_25_20_17.csv
2025.0,10.0,5.0,16.0,18.0,4.0,0.14,/Users/rasmus/Desktop/Fysik/AppliedML2026/Final_project_data/data/ML_data/NBI/FDM data/Arrivals/Nuuk Arrival_ 223281_OY-GRP_05_10_25_20_16.csv
2025.0,10.0,5.0,16.0,45.0,54.0,0.25,/Users/rasmus/Desktop/Fysik/AppliedML2026/Final_project_data/data/ML_data/NBI/FDM data/Arrivals/Nuuk Arrival_ 223282_OY-GRO_05_10_25_46_16.csv
2025.0,10.0,5.0,17.0,4.0,46.0,0.31000000000000005,/Users/rasmus/Desktop/Fysik/AppliedML2026/Final_project_data/data/ML_data/NBI/FDM data/Arrivals/Nuuk Arrival_ 223285_OY-GRM_05_10_25_06_17.csv
2025.0,10.0,6.0,12.0,20.0,49.0,0.15999999999999992,/Users/rasmus/Desktop/Fysik/AppliedML2026/Final_project_data/data/ML_data/NBI/FDM data/Arrivals/Nuuk Arrival_ 223298_OY-GRM_06_10_25_21_12.csv
2025.0,10.0,6.0,12.0,14.0,32.0,0.17999999999999994,/Users/rasmus/Desktop/Fysik/AppliedML2026/Final_project_data/data/ML_data/NBI/FDM data/Arrivals/Nuuk Arrival_ 223299_OY-GRO_06_10_25_16_12.csv
2025.0,10.0,6.0,18.0,24.0,54.0,0.1299999999999999,/Users/rasmus/Desktop/Fysik/AppliedML2026/Final_project_data/data/ML_data/NBI/FDM data/Arrivals/Nuuk Arrival_ 223309_OY-GRM_06_10_25_26_18.csv
2025.0,10.0,6.0,17.0,36.0,34.0,0.29000000000000004,/Users/rasmus/Desktop/Fysik/AppliedML2026/Final_project_data/data/ML_data/NBI/FDM data/Arrivals/Nuuk Arrival_ 223329_OY-GRO_06_10_25_38_17.csv
2025.0,10.0,6.0,21.0,24.0,26.0,0.1399999999999999,/Users/rasmus/Desktop/Fysik/AppliedML2026/Final_project_data/data/ML_data/NBI/FDM data/Arrivals/Nuuk Arrival_ 223331_OY-GRP_06_10_25_26_21.csv
2025.0,10.0,8.0,11.0,49.0,55.0,0.26,/Users/rasmus/Desktop/Fysik/AppliedML2026/Final_project_data/data/ML_data/NBI/FDM data/Arrivals/Nuuk Arrival_ 223351_OY-GRP_08_10_25_58_11.csv
2025.0,10.0,8.0,14.0,35.0,45.0,0.28,/Users/rasmus/Desktop/Fysik/AppliedML2026/Final_project_data/data/ML_data/NBI/FDM data/Arrivals/Nuuk Arrival_ 223354_OY-GRM_08_10_25_37_14.csv
2025.0,10.0,8.0,14.0,48.0,59.0,0.3799999999999999,/Users/rasmus/Desktop/Fysik/AppliedML2026/Final_project_data/data/ML_data/NBI/FDM data/Arrivals/Nuuk Arrival_ 223355_OY-GRO_08_10_25_50_14.csv
2025.0,10.0,9.0,12.0,51.0,9.0,0.22999999999999998,/Users/rasmus/Desktop/Fysik/AppliedML2026/Final_project_data/data/ML_data/NBI/FDM data/Arrivals/Nuuk Arrival_ 223380_OY-GRO_09_10_25_53_12.csv
2025.0,10.0,9.0,14.0,55.0,29.0,0.1100000000000001,/Users/rasmus/Desktop/Fysik/AppliedML2026/Final_project_data/data/ML_data/NBI/FDM data/Arrivals/Nuuk Arrival_ 223384_OY-GRJ_09_10_25_57_14.csv
2025.0,10.0,9.0,15.0,28.0,45.0,0.16999999999999993,/Users/rasmus/Desktop/Fysik/AppliedML2026/Final_project_data/data/ML_data/NBI/FDM data/Arrivals/Nuuk Arrival_ 223385_OY-GRM_09_10_25_29_15.csv
2025.0,10.0,9.0,16.0,59.0,4.0,0.1499999999999999,/Users/rasmus/Desktop/Fysik/AppliedML2026/Final_project_data/data/ML_data/NBI/FDM data/Arrivals/Nuuk Arrival_ 223387_OY-GRP_09_10_25_01_17.csv
2025.0,10.0,9.0,19.0,38.0,35.0,0.1499999999999999,/Users/rasmus/Desktop/Fysik/AppliedML2026/Final_project_data/data/ML_data/NBI/FDM data/Arrivals/Nuuk Arrival_ 223391_OY-GRJ_09_10_25_40_19.csv
2025.0,10.0,9.0,19.0,36.0,2.0,0.10000000000000009,/Users/rasmus/Desktop/Fysik/AppliedML2026/Final_project_data/data/ML_data/NBI/FDM data/Arrivals/Nuuk Arrival_ 223392_OY-GRP_09_10_25_38_19.csv
2025.0,10.0,9.0,20.0,57.0,13.0,0.19999999999999996,/Users/rasmus/Desktop/Fysik/AppliedML2026/Final_project_data/data/ML_data/NBI/FDM data/Arrivals/Nuuk Arrival_ 223393_OY-GRO_09_10_25_59_20.csv
2025.0,10.0,9.0,20.0,42.0,19.0,0.22999999999999998,/Users/rasmus/Desktop/Fysik/AppliedML2026/Final_project_data/data/ML_data/NBI/FDM data/Arrivals/Nuuk Arrival_ 223395_OY-GRM_09_10_25_44_20.csv
2025.0,10.0,10.0,10.0,43.0,38.0,0.15999999999999992,/Users/rasmus/Desktop/Fysik/AppliedML2026/Final_project_data/data/ML_data/NBI/FDM data/Arrivals/Nuuk Arrival_ 223400_OY-GRO_10_10_25_44_10.csv
2025.0,10.0,10.0,12.0,28.0,35.0,0.16999999999999993,/Users/rasmus/Desktop/Fysik/AppliedML2026/Final_project_data/data/ML_data/NBI/FDM data/Arrivals/Nuuk Arrival_ 223401_OY-GRM_10_10_25_30_12.csv
2025.0,10.0,10.0,17.0,25.0,2.0,0.32000000000000006,/Users/rasmus/Desktop/Fysik/AppliedML2026/Final_project_data/data/ML_data/NBI/FDM data/Arrivals/Nuuk Arrival_ 223408_OY-GRO_10_10_25_26_17.csv
2025.0,10.0,10.0,17.0,39.0,12.0,0.1299999999999999,/Users/rasmus/Desktop/Fysik/AppliedML2026/Final_project_data/data/ML_data/NBI/FDM data/Arrivals/Nuuk Arrival_ 223409_OY-GRM_10_10_25_40_17.csv
2025.0,10.0,10.0,20.0,51.0,19.0,0.21999999999999997,/Users/rasmus/Desktop/Fysik/AppliedML2026/Final_project_data/data/ML_data/NBI/FDM data/Arrivals/Nuuk Arrival_ 223414_OY-GRJ_10_10_25_53_20.csv
2025.0,10.0,10.0,22.0,30.0,52.0,0.20999999999999996,/Users/rasmus/Desktop/Fysik/AppliedML2026/Final_project_data/data/ML_data/NBI/FDM data/Arrivals/Nuuk Arrival_ 223423_OY-GRO_10_10_25_31_22.csv
2025.0,10.0,10.0,18.0,46.0,26.0,0.25,/Users/rasmus/Desktop/Fysik/AppliedML2026/Final_project_data/data/ML_data/NBI/FDM data/Arrivals/Nuuk Arrival_ 223424_OY-GRP_10_10_25_48_18.csv
2025.0,10.0,11.0,12.0,42.0,34.0,0.3500000000000001,/Users/rasmus/Desktop/Fysik/AppliedML2026/Final_project_data/data/ML_data/NBI/FDM data/Arrivals/Nuuk Arrival_ 223428_OY-GRO_11_10_25_46_12.csv
2025.0,10.0,11.0,13.0,47.0,6.0,0.44999999999999996,/Users/rasmus/Desktop/Fysik/AppliedML2026/Final_project_data/data/ML_data/NBI/FDM data/Arrivals/Nuuk Arrival_ 223429_OY-GRM_11_10_25_49_13.csv
2025.0,10.0,11.0,21.0,53.0,16.0,0.26,/Users/rasmus/Desktop/Fysik/AppliedML2026/Final_project_data/data/ML_data/NBI/FDM data/Arrivals/Nuuk Arrival_ 223444_OY-GRJ_11_10_25_56_21.csv
2025.0,10.0,11.0,23.0,28.0,58.0,0.19999999999999996,/Users/rasmus/Desktop/Fysik/AppliedML2026/Final_project_data/data/ML_data/NBI/FDM data/Arrivals/Nuuk Arrival_ 223445_OY-GRO_11_10_25_30_23.csv
2025.0,10.0,11.0,22.0,11.0,39.0,0.20999999999999996,/Users/rasmus/Desktop/Fysik/AppliedML2026/Final_project_data/data/ML_data/NBI/FDM data/Arrivals/Nuuk Arrival_ 223446_OY-GRM_11_10_25_13_22.csv
2025.0,10.0,6.0,11.0,22.0,13.0,0.3600000000000001,/Users/rasmus/Desktop/Fysik/AppliedML2026/Final_project_data/data/ML_data/NBI/FDM data/Arrivals/Nuuk Arrival_ 223448_OY-GRR_06_10_25_15_11.csv
2025.0,10.0,6.0,16.0,5.0,47.0,0.16999999999999993,/Users/rasmus/Desktop/Fysik/AppliedML2026/Final_project_data/data/ML_data/NBI/FDM data/Arrivals/Nuuk Arrival_ 223450_OY-GRR_06_10_25_59_15.csv
2025.0,10.0,6.0,21.0,58.0,36.0,0.10000000000000009,/Users/rasmus/Desktop/Fysik/AppliedML2026/Final_project_data/data/ML_data/NBI/FDM data/Arrivals/Nuuk Arrival_ 223454_OY-GRR_06_10_25_52_21.csv
2025.0,10.0,10.0,22.0,36.0,14.0,0.040000000000000036,/Users/rasmus/Desktop/Fysik/AppliedML2026/Final_project_data/data/ML_data/NBI/FDM data/Arrivals/Nuuk Arrival_ 223455_OY-GRR_10_10_25_14_22.csv
2025.0,10.0,11.0,22.0,17.0,30.0,0.37,/Users/rasmus/Desktop/Fysik/AppliedML2026/Final_project_data/data/ML_data/NBI/FDM data/Arrivals/Nuuk Arrival_ 223458_OY-GRR_11_10_25_56_21.csv
2025.0,10.0,12.0,13.0,57.0,45.0,0.24,/Users/rasmus/Desktop/Fysik/AppliedML2026/Final_project_data/data/ML_data/NBI/FDM data/Arrivals/Nuuk Arrival_ 223459_OY-GRP_12_10_25_58_13.csv
2025.0,10.0,12.0,17.0,49.0,40.0,0.17000000000000004,/Users/rasmus/Desktop/Fysik/AppliedML2026/Final_project_data/data/ML_data/NBI/FDM data/Arrivals/Nuuk Arrival_ 223462_OY-GRJ_12_10_25_51_17.csv
2025.0,10.0,12.0,18.0,9.0,58.0,0.15999999999999992,/Users/rasmus/Desktop/Fysik/AppliedML2026/Final_project_data/data/ML_data/NBI/FDM data/Arrivals/Nuuk Arrival_ 223463_OY-GRP_12_10_25_11_18.csv
2025.0,10.0,12.0,20.0,52.0,50.0,0.24,/Users/rasmus/Desktop/Fysik/AppliedML2026/Final_project_data/data/ML_data/NBI/FDM data/Arrivals/Nuuk Arrival_ 223465_OY-GRJ_12_10_25_53_20.csv
2025.0,10.0,13.0,10.0,49.0,26.0,0.16000000000000003,/Users/rasmus/Desktop/Fysik/AppliedML2026/Final_project_data/data/ML_data/NBI/FDM data/Arrivals/Nuuk Arrival_ 223470_OY-GRJ_13_10_25_51_10.csv
2025.0,10.0,13.0,11.0,27.0,29.0,0.17999999999999994,/Users/rasmus/Desktop/Fysik/AppliedML2026/Final_project_data/data/ML_data/NBI/FDM data/Arrivals/Nuuk Arrival_ 223473_OY-GRO_13_10_25_29_11.csv
2025.0,10.0,13.0,12.0,20.0,32.0,0.29000000000000004,/Users/rasmus/Desktop/Fysik/AppliedML2026/Final_project_data/data/ML_data/NBI/FDM data/Arrivals/Nuuk Arrival_ 223475_OY-GRP_13_10_25_21_12.csv
2025.0,10.0,13.0,12.0,41.0,4.0,0.15999999999999992,/Users/rasmus/Desktop/Fysik/AppliedML2026/Final_project_data/data/ML_data/NBI/FDM data/Arrivals/Nuuk Arrival_ 223477_OY-GRM_13_10_25_42_12.csv
2025.0,10.0,13.0,16.0,3.0,4.0,0.3799999999999999,/Users/rasmus/Desktop/Fysik/AppliedML2026/Final_project_data/data/ML_data/NBI/FDM data/Arrivals/Nuuk Arrival_ 223479_OY-GRO_13_10_25_05_16.csv
2025.0,10.0,13.0,17.0,1.0,2.0,0.27,/Users/rasmus/Desktop/Fysik/AppliedML2026/Final_project_data/data/ML_data/NBI/FDM data/Arrivals/Nuuk Arrival_ 223481_OY-GRP_13_10_25_03_17.csv
2025.0,10.0,14.0,12.0,56.0,33.0,0.5800000000000001,/Users/rasmus/Desktop/Fysik/AppliedML2026/Final_project_data/data/ML_data/NBI/FDM data/Arrivals/Nuuk Arrival_ 223486_OY-GRO_14_10_25_58_12.csv
2025.0,10.0,14.0,14.0,10.0,16.0,0.24,/Users/rasmus/Desktop/Fysik/AppliedML2026/Final_project_data/data/ML_data/NBI/FDM data/Arrivals/Nuuk Arrival_ 223487_OY-GRM_14_10_25_11_14.csv
2025.0,10.0,14.0,14.0,22.0,16.0,0.28,/Users/rasmus/Desktop/Fysik/AppliedML2026/Final_project_data/data/ML_data/NBI/FDM data/Arrivals/Nuuk Arrival_ 223488_OY-GRJ_14_10_25_24_14.csv
2025.0,10.0,14.0,17.0,27.0,18.0,0.29000000000000004,/Users/rasmus/Desktop/Fysik/AppliedML2026/Final_project_data/data/ML_data/NBI/FDM data/Arrivals/Nuuk Arrival_ 223501_OY-GRO_14_10_25_29_17.csv
2025.0,10.0,14.0,18.0,25.0,40.0,0.31000000000000005,/Users/rasmus/Desktop/Fysik/AppliedML2026/Final_project_data/data/ML_data/NBI/FDM data/Arrivals/Nuuk Arrival_ 223503_OY-GRP_14_10_25_26_18.csv
2025.0,10.0,14.0,20.0,16.0,28.0,0.15999999999999992,/Users/rasmus/Desktop/Fysik/AppliedML2026/Final_project_data/data/ML_data/NBI/FDM data/Arrivals/Nuuk Arrival_ 223505_OY-GRJ_14_10_25_18_20.csv
2025.0,10.0,14.0,20.0,38.0,32.0,0.15999999999999992,/Users/rasmus/Desktop/Fysik/AppliedML2026/Final_project_data/data/ML_data/NBI/FDM data/Arrivals/Nuuk Arrival_ 223508_OY-GRM_14_10_25_39_20.csv
2025.0,10.0,14.0,23.0,21.0,56.0,0.18999999999999995,/Users/rasmus/Desktop/Fysik/AppliedML2026/Final_project_data/data/ML_data/NBI/FDM data/Arrivals/Nuuk Arrival_ 223509_OY-GRP_14_10_25_23_23.csv
2025.0,10.0,16.0,13.0,18.0,33.0,0.15999999999999992,/Users/rasmus/Desktop/Fysik/AppliedML2026/Final_project_data/data/ML_data/NBI/FDM data/Arrivals/Nuuk Arrival_ 223535_OY-GRO_16_10_25_20_13.csv
2025.0,10.0,16.0,14.0,1.0,42.0,0.17999999999999994,/Users/rasmus/Desktop/Fysik/AppliedML2026/Final_project_data/data/ML_data/NBI/FDM data/Arrivals/Nuuk Arrival_ 223537_OY-GRP_16_10_25_02_14.csv
2025.0,10.0,16.0,17.0,45.0,14.0,0.5800000000000001,/Users/rasmus/Desktop/Fysik/AppliedML2026/Final_project_data/data/ML_data/NBI/FDM data/Arrivals/Nuuk Arrival_ 223543_OY-GRP_16_10_25_47_17.csv
2025.0,10.0,16.0,19.0,29.0,18.0,0.25,/Users/rasmus/Desktop/Fysik/AppliedML2026/Final_project_data/data/ML_data/NBI/FDM data/Arrivals/Nuuk Arrival_ 223544_OY-GRM_16_10_25_31_19.csv
2025.0,10.0,16.0,18.0,27.0,42.0,0.3500000000000001,/Users/rasmus/Desktop/Fysik/AppliedML2026/Final_project_data/data/ML_data/NBI/FDM data/Arrivals/Nuuk Arrival_ 223545_OY-GRO_16_10_25_28_18.csv
2025.0,10.0,17.0,11.0,44.0,36.0,0.1200000000000001,/Users/rasmus/Desktop/Fysik/AppliedML2026/Final_project_data/data/ML_data/NBI/FDM data/Arrivals/Nuuk Arrival_ 223549_OY-GRM_17_10_25_45_11.csv
2025.0,10.0,17.0,16.0,39.0,57.0,0.15000000000000002,/Users/rasmus/Desktop/Fysik/AppliedML2026/Final_project_data/data/ML_data/NBI/FDM data/Arrivals/Nuuk Arrival_ 223554_OY-GRM_17_10_25_40_16.csv
2025.0,10.0,17.0,18.0,37.0,26.0,0.16999999999999993,/Users/rasmus/Desktop/Fysik/AppliedML2026/Final_project_data/data/ML_data/NBI/FDM data/Arrivals/Nuuk Arrival_ 223558_OY-GRO_17_10_25_40_18.csv
2025.0,10.0,17.0,22.0,3.0,53.0,0.1399999999999999,/Users/rasmus/Desktop/Fysik/AppliedML2026/Final_project_data/data/ML_data/NBI/FDM data/Arrivals/Nuuk Arrival_ 223561_OY-GRP_17_10_25_05_22.csv
2025.0,10.0,18.0,13.0,51.0,25.0,0.1100000000000001,/Users/rasmus/Desktop/Fysik/AppliedML2026/Final_project_data/data/ML_data/NBI/FDM data/Arrivals/Nuuk Arrival_ 223564_OY-GRJ_18_10_25_53_13.csv
2025.0,10.0,18.0,15.0,1.0,11.0,0.15999999999999992,/Users/rasmus/Desktop/Fysik/AppliedML2026/Final_project_data/data/ML_data/NBI/FDM data/Arrivals/Nuuk Arrival_ 223567_OY-GRO_18_10_25_03_15.csv
2025.0,10.0,18.0,17.0,48.0,28.0,0.22999999999999998,/Users/rasmus/Desktop/Fysik/AppliedML2026/Final_project_data/data/ML_data/NBI/FDM data/Arrivals/Nuuk Arrival_ 223570_OY-GRP_18_10_25_50_17.csv
2025.0,10.0,18.0,18.0,50.0,52.0,0.18999999999999995,/Users/rasmus/Desktop/Fysik/AppliedML2026/Final_project_data/data/ML_data/NBI/FDM data/Arrivals/Nuuk Arrival_ 223571_OY-GRO_18_10_25_52_18.csv
2025.0,10.0,13.0,17.0,56.0,13.0,0.44999999999999996,/Users/rasmus/Desktop/Fysik/AppliedML2026/Final_project_data/data/ML_data/NBI/FDM data/Arrivals/Nuuk Arrival_ 223582_OY-GRR_13_10_25_49_17.csv
2025.0,10.0,14.0,13.0,20.0,30.0,0.3799999999999999,/Users/rasmus/Desktop/Fysik/AppliedML2026/Final_project_data/data/ML_data/NBI/FDM data/Arrivals/Nuuk Arrival_ 223584_OY-GRR_14_10_25_13_13.csv
2025.0,10.0,14.0,18.0,38.0,8.0,0.5,/Users/rasmus/Desktop/Fysik/AppliedML2026/Final_project_data/data/ML_data/NBI/FDM data/Arrivals/Nuuk Arrival_ 223586_OY-GRR_14_10_25_28_18.csv
2025.0,10.0,15.0,11.0,12.0,12.0,0.33000000000000007,/Users/rasmus/Desktop/Fysik/AppliedML2026/Final_project_data/data/ML_data/NBI/FDM data/Arrivals/Nuuk Arrival_ 223588_OY-GRR_15_10_25_05_11.csv
2025.0,10.0,15.0,17.0,6.0,18.0,0.35,/Users/rasmus/Desktop/Fysik/AppliedML2026/Final_project_data/data/ML_data/NBI/FDM data/Arrivals/Nuuk Arrival_ 223591_OY-GRR_15_10_25_51_16.csv
2025.0,10.0,16.0,13.0,54.0,58.0,0.39,/Users/rasmus/Desktop/Fysik/AppliedML2026/Final_project_data/data/ML_data/NBI/FDM data/Arrivals/Nuuk Arrival_ 223594_OY-GRR_16_10_25_44_13.csv
2025.0,10.0,17.0,15.0,45.0,10.0,0.16000000000000003,/Users/rasmus/Desktop/Fysik/AppliedML2026/Final_project_data/data/ML_data/NBI/FDM data/Arrivals/Nuuk Arrival_ 223598_OY-GRR_17_10_25_30_15.csv
2025.0,10.0,17.0,22.0,11.0,24.0,0.39,/Users/rasmus/Desktop/Fysik/AppliedML2026/Final_project_data/data/ML_data/NBI/FDM data/Arrivals/Nuuk Arrival_ 223602_OY-GRR_17_10_25_03_22.csv
2025.0,10.0,18.0,13.0,38.0,28.0,0.1100000000000001,/Users/rasmus/Desktop/Fysik/AppliedML2026/Final_project_data/data/ML_data/NBI/FDM data/Arrivals/Nuuk Arrival_ 223605_OY-GRR_18_10_25_32_13.csv
2025.0,10.0,18.0,18.0,44.0,6.0,0.5,/Users/rasmus/Desktop/Fysik/AppliedML2026/Final_project_data/data/ML_data/NBI/FDM data/Arrivals/Nuuk Arrival_ 223608_OY-GRR_18_10_25_39_18.csv
2025.0,10.0,19.0,13.0,15.0,6.0,0.1200000000000001,/Users/rasmus/Desktop/Fysik/AppliedML2026/Final_project_data/data/ML_data/NBI/FDM data/Arrivals/Nuuk Arrival_ 223612_OY-GRP_19_10_25_25_13.csv
2025.0,10.0,19.0,16.0,43.0,14.0,0.21999999999999997,/Users/rasmus/Desktop/Fysik/AppliedML2026/Final_project_data/data/ML_data/NBI/FDM data/Arrivals/Nuuk Arrival_ 223618_OY-GRO_19_10_25_45_16.csv
2025.0,10.0,19.0,17.0,42.0,19.0,0.15999999999999992,/Users/rasmus/Desktop/Fysik/AppliedML2026/Final_project_data/data/ML_data/NBI/FDM data/Arrivals/Nuuk Arrival_ 223619_OY-GRP_19_10_25_45_17.csv
2025.0,10.0,20.0,10.0,42.0,57.0,0.21999999999999997,/Users/rasmus/Desktop/Fysik/AppliedML2026/Final_project_data/data/ML_data/NBI/FDM data/Arrivals/Nuuk Arrival_ 223620_OY-GRO_20_10_25_44_10.csv
2025.0,10.0,20.0,13.0,5.0,0.0,0.1299999999999999,/Users/rasmus/Desktop/Fysik/AppliedML2026/Final_project_data/data/ML_data/NBI/FDM data/Arrivals/Nuuk Arrival_ 223622_OY-GRJ_20_10_25_06_13.csv
2025.0,10.0,20.0,17.0,29.0,36.0,0.15999999999999992,/Users/rasmus/Desktop/Fysik/AppliedML2026/Final_project_data/data/ML_data/NBI/FDM data/Arrivals/Nuuk Arrival_ 223627_OY-GRO_20_10_25_31_17.csv
2025.0,10.0,20.0,18.0,58.0,22.0,0.1499999999999999,/Users/rasmus/Desktop/Fysik/AppliedML2026/Final_project_data/data/ML_data/NBI/FDM data/Arrivals/Nuuk Arrival_ 223631_OY-GRM_20_10_25_00_19.csv
2025.0,10.0,20.0,19.0,59.0,16.0,0.1399999999999999,/Users/rasmus/Desktop/Fysik/AppliedML2026/Final_project_data/data/ML_data/NBI/FDM data/Arrivals/Nuuk Arrival_ 223633_OY-GRP_20_10_25_01_20.csv
2025.0,10.0,21.0,14.0,4.0,32.0,0.26,/Users/rasmus/Desktop/Fysik/AppliedML2026/Final_project_data/data/ML_data/NBI/FDM data/Arrivals/Nuuk Arrival_ 223672_OY-GRM_21_10_25_05_14.csv
2025.0,10.0,22.0,11.0,29.0,52.0,0.27,/Users/rasmus/Desktop/Fysik/AppliedML2026/Final_project_data/data/ML_data/NBI/FDM data/Arrivals/Nuuk Arrival_ 223781_OY-GRJ_22_10_25_31_11.csv
2025.0,10.0,22.0,16.0,24.0,22.0,0.22999999999999998,/Users/rasmus/Desktop/Fysik/AppliedML2026/Final_project_data/data/ML_data/NBI/FDM data/Arrivals/Nuuk Arrival_ 223786_OY-GRP_22_10_25_26_16.csv
2025.0,10.0,22.0,19.0,34.0,34.0,0.20999999999999996,/Users/rasmus/Desktop/Fysik/AppliedML2026/Final_project_data/data/ML_data/NBI/FDM data/Arrivals/Nuuk Arrival_ 223791_OY-GRM_22_10_25_36_19.csv
2025.0,10.0,22.0,19.0,29.0,12.0,0.3600000000000001,/Users/rasmus/Desktop/Fysik/AppliedML2026/Final_project_data/data/ML_data/NBI/FDM data/Arrivals/Nuuk Arrival_ 223792_OY-GRO_22_10_25_31_19.csv
2025.0,10.0,22.0,20.0,34.0,47.0,0.15999999999999992,/Users/rasmus/Desktop/Fysik/AppliedML2026/Final_project_data/data/ML_data/NBI/FDM data/Arrivals/Nuuk Arrival_ 223794_OY-GRP_22_10_25_35_20.csv
2025.0,10.0,23.0,12.0,25.0,52.0,0.14,/Users/rasmus/Desktop/Fysik/AppliedML2026/Final_project_data/data/ML_data/NBI/FDM data/Arrivals/Nuuk Arrival_ 223800_OY-GRM_23_10_25_27_12.csv
2025.0,10.0,23.0,14.0,23.0,24.0,0.19999999999999996,/Users/rasmus/Desktop/Fysik/AppliedML2026/Final_project_data/data/ML_data/NBI/FDM data/Arrivals/Nuuk Arrival_ 223811_OY-GRO_23_10_25_25_14.csv
2025.0,10.0,23.0,14.0,33.0,15.0,0.19999999999999996,/Users/rasmus/Desktop/Fysik/AppliedML2026/Final_project_data/data/ML_data/NBI/FDM data/Arrivals/Nuuk Arrival_ 223812_OY-GRP_23_10_25_35_14.csv
2025.0,10.0,23.0,18.0,30.0,33.0,0.1399999999999999,/Users/rasmus/Desktop/Fysik/AppliedML2026/Final_project_data/data/ML_data/NBI/FDM data/Arrivals/Nuuk Arrival_ 223817_OY-GRM_23_10_25_31_18.csv
2025.0,10.0,23.0,18.0,58.0,27.0,0.15999999999999992,/Users/rasmus/Desktop/Fysik/AppliedML2026/Final_project_data/data/ML_data/NBI/FDM data/Arrivals/Nuuk Arrival_ 223818_OY-GRO_23_10_25_02_19.csv
2025.0,10.0,23.0,20.0,50.0,54.0,0.18999999999999995,/Users/rasmus/Desktop/Fysik/AppliedML2026/Final_project_data/data/ML_data/NBI/FDM data/Arrivals/Nuuk Arrival_ 223826_OY-GRP_23_10_25_51_20.csv
2025.0,9.0,17.0,13.0,12.0,19.0,0.1499999999999999,/Users/rasmus/Desktop/Fysik/AppliedML2026/Final_project_data/data/ML_data/NBI/FDM data/Arrivals/Nuuk Arrival_ 223829_OY-GRK_17_09_25_14_13.csv
2025.0,9.0,17.0,20.0,53.0,22.0,0.19999999999999996,/Users/rasmus/Desktop/Fysik/AppliedML2026/Final_project_data/data/ML_data/NBI/FDM data/Arrivals/Nuuk Arrival_ 223830_OY-GRK_17_09_25_55_20.csv
2025.0,9.0,18.0,14.0,34.0,45.0,0.1399999999999999,/Users/rasmus/Desktop/Fysik/AppliedML2026/Final_project_data/data/ML_data/NBI/FDM data/Arrivals/Nuuk Arrival_ 223832_OY-GRK_18_09_25_35_14.csv
2025.0,9.0,18.0,19.0,53.0,28.0,0.1299999999999999,/Users/rasmus/Desktop/Fysik/AppliedML2026/Final_project_data/data/ML_data/NBI/FDM data/Arrivals/Nuuk Arrival_ 223835_OY-GRK_18_09_25_55_19.csv
2025.0,10.0,24.0,10.0,21.0,45.0,0.31000000000000005,/Users/rasmus/Desktop/Fysik/AppliedML2026/Final_project_data/data/ML_data/NBI/FDM data/Arrivals/Nuuk Arrival_ 223836_OY-GRJ_24_10_25_22_10.csv
2025.0,9.0,19.0,13.0,2.0,0.0,0.18000000000000005,/Users/rasmus/Desktop/Fysik/AppliedML2026/Final_project_data/data/ML_data/NBI/FDM data/Arrivals/Nuuk Arrival_ 223840_OY-GRK_19_09_25_04_13.csv
2025.0,9.0,19.0,22.0,6.0,57.0,0.26,/Users/rasmus/Desktop/Fysik/AppliedML2026/Final_project_data/data/ML_data/NBI/FDM data/Arrivals/Nuuk Arrival_ 223843_OY-GRK_19_09_25_07_22.csv
2025.0,9.0,20.0,14.0,15.0,52.0,0.18999999999999995,/Users/rasmus/Desktop/Fysik/AppliedML2026/Final_project_data/data/ML_data/NBI/FDM data/Arrivals/Nuuk Arrival_ 223844_OY-GRK_20_09_25_16_14.csv
2025.0,9.0,22.0,13.0,24.0,47.0,0.18999999999999995,/Users/rasmus/Desktop/Fysik/AppliedML2026/Final_project_data/data/ML_data/NBI/FDM data/Arrivals/Nuuk Arrival_ 223859_OY-GRK_22_09_25_26_13.csv
2025.0,10.0,24.0,17.0,50.0,30.0,0.1499999999999999,/Users/rasmus/Desktop/Fysik/AppliedML2026/Final_project_data/data/ML_data/NBI/FDM data/Arrivals/Nuuk Arrival_ 223872_OY-GRM_24_10_25_51_17.csv
2025.0,10.0,24.0,20.0,46.0,38.0,0.3700000000000001,/Users/rasmus/Desktop/Fysik/AppliedML2026/Final_project_data/data/ML_data/NBI/FDM data/Arrivals/Nuuk Arrival_ 223891_OY-GRO_24_10_25_47_20.csv
2025.0,10.0,25.0,17.0,50.0,6.0,0.26,/Users/rasmus/Desktop/Fysik/AppliedML2026/Final_project_data/data/ML_data/NBI/FDM data/Arrivals/Nuuk Arrival_ 223918_OY-GRP_25_10_25_53_17.csv
2025.0,9.0,26.0,13.0,24.0,11.0,0.21999999999999997,/Users/rasmus/Desktop/Fysik/AppliedML2026/Final_project_data/data/ML_data/NBI/FDM data/Arrivals/Nuuk Arrival_ 223922_OY-GRK_26_09_25_25_13.csv
2025.0,9.0,27.0,11.0,44.0,38.0,0.21999999999999997,/Users/rasmus/Desktop/Fysik/AppliedML2026/Final_project_data/data/ML_data/NBI/FDM data/Arrivals/Nuuk Arrival_ 223926_OY-GRK_27_09_25_47_11.csv
2025.0,9.0,27.0,17.0,1.0,8.0,0.1299999999999999,/Users/rasmus/Desktop/Fysik/AppliedML2026/Final_project_data/data/ML_data/NBI/FDM data/Arrivals/Nuuk Arrival_ 223928_OY-GRK_27_09_25_02_17.csv
2025.0,9.0,29.0,10.0,12.0,16.0,0.09000000000000008,/Users/rasmus/Desktop/Fysik/AppliedML2026/Final_project_data/data/ML_data/NBI/FDM data/Arrivals/Nuuk Arrival_ 223930_OY-GRK_29_09_25_14_10.csv
2025.0,10.0,10.0,13.0,28.0,54.0,0.1499999999999999,/Users/rasmus/Desktop/Fysik/AppliedML2026/Final_project_data/data/ML_data/NBI/FDM data/Arrivals/Nuuk Arrival_ 223934_OY-GRK_10_10_25_29_13.csv
2025.0,9.0,29.0,23.0,22.0,15.0,0.1200000000000001,/Users/rasmus/Desktop/Fysik/AppliedML2026/Final_project_data/data/ML_data/NBI/FDM data/Arrivals/Nuuk Arrival_ 223935_OY-GRK_29_09_25_24_23.csv
2025.0,10.0,11.0,14.0,38.0,1.0,0.51,/Users/rasmus/Desktop/Fysik/AppliedML2026/Final_project_data/data/ML_data/NBI/FDM data/Arrivals/Nuuk Arrival_ 223939_OY-GRK_11_10_25_41_14.csv
2025.0,10.0,13.0,13.0,59.0,49.0,0.3799999999999999,/Users/rasmus/Desktop/Fysik/AppliedML2026/Final_project_data/data/ML_data/NBI/FDM data/Arrivals/Nuuk Arrival_ 223942_OY-GRK_13_10_25_00_14.csv
2025.0,10.0,25.0,19.0,53.0,13.0,0.3500000000000001,/Users/rasmus/Desktop/Fysik/AppliedML2026/Final_project_data/data/ML_data/NBI/FDM data/Arrivals/Nuuk Arrival_ 223943_OY-GRO_25_10_25_55_19.csv
2025.0,10.0,17.0,13.0,46.0,35.0,0.18999999999999995,/Users/rasmus/Desktop/Fysik/AppliedML2026/Final_project_data/data/ML_data/NBI/FDM data/Arrivals/Nuuk Arrival_ 223946_OY-GRK_17_10_25_47_13.csv
2025.0,10.0,26.0,15.0,0.0,32.0,0.21999999999999997,/Users/rasmus/Desktop/Fysik/AppliedML2026/Final_project_data/data/ML_data/NBI/FDM data/Arrivals/Nuuk Arrival_ 223947_OY-GRO_26_10_25_02_15.csv
2025.0,10.0,20.0,21.0,31.0,34.0,0.43000000000000005,/Users/rasmus/Desktop/Fysik/AppliedML2026/Final_project_data/data/ML_data/NBI/FDM data/Arrivals/Nuuk Arrival_ 223953_OY-GRR_20_10_25_24_21.csv
2025.0,10.0,21.0,11.0,31.0,23.0,0.33000000000000007,/Users/rasmus/Desktop/Fysik/AppliedML2026/Final_project_data/data/ML_data/NBI/FDM data/Arrivals/Nuuk Arrival_ 223956_OY-GRR_21_10_25_25_11.csv
2025.0,10.0,22.0,18.0,16.0,5.0,0.32999999999999996,/Users/rasmus/Desktop/Fysik/AppliedML2026/Final_project_data/data/ML_data/NBI/FDM data/Arrivals/Nuuk Arrival_ 223961_OY-GRR_22_10_25_12_18.csv
2025.0,10.0,23.0,14.0,7.0,52.0,0.3500000000000001,/Users/rasmus/Desktop/Fysik/AppliedML2026/Final_project_data/data/ML_data/NBI/FDM data/Arrivals/Nuuk Arrival_ 223963_OY-GRR_23_10_25_50_13.csv
2025.0,10.0,23.0,18.0,10.0,54.0,0.30000000000000004,/Users/rasmus/Desktop/Fysik/AppliedML2026/Final_project_data/data/ML_data/NBI/FDM data/Arrivals/Nuuk Arrival_ 223965_OY-GRR_23_10_25_04_18.csv
2025.0,10.0,24.0,17.0,58.0,2.0,0.3400000000000001,/Users/rasmus/Desktop/Fysik/AppliedML2026/Final_project_data/data/ML_data/NBI/FDM data/Arrivals/Nuuk Arrival_ 223968_OY-GRR_24_10_25_51_17.csv
2025.0,10.0,25.0,21.0,9.0,6.0,0.3899999999999999,/Users/rasmus/Desktop/Fysik/AppliedML2026/Final_project_data/data/ML_data/NBI/FDM data/Arrivals/Nuuk Arrival_ 223971_OY-GRR_25_10_25_03_21.csv
2025.0,10.0,26.0,18.0,10.0,26.0,0.31000000000000005,/Users/rasmus/Desktop/Fysik/AppliedML2026/Final_project_data/data/ML_data/NBI/FDM data/Arrivals/Nuuk Arrival_ 223973_OY-GRO_26_10_25_13_18.csv
2025.0,10.0,26.0,20.0,40.0,31.0,0.1100000000000001,/Users/rasmus/Desktop/Fysik/AppliedML2026/Final_project_data/data/ML_data/NBI/FDM data/Arrivals/Nuuk Arrival_ 223974_OY-GRP_26_10_25_42_20.csv
2025.0,10.0,17.0,18.0,21.0,58.0,0.17000000000000004,/Users/rasmus/Desktop/Fysik/AppliedML2026/Final_project_data/data/ML_data/NBI/FDM data/Arrivals/Nuuk Arrival_ 223996_OY-GRK_17_10_25_23_18.csv
2025.0,10.0,18.0,16.0,39.0,10.0,0.3700000000000001,/Users/rasmus/Desktop/Fysik/AppliedML2026/Final_project_data/data/ML_data/NBI/FDM data/Arrivals/Nuuk Arrival_ 223998_OY-GRK_18_10_25_41_16.csv
2025.0,10.0,20.0,12.0,13.0,56.0,0.13,/Users/rasmus/Desktop/Fysik/AppliedML2026/Final_project_data/data/ML_data/NBI/FDM data/Arrivals/Nuuk Arrival_ 224001_OY-GRK_20_10_25_14_12.csv
2025.0,10.0,20.0,22.0,16.0,52.0,0.1299999999999999,/Users/rasmus/Desktop/Fysik/AppliedML2026/Final_project_data/data/ML_data/NBI/FDM data/Arrivals/Nuuk Arrival_ 224004_OY-GRK_20_10_25_17_22.csv
2025.0,10.0,21.0,12.0,5.0,54.0,0.1399999999999999,/Users/rasmus/Desktop/Fysik/AppliedML2026/Final_project_data/data/ML_data/NBI/FDM data/Arrivals/Nuuk Arrival_ 224005_OY-GRK_21_10_25_06_12.csv
2025.0,10.0,22.0,13.0,38.0,57.0,0.31000000000000005,/Users/rasmus/Desktop/Fysik/AppliedML2026/Final_project_data/data/ML_data/NBI/FDM data/Arrivals/Nuuk Arrival_ 224006_OY-GRK_22_10_25_41_13.csv
2025.0,10.0,22.0,17.0,36.0,36.0,0.29000000000000004,/Users/rasmus/Desktop/Fysik/AppliedML2026/Final_project_data/data/ML_data/NBI/FDM data/Arrivals/Nuuk Arrival_ 224009_OY-GRK_22_10_25_37_17.csv
2025.0,10.0,24.0,12.0,10.0,8.0,0.3500000000000001,/Users/rasmus/Desktop/Fysik/AppliedML2026/Final_project_data/data/ML_data/NBI/FDM data/Arrivals/Nuuk Arrival_ 224012_OY-GRK_24_10_25_12_12.csv
2025.0,10.0,27.0,13.0,59.0,49.0,0.49,/Users/rasmus/Desktop/Fysik/AppliedML2026/Final_project_data/data/ML_data/NBI/FDM data/Arrivals/Nuuk Arrival_ 224014_OY-GRP_27_10_25_00_14.csv
2025.0,10.0,27.0,12.0,21.0,14.0,0.16999999999999993,/Users/rasmus/Desktop/Fysik/AppliedML2026/Final_project_data/data/ML_data/NBI/FDM data/Arrivals/Nuuk Arrival_ 224015_OY-GRJ_27_10_25_23_12.csv
2025.0,10.0,27.0,19.0,35.0,51.0,0.18999999999999995,/Users/rasmus/Desktop/Fysik/AppliedML2026/Final_project_data/data/ML_data/NBI/FDM data/Arrivals/Nuuk Arrival_ 224030_OY-GRJ_27_10_25_36_19.csv
2025.0,10.0,27.0,20.0,25.0,13.0,0.25,/Users/rasmus/Desktop/Fysik/AppliedML2026/Final_project_data/data/ML_data/NBI/FDM data/Arrivals/Nuuk Arrival_ 224034_OY-GRP_27_10_25_26_20.csv
2025.0,10.0,27.0,21.0,41.0,27.0,0.30000000000000004,/Users/rasmus/Desktop/Fysik/AppliedML2026/Final_project_data/data/ML_data/NBI/FDM data/Arrivals/Nuuk Arrival_ 224035_OY-GRO_27_10_25_43_21.csv
2025.0,10.0,27.0,21.0,54.0,13.0,0.20999999999999996,/Users/rasmus/Desktop/Fysik/AppliedML2026/Final_project_data/data/ML_data/NBI/FDM data/Arrivals/Nuuk Arrival_ 224036_OY-GRM_27_10_25_56_21.csv
2025.0,10.0,28.0,13.0,13.0,42.0,0.1299999999999999,/Users/rasmus/Desktop/Fysik/AppliedML2026/Final_project_data/data/ML_data/NBI/FDM data/Arrivals/Nuuk Arrival_ 224042_OY-GRK_28_10_25_15_13.csv
2025.0,10.0,28.0,13.0,36.0,33.0,0.16999999999999993,/Users/rasmus/Desktop/Fysik/AppliedML2026/Final_project_data/data/ML_data/NBI/FDM data/Arrivals/Nuuk Arrival_ 224043_OY-GRM_28_10_25_38_13.csv
2025.0,10.0,28.0,14.0,3.0,43.0,0.1299999999999999,/Users/rasmus/Desktop/Fysik/AppliedML2026/Final_project_data/data/ML_data/NBI/FDM data/Arrivals/Nuuk Arrival_ 224044_OY-GRP_28_10_25_04_14.csv
2025.0,10.0,28.0,14.0,34.0,51.0,0.1499999999999999,/Users/rasmus/Desktop/Fysik/AppliedML2026/Final_project_data/data/ML_data/NBI/FDM data/Arrivals/Nuuk Arrival_ 224045_OY-GRO_28_10_25_36_14.csv
2025.0,10.0,28.0,18.0,50.0,23.0,0.1100000000000001,/Users/rasmus/Desktop/Fysik/AppliedML2026/Final_project_data/data/ML_data/NBI/FDM data/Arrivals/Nuuk Arrival_ 224056_OY-GRP_28_10_25_52_18.csv
2025.0,10.0,28.0,20.0,50.0,24.0,0.1100000000000001,/Users/rasmus/Desktop/Fysik/AppliedML2026/Final_project_data/data/ML_data/NBI/FDM data/Arrivals/Nuuk Arrival_ 224067_OY-GRO_28_10_25_52_20.csv
2025.0,10.0,29.0,10.0,22.0,54.0,0.1100000000000001,/Users/rasmus/Desktop/Fysik/AppliedML2026/Final_project_data/data/ML_data/NBI/FDM data/Arrivals/Nuuk Arrival_ 224070_OY-GRM_29_10_25_24_10.csv
2025.0,10.0,29.0,11.0,53.0,43.0,0.1299999999999999,/Users/rasmus/Desktop/Fysik/AppliedML2026/Final_project_data/data/ML_data/NBI/FDM data/Arrivals/Nuuk Arrival_ 224072_OY-GRK_29_10_25_54_11.csv
2025.0,10.0,29.0,13.0,28.0,23.0,0.21999999999999997,/Users/rasmus/Desktop/Fysik/AppliedML2026/Final_project_data/data/ML_data/NBI/FDM data/Arrivals/Nuuk Arrival_ 224082_OY-GRJ_29_10_25_30_13.csv
2025.0,10.0,29.0,21.0,29.0,18.0,0.19999999999999996,/Users/rasmus/Desktop/Fysik/AppliedML2026/Final_project_data/data/ML_data/NBI/FDM data/Arrivals/Nuuk Arrival_ 224093_OY-GRO_29_10_25_31_21.csv
2025.0,10.0,29.0,21.0,26.0,35.0,0.15000000000000002,/Users/rasmus/Desktop/Fysik/AppliedML2026/Final_project_data/data/ML_data/NBI/FDM data/Arrivals/Nuuk Arrival_ 224094_OY-GRP_29_10_25_27_21.csv
2025.0,10.0,30.0,13.0,50.0,24.0,0.18999999999999995,/Users/rasmus/Desktop/Fysik/AppliedML2026/Final_project_data/data/ML_data/NBI/FDM data/Arrivals/Nuuk Arrival_ 224113_OY-GRO_30_10_25_52_13.csv
2025.0,10.0,30.0,13.0,59.0,41.0,0.15999999999999992,/Users/rasmus/Desktop/Fysik/AppliedML2026/Final_project_data/data/ML_data/NBI/FDM data/Arrivals/Nuuk Arrival_ 224120_OY-GRM_30_10_25_01_14.csv
2025.0,10.0,30.0,15.0,12.0,12.0,0.20999999999999996,/Users/rasmus/Desktop/Fysik/AppliedML2026/Final_project_data/data/ML_data/NBI/FDM data/Arrivals/Nuuk Arrival_ 224121_OY-GRK_30_10_25_14_15.csv
2025.0,10.0,30.0,19.0,17.0,36.0,0.3500000000000001,/Users/rasmus/Desktop/Fysik/AppliedML2026/Final_project_data/data/ML_data/NBI/FDM data/Arrivals/Nuuk Arrival_ 224131_OY-GRJ_30_10_25_18_19.csv
2025.0,10.0,30.0,19.0,23.0,11.0,0.30000000000000004,/Users/rasmus/Desktop/Fysik/AppliedML2026/Final_project_data/data/ML_data/NBI/FDM data/Arrivals/Nuuk Arrival_ 224132_OY-GRO_30_10_25_25_19.csv
2025.0,10.0,30.0,19.0,45.0,38.0,0.18999999999999995,/Users/rasmus/Desktop/Fysik/AppliedML2026/Final_project_data/data/ML_data/NBI/FDM data/Arrivals/Nuuk Arrival_ 224133_OY-GRP_30_10_25_46_19.csv
2025.0,10.0,31.0,10.0,49.0,6.0,0.24,/Users/rasmus/Desktop/Fysik/AppliedML2026/Final_project_data/data/ML_data/NBI/FDM data/Arrivals/Nuuk Arrival_ 224137_OY-GRK_31_10_25_51_10.csv
2025.0,10.0,31.0,12.0,44.0,14.0,0.19999999999999996,/Users/rasmus/Desktop/Fysik/AppliedML2026/Final_project_data/data/ML_data/NBI/FDM data/Arrivals/Nuuk Arrival_ 224142_OY-GRJ_31_10_25_46_12.csv
2025.0,10.0,31.0,13.0,14.0,53.0,0.21999999999999997,/Users/rasmus/Desktop/Fysik/AppliedML2026/Final_project_data/data/ML_data/NBI/FDM data/Arrivals/Nuuk Arrival_ 224143_OY-GRO_31_10_25_15_13.csv
2025.0,10.0,31.0,17.0,54.0,52.0,0.19999999999999996,/Users/rasmus/Desktop/Fysik/AppliedML2026/Final_project_data/data/ML_data/NBI/FDM data/Arrivals/Nuuk Arrival_ 224157_OY-GRK_31_10_25_55_17.csv
2025.0,10.0,31.0,20.0,9.0,56.0,0.3700000000000001,/Users/rasmus/Desktop/Fysik/AppliedML2026/Final_project_data/data/ML_data/NBI/FDM data/Arrivals/Nuuk Arrival_ 224169_OY-GRP_31_10_25_11_20.csv
2025.0,11.0,1.0,15.0,44.0,34.0,0.21999999999999997,/Users/rasmus/Desktop/Fysik/AppliedML2026/Final_project_data/data/ML_data/NBI/FDM data/Arrivals/Nuuk Arrival_ 224190_OY-GRK_01_11_25_46_15.csv
2025.0,11.0,1.0,14.0,31.0,24.0,0.1499999999999999,/Users/rasmus/Desktop/Fysik/AppliedML2026/Final_project_data/data/ML_data/NBI/FDM data/Arrivals/Nuuk Arrival_ 224193_OY-GRP_01_11_25_33_14.csv
2025.0,11.0,1.0,18.0,55.0,51.0,0.33999999999999997,/Users/rasmus/Desktop/Fysik/AppliedML2026/Final_project_data/data/ML_data/NBI/FDM data/Arrivals/Nuuk Arrival_ 224195_OY-GRK_01_11_25_57_18.csv
2025.0,11.0,1.0,19.0,36.0,47.0,0.33000000000000007,/Users/rasmus/Desktop/Fysik/AppliedML2026/Final_project_data/data/ML_data/NBI/FDM data/Arrivals/Nuuk Arrival_ 224196_OY-GRO_01_11_25_37_19.csv
2025.0,11.0,1.0,20.0,51.0,56.0,0.20999999999999996,/Users/rasmus/Desktop/Fysik/AppliedML2026/Final_project_data/data/ML_data/NBI/FDM data/Arrivals/Nuuk Arrival_ 224197_OY-GRP_01_11_25_53_20.csv
2025.0,10.0,20.0,21.0,31.0,34.0,0.43000000000000005,/Users/rasmus/Desktop/Fysik/AppliedML2026/Final_project_data/data/ML_data/NBI/FDM data/Arrivals/Nuuk Arrival_ 224202_OY-GRR_20_10_25_24_21.csv
2025.0,10.0,21.0,11.0,31.0,23.0,0.33000000000000007,/Users/rasmus/Desktop/Fysik/AppliedML2026/Final_project_data/data/ML_data/NBI/FDM data/Arrivals/Nuuk Arrival_ 224205_OY-GRR_21_10_25_25_11.csv
2025.0,10.0,22.0,18.0,16.0,5.0,0.32999999999999996,/Users/rasmus/Desktop/Fysik/AppliedML2026/Final_project_data/data/ML_data/NBI/FDM data/Arrivals/Nuuk Arrival_ 224210_OY-GRR_22_10_25_12_18.csv
2025.0,10.0,23.0,14.0,7.0,52.0,0.3500000000000001,/Users/rasmus/Desktop/Fysik/AppliedML2026/Final_project_data/data/ML_data/NBI/FDM data/Arrivals/Nuuk Arrival_ 224212_OY-GRR_23_10_25_50_13.csv
2025.0,10.0,23.0,18.0,10.0,54.0,0.30000000000000004,/Users/rasmus/Desktop/Fysik/AppliedML2026/Final_project_data/data/ML_data/NBI/FDM data/Arrivals/Nuuk Arrival_ 224214_OY-GRR_23_10_25_04_18.csv
2025.0,10.0,24.0,17.0,58.0,2.0,0.3400000000000001,/Users/rasmus/Desktop/Fysik/AppliedML2026/Final_project_data/data/ML_data/NBI/FDM data/Arrivals/Nuuk Arrival_ 224217_OY-GRR_24_10_25_51_17.csv
2025.0,10.0,25.0,21.0,9.0,6.0,0.3899999999999999,/Users/rasmus/Desktop/Fysik/AppliedML2026/Final_project_data/data/ML_data/NBI/FDM data/Arrivals/Nuuk Arrival_ 224220_OY-GRR_25_10_25_03_21.csv
2025.0,10.0,27.0,13.0,35.0,27.0,0.1499999999999999,/Users/rasmus/Desktop/Fysik/AppliedML2026/Final_project_data/data/ML_data/NBI/FDM data/Arrivals/Nuuk Arrival_ 224223_OY-GRR_27_10_25_20_13.csv
2025.0,10.0,27.0,17.0,51.0,55.0,0.49,/Users/rasmus/Desktop/Fysik/AppliedML2026/Final_project_data/data/ML_data/NBI/FDM data/Arrivals/Nuuk Arrival_ 224225_OY-GRR_27_10_25_38_17.csv
2025.0,10.0,28.0,15.0,38.0,28.0,0.30000000000000004,/Users/rasmus/Desktop/Fysik/AppliedML2026/Final_project_data/data/ML_data/NBI/FDM data/Arrivals/Nuuk Arrival_ 224227_OY-GRR_28_10_25_27_15.csv
2025.0,10.0,28.0,20.0,14.0,32.0,0.16999999999999993,/Users/rasmus/Desktop/Fysik/AppliedML2026/Final_project_data/data/ML_data/NBI/FDM data/Arrivals/Nuuk Arrival_ 224230_OY-GRR_28_10_25_11_20.csv
2025.0,10.0,30.0,14.0,46.0,39.0,0.19999999999999996,/Users/rasmus/Desktop/Fysik/AppliedML2026/Final_project_data/data/ML_data/NBI/FDM data/Arrivals/Nuuk Arrival_ 224232_OY-GRR_30_10_25_36_14.csv
2025.0,10.0,30.0,20.0,44.0,4.0,0.35,/Users/rasmus/Desktop/Fysik/AppliedML2026/Final_project_data/data/ML_data/NBI/FDM data/Arrivals/Nuuk Arrival_ 224235_OY-GRR_30_10_25_32_20.csv
2025.0,10.0,31.0,21.0,8.0,29.0,0.29000000000000004,/Users/rasmus/Desktop/Fysik/AppliedML2026/Final_project_data/data/ML_data/NBI/FDM data/Arrivals/Nuuk Arrival_ 224240_OY-GRR_31_10_25_01_21.csv
2025.0,11.0,1.0,14.0,40.0,9.0,0.21999999999999997,/Users/rasmus/Desktop/Fysik/AppliedML2026/Final_project_data/data/ML_data/NBI/FDM data/Arrivals/Nuuk Arrival_ 224242_OY-GRR_01_11_25_33_14.csv
2025.0,11.0,2.0,20.0,7.0,26.0,0.19999999999999996,/Users/rasmus/Desktop/Fysik/AppliedML2026/Final_project_data/data/ML_data/NBI/FDM data/Arrivals/Nuuk Arrival_ 224245_OY-GRO_02_11_25_08_20.csv
2025.0,11.0,4.0,13.0,55.0,40.0,0.10000000000000009,/Users/rasmus/Desktop/Fysik/AppliedML2026/Final_project_data/data/ML_data/NBI/FDM data/Arrivals/Nuuk Arrival_ 224279_OY-GRK_04_11_25_56_13.csv
2025.0,11.0,4.0,21.0,4.0,58.0,0.21999999999999997,/Users/rasmus/Desktop/Fysik/AppliedML2026/Final_project_data/data/ML_data/NBI/FDM data/Arrivals/Nuuk Arrival_ 224290_OY-GRO_04_11_25_06_21.csv
2025.0,11.0,4.0,22.0,22.0,30.0,0.08000000000000007,/Users/rasmus/Desktop/Fysik/AppliedML2026/Final_project_data/data/ML_data/NBI/FDM data/Arrivals/Nuuk Arrival_ 224292_OY-GRP_04_11_25_23_22.csv
2025.0,11.0,4.0,19.0,14.0,4.0,0.1299999999999999,/Users/rasmus/Desktop/Fysik/AppliedML2026/Final_project_data/data/ML_data/NBI/FDM data/Arrivals/Nuuk Arrival_ 224293_OY-GRK_04_11_25_16_19.csv
2025.0,11.0,5.0,20.0,3.0,38.0,0.18999999999999995,/Users/rasmus/Desktop/Fysik/AppliedML2026/Final_project_data/data/ML_data/NBI/FDM data/Arrivals/Nuuk Arrival_ 224315_OY-GRM_05_11_25_04_20.csv
2025.0,11.0,5.0,20.0,19.0,40.0,0.22999999999999998,/Users/rasmus/Desktop/Fysik/AppliedML2026/Final_project_data/data/ML_data/NBI/FDM data/Arrivals/Nuuk Arrival_ 224316_OY-GRO_05_11_25_21_20.csv
2025.0,11.0,5.0,21.0,30.0,40.0,0.17999999999999994,/Users/rasmus/Desktop/Fysik/AppliedML2026/Final_project_data/data/ML_data/NBI/FDM data/Arrivals/Nuuk Arrival_ 224318_OY-GRP_05_11_25_32_21.csv
2025.0,11.0,6.0,15.0,14.0,32.0,0.3500000000000001,/Users/rasmus/Desktop/Fysik/AppliedML2026/Final_project_data/data/ML_data/NBI/FDM data/Arrivals/Nuuk Arrival_ 224346_OY-GRK_06_11_25_16_15.csv
2025.0,11.0,6.0,20.0,6.0,53.0,0.27,/Users/rasmus/Desktop/Fysik/AppliedML2026/Final_project_data/data/ML_data/NBI/FDM data/Arrivals/Nuuk Arrival_ 224361_OY-GRO_06_11_25_08_20.csv
2025.0,11.0,6.0,21.0,13.0,4.0,0.4099999999999999,/Users/rasmus/Desktop/Fysik/AppliedML2026/Final_project_data/data/ML_data/NBI/FDM data/Arrivals/Nuuk Arrival_ 224362_OY-GRP_06_11_25_14_21.csv
2025.0,11.0,7.0,1.0,4.0,35.0,0.6499999999999999,/Users/rasmus/Desktop/Fysik/AppliedML2026/Final_project_data/data/ML_data/NBI/FDM data/Arrivals/Nuuk Arrival_ 224364_OY-GRK_07_11_25_09_01.csv
2025.0,11.0,7.0,12.0,19.0,20.0,0.29000000000000004,/Users/rasmus/Desktop/Fysik/AppliedML2026/Final_project_data/data/ML_data/NBI/FDM data/Arrivals/Nuuk Arrival_ 224368_OY-GRK_07_11_25_22_12.csv
2025.0,11.0,7.0,14.0,14.0,50.0,0.32000000000000006,/Users/rasmus/Desktop/Fysik/AppliedML2026/Final_project_data/data/ML_data/NBI/FDM data/Arrivals/Nuuk Arrival_ 224374_OY-GRP_07_11_25_15_14.csv
2025.0,11.0,7.0,22.0,55.0,11.0,0.31000000000000005,/Users/rasmus/Desktop/Fysik/AppliedML2026/Final_project_data/data/ML_data/NBI/FDM data/Arrivals/Nuuk Arrival_ 224393_OY-GRO_07_11_25_57_22.csv
2025.0,11.0,7.0,21.0,55.0,3.0,0.41999999999999993,/Users/rasmus/Desktop/Fysik/AppliedML2026/Final_project_data/data/ML_data/NBI/FDM data/Arrivals/Nuuk Arrival_ 224394_OY-GRK_07_11_25_58_21.csv
2025.0,11.0,8.0,0.0,15.0,12.0,0.26,/Users/rasmus/Desktop/Fysik/AppliedML2026/Final_project_data/data/ML_data/NBI/FDM data/Arrivals/Nuuk Arrival_ 224395_OY-GRP_08_11_25_17_00.csv
2025.0,11.0,8.0,14.0,12.0,12.0,0.32000000000000006,/Users/rasmus/Desktop/Fysik/AppliedML2026/Final_project_data/data/ML_data/NBI/FDM data/Arrivals/Nuuk Arrival_ 224398_OY-GRK_08_11_25_14_14.csv
2025.0,11.0,8.0,16.0,14.0,32.0,0.28,/Users/rasmus/Desktop/Fysik/AppliedML2026/Final_project_data/data/ML_data/NBI/FDM data/Arrivals/Nuuk Arrival_ 224403_OY-GRO_08_11_25_16_16.csv
2025.0,11.0,8.0,19.0,5.0,1.0,0.20999999999999996,/Users/rasmus/Desktop/Fysik/AppliedML2026/Final_project_data/data/ML_data/NBI/FDM data/Arrivals/Nuuk Arrival_ 224406_OY-GRK_08_11_25_06_19.csv
2025.0,11.0,8.0,22.0,3.0,45.0,0.26,/Users/rasmus/Desktop/Fysik/AppliedML2026/Final_project_data/data/ML_data/NBI/FDM data/Arrivals/Nuuk Arrival_ 224408_OY-GRO_08_11_25_04_22.csv
2025.0,11.0,9.0,19.0,45.0,52.0,0.1299999999999999,/Users/rasmus/Desktop/Fysik/AppliedML2026/Final_project_data/data/ML_data/NBI/FDM data/Arrivals/Nuuk Arrival_ 224410_OY-GRP_09_11_25_46_19.csv
2025.0,11.0,10.0,11.0,55.0,57.0,0.09000000000000008,/Users/rasmus/Desktop/Fysik/AppliedML2026/Final_project_data/data/ML_data/NBI/FDM data/Arrivals/Nuuk Arrival_ 224431_OY-GRP_10_11_25_57_11.csv
2025.0,11.0,10.0,12.0,44.0,49.0,0.1499999999999999,/Users/rasmus/Desktop/Fysik/AppliedML2026/Final_project_data/data/ML_data/NBI/FDM data/Arrivals/Nuuk Arrival_ 224432_OY-GRO_10_11_25_46_12.csv
2025.0,11.0,10.0,14.0,6.0,12.0,0.1100000000000001,/Users/rasmus/Desktop/Fysik/AppliedML2026/Final_project_data/data/ML_data/NBI/FDM data/Arrivals/Nuuk Arrival_ 224434_OY-GRK_10_11_25_08_14.csv
2025.0,11.0,10.0,19.0,6.0,10.0,0.07000000000000006,/Users/rasmus/Desktop/Fysik/AppliedML2026/Final_project_data/data/ML_data/NBI/FDM data/Arrivals/Nuuk Arrival_ 224448_OY-GRP_10_11_25_08_19.csv
2025.0,11.0,10.0,21.0,45.0,15.0,0.20999999999999996,/Users/rasmus/Desktop/Fysik/AppliedML2026/Final_project_data/data/ML_data/NBI/FDM data/Arrivals/Nuuk Arrival_ 224453_OY-GRO_10_11_25_47_21.csv
2025.0,11.0,4.0,15.0,28.0,53.0,0.09000000000000008,/Users/rasmus/Desktop/Fysik/AppliedML2026/Final_project_data/data/ML_data/NBI/FDM data/Arrivals/Nuuk Arrival_ 224464_OY-GRR_04_11_25_14_15.csv
2025.0,11.0,4.0,19.0,57.0,25.0,0.3700000000000001,/Users/rasmus/Desktop/Fysik/AppliedML2026/Final_project_data/data/ML_data/NBI/FDM data/Arrivals/Nuuk Arrival_ 224467_OY-GRR_04_11_25_54_19.csv
2025.0,11.0,5.0,15.0,33.0,7.0,0.19999999999999996,/Users/rasmus/Desktop/Fysik/AppliedML2026/Final_project_data/data/ML_data/NBI/FDM data/Arrivals/Nuuk Arrival_ 224469_OY-GRR_05_11_25_20_15.csv
2025.0,11.0,5.0,20.0,44.0,47.0,0.47,/Users/rasmus/Desktop/Fysik/AppliedML2026/Final_project_data/data/ML_data/NBI/FDM data/Arrivals/Nuuk Arrival_ 224471_OY-GRR_05_11_25_43_20.csv
2025.0,11.0,6.0,13.0,50.0,45.0,0.17999999999999994,/Users/rasmus/Desktop/Fysik/AppliedML2026/Final_project_data/data/ML_data/NBI/FDM data/Arrivals/Nuuk Arrival_ 224474_OY-GRR_06_11_25_44_13.csv
2025.0,11.0,6.0,18.0,17.0,50.0,0.3999999999999999,/Users/rasmus/Desktop/Fysik/AppliedML2026/Final_project_data/data/ML_data/NBI/FDM data/Arrivals/Nuuk Arrival_ 224476_OY-GRR_06_11_25_13_18.csv
2025.0,11.0,7.0,15.0,56.0,54.0,0.19999999999999996,/Users/rasmus/Desktop/Fysik/AppliedML2026/Final_project_data/data/ML_data/NBI/FDM data/Arrivals/Nuuk Arrival_ 224478_OY-GRR_07_11_25_44_15.csv
2025.0,11.0,10.0,14.0,4.0,11.0,0.1100000000000001,/Users/rasmus/Desktop/Fysik/AppliedML2026/Final_project_data/data/ML_data/NBI/FDM data/Arrivals/Nuuk Arrival_ 224481_OY-GRR_10_11_25_52_13.csv
2025.0,11.0,10.0,18.0,42.0,51.0,0.1299999999999999,/Users/rasmus/Desktop/Fysik/AppliedML2026/Final_project_data/data/ML_data/NBI/FDM data/Arrivals/Nuuk Arrival_ 224483_OY-GRR_10_11_25_31_18.csv
2025.0,11.0,11.0,13.0,13.0,37.0,0.14,/Users/rasmus/Desktop/Fysik/AppliedML2026/Final_project_data/data/ML_data/NBI/FDM data/Arrivals/Nuuk Arrival_ 224486_OY-GRP_11_11_25_14_13.csv
2025.0,11.0,11.0,13.0,55.0,8.0,0.24,/Users/rasmus/Desktop/Fysik/AppliedML2026/Final_project_data/data/ML_data/NBI/FDM data/Arrivals/Nuuk Arrival_ 224488_OY-GRO_11_11_25_57_13.csv
2025.0,11.0,11.0,14.0,45.0,43.0,0.10000000000000009,/Users/rasmus/Desktop/Fysik/AppliedML2026/Final_project_data/data/ML_data/NBI/FDM data/Arrivals/Nuuk Arrival_ 224489_OY-GRK_11_11_25_46_14.csv
2025.0,11.0,11.0,20.0,12.0,36.0,0.16999999999999993,/Users/rasmus/Desktop/Fysik/AppliedML2026/Final_project_data/data/ML_data/NBI/FDM data/Arrivals/Nuuk Arrival_ 224496_OY-GRP_11_11_25_13_20.csv
2025.0,11.0,11.0,20.0,41.0,0.0,0.31000000000000005,/Users/rasmus/Desktop/Fysik/AppliedML2026/Final_project_data/data/ML_data/NBI/FDM data/Arrivals/Nuuk Arrival_ 224499_OY-GRO_11_11_25_42_20.csv
2025.0,11.0,12.0,17.0,12.0,53.0,0.19999999999999996,/Users/rasmus/Desktop/Fysik/AppliedML2026/Final_project_data/data/ML_data/NBI/FDM data/Arrivals/Nuuk Arrival_ 224510_OY-GRJ_12_11_25_13_17.csv
2025.0,11.0,12.0,20.0,10.0,45.0,0.16999999999999993,/Users/rasmus/Desktop/Fysik/AppliedML2026/Final_project_data/data/ML_data/NBI/FDM data/Arrivals/Nuuk Arrival_ 224513_OY-GRO_12_11_25_12_20.csv
2025.0,11.0,12.0,20.0,18.0,7.0,0.27,/Users/rasmus/Desktop/Fysik/AppliedML2026/Final_project_data/data/ML_data/NBI/FDM data/Arrivals/Nuuk Arrival_ 224520_OY-GRP_12_11_25_20_20.csv
2025.0,11.0,14.0,11.0,44.0,10.0,0.24,/Users/rasmus/Desktop/Fysik/AppliedML2026/Final_project_data/data/ML_data/NBI/FDM data/Arrivals/Nuuk Arrival_ 224523_OY-GRO_14_11_25_46_11.csv
2025.0,11.0,14.0,14.0,0.0,19.0,0.1299999999999999,/Users/rasmus/Desktop/Fysik/AppliedML2026/Final_project_data/data/ML_data/NBI/FDM data/Arrivals/Nuuk Arrival_ 224530_OY-GRP_14_11_25_02_14.csv
2025.0,11.0,14.0,15.0,39.0,18.0,0.21999999999999997,/Users/rasmus/Desktop/Fysik/AppliedML2026/Final_project_data/data/ML_data/NBI/FDM data/Arrivals/Nuuk Arrival_ 224532_OY-GRO_14_11_25_41_15.csv
2025.0,11.0,14.0,14.0,58.0,33.0,0.09000000000000008,/Users/rasmus/Desktop/Fysik/AppliedML2026/Final_project_data/data/ML_data/NBI/FDM data/Arrivals/Nuuk Arrival_ 224534_OY-GRJ_14_11_25_59_14.csv
2025.0,11.0,14.0,18.0,31.0,38.0,0.09000000000000008,/Users/rasmus/Desktop/Fysik/AppliedML2026/Final_project_data/data/ML_data/NBI/FDM data/Arrivals/Nuuk Arrival_ 224547_OY-GRP_14_11_25_32_18.csv
2025.0,11.0,14.0,19.0,38.0,18.0,0.18999999999999995,/Users/rasmus/Desktop/Fysik/AppliedML2026/Final_project_data/data/ML_data/NBI/FDM data/Arrivals/Nuuk Arrival_ 224554_OY-GRJ_14_11_25_39_19.csv
2025.0,11.0,14.0,22.0,49.0,25.0,0.21999999999999997,/Users/rasmus/Desktop/Fysik/AppliedML2026/Final_project_data/data/ML_data/NBI/FDM data/Arrivals/Nuuk Arrival_ 224555_OY-GRO_14_11_25_51_22.csv
2025.0,11.0,15.0,13.0,40.0,19.0,0.10000000000000009,/Users/rasmus/Desktop/Fysik/AppliedML2026/Final_project_data/data/ML_data/NBI/FDM data/Arrivals/Nuuk Arrival_ 224561_OY-GRM_15_11_25_42_13.csv
2025.0,11.0,15.0,15.0,27.0,58.0,0.18999999999999995,/Users/rasmus/Desktop/Fysik/AppliedML2026/Final_project_data/data/ML_data/NBI/FDM data/Arrivals/Nuuk Arrival_ 224566_OY-GRO_15_11_25_29_15.csv
2025.0,11.0,15.0,17.0,7.0,44.0,0.20999999999999996,/Users/rasmus/Desktop/Fysik/AppliedML2026/Final_project_data/data/ML_data/NBI/FDM data/Arrivals/Nuuk Arrival_ 224571_OY-GRJ_15_11_25_09_17.csv
2025.0,11.0,15.0,18.0,6.0,34.0,0.16999999999999993,/Users/rasmus/Desktop/Fysik/AppliedML2026/Final_project_data/data/ML_data/NBI/FDM data/Arrivals/Nuuk Arrival_ 224575_OY-GRP_15_11_25_09_18.csv
2025.0,11.0,15.0,19.0,51.0,39.0,0.31000000000000005,/Users/rasmus/Desktop/Fysik/AppliedML2026/Final_project_data/data/ML_data/NBI/FDM data/Arrivals/Nuuk Arrival_ 224580_OY-GRO_15_11_25_53_19.csv
2025.0,11.0,15.0,22.0,33.0,3.0,0.3700000000000001,/Users/rasmus/Desktop/Fysik/AppliedML2026/Final_project_data/data/ML_data/NBI/FDM data/Arrivals/Nuuk Arrival_ 224584_OY-GRJ_15_11_25_35_22.csv
2025.0,11.0,15.0,22.0,13.0,14.0,0.25,/Users/rasmus/Desktop/Fysik/AppliedML2026/Final_project_data/data/ML_data/NBI/FDM data/Arrivals/Nuuk Arrival_ 224585_OY-GRM_15_11_25_15_22.csv
2025.0,11.0,16.0,20.0,3.0,26.0,0.20999999999999996,/Users/rasmus/Desktop/Fysik/AppliedML2026/Final_project_data/data/ML_data/NBI/FDM data/Arrivals/Nuuk Arrival_ 224590_OY-GRJ_16_11_25_07_20.csv
2025.0,11.0,16.0,20.0,23.0,29.0,0.15999999999999992,/Users/rasmus/Desktop/Fysik/AppliedML2026/Final_project_data/data/ML_data/NBI/FDM data/Arrivals/Nuuk Arrival_ 224591_OY-GRP_16_11_25_25_20.csv
2025.0,11.0,17.0,11.0,40.0,19.0,0.18999999999999995,/Users/rasmus/Desktop/Fysik/AppliedML2026/Final_project_data/data/ML_data/NBI/FDM data/Arrivals/Nuuk Arrival_ 224596_OY-GRK_17_11_25_43_11.csv
2025.0,11.0,17.0,13.0,13.0,41.0,0.19999999999999996,/Users/rasmus/Desktop/Fysik/AppliedML2026/Final_project_data/data/ML_data/NBI/FDM data/Arrivals/Nuuk Arrival_ 224598_OY-GRM_17_11_25_14_13.csv
2025.0,11.0,17.0,15.0,44.0,26.0,0.35,/Users/rasmus/Desktop/Fysik/AppliedML2026/Final_project_data/data/ML_data/NBI/FDM data/Arrivals/Nuuk Arrival_ 224606_OY-GRP_17_11_25_48_15.csv
2025.0,11.0,17.0,20.0,2.0,34.0,0.31000000000000005,/Users/rasmus/Desktop/Fysik/AppliedML2026/Final_project_data/data/ML_data/NBI/FDM data/Arrivals/Nuuk Arrival_ 224638_OY-GRJ_17_11_25_03_20.csv
2025.0,11.0,17.0,22.0,49.0,56.0,0.1399999999999999,/Users/rasmus/Desktop/Fysik/AppliedML2026/Final_project_data/data/ML_data/NBI/FDM data/Arrivals/Nuuk Arrival_ 224645_OY-GRM_17_11_25_50_22.csv
2025.0,11.0,17.0,22.0,53.0,54.0,0.1399999999999999,/Users/rasmus/Desktop/Fysik/AppliedML2026/Final_project_data/data/ML_data/NBI/FDM data/Arrivals/Nuuk Arrival_ 224646_OY-GRP_17_11_25_54_22.csv
2025.0,11.0,17.0,23.0,9.0,8.0,0.27,/Users/rasmus/Desktop/Fysik/AppliedML2026/Final_project_data/data/ML_data/NBI/FDM data/Arrivals/Nuuk Arrival_ 224647_OY-GRO_17_11_25_11_23.csv
2025.0,11.0,18.0,13.0,27.0,49.0,0.21999999999999997,/Users/rasmus/Desktop/Fysik/AppliedML2026/Final_project_data/data/ML_data/NBI/FDM data/Arrivals/Nuuk Arrival_ 224653_OY-GRK_18_11_25_28_13.csv
2025.0,11.0,18.0,13.0,47.0,29.0,0.30000000000000004,/Users/rasmus/Desktop/Fysik/AppliedML2026/Final_project_data/data/ML_data/NBI/FDM data/Arrivals/Nuuk Arrival_ 224655_OY-GRM_18_11_25_49_13.csv
2025.0,11.0,18.0,15.0,32.0,32.0,0.36,/Users/rasmus/Desktop/Fysik/AppliedML2026/Final_project_data/data/ML_data/NBI/FDM data/Arrivals/Nuuk Arrival_ 224670_OY-GRP_18_11_25_34_15.csv
2025.0,11.0,18.0,18.0,48.0,20.0,0.20999999999999996,/Users/rasmus/Desktop/Fysik/AppliedML2026/Final_project_data/data/ML_data/NBI/FDM data/Arrivals/Nuuk Arrival_ 224678_OY-GRM_18_11_25_50_18.csv
2025.0,11.0,18.0,20.0,11.0,58.0,0.24,/Users/rasmus/Desktop/Fysik/AppliedML2026/Final_project_data/data/ML_data/NBI/FDM data/Arrivals/Nuuk Arrival_ 224683_OY-GRO_18_11_25_13_20.csv
2025.0,11.0,19.0,13.0,58.0,21.0,0.26,/Users/rasmus/Desktop/Fysik/AppliedML2026/Final_project_data/data/ML_data/NBI/FDM data/Arrivals/Nuuk Arrival_ 224687_OY-GRK_19_11_25_00_14.csv
2025.0,11.0,19.0,16.0,7.0,6.0,0.33000000000000007,/Users/rasmus/Desktop/Fysik/AppliedML2026/Final_project_data/data/ML_data/NBI/FDM data/Arrivals/Nuuk Arrival_ 224693_OY-GRJ_19_11_25_09_16.csv
2025.0,11.0,19.0,15.0,49.0,20.0,0.19999999999999996,/Users/rasmus/Desktop/Fysik/AppliedML2026/Final_project_data/data/ML_data/NBI/FDM data/Arrivals/Nuuk Arrival_ 224695_OY-GRM_19_11_25_51_15.csv
2025.0,11.0,19.0,20.0,25.0,42.0,0.21999999999999997,/Users/rasmus/Desktop/Fysik/AppliedML2026/Final_project_data/data/ML_data/NBI/FDM data/Arrivals/Nuuk Arrival_ 224738_OY-GRP_19_11_25_26_20.csv
2025.0,11.0,19.0,20.0,57.0,12.0,0.27,/Users/rasmus/Desktop/Fysik/AppliedML2026/Final_project_data/data/ML_data/NBI/FDM data/Arrivals/Nuuk Arrival_ 224739_OY-GRJ_19_11_25_59_20.csv
2025.0,11.0,19.0,23.0,4.0,23.0,0.16999999999999993,/Users/rasmus/Desktop/Fysik/AppliedML2026/Final_project_data/data/ML_data/NBI/FDM data/Arrivals/Nuuk Arrival_ 224741_OY-GRM_19_11_25_06_23.csv
2025.0,11.0,20.0,12.0,54.0,18.0,0.1399999999999999,/Users/rasmus/Desktop/Fysik/AppliedML2026/Final_project_data/data/ML_data/NBI/FDM data/Arrivals/Nuuk Arrival_ 224743_OY-GRK_20_11_25_56_12.csv
2025.0,11.0,20.0,14.0,44.0,32.0,0.1299999999999999,/Users/rasmus/Desktop/Fysik/AppliedML2026/Final_project_data/data/ML_data/NBI/FDM data/Arrivals/Nuuk Arrival_ 224748_OY-GRM_20_11_25_46_14.csv
2025.0,11.0,20.0,14.0,48.0,51.0,0.22999999999999998,/Users/rasmus/Desktop/Fysik/AppliedML2026/Final_project_data/data/ML_data/NBI/FDM data/Arrivals/Nuuk Arrival_ 224767_OY-GRJ_20_11_25_50_14.csv
2025.0,11.0,20.0,18.0,33.0,21.0,0.1200000000000001,/Users/rasmus/Desktop/Fysik/AppliedML2026/Final_project_data/data/ML_data/NBI/FDM data/Arrivals/Nuuk Arrival_ 224769_OY-GRM_20_11_25_35_18.csv
2025.0,11.0,20.0,20.0,2.0,39.0,0.18999999999999995,/Users/rasmus/Desktop/Fysik/AppliedML2026/Final_project_data/data/ML_data/NBI/FDM data/Arrivals/Nuuk Arrival_ 224772_OY-GRO_20_11_25_03_20.csv
2025.0,11.0,20.0,21.0,4.0,39.0,0.1499999999999999,/Users/rasmus/Desktop/Fysik/AppliedML2026/Final_project_data/data/ML_data/NBI/FDM data/Arrivals/Nuuk Arrival_ 224775_OY-GRJ_20_11_25_05_21.csv
2025.0,11.0,20.0,22.0,50.0,0.0,0.1399999999999999,/Users/rasmus/Desktop/Fysik/AppliedML2026/Final_project_data/data/ML_data/NBI/FDM data/Arrivals/Nuuk Arrival_ 224777_OY-GRP_20_11_25_51_22.csv
2025.0,11.0,21.0,11.0,5.0,41.0,0.16999999999999993,/Users/rasmus/Desktop/Fysik/AppliedML2026/Final_project_data/data/ML_data/NBI/FDM data/Arrivals/Nuuk Arrival_ 224780_OY-GRK_21_11_25_06_11.csv
2025.0,11.0,21.0,12.0,19.0,43.0,0.1499999999999999,/Users/rasmus/Desktop/Fysik/AppliedML2026/Final_project_data/data/ML_data/NBI/FDM data/Arrivals/Nuuk Arrival_ 224782_OY-GRJ_21_11_25_20_12.csv
2025.0,11.0,21.0,13.0,40.0,30.0,0.16999999999999993,/Users/rasmus/Desktop/Fysik/AppliedML2026/Final_project_data/data/ML_data/NBI/FDM data/Arrivals/Nuuk Arrival_ 224784_OY-GRP_21_11_25_42_13.csv
2025.0,11.0,21.0,19.0,1.0,20.0,0.18999999999999995,/Users/rasmus/Desktop/Fysik/AppliedML2026/Final_project_data/data/ML_data/NBI/FDM data/Arrivals/Nuuk Arrival_ 224804_OY-GRJ_21_11_25_03_19.csv
2025.0,11.0,21.0,21.0,52.0,55.0,0.25,/Users/rasmus/Desktop/Fysik/AppliedML2026/Final_project_data/data/ML_data/NBI/FDM data/Arrivals/Nuuk Arrival_ 224808_OY-GRO_21_11_25_54_21.csv
2025.0,11.0,21.0,22.0,35.0,46.0,0.3999999999999999,/Users/rasmus/Desktop/Fysik/AppliedML2026/Final_project_data/data/ML_data/NBI/FDM data/Arrivals/Nuuk Arrival_ 224809_OY-GRM_21_11_25_37_22.csv
2025.0,11.0,22.0,15.0,15.0,43.0,0.1399999999999999,/Users/rasmus/Desktop/Fysik/AppliedML2026/Final_project_data/data/ML_data/NBI/FDM data/Arrivals/Nuuk Arrival_ 224820_OY-GRM_22_11_25_16_15.csv
2025.0,11.0,22.0,15.0,24.0,23.0,0.13,/Users/rasmus/Desktop/Fysik/AppliedML2026/Final_project_data/data/ML_data/NBI/FDM data/Arrivals/Nuuk Arrival_ 224821_OY-GRK_22_11_25_26_15.csv
2025.0,11.0,22.0,15.0,8.0,8.0,0.21999999999999997,/Users/rasmus/Desktop/Fysik/AppliedML2026/Final_project_data/data/ML_data/NBI/FDM data/Arrivals/Nuuk Arrival_ 224825_OY-GRO_22_11_25_10_15.csv
2025.0,11.0,22.0,16.0,45.0,43.0,0.17999999999999994,/Users/rasmus/Desktop/Fysik/AppliedML2026/Final_project_data/data/ML_data/NBI/FDM data/Arrivals/Nuuk Arrival_ 224834_OY-GRJ_22_11_25_46_16.csv
2025.0,11.0,22.0,19.0,59.0,7.0,0.24,/Users/rasmus/Desktop/Fysik/AppliedML2026/Final_project_data/data/ML_data/NBI/FDM data/Arrivals/Nuuk Arrival_ 224835_OY-GRO_22_11_25_01_20.csv
2025.0,11.0,22.0,19.0,38.0,1.0,0.3500000000000001,/Users/rasmus/Desktop/Fysik/AppliedML2026/Final_project_data/data/ML_data/NBI/FDM data/Arrivals/Nuuk Arrival_ 224836_OY-GRK_22_11_25_40_19.csv
2025.0,11.0,22.0,16.0,28.0,46.0,0.28,/Users/rasmus/Desktop/Fysik/AppliedML2026/Final_project_data/data/ML_data/NBI/FDM data/Arrivals/Nuuk Arrival_ 224837_OY-GRP_22_11_25_29_16.csv
2025.0,12.0,3.0,22.0,34.0,1.0,0.24,/Users/rasmus/Desktop/Fysik/AppliedML2026/Final_project_data/data/ML_data/NBI/FDM data/Arrivals/Nuuk Arrival_ 225169_OY-GRG_03_12_25_36_22.csv
2025.0,12.0,4.0,13.0,21.0,8.0,0.10000000000000009,/Users/rasmus/Desktop/Fysik/AppliedML2026/Final_project_data/data/ML_data/NBI/FDM data/Arrivals/Nuuk Arrival_ 225172_OY-GRG_04_12_25_23_13.csv
2025.0,12.0,4.0,18.0,35.0,10.0,0.15999999999999992,/Users/rasmus/Desktop/Fysik/AppliedML2026/Final_project_data/data/ML_data/NBI/FDM data/Arrivals/Nuuk Arrival_ 225174_OY-GRG_04_12_25_37_18.csv
2025.0,12.0,3.0,18.0,26.0,19.0,0.24,/Users/rasmus/Desktop/Fysik/AppliedML2026/Final_project_data/data/ML_data/NBI/FDM data/Arrivals/Nuuk Arrival_ 225176_OY-GRH_03_12_25_28_18.csv
2025.0,12.0,4.0,18.0,58.0,34.0,0.20999999999999996,/Users/rasmus/Desktop/Fysik/AppliedML2026/Final_project_data/data/ML_data/NBI/FDM data/Arrivals/Nuuk Arrival_ 225178_OY-GRH_04_12_25_00_19.csv
2025.0,12.0,5.0,12.0,42.0,38.0,0.21999999999999997,/Users/rasmus/Desktop/Fysik/AppliedML2026/Final_project_data/data/ML_data/NBI/FDM data/Arrivals/Nuuk Arrival_ 225181_OY-GRH_05_12_25_43_12.csv
2025.0,12.0,5.0,18.0,43.0,1.0,0.17999999999999994,/Users/rasmus/Desktop/Fysik/AppliedML2026/Final_project_data/data/ML_data/NBI/FDM data/Arrivals/Nuuk Arrival_ 225185_OY-GRH_05_12_25_44_18.csv
2025.0,12.0,4.0,14.0,41.0,56.0,0.21999999999999997,/Users/rasmus/Desktop/Fysik/AppliedML2026/Final_project_data/data/ML_data/NBI/FDM data/Arrivals/Nuuk Arrival_ 225190_OY-GRJ_04_12_25_43_14.csv
2025.0,12.0,5.0,11.0,57.0,46.0,0.24,/Users/rasmus/Desktop/Fysik/AppliedML2026/Final_project_data/data/ML_data/NBI/FDM data/Arrivals/Nuuk Arrival_ 225194_OY-GRJ_05_12_25_58_11.csv
2025.0,12.0,5.0,20.0,35.0,4.0,0.16999999999999993,/Users/rasmus/Desktop/Fysik/AppliedML2026/Final_project_data/data/ML_data/NBI/FDM data/Arrivals/Nuuk Arrival_ 225198_OY-GRJ_05_12_25_36_20.csv
2025.0,12.0,4.0,15.0,49.0,56.0,0.16999999999999993,/Users/rasmus/Desktop/Fysik/AppliedML2026/Final_project_data/data/ML_data/NBI/FDM data/Arrivals/Nuuk Arrival_ 225200_OY-GRK_04_12_25_51_15.csv
2025.0,12.0,4.0,20.0,25.0,13.0,0.1100000000000001,/Users/rasmus/Desktop/Fysik/AppliedML2026/Final_project_data/data/ML_data/NBI/FDM data/Arrivals/Nuuk Arrival_ 225202_OY-GRK_04_12_25_27_20.csv
2025.0,12.0,5.0,11.0,10.0,42.0,0.24,/Users/rasmus/Desktop/Fysik/AppliedML2026/Final_project_data/data/ML_data/NBI/FDM data/Arrivals/Nuuk Arrival_ 225203_OY-GRK_05_12_25_12_11.csv
2025.0,12.0,5.0,14.0,4.0,20.0,0.16999999999999993,/Users/rasmus/Desktop/Fysik/AppliedML2026/Final_project_data/data/ML_data/NBI/FDM data/Arrivals/Nuuk Arrival_ 225204_OY-GRK_05_12_25_06_14.csv
2025.0,12.0,5.0,21.0,56.0,38.0,0.20999999999999996,/Users/rasmus/Desktop/Fysik/AppliedML2026/Final_project_data/data/ML_data/NBI/FDM data/Arrivals/Nuuk Arrival_ 225206_OY-GRK_05_12_25_57_21.csv
2025.0,12.0,5.0,22.0,20.0,5.0,0.20999999999999996,/Users/rasmus/Desktop/Fysik/AppliedML2026/Final_project_data/data/ML_data/NBI/FDM data/Arrivals/Nuuk Arrival_ 225212_OY-GRO_05_12_25_21_22.csv
2025.0,12.0,3.0,18.0,15.0,48.0,0.1499999999999999,/Users/rasmus/Desktop/Fysik/AppliedML2026/Final_project_data/data/ML_data/NBI/FDM data/Arrivals/Nuuk Arrival_ 225213_OY-GRP_03_12_25_16_18.csv
2025.0,12.0,4.0,20.0,21.0,9.0,0.15999999999999992,/Users/rasmus/Desktop/Fysik/AppliedML2026/Final_project_data/data/ML_data/NBI/FDM data/Arrivals/Nuuk Arrival_ 225217_OY-GRP_04_12_25_22_20.csv
2025.0,12.0,5.0,14.0,58.0,28.0,0.08999999999999997,/Users/rasmus/Desktop/Fysik/AppliedML2026/Final_project_data/data/ML_data/NBI/FDM data/Arrivals/Nuuk Arrival_ 225220_OY-GRP_05_12_25_59_14.csv
2025.0,12.0,5.0,18.0,53.0,52.0,0.16999999999999993,/Users/rasmus/Desktop/Fysik/AppliedML2026/Final_project_data/data/ML_data/NBI/FDM data/Arrivals/Nuuk Arrival_ 225222_OY-GRP_05_12_25_54_18.csv
2025.0,12.0,6.0,13.0,31.0,10.0,0.3500000000000001,/Users/rasmus/Desktop/Fysik/AppliedML2026/Final_project_data/data/ML_data/NBI/FDM data/Arrivals/Nuuk Arrival_ 225273_OY-GRH_06_12_25_32_13.csv
2025.0,12.0,6.0,14.0,39.0,12.0,0.30000000000000004,/Users/rasmus/Desktop/Fysik/AppliedML2026/Final_project_data/data/ML_data/NBI/FDM data/Arrivals/Nuuk Arrival_ 225275_OY-GRK_06_12_25_41_14.csv
2025.0,12.0,6.0,15.0,17.0,53.0,0.28,/Users/rasmus/Desktop/Fysik/AppliedML2026/Final_project_data/data/ML_data/NBI/FDM data/Arrivals/Nuuk Arrival_ 225277_OY-GRP_06_12_25_19_15.csv
2025.0,12.0,6.0,16.0,44.0,42.0,0.30000000000000004,/Users/rasmus/Desktop/Fysik/AppliedML2026/Final_project_data/data/ML_data/NBI/FDM data/Arrivals/Nuuk Arrival_ 225279_OY-GRH_06_12_25_45_16.csv
2025.0,12.0,6.0,21.0,25.0,42.0,0.21999999999999997,/Users/rasmus/Desktop/Fysik/AppliedML2026/Final_project_data/data/ML_data/NBI/FDM data/Arrivals/Nuuk Arrival_ 225301_OY-GRP_06_12_25_26_21.csv
2025.0,12.0,8.0,12.0,14.0,32.0,0.18999999999999995,/Users/rasmus/Desktop/Fysik/AppliedML2026/Final_project_data/data/ML_data/NBI/FDM data/Arrivals/Nuuk Arrival_ 225311_OY-GRK_08_12_25_15_12.csv
2025.0,12.0,8.0,13.0,45.0,57.0,0.17000000000000004,/Users/rasmus/Desktop/Fysik/AppliedML2026/Final_project_data/data/ML_data/NBI/FDM data/Arrivals/Nuuk Arrival_ 225314_OY-GRP_08_12_25_47_13.csv
2025.0,12.0,8.0,17.0,23.0,11.0,0.21999999999999997,/Users/rasmus/Desktop/Fysik/AppliedML2026/Final_project_data/data/ML_data/NBI/FDM data/Arrivals/Nuuk Arrival_ 225324_OY-GRJ_08_12_25_25_17.csv
2025.0,12.0,8.0,20.0,18.0,56.0,0.17999999999999994,/Users/rasmus/Desktop/Fysik/AppliedML2026/Final_project_data/data/ML_data/NBI/FDM data/Arrivals/Nuuk Arrival_ 225341_OY-GRK_08_12_25_19_20.csv
2025.0,12.0,8.0,20.0,35.0,11.0,0.16000000000000003,/Users/rasmus/Desktop/Fysik/AppliedML2026/Final_project_data/data/ML_data/NBI/FDM data/Arrivals/Nuuk Arrival_ 225342_OY-GRP_08_12_25_37_20.csv
2025.0,12.0,9.0,13.0,19.0,41.0,0.1399999999999999,/Users/rasmus/Desktop/Fysik/AppliedML2026/Final_project_data/data/ML_data/NBI/FDM data/Arrivals/Nuuk Arrival_ 225353_OY-GRM_09_12_25_21_13.csv
2025.0,12.0,9.0,13.0,51.0,29.0,0.16999999999999993,/Users/rasmus/Desktop/Fysik/AppliedML2026/Final_project_data/data/ML_data/NBI/FDM data/Arrivals/Nuuk Arrival_ 225354_OY-GRH_09_12_25_54_13.csv
2025.0,12.0,9.0,18.0,45.0,12.0,0.18999999999999995,/Users/rasmus/Desktop/Fysik/AppliedML2026/Final_project_data/data/ML_data/NBI/FDM data/Arrivals/Nuuk Arrival_ 225367_OY-GRH_09_12_25_47_18.csv
2025.0,12.0,9.0,19.0,49.0,59.0,0.15999999999999992,/Users/rasmus/Desktop/Fysik/AppliedML2026/Final_project_data/data/ML_data/NBI/FDM data/Arrivals/Nuuk Arrival_ 225371_OY-GRM_09_12_25_51_19.csv
2025.0,12.0,9.0,19.0,48.0,54.0,0.18999999999999995,/Users/rasmus/Desktop/Fysik/AppliedML2026/Final_project_data/data/ML_data/NBI/FDM data/Arrivals/Nuuk Arrival_ 225374_OY-GRP_09_12_25_49_19.csv
2025.0,11.0,10.0,9.0,1.0,53.0,0.10000000000000009,/Users/rasmus/Desktop/Fysik/AppliedML2026/Final_project_data/data/ML_data/NBI/FDM data/Arrivals/Nuuk Dep_ 224411_OY-GRP_10_11_25_00_09.csv
2025.0,11.0,10.0,9.0,20.0,2.0,0.17999999999999994,/Users/rasmus/Desktop/Fysik/AppliedML2026/Final_project_data/data/ML_data/NBI/FDM data/Arrivals/Nuuk Dep_ 224427_OY-GRO_10_11_25_20_09.csv
2025.0,11.0,10.0,10.0,17.0,53.0,0.1499999999999999,/Users/rasmus/Desktop/Fysik/AppliedML2026/Final_project_data/data/ML_data/NBI/FDM data/Arrivals/Nuuk Dep_ 224428_OY-GRK_10_11_25_16_10.csv
2025.0,11.0,10.0,15.0,53.0,44.0,0.18999999999999995,/Users/rasmus/Desktop/Fysik/AppliedML2026/Final_project_data/data/ML_data/NBI/FDM data/Arrivals/Nuuk Dep_ 224435_OY-GRO_10_11_25_52_15.csv
2025.0,11.0,10.0,14.0,40.0,18.0,0.1100000000000001,/Users/rasmus/Desktop/Fysik/AppliedML2026/Final_project_data/data/ML_data/NBI/FDM data/Arrivals/Nuuk Dep_ 224439_OY-GRP_10_11_25_40_14.csv
2025.0,11.0,10.0,15.0,48.0,34.0,0.21999999999999997,/Users/rasmus/Desktop/Fysik/AppliedML2026/Final_project_data/data/ML_data/NBI/FDM data/Arrivals/Nuuk Dep_ 224450_OY-GRK_10_11_25_47_15.csv
2025.0,11.0,4.0,10.0,27.0,58.0,0.17999999999999994,/Users/rasmus/Desktop/Fysik/AppliedML2026/Final_project_data/data/ML_data/NBI/FDM data/Arrivals/Nuuk Dep_ 224462_OY-GRR_04_11_25_04_10.csv
2025.0,11.0,4.0,16.0,31.0,30.0,0.17999999999999994,/Users/rasmus/Desktop/Fysik/AppliedML2026/Final_project_data/data/ML_data/NBI/FDM data/Arrivals/Nuuk Dep_ 224465_OY-GRR_04_11_25_16_16.csv
2025.0,11.0,5.0,11.0,14.0,46.0,0.15999999999999992,/Users/rasmus/Desktop/Fysik/AppliedML2026/Final_project_data/data/ML_data/NBI/FDM data/Arrivals/Nuuk Dep_ 224468_OY-GRR_05_11_25_40_10.csv
2025.0,11.0,5.0,19.0,13.0,47.0,0.1499999999999999,/Users/rasmus/Desktop/Fysik/AppliedML2026/Final_project_data/data/ML_data/NBI/FDM data/Arrivals/Nuuk Dep_ 224470_OY-GRR_05_11_25_06_19.csv
2025.0,11.0,6.0,11.0,1.0,32.0,0.17000000000000004,/Users/rasmus/Desktop/Fysik/AppliedML2026/Final_project_data/data/ML_data/NBI/FDM data/Arrivals/Nuuk Dep_ 224472_OY-GRR_06_11_25_35_10.csv
2025.0,11.0,6.0,16.0,13.0,42.0,0.24,/Users/rasmus/Desktop/Fysik/AppliedML2026/Final_project_data/data/ML_data/NBI/FDM data/Arrivals/Nuuk Dep_ 224475_OY-GRR_06_11_25_38_15.csv
2025.0,11.0,7.0,11.0,57.0,45.0,0.3700000000000001,/Users/rasmus/Desktop/Fysik/AppliedML2026/Final_project_data/data/ML_data/NBI/FDM data/Arrivals/Nuuk Dep_ 224477_OY-GRR_07_11_25_31_11.csv
2025.0,11.0,10.0,10.0,15.0,3.0,0.1399999999999999,/Users/rasmus/Desktop/Fysik/AppliedML2026/Final_project_data/data/ML_data/NBI/FDM data/Arrivals/Nuuk Dep_ 224479_OY-GRR_10_11_25_52_09.csv
2025.0,11.0,10.0,15.0,42.0,3.0,0.1100000000000001,/Users/rasmus/Desktop/Fysik/AppliedML2026/Final_project_data/data/ML_data/NBI/FDM data/Arrivals/Nuuk Dep_ 224482_OY-GRR_10_11_25_33_15.csv
2025.0,11.0,11.0,10.0,58.0,35.0,0.25,/Users/rasmus/Desktop/Fysik/AppliedML2026/Final_project_data/data/ML_data/NBI/FDM data/Arrivals/Nuuk Dep_ 224484_OY-GRO_11_11_25_58_10.csv
2025.0,11.0,11.0,10.0,22.0,35.0,0.24,/Users/rasmus/Desktop/Fysik/AppliedML2026/Final_project_data/data/ML_data/NBI/FDM data/Arrivals/Nuuk Dep_ 224485_OY-GRP_11_11_25_21_10.csv
2025.0,11.0,11.0,16.0,40.0,15.0,0.21999999999999997,/Users/rasmus/Desktop/Fysik/AppliedML2026/Final_project_data/data/ML_data/NBI/FDM data/Arrivals/Nuuk Dep_ 224491_OY-GRP_11_11_25_40_16.csv
2025.0,11.0,11.0,15.0,44.0,35.0,0.20999999999999996,/Users/rasmus/Desktop/Fysik/AppliedML2026/Final_project_data/data/ML_data/NBI/FDM data/Arrivals/Nuuk Dep_ 224492_OY-GRK_11_11_25_44_15.csv
2025.0,11.0,11.0,17.0,29.0,12.0,0.19999999999999996,/Users/rasmus/Desktop/Fysik/AppliedML2026/Final_project_data/data/ML_data/NBI/FDM data/Arrivals/Nuuk Dep_ 224497_OY-GRO_11_11_25_29_17.csv
2025.0,11.0,12.0,12.0,4.0,2.0,0.44999999999999996,/Users/rasmus/Desktop/Fysik/AppliedML2026/Final_project_data/data/ML_data/NBI/FDM data/Arrivals/Nuuk Dep_ 224502_OY-GRP_12_11_25_04_12.csv
2025.0,11.0,12.0,14.0,4.0,34.0,0.26,/Users/rasmus/Desktop/Fysik/AppliedML2026/Final_project_data/data/ML_data/NBI/FDM data/Arrivals/Nuuk Dep_ 224503_OY-GRO_12_11_25_04_14.csv
2025.0,11.0,14.0,8.0,46.0,8.0,0.24,/Users/rasmus/Desktop/Fysik/AppliedML2026/Final_project_data/data/ML_data/NBI/FDM data/Arrivals/Nuuk Dep_ 224521_OY-GRO_14_11_25_46_08.csv
2025.0,11.0,14.0,10.0,11.0,22.0,0.30000000000000004,/Users/rasmus/Desktop/Fysik/AppliedML2026/Final_project_data/data/ML_data/NBI/FDM data/Arrivals/Nuuk Dep_ 224522_OY-GRP_14_11_25_11_10.csv
2025.0,11.0,14.0,11.0,52.0,56.0,0.30000000000000004,/Users/rasmus/Desktop/Fysik/AppliedML2026/Final_project_data/data/ML_data/NBI/FDM data/Arrivals/Nuuk Dep_ 224526_OY-GRJ_14_11_25_51_11.csv
2025.0,11.0,14.0,12.0,46.0,25.0,0.3500000000000001,/Users/rasmus/Desktop/Fysik/AppliedML2026/Final_project_data/data/ML_data/NBI/FDM data/Arrivals/Nuuk Dep_ 224529_OY-GRO_14_11_25_46_12.csv
2025.0,11.0,14.0,15.0,53.0,56.0,0.16999999999999993,/Users/rasmus/Desktop/Fysik/AppliedML2026/Final_project_data/data/ML_data/NBI/FDM data/Arrivals/Nuuk Dep_ 224535_OY-GRJ_14_11_25_52_15.csv
2025.0,11.0,14.0,16.0,35.0,49.0,0.26,/Users/rasmus/Desktop/Fysik/AppliedML2026/Final_project_data/data/ML_data/NBI/FDM data/Arrivals/Nuuk Dep_ 224537_OY-GRO_14_11_25_34_16.csv
2025.0,11.0,14.0,15.0,2.0,5.0,0.16999999999999993,/Users/rasmus/Desktop/Fysik/AppliedML2026/Final_project_data/data/ML_data/NBI/FDM data/Arrivals/Nuuk Dep_ 224545_OY-GRP_14_11_25_02_15.csv
2025.0,11.0,15.0,11.0,23.0,26.0,0.15999999999999992,/Users/rasmus/Desktop/Fysik/AppliedML2026/Final_project_data/data/ML_data/NBI/FDM data/Arrivals/Nuuk Dep_ 224557_OY-GRM_15_11_25_23_11.csv
2025.0,11.0,15.0,10.0,47.0,4.0,0.15999999999999992,/Users/rasmus/Desktop/Fysik/AppliedML2026/Final_project_data/data/ML_data/NBI/FDM data/Arrivals/Nuuk Dep_ 224559_OY-GRO_15_11_25_47_10.csv
2025.0,11.0,15.0,12.0,2.0,10.0,0.16999999999999993,/Users/rasmus/Desktop/Fysik/AppliedML2026/Final_project_data/data/ML_data/NBI/FDM data/Arrivals/Nuuk Dep_ 224560_OY-GRP_15_11_25_02_12.csv
2025.0,11.0,15.0,12.0,40.0,16.0,0.17999999999999994,/Users/rasmus/Desktop/Fysik/AppliedML2026/Final_project_data/data/ML_data/NBI/FDM data/Arrivals/Nuuk Dep_ 224564_OY-GRJ_15_11_25_40_12.csv
2025.0,11.0,15.0,16.0,59.0,10.0,0.20999999999999996,/Users/rasmus/Desktop/Fysik/AppliedML2026/Final_project_data/data/ML_data/NBI/FDM data/Arrivals/Nuuk Dep_ 224573_OY-GRO_15_11_25_59_16.csv
2025.0,11.0,15.0,17.0,27.0,1.0,0.1399999999999999,/Users/rasmus/Desktop/Fysik/AppliedML2026/Final_project_data/data/ML_data/NBI/FDM data/Arrivals/Nuuk Dep_ 224577_OY-GRM_15_11_25_27_17.csv
2025.0,11.0,15.0,18.0,27.0,3.0,0.16999999999999993,/Users/rasmus/Desktop/Fysik/AppliedML2026/Final_project_data/data/ML_data/NBI/FDM data/Arrivals/Nuuk Dep_ 224583_OY-GRJ_15_11_25_27_18.csv
2025.0,11.0,16.0,12.0,31.0,6.0,0.19999999999999996,/Users/rasmus/Desktop/Fysik/AppliedML2026/Final_project_data/data/ML_data/NBI/FDM data/Arrivals/Nuuk Dep_ 224586_OY-GRJ_16_11_25_31_12.csv
2025.0,11.0,16.0,12.0,8.0,14.0,0.18999999999999995,/Users/rasmus/Desktop/Fysik/AppliedML2026/Final_project_data/data/ML_data/NBI/FDM data/Arrivals/Nuuk Dep_ 224587_OY-GRP_16_11_25_08_12.csv
2025.0,11.0,17.0,10.0,25.0,58.0,0.26,/Users/rasmus/Desktop/Fysik/AppliedML2026/Final_project_data/data/ML_data/NBI/FDM data/Arrivals/Nuuk Dep_ 224594_OY-GRP_17_11_25_24_10.csv
2025.0,11.0,17.0,13.0,34.0,9.0,0.16999999999999993,/Users/rasmus/Desktop/Fysik/AppliedML2026/Final_project_data/data/ML_data/NBI/FDM data/Arrivals/Nuuk Dep_ 224601_OY-GRO_17_11_25_34_13.csv
2025.0,11.0,17.0,14.0,30.0,23.0,0.33000000000000007,/Users/rasmus/Desktop/Fysik/AppliedML2026/Final_project_data/data/ML_data/NBI/FDM data/Arrivals/Nuuk Dep_ 224602_OY-GRM_17_11_25_30_14.csv
2025.0,11.0,17.0,15.0,41.0,14.0,0.30000000000000004,/Users/rasmus/Desktop/Fysik/AppliedML2026/Final_project_data/data/ML_data/NBI/FDM data/Arrivals/Nuuk Dep_ 224604_OY-GRJ_17_11_25_41_15.csv
2025.0,11.0,17.0,16.0,17.0,55.0,0.24,/Users/rasmus/Desktop/Fysik/AppliedML2026/Final_project_data/data/ML_data/NBI/FDM data/Arrivals/Nuuk Dep_ 224618_OY-GRK_17_11_25_16_16.csv
2025.0,11.0,17.0,16.0,26.0,54.0,0.1499999999999999,/Users/rasmus/Desktop/Fysik/AppliedML2026/Final_project_data/data/ML_data/NBI/FDM data/Arrivals/Nuuk Dep_ 224619_OY-GRP_17_11_25_25_16.csv
2025.0,11.0,18.0,10.0,48.0,26.0,0.19999999999999996,/Users/rasmus/Desktop/Fysik/AppliedML2026/Final_project_data/data/ML_data/NBI/FDM data/Arrivals/Nuuk Dep_ 224648_OY-GRM_18_11_25_48_10.csv
2025.0,11.0,18.0,10.0,10.0,12.0,0.31000000000000005,/Users/rasmus/Desktop/Fysik/AppliedML2026/Final_project_data/data/ML_data/NBI/FDM data/Arrivals/Nuuk Dep_ 224649_OY-GRO_18_11_25_10_10.csv
2025.0,11.0,18.0,11.0,6.0,7.0,0.17000000000000004,/Users/rasmus/Desktop/Fysik/AppliedML2026/Final_project_data/data/ML_data/NBI/FDM data/Arrivals/Nuuk Dep_ 224651_OY-GRP_18_11_25_06_11.csv
2025.0,11.0,18.0,15.0,49.0,37.0,0.24,/Users/rasmus/Desktop/Fysik/AppliedML2026/Final_project_data/data/ML_data/NBI/FDM data/Arrivals/Nuuk Dep_ 224664_OY-GRK_18_11_25_48_15.csv
2025.0,11.0,18.0,16.0,38.0,4.0,0.18999999999999995,/Users/rasmus/Desktop/Fysik/AppliedML2026/Final_project_data/data/ML_data/NBI/FDM data/Arrivals/Nuuk Dep_ 224669_OY-GRM_18_11_25_38_16.csv
2025.0,11.0,18.0,16.0,36.0,34.0,0.15999999999999992,/Users/rasmus/Desktop/Fysik/AppliedML2026/Final_project_data/data/ML_data/NBI/FDM data/Arrivals/Nuuk Dep_ 224679_OY-GRP_18_11_25_36_16.csv
2024.0,11.0,28.0,9.0,42.0,23.0,0.29000000000000004,/Users/rasmus/Desktop/Fysik/AppliedML2026/Final_project_data/data/ML_data/NBI/FDM data/Departures/Nuuk Dep_ 207722_OY-GRP_28_11_24_42_09.csv
